UML ID,years,Group Name,Parent Company,Mill Name,RSPO Status,RSPO Type,Date RSPO Certification Status,Latitude,Longitude,GPS coordinates,ISO,Country,Province,District,Confidence level,Alternative name,km_forest_area_00,ha_forest_area_00,km_area,km_0,ha_0,treeloss_km_2001,treeloss_ha_2001,treeloss_km_2002,treeloss_ha_2002,treeloss_km_2003,treeloss_ha_2003,treeloss_km_2004,treeloss_ha_2004,treeloss_km_2005,treeloss_ha_2005,treeloss_km_2006,treeloss_ha_2006,treeloss_km_2007,treeloss_ha_2007,treeloss_km_2008,treeloss_ha_2008,treeloss_km_2009,treeloss_ha_2009,treeloss_km_2010,treeloss_ha_2010,treeloss_km_2011,treeloss_ha_2011,treeloss_km_2012,treeloss_ha_2012,treeloss_km_2013,treeloss_ha_2013,treeloss_km_2014,treeloss_ha_2014,treeloss_km_2015,treeloss_ha_2015,treeloss_km_2016,treeloss_ha_2016,treeloss_km_2017,treeloss_ha_2017,treeloss_km_2018,treeloss_ha_2018,treeloss_km_2019,treeloss_ha_2019,treeloss_km_2020,treeloss_ha_2020,treeloss_km_2021,treeloss_ha_2021,treeloss_km_2022,treeloss_ha_2022,sum_of_treeloss_km,treeloss_sum_proportion_of_forest,remaining_forest_km,remaining_proportion_of_forest,Current Deforestation Score,Past Deforestation Score,Future Risk Score
PO1000000017,"2019,2021",AGROPALMA,AGROPALMA,CPA,Not RSPO Certified,,3/31/23,-2.25,-48.59,"-2.253539, -48.58567",BRA,Brazil,Pará,Acará,1-Fully Verified,,389.44,38943.99,388.45,650.07,65007.27,9.75,975.33,2.37,237.42,0.55,54.72,1.82,182.43,3.03,302.85,2.44,243.9,2.28,227.97,2.72,272.16,2.78,278.1,4.76,476.46,7.56,755.82,1.21,121.05,4.69,468.54,1.58,158.13,12.22,1221.57,9.96,996.48,9.78,978.03,10.2,1020.24,6.45,644.58,4.15,414.54,2.15,214.92,2.11,210.6,104.56,0.27,284.88,0.73,2,2,3
PO1000000019,"2019,2020",KULIM (MALAYSIA) BERHAD,EPA MANAGEMENT SDN BHD,SEDENAK,RSPO Certified,"RSPO Certified, MB",3/31/23,1.73,103.54,"1.730858, 103.538323",MYS,Malaysia,Johor,Kulaijaya,1-Fully Verified,,127.47,12747.33,167.86,239.16,23916.33,9.14,913.77,3.81,381.15,0.51,50.85,4.87,486.99,5.8,579.87,7.29,729.36,3.02,301.5,1.03,102.6,6.85,684.63,2.19,219.42,4.71,471.42,5.54,553.5,4.52,452.25,5.38,538.2,5.15,514.53,3.08,307.53,5.47,546.93,4.72,472.41,3.83,383.04,3,300.24,3.21,321.48,1.63,162.72,94.74,0.74,32.73,0.26,3,4,3
PO1000000020,"2020,2021,2018,2019",NBPOL,NEW BRITAIN PALM OIL,MOSA,RSPO Certified,"RSPO Certified, IP",3/31/23,-5.62,150.24,"-5.6225, 150.23735",PNG,Papua New Guinea,West New Britain,Talasea,1-Fully Verified,,1785.92,178592.49,1605.13,2928.42,292841.73,0.66,65.88,6.57,656.91,5.78,578.07,8.81,881.28,1.37,136.89,6.24,623.52,7.46,746.01,8.3,830.25,4.28,428.04,3.65,365.4,2.1,210.24,5.09,509.31,3.54,354.33,6.25,624.51,13.35,1335.24,2.23,222.57,1.86,185.76,2.15,214.56,5.71,570.51,7.76,775.62,8.21,820.62,7.76,775.8,119.11,0.07,1666.81,0.93,2,1,3
PO1000000052,"2020,2021",IOI CORPORATION,PAMOL ESTATES (SABAH) SDN BHD,PAMOL SABAH,RSPO Certified,"RSPO Certified, IP",3/31/23,6,117.4,"6.002431, 117.398389",MYS,Malaysia,Sabah,Beluran,1-Fully Verified,,308.27,30826.89,362.13,1390.24,139023.54,18.55,1854.81,12.21,1221.39,0.86,85.5,4.86,485.55,2.82,281.79,5.1,510.39,2.04,204.21,5.13,512.73,5.11,510.66,23.95,2394.54,7.4,739.62,8.29,829.08,9.24,924.12,36.57,3656.61,11.51,1151.37,25.91,2591.46,14.37,1436.58,13.53,1352.79,11.6,1159.83,12.73,1273.05,2.65,265.32,4.37,436.59,238.78,0.77,69.49,0.23,3,4,2
PO1000000053,"2021,2018,2019,2020",SIPEF,HARGY OIL PALM LTD,HARGY MILL,RSPO Certified,"RSPO Certified, IP",3/31/23,-5.31,151.01,"-5.311111, 151.01097",PNG,Papua New Guinea,West New Britain,Talasea,1-Fully Verified,,1140.83,114082.92,1083.3,2538.68,253867.68,3.37,337.23,4.95,495.18,3.22,321.75,3.7,369.72,3.19,319.14,3.41,341.37,2.27,227.43,3.09,309.42,1.35,135,4.59,459.36,1.71,170.55,2.08,207.54,2.47,246.78,2.72,271.89,8.33,833.13,2.93,293.31,8.74,874.26,8.47,847.26,4.97,497.07,4.67,466.65,6.4,640.08,14.17,1416.78,100.81,0.09,1040.02,0.91,3,1,3
PO1000000054,"2020,2018,2021,2017,2019",MUSIM MAS,MUSIM MAS HOLDINGS PTE LTD,BATANG KULIM,RSPO Certified,"RSPO Certified, IP",3/31/23,0.08,102.03,"0.077043, 102.030838",IDN,Indonesia,Riau,Pelalawan,1-Fully Verified,,269.21,26921.07,301.76,580.02,58002.21,18.71,1870.65,6.7,670.05,1.32,131.58,26.77,2677.41,10.76,1076.31,0.83,83.34,5.95,594.9,16.44,1644.3,7.88,788.31,12.27,1226.7,13.08,1307.7,11.36,1135.98,11.83,1183.41,10.13,1012.68,2.5,250.38,13.61,1360.53,3.26,325.53,8.23,823.23,16.6,1660.05,13.62,1362.33,5.11,511.47,9.88,987.75,226.85,0.84,42.36,0.16,4,5,3
PO1000000058,"2019,2020,2017,2021",CARGILL,HINDOLI,SUNGAI LILIN,RSPO Certified,"RSPO Certified, IP",3/31/23,-2.61,104.13,"-2.612778, 104.128242",IDN,Indonesia,Sumatera Selatan,Musi Banyuasin,2-High Confidence,,68.87,6886.89,124.11,220.17,22016.7,0.6,59.76,1.03,102.87,0.65,65.34,2.83,283.14,1.15,114.66,1.99,198.54,1.69,169.02,3.07,306.63,1.52,151.83,0.61,61.29,2.39,238.95,7.22,722.07,0.73,72.9,3.95,394.56,3.75,374.67,3.47,346.68,2.07,207.09,2.58,257.94,2.51,250.65,1.66,165.51,1.61,161.01,2.63,263.07,49.68,0.72,19.19,0.28,4,4,3
PO1000000063,"2018,2021,2020,2017",SIME DARBY,SIME DARBY PLANTATION BHD,BINUANG (SOU 28),RSPO Certified,"RSPO Certified, IP",3/31/23,4.7,118.06,"4.704457, 118.060186",MYS,Malaysia,Sabah,Kunak,1-Fully Verified,,211.54,21154.32,206.7,291.34,29133.72,0.73,73.08,7.24,724.5,0.79,78.84,2.64,264.42,7.55,755.37,1.87,187.2,6.57,657.36,6.45,645.21,5.63,562.68,6.67,667.08,1.92,191.7,3,299.88,2.16,216.27,7.79,778.86,10.64,1063.62,6.28,628.11,5.11,511.02,7.19,718.83,3.69,369,4.16,415.98,2.62,261.54,2.49,248.85,103.19,0.49,108.35,0.51,3,3,3
PO1000000092,2020,MUSIM MAS,AGRO WIRATAMA,AGROWIRATAMA,RSPO Certified,"RSPO Certified, IP",3/31/23,0.2,99.63,"0.198958, 99.626589",IDN,Indonesia,Sumatera Barat,Pasaman Barat,1-Fully Verified,,302.23,30222.54,384.31,775.35,77534.64,9.32,932.4,11.3,1130.22,2.01,201.42,11.3,1130.49,14.39,1439.28,6.08,607.59,6.24,624.42,7.7,770.4,12.3,1230.3,4.33,432.54,13.43,1342.8,4.36,436.23,11.36,1135.53,15.05,1505.16,6.33,633.42,5.86,586.44,11.08,1108.17,15.27,1527.39,15.48,1548.18,21.46,2145.87,18.84,1883.88,7.98,798.03,231.5,0.77,70.72,0.23,5,4,3
PO1000000093,"2020,2021,2017",WILMAR GROUP,SAREMAS SDN BHD,SAREMAS 2,RSPO Certified,"RSPO Certified, IP",3/31/23,3.45,113.77,"3.450453, 113.765561",MYS,Malaysia,Sarawak,Miri,1-Fully Verified,,159.57,15957.45,206.97,287.06,28706.49,4.41,441,8.5,850.41,8.34,834.39,1.74,173.7,0.85,85.32,1.01,100.71,1.83,182.97,5.29,529.11,16.23,1622.7,2.47,247.41,1.33,132.57,1.2,119.97,0.36,35.91,1.8,180,8.64,864.09,11.77,1176.84,2.39,239.31,12.83,1283.13,13.13,1312.83,13.53,1352.79,18.79,1879.11,6.09,609.21,142.53,0.89,17.04,0.11,5,5,4
PO1000000094,"2020,2021",IOI CORPORATION,IOI CORPORATION BHD,GOMALI,RSPO Certified,"RSPO Certified, IP",3/31/23,2.61,102.68,"2.611826, 102.678656",MYS,Malaysia,Johor,Segamat,1-Fully Verified,,151.74,15173.91,203.67,307.7,30769.74,19.05,1904.85,9.88,988.02,0.86,86.22,3.41,341.1,7.93,792.63,5.19,518.94,9.4,939.51,1.43,143.19,5.01,501.21,0.03,2.79,13.62,1361.7,8.68,867.51,4.87,486.81,7.61,760.77,2.74,274.32,10.65,1064.61,6.37,637.29,6.53,652.59,5.45,544.95,3.34,334.08,3.04,304.47,3.75,374.76,138.82,0.91,12.92,0.09,3,5,2
PO1000000095,"2018,2021,2017,2020",SIPEF,EASTERN SUMATERA INDONESIA,BUKIT MARADJA,RSPO Certified,"RSPO Certified, IP",3/31/23,3.01,99.24,"3.012294, 99.235572",IDN,Indonesia,Sumatera Utara,Simalungun,1-Fully Verified,,35.87,3586.59,46.09,74.9,7490.34,5.85,584.73,0.86,86.13,0.76,76.05,3.01,300.6,0.79,78.84,0.86,86.31,1.18,117.54,1.4,140.49,3.58,358.02,0.47,47.07,1,99.99,0.57,57.33,1.37,136.71,0.46,45.63,1.8,179.73,1.43,143.19,0.09,9.45,0.7,70.47,1.5,150.21,0.2,20.07,0.77,76.95,0.99,98.55,29.64,0.83,6.23,0.17,4,5,3
PO1000000097,"2020,2021,2019",SIME DARBY,SIME DARBY PLANTATION BHD,EAST (SOU 8),RSPO Certified,"RSPO Certified, IP",3/31/23,2.88,101.44,"2.883333, 101.436136",MYS,Malaysia,Selangor,Kuala Langat,1-Fully Verified,,74.48,7447.59,111.04,312.31,31231.17,1.49,148.68,0.92,92.07,0.35,34.65,0.5,50.4,3.19,319.32,0.71,71.37,1.37,137.16,3,299.88,4.41,440.73,2.14,214.11,0.46,45.63,1.11,111.33,0.24,23.85,2.42,241.56,2.78,278.19,2.89,289.26,1.77,177.03,2.19,218.97,2.08,207.63,1.68,167.94,2.32,232.29,1.11,111.24,39.13,0.53,35.34,0.47,3,3,3
PO1000000098,"2019,2018,2021,2020,2017",SIME DARBY,SIME DARBY PLANTATION BHD,TANAH MERAH (SOU 14),RSPO Certified,"RSPO Certified, IP",3/31/23,2.66,101.79,"2.655278, 101.792778",MYS,Malaysia,Negeri Sembilan,Port Dickson,1-Fully Verified,,107.81,10780.92,168.59,320.54,32053.86,10.15,1014.93,8.14,813.78,0.72,72.27,3.78,378.45,4.23,422.64,2.51,251.01,3.54,353.97,1.16,116.28,4.65,465.21,3.07,307.26,4.95,495.36,4.44,444.15,3.68,367.92,5.85,585.18,4.17,417.33,5.12,512.01,5.58,557.55,2.54,253.62,7.38,738.27,2.78,277.74,2.93,293.13,3.12,312.48,94.51,0.88,13.3,0.12,4,5,3
PO1000000099,"2021,2020",SIPEF,TOLAN TIGA INDONESIA,PERLABIAN,RSPO Certified,"RSPO Certified, IP",3/31/23,2.06,100.08,"2.061383, 100.081222",IDN,Indonesia,Sumatera Utara,Labuhanbatu Selatan,1-Fully Verified,,111.55,11154.69,117.42,201.64,20164.32,2.91,291.15,6.7,670.23,3.16,316.08,9.19,919.17,5.7,569.61,3.48,348.39,0.73,73.17,0.47,46.8,1.94,194.04,3.05,304.92,5.59,558.99,5.72,572.49,0.26,26.1,3.87,387.09,6.3,630.45,1.73,173.16,2.18,217.53,2.63,263.16,2.51,251.28,0.74,73.62,1.03,103.5,3.04,303.75,72.95,0.65,38.6,0.35,3,4,3
PO1000000102,"2020,2017,2021",NBPOL,RAMU AGRI INDUSTRIES,GUSAP,RSPO Certified,"RSPO Certified, IP",3/31/23,-6.07,145.98,"-6.073194, 145.984583",PNG,Papua New Guinea,Morobe,Markham,1-Fully Verified,,4997.95,499795.29,6631.64,10255.96,1025595.54,4.91,491.4,5.44,543.69,1.7,170.1,23,2300.49,2.38,237.78,7.32,732.24,3.76,376.2,8.08,808.47,3.47,346.95,8.99,898.65,3.3,330.03,8.84,884.25,3.56,356.13,8.12,812.25,11.88,1188.45,10.76,1076.49,10.09,1009.17,6.17,616.86,9.59,958.59,5.5,549.9,6.06,606.33,9.67,966.78,162.61,0.03,4835.34,0.97,1,1,3
PO1000000103,"2019,2017,2020,2018,2021",SIME DARBY,SIME DARBY PLANTATION BHD,WEST (SOU 9),RSPO Certified,"RSPO Certified, IP",3/31/23,2.9,101.36,"2.905, 101.361306",MYS,Malaysia,Selangor,Kuala Langat,2-High Confidence,,196.51,19650.69,278.34,611.05,61104.69,6.61,660.87,5.08,508.05,0.25,24.75,1.8,180.36,7.39,738.9,0.41,41.49,9.4,939.87,2.19,219.33,7.62,761.94,4.64,464.49,0.96,96.48,2.53,253.08,1.22,122.13,3.85,384.93,6.1,610.02,2.53,253.08,3.76,376.11,8.34,834.3,6.28,628.2,3.68,368.1,3.53,352.98,3.05,304.74,91.24,0.46,105.26,0.54,3,3,3
PO1000000104,2020,SIME DARBY,SIME DARBY PLANTATION BHD,SUNGAI DINGIN (SOU 1),RSPO Certified,"RSPO Certified, MB",3/31/23,5.39,100.71,"5.39432, 100.71117",MYS,Malaysia,Kedah,Kulim,1-Fully Verified,,347.79,34778.61,357.86,579.25,57924.9,2.33,233.46,6.01,601.47,1,99.54,1.41,141.03,1.44,144.27,1.64,163.8,1.37,136.98,1.31,130.95,2.87,286.92,8.76,875.97,6.78,678.06,3.2,320.22,4.4,439.92,4.5,449.64,12.02,1202.49,5.54,553.5,13.9,1389.96,6.08,608.31,2.3,229.95,5.86,586.17,5.42,541.89,5.81,580.86,103.95,0.3,243.83,0.7,3,2,3
PO1000000105,"2020,2019,2018,2021",SIPEF,HARGY OIL PALM LTD,NAVO MILL,RSPO Certified,"RSPO Certified, IP",3/31/23,-5.09,151.22,"-5.094109, 151.224494",PNG,Papua New Guinea,West New Britain,Talasea,1-Fully Verified,,2673.53,267353.01,2452.61,3934.2,393419.7,4.86,486.09,9.52,952.38,6.7,669.69,13.5,1350,7.78,777.78,13.66,1366.2,12.15,1214.64,6.05,604.71,5.1,509.94,22.17,2217.06,20.44,2044.26,35.66,3566.43,34.53,3453.12,33.27,3327.48,48.79,4878.99,29.28,2928.06,23.17,2317.41,16.17,1617.39,11.81,1181.07,9.38,937.62,15.47,1546.65,32.65,3265.29,412.12,0.15,2261.41,0.85,3,1,3
PO1000000106,"2021,2020",MUSIM MAS,SUKAJADI SAWIT MEKAR,SUKAJADI SAWIT MEKAR 1,RSPO Certified,"RSPO Certified, IP",3/31/23,-2.38,112.54,"-2.381111, 112.539722",IDN,Indonesia,Kalimantan Tengah,Kotawaringin Timur,1-Fully Verified,,161.07,16106.67,249.19,283.78,28377.63,4.2,420.21,29.84,2983.77,4.64,463.68,18.26,1825.56,9.42,941.67,42.56,4256.1,8.78,878.04,6.83,683.28,1.93,192.96,1.51,151.29,5.81,581.22,4.33,433.17,1.48,148.14,3.09,308.61,3.98,397.8,4.09,409.05,2.04,203.76,0.9,90.09,2.51,250.65,0.96,95.58,1.72,171.81,1.83,182.61,160.69,1,0.38,0,3,5,1
PO1000000107,"2020,2021",SIME DARBY,SIME INDO AGRO,BUKIT AJONG,RSPO Certified,"RSPO Certified, MB",3/31/23,0.27,110.48,"0.268939, 110.482802",IDN,Indonesia,Kalimantan Barat,Sanggau,1-Fully Verified,,423.71,42371.28,580.75,936.54,93654.18,6.2,620.1,11.88,1188.45,4.78,478.35,11.58,1157.94,10.14,1014.48,5.78,577.53,15.73,1572.93,21.79,2179.35,13.6,1359.54,9.68,968.49,25.69,2568.69,10.67,1067.4,11.61,1160.91,13.71,1370.52,7.37,737.01,16.36,1636.38,28.5,2850.48,16.67,1666.98,14.01,1401.21,6.02,601.83,23.63,2362.68,9.24,923.85,294.65,0.7,129.06,0.3,5,4,3
PO1000000109,"2021,2020",IOI CORPORATION,IOI CORPORATION BHD,PAMOL KLUANG,RSPO Certified,"RSPO Certified, IP",3/31/23,2.11,103.39,"2.110445, 103.392307",MYS,Malaysia,Johor,Keluang,1-Fully Verified,,144.73,14472.81,172.74,319.41,31941.36,5.45,545.49,3.01,300.87,5.83,582.93,15.51,1550.7,3.41,341.01,2.84,284.04,1.39,139.05,0.76,75.87,7.4,740.16,2.39,238.59,9.02,901.8,10.85,1084.86,1.9,190.26,9.57,956.97,8.05,805.14,7.12,712.35,7.04,703.62,5.71,570.51,2.83,282.69,1.14,114.39,4.25,424.89,1.79,179.01,117.25,0.81,27.48,0.19,3,5,3
PO1000000110,"2020,2021",IOI CORPORATION,IOI CORPORATION BHD,SAKILAN,RSPO Certified,"RSPO Certified, IP",3/31/23,5.84,117.84,"5.839281, 117.8437",MYS,Malaysia,Sabah,Sandakan,1-Fully Verified,,87.36,8736.12,108.69,239.05,23904.63,1.78,177.93,2.27,226.53,0.82,82.44,1.06,106.38,1.03,102.51,1.28,127.8,1.02,102.42,1.93,192.96,1.9,189.72,2.62,262.26,1.31,130.68,1.51,150.75,2.06,205.56,1.54,153.9,5.45,545.22,4.57,456.66,3.16,315.63,4.05,404.91,2.95,295.29,1.91,190.89,1.82,181.89,2.13,213.48,48.16,0.55,39.2,0.45,3,3,3
PO1000000114,2017,SIME DARBY,SIME DARBY PLANTATION BHD,YONG PENG (SOU 19A),Not RSPO Certified,,3/31/23,2.06,103.15,"2.058808, 103.148394",MYS,Malaysia,Johor,Batu Pahat,2-High Confidence,,165.77,16577.46,226.95,469.99,46999.44,12.62,1262.07,4.26,425.97,1.65,165.24,4.54,453.96,3.27,326.79,2.05,205.2,6.57,656.73,2.05,205.2,8.9,890.37,1.88,187.74,7.51,750.6,4.85,484.56,2.14,214.11,4.62,461.97,8.38,837.54,9.92,991.98,7.62,761.76,11.87,1187.37,7.95,795.24,6.33,633.24,6.59,658.89,4.52,452.43,130.09,0.78,35.68,0.22,4,4,3
PO1000000118,"2021,2020",IOI CORPORATION,IOI CORPORATION BHD,BATURONG,RSPO Certified,"RSPO Certified, IP",3/31/23,4.76,118.09,"4.7553, 118.0886",MYS,Malaysia,Sabah,Kunak,2-High Confidence,,64.65,6465.33,66.49,68.26,6825.51,0.05,4.77,0.07,6.93,0.02,1.53,0.26,25.56,0.13,12.78,0.11,11.34,0.05,4.86,3.25,325.35,0.14,13.5,3.37,336.87,0.06,5.67,5.18,517.5,4.01,401.4,7.56,756,5.73,573.12,4.07,407.25,0.87,87.12,6.24,623.7,10.18,1017.99,6.85,684.72,1.22,121.68,3.89,389.25,63.29,0.98,1.36,0.02,5,5,3
PO1000000120,"2020,2021",IOI CORPORATION,IOI CORPORATION BHD,BUKIT LEELAU,RSPO Certified,"RSPO Certified, IP",3/31/23,3.3,103.14,"3.30273, 103.137889",MYS,Malaysia,Pahang,Pekan,1-Fully Verified,,540.79,54078.93,527.71,1249.34,124933.59,6.09,609.12,28.52,2852.46,3.19,319.05,6.57,656.82,10.91,1091.07,1.67,167.13,4.73,472.95,6.15,615.24,19.67,1966.86,18.22,1821.69,11.33,1133.1,23,2299.86,5.5,549.9,30.26,3025.53,15.63,1562.58,26.96,2695.77,8.92,891.81,11.13,1112.58,19.27,1927.35,6.48,647.73,8.22,822.33,4.22,421.56,276.62,0.51,264.16,0.49,3,3,3
PO1000000122,"2021,2020",IOI CORPORATION,IOI CORPORATION BHD,MAYVIN,RSPO Certified,"RSPO Certified, IP",3/31/23,5.56,117.23,"5.5553, 117.226439",MYS,Malaysia,Sabah,Beluran,1-Fully Verified,,2144.63,214462.98,2055.22,3681.53,368153.01,7.49,748.53,5.3,529.56,4.97,496.62,27.87,2787.3,24.58,2457.63,38.31,3830.76,27.02,2702.25,36.3,3630.24,26.59,2658.51,27.69,2768.58,11.57,1157.04,21.9,2189.97,10.33,1033.47,22.14,2213.64,14.54,1454.31,13.19,1318.68,9.62,961.65,14.22,1421.91,14.44,1444.23,9.73,972.54,7.3,729.81,7.2,720,382.27,0.18,1762.36,0.82,1,1,3
PO1000000123,2017,DAABON GROUP,C.I. TEQUENDAMA S.A.S.,EXTRACTORA TEQUENDAMA,RSPO Certified,"RSPO Certified, IP",3/31/23,10.55,-74.18,"10.5485472, -74.181286",COL,Colombia,Magdalena,Aracataca,1-Fully Verified,,1443.35,144335.34,3276.02,7750.93,775093.05,6.3,630.45,3.38,337.95,11.15,1115.37,9.16,915.66,4.82,482.13,6.14,613.53,5.09,509.04,13.63,1362.69,13.75,1374.93,5.14,514.35,6.26,626.49,15.16,1515.6,4.19,418.86,13.54,1353.6,11.78,1178.28,41.12,4112.37,53.1,5310.09,28.65,2865.42,19.59,1958.67,30.37,3036.6,25.07,2506.95,27.41,2741.4,354.8,0.25,1088.55,0.75,3,1,4
PO1000000128,"2017,2020,2021",JC CHANG (PTE) LTD,CAROTINO SDN BHD,CAROTINO,RSPO Certified,"RSPO Certified, IP",3/31/23,3.82,102.82,"3.816627, 102.818213",MYS,Malaysia,Pahang,Kuantan,1-Fully Verified,,292.43,29243.25,285.08,424.02,42401.79,14.43,1442.97,4.61,460.71,1.52,151.56,9.86,986.04,5.17,517.23,18.7,1870.02,5.44,544.32,10.13,1013.22,6.98,698.49,7.9,790.29,13.94,1394.37,26.53,2653.11,10.18,1017.72,9.2,920.16,12.04,1204.47,5.83,582.57,1.77,176.85,3.72,372.15,2.29,228.78,1.83,182.79,0.61,60.84,0.96,96.21,173.65,0.59,118.78,0.41,1,3,2
PO1000000131,"2021,2020",NBPOL,GUADALCANAL PLAINS PALM OIL LTD,TERERE,RSPO Certified,"RSPO Certified, IP",3/31/23,-9.44,160.22,"-9.4427, 160.2187",SLB,Solomon Islands,Guadalcanal,East Ghaobata,1-Fully Verified,,4090.76,409075.56,4020,10194.95,1019495.43,2.45,245.07,3.85,384.93,4.39,438.66,3.34,333.99,13.92,1391.67,17.61,1761.48,13.37,1336.95,10.26,1025.55,9.98,998.1,9.77,977.49,9.89,988.92,17.73,1772.55,31.63,3163.32,43.86,4385.97,27.41,2741.31,38.11,3810.78,32.04,3203.64,39.5,3950.19,35.6,3559.95,21.37,2136.69,25.39,2538.54,27.72,2772.18,439.18,0.11,3651.58,0.89,2,1,3
PO1000000134,"2020,2021,2019",MUSIM MAS,SUKAJADI SAWIT MEKAR,SUKAJADI SAWIT MEKAR 2,RSPO Certified,"RSPO Certified, IP",3/31/23,-2.37,112.6,"-2.37025, 112.6026111",IDN,Indonesia,Kalimantan Tengah,Kotawaringin Timur,1-Fully Verified,,245.79,24579.18,268.3,381.57,38156.94,0.41,41.13,1.7,170.01,0.78,78.39,14.87,1487.16,16.65,1665,41.64,4163.58,29.05,2905.47,12.47,1246.86,1.29,129.06,2,199.98,1.61,161.46,1.39,138.96,3.24,323.73,6.79,679.14,15.48,1548.27,20.16,2015.82,0.99,98.73,0.21,21.06,1.56,156.06,0.46,46.17,0.78,77.58,1.09,108.63,174.62,0.71,71.17,0.29,2,4,2
PO1000000148,2017,ROYAL GOLDEN EAGLE,INTI INDOSAWIT SUBUR,UKUI I,RSPO Certified,"RSPO Certified, MB",3/31/23,-0.22,102.1,"-0.2232, 102.095",IDN,Indonesia,Riau,Pelalawan,1-Fully Verified,,587.51,58751.28,637.08,736.99,73699.02,30.89,3088.89,8.07,806.76,5.48,548.37,36.1,3609.54,48.7,4869.9,0.36,35.55,16.21,1620.99,22.82,2281.59,13.75,1375.38,27.18,2717.91,42.75,4275.36,40.51,4050.81,14.33,1433.16,15.21,1521.45,13.12,1311.66,39.78,3978.45,25.03,2503.08,14.7,1469.61,18.05,1804.59,14.64,1464.21,31.72,3172.5,19.22,1921.86,498.62,0.85,88.9,0.15,5,5,3
PO1000000156,2020,SIME DARBY,SIME DARBY PLANTATION BHD,JABOR (SOU 12),RSPO Certified,"RSPO Certified, MB",3/31/23,3.96,103.31,"3.960833, 103.308889",MYS,Malaysia,Trengganu,Kemaman,1-Fully Verified,,253.72,25371.63,432.32,1047.44,104743.89,2.1,209.52,6.15,614.61,2.77,277.29,3.51,351.45,2.83,282.6,1.97,196.65,0.57,57.33,4.7,469.71,3.68,367.74,4.99,498.87,5.62,562.05,6.84,684.36,4.27,426.96,21.27,2127.33,9.24,924.3,20.8,2079.9,13.83,1383.3,6.75,675.36,13.19,1318.68,7.38,737.73,5.41,541.26,4.61,461.43,152.48,0.6,101.23,0.4,3,3,3
PO1000000157,"2020,2021,2018,2017,2019",SIME DARBY,SIME DARBY PLANTATION BHD,TENNAMARAM (SOU 6),RSPO Certified,"RSPO Certified, IP",3/31/23,3.4,101.42,"3.395639, 101.417614",MYS,Malaysia,Selangor,Kuala Selangor,1-Fully Verified,,232.8,23279.67,297.19,561.49,56148.84,13.54,1354.5,6.23,623.34,5,500.4,6.66,665.64,6.9,690.48,3.12,312.03,8.43,843.48,4.29,429.12,14.22,1422.36,4.55,455.04,2.33,232.56,4.63,463.32,4.27,427.32,9.39,938.61,1.99,199.35,5.17,516.69,6.4,640.08,4.63,463.41,8.01,801.45,3.41,341.37,4.56,456.3,3.3,329.85,131.07,0.56,101.73,0.44,3,3,3
PO1000000170,"2021,2020",MUSIM MAS,MAJU ANEKA SAWIT,MAJU ANEKA SAWIT,RSPO Certified,"RSPO Certified, IP",3/31/23,-2.48,112.65,"-2.478167, 112.647611",IDN,Indonesia,Kalimantan Tengah,Kotawaringin Timur,1-Fully Verified,,153.53,15352.56,195.16,240.72,24071.58,0.48,48.24,1.9,190.35,0.26,26.19,1.21,120.96,2.17,217.08,61.18,6118.2,20.86,2085.75,4.38,438.21,2.16,216.36,1.05,104.85,1.81,181.08,2.1,209.79,2.52,252.36,4.94,494.28,10.97,1097.01,3.56,356.22,0.85,85.05,0.32,31.95,1.22,122.49,0.73,72.81,0.65,64.53,0.64,64.44,125.98,0.82,27.54,0.18,2,5,2
PO1000000180,2021,MUSIM MAS,BERKAT SAWIT SEJATI,BERKAT SAWIT SEJATI,RSPO Certified,"RSPO Certified, IP",3/31/23,-2.32,103.71,"-2.3192778, 103.7116389",IDN,Indonesia,Sumatera Selatan,Musi Banyuasin,1-Fully Verified,,1192.39,119239.11,1277.11,2082.31,208231.47,21.44,2144.34,10.44,1044.27,3.7,370.17,30.59,3059.46,24.42,2442.42,61.6,6159.51,45.21,4520.88,85.57,8556.75,22.88,2288.07,17.76,1775.52,38.97,3897.18,107.9,10790.46,33.31,3330.54,46.43,4643.19,34.1,3409.74,33.86,3386.16,21.46,2145.96,27.87,2787.48,18.28,1827.54,22.81,2280.6,17.82,1781.82,27.03,2702.79,753.45,0.63,438.94,0.37,3,3,3
PO1000000182,2021,SIME DARBY,SIME DARBY PLANTATION BHD,GIRAM (SOU 29),RSPO Certified,"RSPO Certified, MB",3/31/23,4.59,118.19,"4.586785, 118.193914",MYS,Malaysia,Sabah,Tawau,1-Fully Verified,,183.91,18390.6,201.97,460.39,46039.05,1.25,125.1,3.52,352.44,1.56,155.97,4.78,477.54,2.8,279.63,2.47,246.6,1.3,129.69,3.52,352.26,0.88,88.47,2.72,272.16,1.42,142.02,2.19,219.24,1.05,105.48,5.5,550.44,2.29,228.78,3.52,352.26,2.32,231.84,5.54,554.13,3.75,375.3,3.82,382.5,12.49,1249.11,8.6,860.49,77.31,0.42,106.59,0.58,5,3,5
PO1000000183,"2018,2021,2020,2019,2017",SIME DARBY,SIME DARBY PLANTATION BHD,GUNUNG MAS (SOU 21),RSPO Certified,"RSPO Certified, IP",3/31/23,2.24,103.14,"2.243544, 103.137941",MYS,Malaysia,Johor,Segamat,1-Fully Verified,,683.7,68370.3,641.66,1366.9,136690.2,7.66,765.99,6.17,616.68,4.41,441.18,3.83,382.86,2.67,266.85,1.15,114.93,2.69,269.1,0.96,95.76,7.04,703.53,2.36,236.34,6.03,602.91,3.83,383.04,3.34,334.08,4.44,443.7,7.92,792,11.78,1177.92,10.5,1049.67,5.61,560.88,8.52,852.21,5.37,537.3,4.63,462.69,4.9,490.14,115.8,0.17,567.91,0.83,2,1,3
PO1000000184,"2020,2021",BAKRIE,BAKRIE SUMATERA PLANTATIONS,UNIT KISARAN,RSPO Certified,"RSPO Certified, MB",3/31/23,3.04,99.58,"3.04075, 99.581444",IDN,Indonesia,Sumatera Utara,Asahan,1-Fully Verified,,133.28,13328.37,194.57,380.37,38036.7,2.53,252.63,1.45,145.26,1.99,199.44,3.61,360.81,4.68,468,3.24,324.09,2.83,283.32,0.05,4.77,2.39,239.22,4.06,405.9,2.67,266.67,2.31,230.94,0.4,40.32,1.19,118.89,0.41,41.49,1.93,192.96,1.55,154.89,0.84,84.33,5.19,519.21,1.59,159.03,1.23,123.48,1.09,108.9,47.25,0.35,86.04,0.65,3,2,3
PO1000000185,"2021,2018,2020,2017,2019",HAP SENG PLANTATIONS HOLDINGS BERHAD,HAP SENG PLANTATIONS (RIVER ESTATES) SDN BHD,BUKIT MAS,RSPO Certified,"RSPO Certified, IP",3/31/23,5.34,118.47,"5.3373003, 118.47364",MYS,Malaysia,Sabah,Kinabatangan,1-Fully Verified,,140.63,14063.22,151.34,285.81,28580.58,2.17,217.08,1.08,107.64,0.13,12.78,4.29,429.39,0.8,80.19,2.88,288.36,2.99,298.8,3.92,391.86,0.32,31.77,4.13,413.01,2.87,287.28,7.32,731.61,3.8,380.43,3.54,354.24,1.07,107.37,5.35,534.69,5.29,529.2,1.15,115.11,5.05,505.35,6.35,634.59,2.36,236.25,4.4,440.1,71.27,0.51,69.36,0.49,4,3,3
PO1000000187,"2019,2020,2021,2018,2017",SIME DARBY,SIME DARBY PLANTATION BHD,DIAMOND JUBILEE (SOU 18),RSPO Certified,"RSPO Certified, IP",3/31/23,2.32,102.48,"2.324247, 102.482843",MYS,Malaysia,Melaka,Jasin,1-Fully Verified,,417.12,41711.67,556.67,953.89,95388.57,21.68,2167.83,27.3,2729.88,8.1,809.55,6.81,680.67,13.97,1397.07,5.52,551.61,15.91,1590.66,7.59,758.52,13.23,1323.36,1.05,105.12,15.53,1553.04,9.62,962.37,5.41,540.9,20.44,2044.35,13.58,1358.37,28.01,2800.62,20.15,2014.65,17.53,1753.11,20.17,2017.44,17.61,1760.85,15.14,1513.62,9.11,911.25,313.45,0.75,103.67,0.25,4,4,3
PO1000000189,2017,SIME DARBY,SIME DARBY PLANTATION BHD,NORDANAL (SOU 19),Not RSPO Certified,,3/31/23,2.18,102.73,"2.183333, 102.733333",MYS,Malaysia,Johor,Muar,1-Fully Verified,,146.51,14651.01,192.02,245.7,24569.55,7.25,724.86,5.9,590.22,5.8,579.96,3.85,384.57,5.35,535.41,2.01,200.97,5.73,573.39,1.37,137.43,8.34,833.58,0.67,66.51,8.4,840.15,3.64,364.23,2.19,219.06,5.84,584.46,3.69,368.64,6.46,645.75,6.48,648.09,5.14,513.9,8.59,858.87,3.67,367.38,4.19,419.22,3.04,304.2,107.61,0.73,38.9,0.27,4,4,3
PO1000000190,"2017,2020,2019,2021,2018",SIME DARBY,SIME DARBY PLANTATION BHD,CHAAH (SOU 20),RSPO Certified,"RSPO Certified, IP",3/31/23,2.15,102.97,"2.148725, 102.973994",MYS,Malaysia,Johor,Batu Pahat,1-Fully Verified,,107.3,10730.34,114.77,186.05,18604.62,4.58,458.28,0.32,32.04,6.48,648.45,4.66,465.57,4.91,490.59,1.6,159.84,1.04,103.77,0.03,2.7,0.62,61.92,0.06,5.58,5.48,547.92,3.35,335.43,1.33,132.66,0.38,37.98,0.1,10.26,0.44,43.65,1.09,108.99,3.26,326.07,2.26,226.08,0.67,67.14,1.69,169.2,3.03,302.76,47.37,0.44,59.93,0.56,3,3,3
PO1000000191,2020,SIME DARBY,SIME DARBY PLANTATION BHD,ELPHIL (SOU 3),RSPO Certified,"RSPO Certified, MB",3/31/23,4.89,101.09,"4.89058, 101.093096",MYS,Malaysia,Perak,Kuala Kangsar,1-Fully Verified,,806.17,80616.87,986.58,1648.34,164834.01,12.39,1238.67,4.75,475.2,7.69,768.87,6.03,602.82,5.71,571.41,5.71,570.51,5.32,531.9,4.62,461.61,8.01,801.27,8.24,824.49,6.37,636.75,15.36,1536.48,8.3,829.98,18.39,1838.7,20.51,2050.56,26.79,2678.67,18.69,1869.3,14.29,1428.57,14.72,1472.49,11.66,1165.95,10.7,1070.46,10.38,1038.33,244.63,0.3,561.54,0.7,3,2,3
PO1000000193,"2020,2021,2018,2017,2019",SIME DARBY,SIME DARBY PLANTATION BHD,SERI INTAN (SOU 5),RSPO Certified,"RSPO Certified, IP",3/31/23,3.97,100.99,"3.969228, 100.985558",MYS,Malaysia,Perak,Hilir Perak,1-Fully Verified,,129.65,12965.49,236.93,504.3,50429.97,4.69,468.81,3.81,381.24,2.25,225.27,2.91,290.61,5.42,541.53,2.63,262.62,2.19,219.42,1.77,176.94,3.74,374.49,6.51,650.7,1.84,184.05,2.74,274.32,3.41,340.74,4.96,495.54,4.64,463.86,12.8,1279.8,11.68,1168.47,8.66,866.07,6.1,610.38,4.51,450.72,5.86,585.99,7.9,789.93,111.02,0.86,18.64,0.14,5,5,3
PO1000000194,"2019,2018,2021,2020,2017",SIME DARBY,SIME DARBY PLANTATION BHD,BUKIT BENUT (SOU 22),RSPO Certified,"RSPO Certified, IP",3/31/23,1.93,103.35,"1.931143, 103.347365",MYS,Malaysia,Johor,Keluang,1-Fully Verified,,122.44,12244.05,146.36,204.05,20405.43,11.41,1141.29,5.32,531.54,2.23,223.38,3.59,359.1,2.83,282.87,7.92,791.82,6.16,615.6,4.05,405.18,5.3,529.74,3.23,323.37,7.95,795.15,4.18,418.14,4.31,430.65,5.16,516.24,4.76,476.01,4.25,425.16,10.23,1022.67,6.75,675.36,7.34,733.68,6.7,669.6,3,299.97,4.56,456.03,121.23,0.99,1.22,0.01,4,5,2
PO1000000195,2020,SIME DARBY,SIME DARBY PLANTATION BHD,SELABA (SOU 5),RSPO Certified,"RSPO Certified, MB",3/31/23,3.99,101.08,"3.9889722, 101.081278",MYS,Malaysia,Perak,Hilir Perak,1-Fully Verified,,66.72,6671.61,93.7,178.18,17817.66,2.88,288,1.84,183.78,0.25,25.47,0.42,41.85,1.78,177.75,1.1,109.53,2.66,266.22,0.97,97.38,3.91,390.69,3.42,342.27,0.26,25.56,1.53,153.27,0.98,98.28,2.37,237.42,1.21,120.6,5.25,524.61,4.37,436.86,2.39,238.95,0.86,86.4,1.23,123.21,1.56,156.06,1.23,123.3,42.47,0.64,24.24,0.36,3,4,3
PO1000000199,"2020,2021",IOI CORPORATION,SYARIKAT PUKIN LADANG KELAPA SAWIT SDN BHD,PUKIN,RSPO Certified,"RSPO Certified, IP",3/31/23,2.72,102.91,"2.72235, 102.911",MYS,Malaysia,Pahang,Rompin,1-Fully Verified,,121.79,12178.98,145.31,183.52,18351.99,4.31,431.01,3.09,308.79,0.09,8.91,4.79,478.71,19.04,1903.68,9.3,929.79,4.57,456.75,5.84,584.37,11.99,1198.62,0.83,82.89,28.6,2860.11,2.68,267.84,5.53,553.32,11.19,1119.06,2.49,248.94,1.54,154.08,3.1,309.6,0.64,63.63,3.39,339.48,0.72,71.73,0.1,10.44,0.2,20.34,121.79,1,0,0,1,5,1
PO1000000201,"2021,2020",KUALA LUMPUR KEPONG (KLK),KUALA LUMPUR KEPONG BHD,KEKAYAAN PALM OIL MILL,RSPO Certified,"RSPO Certified, IP",3/31/23,2.2,103.27,"2.204546, 103.270394",MYS,Malaysia,Johor,Keluang,1-Fully Verified,,104.57,10456.56,133.79,174.51,17451.36,16.73,1673.46,10.01,1001.16,4.79,478.8,3.67,366.84,1.92,192.06,2.6,260.1,3.78,378,2.22,222.3,4.56,455.58,1.41,141.21,4.54,454.5,1.66,166.41,1.64,164.16,2.32,231.75,2.33,233.28,3.07,306.99,3.94,394.38,1.97,197.37,3.97,396.63,2.64,263.88,1.43,142.65,6.37,637.29,87.59,0.84,16.98,0.16,5,5,3
PO1000000202,"2020,2021",NBPOL,NEW BRITAIN PALM OIL,POLIAMBA,RSPO Certified,"RSPO Certified, IP",3/31/23,-2.87,151.28,"-2.874136, 151.275933",PNG,Papua New Guinea,New Ireland,Kavieng,1-Fully Verified,,1334.45,133445.25,1297,6445.03,644502.96,1.86,185.94,1.89,188.64,2.23,222.75,1.46,146.34,1.71,171.45,1.56,155.52,1.79,179.37,4.43,442.62,2.14,213.93,2.92,291.78,8.2,820.17,8.03,803.07,4.9,490.23,8.2,820.26,17.06,1706.49,11.2,1120.05,8.96,895.95,2.51,251.37,4.96,495.99,6.66,666.36,5.9,590.22,18.77,1876.59,127.35,0.1,1207.1,0.9,3,1,3
PO1000000223,2021,MRICOP,"MONG RETHTHY INVESTMENT CAMBODIA OIL PALM CO., LTD",ANLONG KROPEU PALM OIL MILL,RSPO Certified,"RSPO Certified, IP",3/31/23,10.96,103.91,"10.959694, 103.907833",KHM,Cambodia,Kaôh Kong,Kampong Seila,1-Fully Verified,,4455.9,445589.73,6612.5,8803.13,880313.4,19.45,1944.63,19.52,1951.56,35.13,3513.15,43.69,4368.51,96.38,9638.19,69.26,6926.22,142.4,14240.34,55.51,5551.02,86.42,8641.62,141.25,14125.23,74.79,7478.73,96.16,9616.23,72.2,7219.62,66.55,6655.23,59.7,5970.15,102.9,10290.15,94.79,9478.98,75.53,7553.16,114.05,11405.07,108.44,10844.37,104.1,10409.58,71.5,7150.32,1749.72,0.39,2706.18,0.61,3,3,3
PO1000000235,2020,FGV HOLDINGS BERHAD,FGV PALM INDUSTRIES SDN BHD,LOK HENG,Not RSPO Certified,,3/31/23,1.72,104.12,"1.720542, 104.119997",MYS,Malaysia,Johor,Kota Tinggi,1-Fully Verified,,110.03,11002.68,117.88,157.77,15777.09,4.19,419.31,7.95,795.42,2.09,209.43,7.45,745.11,5.48,548.28,2.55,255.06,10.65,1064.97,6,600.3,16.51,1651.32,3.19,318.87,7.1,709.74,4.99,498.87,12,1199.61,3.45,344.88,0.46,45.9,1.04,104.04,1.35,135.18,1.02,101.7,1.52,152.1,0.39,38.7,0.59,58.86,0.17,17.28,100.15,0.91,9.88,0.09,1,5,1
PO1000000236,2020,FGV HOLDINGS BERHAD,FGV PALM INDUSTRIES SDN BHD,ADELA,RSPO Certified,"RSPO Certified, MB",3/31/23,1.55,104.19,"1.552768, 104.1873",MYS,Malaysia,Johor,Kota Tinggi,1-Fully Verified,,64.6,6459.75,103.48,283.76,28375.65,0.14,13.95,11.57,1157.13,0.14,14.4,4.19,419.49,1.58,158.13,0.26,25.92,0.02,2.25,1.42,141.75,1.11,111.42,0.57,56.7,3.75,375.12,4.14,414.45,1.69,168.66,6.41,640.62,1.9,189.63,3.67,366.57,1.84,184.5,1.15,114.75,3.6,359.91,0.81,80.73,0.21,20.52,0.23,22.95,50.4,0.78,14.2,0.22,1,4,2
PO1000000238,"2020,2017,2021,2019",UNITED PLANTATIONS,UNITED PLANTATIONS BHD,JENDARATA,RSPO Certified,"RSPO Certified, IP",3/31/23,3.85,100.97,"3.853889, 100.968333",MYS,Malaysia,Perak,Hilir Perak,1-Fully Verified,,52.91,5290.74,84.58,236.96,23695.92,2.65,264.69,1.24,124.11,0.89,88.83,0.43,42.66,0.52,51.93,0.76,76.23,0.64,63.63,0.79,78.75,2.13,212.94,1.9,189.72,0.4,39.87,1.16,116.37,1.53,153.36,6.89,688.86,4.67,466.56,3.59,359.19,10.46,1045.98,4.64,463.95,3.95,395.37,1.15,114.66,1.18,118.26,0.74,74.07,52.3,0.99,0.61,0.01,3,5,1
PO1000000240,"2021,2020",UNITED PLANTATIONS,UNITED PLANTATIONS BHD,ULU BASIR,RSPO Certified,"RSPO Certified, IP",3/31/23,3.72,101.26,"3.724444, 101.255833",MYS,Malaysia,Perak,Batang Padang,1-Fully Verified,,376.81,37680.66,382.31,798.15,79814.7,8.7,869.76,6.09,608.85,2.71,270.81,6.73,673.11,3.57,357.48,1.95,194.94,6.44,644.4,8.66,866.43,13.19,1319.13,10.62,1061.73,3.95,395.01,4.15,415.17,11.52,1151.91,9.43,943.38,3.14,314.37,5.48,548.1,2.77,277.02,4.76,476.01,7.63,762.66,1.5,149.85,3.37,337.41,1.33,132.57,127.7,0.34,249.11,0.66,2,2,3
PO1000000242,"2020,2021,2019",UNITED PLANTATIONS,UNITED PLANTATIONS BHD,ULU BERNAM,RSPO Certified,"RSPO Certified, IP",3/31/23,3.75,101.15,"3.745278, 101.146111",MYS,Malaysia,Perak,Hilir Perak,1-Fully Verified,,78.99,7898.76,92.55,121.16,12115.8,5.11,510.93,4.63,463.05,0.79,79.11,3.36,336.33,4.69,469.44,1.2,119.88,3.45,344.52,4.08,408.33,5.72,572.13,2.19,219.15,0.96,95.85,2.74,274.41,1.71,170.55,7.73,772.74,4.75,475.02,6.59,658.89,9.88,987.57,1.62,162.45,0.47,47.16,0.41,41.04,1.79,178.92,1.2,120.33,75.08,0.95,3.91,0.05,3,5,2
PO1000000243,"2021,2020",UNITED PLANTATIONS,UNITED INTERNATIONAL ENTERPRISES (M) SDN BHD,UIE,RSPO Certified,"RSPO Certified, IP",3/31/23,4.44,100.72,"4.443889, 100.722778",MYS,Malaysia,Perak,Manjung,1-Fully Verified,,82.57,8257.41,104.73,141.79,14179.14,0.42,41.85,0.78,77.94,0.34,33.93,0.28,27.72,0.47,47.43,0.28,28.35,0.96,95.58,0.19,19.35,1.81,180.99,5.1,509.58,5.74,573.84,5.19,518.58,11.88,1187.55,10.48,1047.69,8.49,849.33,8.39,838.98,4.96,495.99,1.95,195.48,1.42,141.84,0.53,53.1,0.9,89.73,0.51,50.67,71.06,0.86,11.52,0.14,3,5,2
PO1000000254,2020,FGV HOLDINGS BERHAD,FGV PALM INDUSTRIES SDN BHD,KOTA GELANGGI,RSPO Certified,"RSPO Certified, MB",3/31/23,3.92,102.49,"3.921733, 102.489533",MYS,Malaysia,Pahang,Jerantut,1-Fully Verified,,1474.32,147431.97,1412.57,2869.68,286967.79,20.17,2017.44,37.86,3785.67,12.88,1288.26,7.9,789.57,23.95,2394.99,6.26,625.86,1.42,142.29,5.89,588.87,2.71,271.08,2.44,244.35,2.33,232.56,4.02,402.48,8.93,892.62,10.04,1004.49,23.42,2342.43,33.19,3318.93,37.61,3760.83,55.64,5563.8,38.16,3815.73,25.75,2574.72,13.94,1394.19,7.61,761.4,382.13,0.26,1092.19,0.74,2,2,3
PO1000000255,2020,FGV HOLDINGS BERHAD,FGV PALM INDUSTRIES SDN BHD,LEPAR UTARA 6,Not RSPO Certified,,3/31/23,3.97,102.69,"3.970817, 102.691667",MYS,Malaysia,Pahang,Jerantut,1-Fully Verified,,269.42,26941.68,276.25,628.02,62802.27,1.21,120.6,2.86,285.75,1.95,194.76,0.31,30.69,0.25,25.38,0.22,22.23,7.79,779.4,1.97,197.01,4.62,462.15,3.43,343.35,16.97,1696.77,13.34,1333.53,3.07,306.9,6.44,643.59,3.8,379.89,9.05,905.4,9.98,998.28,2.22,221.85,8.46,845.55,0.44,44.46,7.02,702.36,9.54,954,114.94,0.43,154.48,0.57,4,3,4
PO1000000262,2017,KUALA LUMPUR KEPONG (KLK),KL-KEPONG (SABAH) SDN BHD,RIMMER,Not RSPO Certified,,3/31/23,5.02,118.57,"5.0193, 118.5715",MYS,Malaysia,Sabah,Lahad Datu,1-Fully Verified,,18.79,1878.66,18.08,13.36,1335.69,0,0.45,0.02,1.62,0,0,0.01,1.44,0.02,1.98,0,0.36,0.04,3.78,0.01,0.9,0.01,1.26,0.02,1.89,0.03,2.52,0.03,2.7,0.45,44.82,1.69,169.11,1.45,145.17,3.02,302.4,5.4,540,4.58,458.01,1.64,164.16,0.04,3.69,0.02,1.8,0.02,2.25,18.5,0.98,0.28,0.02,1,5,1
PO1000000263,"2021,2020",KUALA LUMPUR KEPONG (KLK),KL-KEPONG (SABAH) SDN BHD,LUNGMANIS,RSPO Certified,"RSPO Certified, IP",3/31/23,5.08,118.59,"5.08395, 118.58825",MYS,Malaysia,Sabah,Lahad Datu,1-Fully Verified,,221.39,22139.46,217.42,333.53,33353.19,0.2,19.62,0.44,44.19,0.59,59.04,2.97,296.73,0.22,22.41,0.19,18.54,0.34,34.29,0.45,44.73,0.23,23.49,0.63,62.55,3.02,302.31,1.01,101.25,2.37,236.79,1.22,121.86,0.05,4.68,0.03,3.24,6.37,637.02,7.15,714.78,9.88,987.93,14.19,1419.48,11.97,1196.55,10.43,1043.28,73.95,0.33,147.45,0.67,5,2,5
PO1000000280,"2020,2021",KUALA LUMPUR KEPONG (KLK),KUALA LUMPUR KEPONG BHD,JERAM PADANG,RSPO Certified,"RSPO Certified, IP",3/31/23,2.74,102.41,"2.735111, 102.4085",MYS,Malaysia,Negeri Sembilan,Jempol,1-Fully Verified,,532.71,53271.18,660.94,1495.97,149597.46,14.07,1406.52,19.25,1925.19,13.98,1398.15,8.05,804.96,18.88,1887.66,10.66,1066.23,13.77,1376.73,8.78,877.77,22.82,2281.86,1.66,166.14,19.3,1930.5,28.87,2887.47,5.33,533.43,21.16,2115.99,7.03,703.26,21.23,2122.74,18.96,1896.12,18.5,1849.5,22.57,2256.75,14.24,1423.8,12.82,1281.6,7.77,776.61,329.69,0.62,203.02,0.38,3,3,3
PO1000000283,2021,MP EVANS,PANGKATAN INDONESIA,PANGKATAN,RSPO Certified,"RSPO Certified, MB",3/31/23,2.1,99.95,"2.10305, 99.94766",IDN,Indonesia,Sumatera Utara,Labuhanbatu,1-Fully Verified,,33.31,3330.63,35.66,55.81,5581.35,1.22,121.95,1.16,116.1,0.25,25.02,2.34,233.64,0.24,24.48,3.63,363.33,0.19,19.35,0.02,2.07,1.41,141.03,0.06,5.85,0.05,4.86,0.28,27.63,2.24,224.37,0.8,79.56,0.22,21.69,0.74,73.89,0.34,33.93,0.18,17.55,0.36,35.64,0.36,36.45,0.26,25.83,0.09,9.27,16.43,0.49,16.87,0.51,2,3,3
PO1000000284,"2021,2017,2020",SAMPOERNA AGRO,AEK TARUM,BELIDA,RSPO Certified,"RSPO Certified, MB",3/31/23,-3.84,104.97,"-3.836633, 104.969517",IDN,Indonesia,Sumatera Selatan,Ogan Komering Ilir,1-Fully Verified,,350.03,35002.53,667.76,1110.76,111075.66,4.56,456.48,4.62,461.97,1.11,111.24,12.55,1254.69,4.28,427.86,2.61,261.27,10.57,1056.51,25.88,2587.5,31.49,3149.46,5.69,568.62,14.24,1423.89,15.71,1570.86,4.57,457.38,10.65,1065.15,9.7,969.93,9.6,960.48,12.79,1279.08,31.21,3120.75,20.57,2057.49,28.61,2861.19,10.72,1071.9,18.31,1831.32,290.05,0.83,59.98,0.17,5,5,3
PO1000000286,2020,MUSIM MAS,UNGGUL LESTARI,UNGGUL LESTARI,RSPO Certified,"RSPO Certified, IP",3/31/23,-1.6,112.6,"-1.5958444, 112.598831",IDN,Indonesia,Kalimantan Tengah,Kotawaringin Timur,1-Fully Verified,,18.38,1838.16,17.3,22.22,2222.46,0.03,3.24,0.13,13.14,0.01,1.08,0.2,20.07,0.03,3.33,0.15,15.39,0.21,21.24,2.23,222.66,3.36,335.52,5.3,530.01,0.51,51.39,0.36,36.36,0.06,5.94,0.24,23.85,0.34,34.02,0.6,60.48,0.23,22.95,0.11,10.8,0.08,8.1,0.03,2.88,0.01,0.63,0.04,3.51,14.27,0.78,4.12,0.22,1,4,1
PO1000000294,"2020,2018,2017",SIME DARBY,SIME DARBY PLANTATION BHD,FLEMINGTON (SOU 4),RSPO Certified,"RSPO Certified, IP",3/31/23,3.93,100.86,"3.928056, 100.857222",MYS,Malaysia,Perak,Hilir Perak,1-Fully Verified,,223.63,22362.57,341.69,462.36,46236.42,3.15,315.09,4.41,441,1.59,158.76,3.44,344.07,6.39,638.91,2.77,276.84,7.07,707.04,5.39,539.19,5.56,555.93,4.92,491.94,5.5,549.81,7.51,750.96,5.63,562.95,13.11,1311.48,5.53,553.41,10.09,1009.17,11.79,1178.82,10.58,1058.31,13.29,1329.03,11.82,1181.7,8.11,810.9,5.02,502.29,152.68,0.68,70.95,0.32,4,4,3
PO1000000295,2020,SIME DARBY,SIME DARBY PLANTATION BHD,KERDAU (SOU 11),RSPO Certified,"RSPO Certified, MB",3/31/23,3.57,102.28,"3.569444, 102.278333",MYS,Malaysia,Pahang,Temerloh,1-Fully Verified,,153.02,15302.16,192.88,268.23,26823.15,3.3,329.58,1.83,183.24,1.79,179.37,2.82,282.42,5.47,547.29,1.95,194.94,2.44,243.9,6.64,664.02,9.83,982.89,9.42,942.21,2.77,276.84,9.76,975.87,4.89,489.15,17.8,1780.38,12.96,1295.91,17.22,1721.7,8.8,879.66,5.21,520.74,2.88,288,3.17,316.53,3.42,341.64,2.79,279.18,137.15,0.9,15.87,0.1,3,5,2
PO1000000296,2020,SIME DARBY,SIME DARBY PLANTATION BHD,KOK FOH (SOU 16),RSPO Certified,"RSPO Certified, MB",3/31/23,2.78,102.5,"2.784667, 102.504167",MYS,Malaysia,Negeri Sembilan,Jempol,1-Fully Verified,,131.98,13197.78,173.73,301.32,30131.91,9.59,959.04,11.45,1144.53,0.77,77.04,6.2,619.65,5.63,562.59,6.03,602.82,8.55,854.82,1.17,117.45,4.7,470.34,0,0,5.74,574.47,12.94,1293.57,3.7,369.9,6.75,675.36,8.19,818.73,7.52,752.04,5.93,593.01,9.57,956.61,10.23,1023.12,4.91,490.59,2.91,290.88,2.17,217.08,131.98,1,0,0,3,5,1
PO1000000297,"2020,2017,2019,2021,2018",SIME DARBY,SIME DARBY PLANTATION BHD,LABU (SOU 13),Not RSPO Certified,,3/31/23,2.75,101.8,"2.748889, 101.8045",MYS,Malaysia,Negeri Sembilan,Seremban,1-Fully Verified,,647.13,64712.88,861.16,1595.65,159565.14,10.36,1035.81,18.54,1853.55,5.73,573.3,18.53,1852.83,12.14,1214.46,9.79,978.66,16.12,1611.99,13.42,1342.44,15.7,1569.51,11.07,1106.55,7.69,769.23,9.51,951.03,9.16,916.29,27.71,2771.19,13.68,1367.91,20.55,2054.88,15.68,1567.89,14.57,1457.19,12.26,1225.71,9.6,960.3,11.31,1130.85,10.36,1035.54,293.47,0.45,353.66,0.55,3,3,3
PO1000000298,"2018,2021,2017,2020,2019",SIME DARBY,SIME DARBY PLANTATION BHD,SUA BETONG (SOU 15),RSPO Certified,"RSPO Certified, IP",3/31/23,2.53,101.9,"2.52833, 101.895278",MYS,Malaysia,Negeri Sembilan,Port Dickson,1-Fully Verified,,98.47,9846.99,135.66,259.12,25912.17,11.65,1165.23,3.83,383.4,2.41,241.29,3.06,306.09,3.83,383.22,1.57,157.05,4.43,443.43,2.62,261.54,3.66,366.12,4.17,417.15,2.9,290.16,3.22,322.29,2.53,253.35,6.05,605.07,3.27,327.24,2.91,291.06,2.37,237.42,4.25,424.8,1.5,149.94,2.56,256.41,4.09,408.96,1.49,149.49,78.41,0.8,20.06,0.2,4,4,3
PO1000000301,2020,SIME DARBY,SIME DARBY PLANTATION BHD,HADAPAN (SOU 24),RSPO Certified,"RSPO Certified, MB",3/31/23,1.76,103.45,"1.76216, 103.448669",MYS,Malaysia,Johor,Kulaijaya,1-Fully Verified,,84.1,8409.69,118.78,175.22,17522.28,3.22,321.57,4.9,489.51,1.22,122.22,2.94,294.3,2.66,266.4,3.3,329.58,3.47,347.4,1.32,132.21,3.39,339.3,0.82,81.9,3.02,301.77,1.46,146.25,3.27,326.61,3.57,357.48,3.67,367.38,4.74,473.67,3.43,342.9,1.54,153.99,2,200.34,1.05,104.85,1.67,166.95,1.33,132.66,57.99,0.69,26.1,0.31,3,4,3
PO1000000302,"2020,2021,2019",SIME DARBY,SIME DARBY PLANTATION BHD,CHERSONESE (SOU 2),RSPO Certified,"RSPO Certified, MB",3/31/23,4.98,100.46,"4.978457, 100.461902",MYS,Malaysia,Perak,Kerian,1-Fully Verified,,90.76,9075.51,154.64,519.6,51959.52,1.64,164.34,8.32,831.87,0.95,95.22,1.11,111.24,3.48,348.39,1.91,190.98,1.65,164.97,1.95,195.39,2.4,239.76,1.95,195.12,3.88,388.35,2.55,255.15,0.69,69.03,3.79,378.72,4.24,424.44,2.52,252.36,2.19,219.24,4.24,423.99,5.5,549.81,3.39,339.3,3.02,302.13,1.61,160.56,63,0.69,27.75,0.31,4,4,3
PO1000000303,2017,SIME DARBY,SIME DARBY PLANTATION BHD,PEKAKA (SOU 34),Not RSPO Certified,,3/31/23,3.46,113.65,"3.461379, 113.654176",MYS,Malaysia,Sarawak,Miri,1-Fully Verified,,120.06,12006.36,138.37,290.63,29063.16,2.52,251.55,0.14,13.5,0.19,19.44,0.11,10.8,0.08,7.56,0.32,32.4,0.5,50.49,0.69,69.03,1.05,105.21,0.23,23.4,0.57,56.52,6.65,665.19,6.74,673.74,9.13,912.69,6.65,664.56,8.79,879.3,18.23,1823.13,8.87,886.59,10.7,1070.01,10.21,1020.96,8.12,811.8,15.82,1581.57,116.29,0.97,3.77,0.03,5,5,4
PO1000000305,"2017,2020,2021",SIME DARBY,SIME DARBY PLANTATION BHD,RAJAWALI (SOU 32),RSPO Certified,"RSPO Certified, IP",3/31/23,3.37,113.4,"3.372505, 113.400597",MYS,Malaysia,Sarawak,Bintulu,2-High Confidence,,481.05,48104.91,581.98,734.73,73473.03,6.28,627.84,8.59,858.78,5.95,595.35,23.62,2361.87,23.62,2362.32,12.93,1293.48,23.45,2345.49,33.2,3319.74,12.68,1267.92,5.97,597.24,11.84,1184.13,14.83,1483.02,17.56,1755.9,20.66,2065.68,16.12,1612.44,23.82,2381.85,21.95,2194.65,20.71,2070.81,18.87,1886.85,22.9,2289.69,10.65,1064.52,22.33,2233.26,378.53,0.79,102.52,0.21,4,4,3
PO1000000306,2017,SIME DARBY,SIME DARBY PLANTATION BHD,DERAWAN (SOU 33),RSPO Certified,"RSPO Certified, MB",3/31/23,3.39,113.35,"3.390203, 113.345417",MYS,Malaysia,Sarawak,Bintulu,1-Fully Verified,,2.3,229.77,2.78,4.23,423.45,0,0,0,0,0,0,0,0,0,0,0,0,0,0,0,0,0,0.09,0,0,0,0,0,0,0.05,5.31,0.02,2.25,0,0,0.07,7.38,0,0,0.61,61.29,0.52,52.47,1.02,102.24,0,0,0,0,2.3,1,0,0,1,5,1
PO1000000307,"2017,2021,2019,2020",SIME DARBY,SIME DARBY PLANTATION BHD,ULU REMIS (SOU 23),RSPO Certified,"RSPO Certified, IP",3/31/23,1.83,103.46,"1.834444, 103.4625",MYS,Malaysia,Johor,Keluang,1-Fully Verified,,129.63,12962.97,142.88,175.98,17598.42,6.44,644.04,8.03,802.89,2.62,262.17,6.87,686.52,3.61,360.54,8.11,811.35,6.16,616.14,3.73,373.41,5.29,528.57,3.02,302.4,9.99,998.64,4.25,424.53,6.39,638.73,11.02,1102.23,5.75,574.83,7.3,730.44,6.72,671.58,7.13,713.34,8.23,822.78,4.89,489.15,2.08,207.99,1.43,142.65,129.05,1,0.58,0,3,5,1
PO1000000314,"2020,2018,2021,2017",SIME DARBY,TEGUH SEMPURNA,PEMANTANG,RSPO Certified,"RSPO Certified, IP",3/31/23,-2.15,112.29,"-2.148333, 112.292778",IDN,Indonesia,Kalimantan Tengah,Seruyan,1-Fully Verified,,179.53,17953.38,264.56,405.62,40562.37,1.56,155.79,3.19,318.51,2.14,214.11,10.34,1034.19,14.6,1459.71,35.31,3531.24,31.98,3197.88,12.7,1270.44,11.2,1120.32,7.17,716.67,11.7,1170.09,6.03,603,2.5,249.66,2.76,276.03,4.62,461.61,10.52,1052.01,6.4,640.44,3.65,364.77,3.65,365.31,5.44,544.05,1.73,172.62,2.13,212.94,179.53,1,0,0,3,5,1
PO1000000315,2020,SIME DARBY,BAHARI GEMBIRA RIA,LADANG PANJANG,RSPO Certified,"RSPO Certified, MB",3/31/23,-1.79,103.79,"-1.791666, 103.791388",IDN,Indonesia,Jambi,Muaro Jambi,1-Fully Verified,,146.99,14698.98,170.86,419.34,41933.7,1.68,168.21,2.94,294.21,0.37,36.72,5.87,587.43,2.22,222.21,1.65,164.97,5.5,550.08,3.2,320.22,2.89,289.08,0,0,0.49,48.51,2.8,280.44,2.45,245.16,2.33,233.1,3.46,345.78,3.9,389.52,4.43,442.71,6.5,650.25,1.56,155.88,4.99,499.14,5.93,592.65,8.6,859.59,73.76,0.5,73.23,0.5,5,3,4
PO1000000316,"2017,2021,2019",SIME DARBY,BINA SAINS CEMERLANG,SUNGAI PINANG,RSPO Certified,"RSPO Certified, MB",3/31/23,-2.99,103.41,"-2.985722, 103.406028",IDN,Indonesia,Sumatera Selatan,Musi Rawas,1-Fully Verified,,484.92,48492,579.67,726.48,72648.45,11.17,1117.26,5.99,599.22,1.66,166.23,11.76,1176.12,4.87,486.72,34.54,3453.93,2.46,245.7,16.29,1628.55,13.43,1342.89,11.45,1144.71,18.2,1819.62,54.09,5409.36,14.15,1414.8,28.66,2866.32,20.97,2096.73,28.91,2890.8,15.6,1560.15,16.13,1612.53,18.76,1876.14,25.4,2540.34,19.74,1974.06,31.25,3124.89,405.47,0.84,79.45,0.16,5,5,3
PO1000000317,"2020,2021",SIME DARBY,ANEKA INTI PERSADA,TELUK SIAK,RSPO Certified,"RSPO Certified, MB",3/31/23,0.59,101.66,"0.591389, 101.658889",IDN,Indonesia,Riau,Siak,1-Fully Verified,,62.24,6223.5,119.08,129.65,12965.4,1.28,128.43,0.35,34.56,0.05,4.95,2.14,213.75,5.79,579.33,2.85,285.21,2.85,284.67,1.39,138.96,3.73,372.96,1.86,185.94,0.71,71.01,1.26,126.27,9.66,966.24,10.56,1055.52,8.25,825.21,6.13,612.9,11.02,1101.51,7.06,706.05,6.79,679.14,1.83,183.15,0.52,52.2,1.78,178.02,62.24,1,0,0,3,5,1
PO1000000318,"2018,2021,2017,2020",SIME DARBY,BHUMIREKSA NUSA SEJATI,TELUK BAKAU,RSPO Certified,"RSPO Certified, IP",3/31/23,0.26,103.59,"0.2565, 103.588833",IDN,Indonesia,Riau,Indragiri Hilir,1-Fully Verified,,1306.63,130662.81,1569.72,6283.51,628351.38,24.69,2468.61,19.2,1920.42,8.78,878.4,26.45,2644.83,60.56,6055.83,10.85,1084.86,12.94,1293.66,11.03,1103.4,15.12,1511.82,17.31,1730.88,20.23,2022.75,28.8,2880.27,15.95,1594.98,82.49,8249.49,22.04,2203.83,53.25,5324.94,35.67,3566.61,33.14,3314.16,39.2,3920.04,28.12,2812.14,32.49,3249.09,15,1499.85,613.31,0.47,693.32,0.53,3,3,3
PO1000000319,2021,SIME DARBY,BERSAMA SEJAHTERA SAKTI,GUNUNG ARU,RSPO Certified,"RSPO Certified, MB",3/31/23,-3.49,116.17,"-3.494722, 116.166667",IDN,Indonesia,Kalimantan Selatan,Kota Baru,1-Fully Verified,,1279.08,127908.36,1493.8,3515.9,351589.5,17.27,1726.74,27.61,2760.93,15.76,1576.44,31.35,3135.42,17.79,1779.48,27.91,2791.17,47.74,4773.78,16.17,1616.94,29.94,2993.76,9.91,991.35,21.04,2104.02,43.02,4302.09,30.82,3081.78,50.25,5024.79,63.99,6399,41.49,4148.91,42.04,4203.81,26.09,2609.1,26.48,2647.89,39.47,3946.86,4.65,464.67,9.61,960.66,640.4,0.5,638.69,0.5,2,3,3
PO1000000321,"2018,2021,2020,2017",SIME DARBY,INDOTRUBA TENGAH,SEKUNYIR,RSPO Certified,"RSPO Certified, MB",3/31/23,-2.44,112.01,"-2.444722, 112.006667",IDN,Indonesia,Kalimantan Tengah,Kotawaringin Barat,1-Fully Verified,,114.54,11453.76,216.66,539.74,53973.54,0.53,52.74,8.04,803.97,0.24,23.67,2.16,215.73,0.83,82.53,1.29,129.15,0.6,60.12,1.42,141.93,1.25,124.56,0.85,84.96,0.84,84.24,1.76,175.59,7.64,763.74,11.34,1134.36,5.5,549.9,3.35,334.53,1.27,126.99,1.14,113.76,5.46,546.21,3.24,323.82,9.03,902.79,3.12,312.03,70.87,0.62,43.66,0.38,5,3,4
PO1000000322,"2017,2021,2020",SIME DARBY,KRIDATAMA LANCAR,SUKAMANDANG,RSPO Certified,"RSPO Certified, IP",3/31/23,-2.06,112.32,"-2.06215, 112.315367",IDN,Indonesia,Kalimantan Tengah,Kotawaringin Timur,1-Fully Verified,,146.13,14613.12,219.71,389.77,38977.38,0.59,59.31,0.6,60.21,0.89,89.37,12.26,1226.07,15.38,1538.28,28.89,2888.91,14.09,1409.13,26.19,2619.18,9.32,932.22,4.39,439.02,4.13,412.83,1.63,162.72,0.74,74.07,1.19,118.71,0.74,73.62,6.63,663.3,8.76,875.52,2.38,237.78,3.87,387.36,6.11,611.28,1.54,153.54,2.01,201.15,146.13,1,0,0,3,5,1
PO1000000323,"2020,2021",SIME DARBY,LAGUNA MANDIRI,RANTAU FACTORY,RSPO Certified,"RSPO Certified, IP",3/31/23,-2.44,116.11,"-2.439167, 116.114167",IDN,Indonesia,Kalimantan Selatan,Kota Baru,1-Fully Verified,,150.92,15092.19,194.65,275.42,27541.62,2.44,243.9,2.31,230.76,0.31,31.05,6.71,671.22,6.87,687.24,7.96,796.23,4.56,455.94,0.55,54.9,6.18,618.48,1.96,195.75,1.75,175.14,1.19,118.71,2.04,203.85,6.75,675.36,4.58,458.28,9.1,909.54,9.13,913.32,7.4,739.98,6.94,694.26,4.81,480.69,17.88,1788.3,15.42,1541.7,126.85,0.84,24.08,0.16,5,5,5
PO1000000324,"2021,2020",SIME DARBY,LANGGENG MUARA MAKMUR,BEBUNGA,RSPO Certified,"RSPO Certified, IP",3/31/23,-2.37,116.33,"-2.373611, 116.329722",IDN,Indonesia,Kalimantan Selatan,Kota Baru,1-Fully Verified,,637.59,63758.7,825.49,1210.78,121078.44,4.93,492.93,6.44,644.04,1.68,167.67,11.16,1116.36,22.36,2235.78,33.83,3383.01,23.04,2303.91,12.42,1242,31.18,3117.78,6.12,612.27,14.46,1446.48,25.09,2509.29,14.2,1419.75,19.59,1958.67,34.62,3462.12,60.27,6027.3,12.25,1224.9,16.81,1681.11,17.97,1797.3,9.49,949.41,17.16,1715.58,13.81,1381.23,408.89,0.64,228.7,0.36,4,4,3
PO1000000325,"2020,2021",SIME DARBY,LADANGRUMPUN SUBURABADI,ANGSANA,RSPO Certified,"RSPO Certified, MB",3/31/23,-3.61,115.61,"-3.614333, 115.610833",IDN,Indonesia,Kalimantan Selatan,Tanah Bumbu,1-Fully Verified,,176.82,17681.76,213.7,204.29,20429.19,1.26,125.73,3.34,333.63,1.47,146.79,3.99,398.52,4.49,449.1,3.32,331.74,6.85,684.63,5.44,543.96,10.24,1024.11,3.89,389.34,10.96,1095.93,12.32,1231.83,17.24,1723.95,31.41,3140.91,32.05,3205.17,16.22,1621.8,4.64,464.4,6.23,623.16,8.62,861.75,2.33,232.65,4,399.69,2.86,286.02,176.82,1,0,0,3,5,1
PO1000000326,"2021,2020",SIME DARBY,LAHAN TANI SAKTI,ALUR DUMAI,RSPO Certified,"RSPO Certified, IP",3/31/23,1.56,100.54,"1.561111, 100.541667",IDN,Indonesia,Riau,Rokan Hilir,1-Fully Verified,,78.7,7870.32,91.57,155.84,15583.77,0.16,16.02,0.88,88.47,0.09,8.64,1.87,186.84,4.22,421.56,2.83,282.78,1.22,122.49,1.51,151.02,7.35,735.03,1,100.44,0.44,43.83,2.96,295.83,2.91,291.42,2.51,250.56,3.37,337.14,7.19,719.37,3.75,374.58,4.19,419.22,0.56,56.43,0.82,82.08,1.77,177.12,0.76,75.96,52.37,0.67,26.33,0.33,3,4,3
PO1000000327,"2020,2021",SIME DARBY,PARIPURNA SWAKARSA,PONDOK LABU,RSPO Certified,"RSPO Certified, IP",3/31/23,-2.48,116.51,"-2.481389, 116.5125",IDN,Indonesia,Kalimantan Selatan,Kota Baru,1-Fully Verified,,134.91,13491.18,220.33,434,43399.53,4.29,429.12,8.11,810.63,0.66,65.79,2.5,249.75,2.08,207.63,1.95,195.3,6.69,668.7,1.48,148.23,4.72,472.32,0.41,41.22,6.04,603.54,5.54,553.86,4.51,451.08,3.82,381.6,2,200.16,6.43,642.78,8.24,824.04,11.3,1130.04,11.92,1191.6,4.05,405.36,4.89,489.15,1.09,108.81,102.71,0.76,32.2,0.24,3,4,3
PO1000000330,"2020,2017,2021,2018",SIME DARBY,TUNGGAL MITRA PLANTATIONS,MANGGALA,RSPO Certified,"RSPO Certified, IP",3/31/23,1.52,100.73,"1.520525, 100.7319",IDN,Indonesia,Riau,Rokan Hilir,1-Fully Verified,,366.56,36656.37,420.71,641.53,64153.26,1.88,188.28,3.65,365.04,3.04,304.11,3.72,371.61,11.64,1163.7,16.04,1603.62,13.77,1377.27,16.84,1684.17,19.69,1969.11,14.32,1432.08,4.26,425.97,19.61,1960.56,19.39,1938.51,15.68,1567.89,8.48,847.8,34.44,3444.48,16.67,1667.16,13.14,1313.73,5.88,587.52,5.17,516.6,6.61,661.05,6.73,672.66,260.63,0.71,105.93,0.29,3,4,3
PO1000000338,"2021,2017,2020",BOUSTEAD PLANTATIONS BERHAD,BOUSTEAD PLANTATIONS BHD,SUNGAI JERNIH,RSPO Certified,"RSPO Certified, IP",3/31/23,3.34,103.1,"3.337, 103.099972",MYS,Malaysia,Pahang,Pekan,1-Fully Verified,,35.02,3501.72,35.26,48.2,4820.22,0.07,6.93,0.05,5.4,0.4,40.32,0.04,3.96,0.32,31.95,0.17,16.74,3.13,312.84,2.3,230.13,3.9,389.97,8.55,855,3.4,339.84,0.73,73.08,0.93,92.7,1.71,170.55,0.29,29.07,0.37,36.54,0.09,8.55,0.6,60.03,0.78,78.39,0.51,51.12,1.12,112.05,0.15,15.03,29.6,0.85,5.42,0.15,3,5,3
PO1000000347,"2020,2021",SIME DARBY,SIME DARBY PLANTATION BHD,KEMPAS (SOU 17),RSPO Certified,"RSPO Certified, IP",3/31/23,2.24,102.48,"2.243522, 102.481386",MYS,Malaysia,Melaka,Jasin,1-Fully Verified,,272.21,27220.68,437.59,634.44,63444.42,6.58,657.9,4.36,435.96,2.91,290.88,3.06,306.45,7.83,782.64,5.71,571.14,8.74,874.35,6.11,611.28,9.07,906.93,2.13,213.03,14.61,1460.61,7.35,735.21,5.9,589.68,14.68,1467.63,12.06,1206.45,18.95,1895.04,14.32,1432.17,7.72,771.66,12.02,1202.49,10.5,1050.21,9.28,928.44,6.51,650.79,190.41,0.7,81.8,0.3,4,4,3
PO1000000352,"2021,2020,2019",SOCFIN,SOCFIN INDONESIA,TANAH GAMBUS,RSPO Certified,"RSPO Certified, IP",3/31/23,3.2,99.4,"3.204167, 99.403889",IDN,Indonesia,Sumatera Utara,Batu Bara,1-Fully Verified,,78.31,7831.44,158.12,335.73,33572.88,5.68,567.99,1.08,107.91,1.63,163.44,3.39,338.58,3.31,330.57,3.3,330.21,1.93,192.6,1.07,107.01,7.6,759.87,6.78,677.7,2.79,279.27,3.25,324.99,1.65,164.61,1.91,190.89,3.72,371.52,3.6,359.82,2.59,259.29,6.81,680.58,1.73,172.62,1.55,155.07,0.81,81.45,1.25,125.46,67.41,0.86,10.9,0.14,3,5,2
PO1000000355,"2019,2020,2018,2017,2021",MUSIM MAS,MUSIM MAS HOLDINGS PTE LTD,PANGKALAN LESUNG,RSPO Certified,"RSPO Certified, IP",3/31/23,-0.05,102.08,"-0.05, 102.075",IDN,Indonesia,Riau,Pelalawan,2-High Confidence,,123.56,12356.28,220.83,289.6,28960.02,12.5,1249.56,2.2,220.5,0.05,4.95,10.03,1003.14,2.74,274.32,0,0.09,1.45,145.44,1.78,177.57,0.3,29.88,2.89,288.63,3.29,328.59,0.98,98.46,11.48,1148.04,14.1,1410.12,10.89,1088.55,21.75,2175.03,8.13,813.15,6.6,659.61,3.48,348.03,1.7,169.92,9.83,982.8,8.45,844.56,123.56,1,0,0,5,5,3
PO1000000411,"2021,2020",KUALA LUMPUR KEPONG (KLK),ADEI PLANTATION AND INDUSTRY,MANDAU,RSPO Certified,"RSPO Certified, IP, MB",3/31/23,1.08,101.33,"1.081944, 101.333361",IDN,Indonesia,Riau,Bengkalis,1-Fully Verified,,949.5,94950.18,1022.67,1553.81,155381.04,16.97,1697.22,31.02,3102.12,11.12,1112.13,49.7,4969.53,35.83,3582.99,48.84,4883.76,40.05,4004.64,57.11,5710.95,63.63,6362.91,44.47,4446.63,22.44,2244.42,38.41,3841.02,27.88,2788.29,41.33,4132.53,15.18,1517.67,16.06,1606.05,11.57,1156.59,9.54,953.55,7.47,747.27,6.03,602.82,7.87,787.41,5.12,512.46,607.63,0.64,341.87,0.36,2,4,3
PO1000000427,"2020,2021",KUALA LUMPUR KEPONG (KLK),KL-KEPONG (SABAH) SDN BHD,PINANG,RSPO Certified,"RSPO Certified, IP",3/31/23,4.45,118.28,"4.450414, 118.278194",MYS,Malaysia,Sabah,Semporna,1-Fully Verified,,147.34,14734.26,181.19,273.59,27359.37,1.67,167.04,1.28,128.43,0.57,56.7,6.65,664.92,4.51,451.35,9.76,975.87,2.29,229.41,6.23,622.8,2.69,269.1,5.9,589.77,2.52,252.45,7.13,713.07,4.87,487.26,3.46,346.14,3.01,301.41,1.93,192.87,4.71,471.06,6.69,669.33,4.18,418.41,10.65,1065.15,6.55,654.93,4.75,475.29,102.03,0.69,45.32,0.31,5,4,3
PO1000000428,"2021,2020",KUALA LUMPUR KEPONG (KLK),KL-KEPONG (SABAH) SDN BHD,MILL 2,RSPO Certified,"RSPO Certified, IP",3/31/23,4.46,118.22,"4.4550861, 118.223825",MYS,Malaysia,Sabah,Tawau,1-Fully Verified,,36.29,3628.89,41.07,47.73,4772.97,0.36,36,0.51,50.94,0.11,11.25,1.71,170.91,1.03,103.32,3.4,339.66,2.21,220.77,0.59,59.49,2.26,225.63,3.13,313.02,0.46,46.26,0.82,81.63,4.16,416.25,6.13,613.26,1.73,173.43,0.6,59.58,0.1,10.17,0.65,65.34,0.14,14.49,0.04,3.69,1.47,146.88,0.4,39.78,32.02,0.88,4.27,0.12,4,5,3
PO1000000451,"2020,2021,2019",SOCFIN,SOCFIN INDONESIA,BANGUN BANDAR MILL,RSPO Certified,"RSPO Certified, IP",3/31/23,3.33,99.04,"3.33166, 99.043333",IDN,Indonesia,Sumatera Utara,Serdang Bedagai,1-Fully Verified,,82.1,8210.34,133.8,292.07,29207.34,4.72,472.5,1.58,158.31,2.17,216.81,4.02,402.21,1.16,115.74,2.24,223.92,1.29,128.52,1.63,163.35,4.71,470.88,2.51,250.65,1.69,169.11,3.52,352.35,2.57,256.86,3.9,390.24,4.93,492.57,4.5,449.55,3.77,377.19,5.34,533.52,3.71,370.53,4.1,410.22,4.17,417.24,2.55,254.88,70.77,0.86,11.33,0.14,5,5,3
PO1000000514,2020,FGV HOLDINGS BERHAD,FGV PALM INDUSTRIES SDN BHD,JENGKA 3,Not RSPO Certified,,3/31/23,3.69,102.59,"3.6946583, 102.594722",MYS,Malaysia,Pahang,Maran,1-Fully Verified,,288.33,28832.85,329.4,569.96,56995.92,11.05,1104.57,5.32,531.81,0.96,96.03,2.86,286.2,3.69,369.18,1.92,192.15,1.07,107.01,1.91,190.98,0.73,72.9,1.26,125.64,0.54,53.73,4.56,455.67,1.53,153.27,2.62,261.72,7.38,737.91,6.34,633.96,1.35,135,6.8,679.86,3.35,335.16,4.2,419.67,7.83,783.36,4.97,497.34,82.23,0.29,206.1,0.71,3,2,4
PO1000000520,"2020,2021",NBPOL,KULA PALM OIL LTD - HIGATURU OIL PALMS,MAMBA,RSPO Certified,"RSPO Certified, IP",3/31/23,-8.85,147.71,"-8.8546667, 147.706944",PNG,Papua New Guinea,Oro,Sohe,1-Fully Verified,,2830.25,283025.34,2712.19,4729.77,472977,0.57,57.06,0.67,67.05,0.72,71.91,0.82,82.35,0.66,65.7,0.68,68.13,0.72,71.82,0.87,86.85,0.69,69.3,0.86,86.49,4.98,497.79,13.98,1397.79,3.26,325.98,2.07,206.82,2.28,227.7,3.06,306.27,3.8,379.71,3,299.61,2.59,258.84,2.53,252.99,3.31,330.93,2.94,293.67,55.05,0.02,2775.21,0.98,1,1,3
PO1000000521,"2021,2020",NBPOL,KULA PALM OIL LTD - MILNE BAY ESTATES,HAGITA,RSPO Certified,"RSPO Certified, IP",3/31/23,-10.32,150.29,"-10.315733, 150.286233",PNG,Papua New Guinea,Milne Bay,Alotau,1-Fully Verified,,4335.19,433518.93,4297.95,8393.18,839317.95,16.86,1685.52,11.66,1165.59,9.01,901.08,7.56,755.73,9.15,914.85,9.32,932.13,8.5,850.41,10.6,1059.93,9.48,947.61,12.77,1276.92,11.49,1148.94,31.73,3173.31,9.76,976.23,9.2,919.71,20.66,2065.86,17.97,1797.21,15.37,1537.2,10.37,1036.89,13.32,1332.45,10.43,1042.92,8.36,836.01,14.44,1444.32,278.01,0.06,4057.18,0.94,1,1,3
PO1000000530,2021,ANJ GROUP,"AUSTINDO NUSANTARA JAYA AGRI ",AUSTINDO NUSANTARA JAYA AGRI BINANGA,RSPO Certified,"RSPO Certified, MB",3/31/23,1.48,99.96,"1.479483, 99.957167",IDN,Indonesia,Sumatera Utara,Padang Lawas Utara,2-High Confidence,,80.6,8059.77,218.11,428.25,42824.52,0.43,43.38,0.36,35.91,0.11,10.53,1.27,127.44,1.14,114.21,0.74,74.07,0.71,71.28,0.89,88.74,6.14,613.53,0.99,99.27,4.97,497.43,0.38,37.98,2.18,218.34,2.96,296.28,1.89,188.91,2.59,259.38,1.49,148.95,8.35,835.29,7.99,799.11,5.57,557.46,12.58,1257.57,11.06,1106.1,74.81,0.93,5.79,0.07,5,5,5
PO1000000540,"2021,2020",IOI CORPORATION,SYARIMO SDN BHD,SYARIMO,RSPO Certified,"RSPO Certified, IP",3/31/23,5.33,117.78,"5.334037, 117.781334",MYS,Malaysia,Sabah,Kinabatangan,1-Fully Verified,,224.41,22441.32,280.87,785.55,78554.52,13.12,1312.11,0.87,87.48,1.28,128.25,3.47,347.22,0.73,73.44,1.13,112.86,0.42,41.85,0.85,84.78,1.27,126.99,0.6,59.94,0.45,45.45,0.96,95.58,1.93,193.14,3.34,334.35,1.73,172.98,1.79,179.37,6.03,603.45,11.46,1145.88,15.77,1577.34,4.97,497.25,3.34,334.17,13.74,1373.76,89.28,0.4,135.14,0.6,5,3,4
PO1000000541,"2020,2021",IOI CORPORATION,LADANG SABAH SDN BHD,LADANG SABAH,RSPO Certified,"RSPO Certified, IP",3/31/23,5.73,117.58,"5.729989, 117.57775",MYS,Malaysia,Sabah,Beluran,1-Fully Verified,,80.91,8091.45,95.36,119.34,11934.18,0.15,15.21,0.17,16.74,0.12,12.24,0.33,33.12,0.13,13.23,0.54,54.27,0.11,10.71,0.08,7.92,0.19,19.35,0.36,36.36,0.06,5.85,0.21,20.61,1.72,172.08,4.3,430.29,7.76,775.53,6.76,676.08,6.97,696.51,7.43,743.49,10.38,1038.33,9.91,991.35,2.24,223.74,8.17,817.38,68.1,0.84,12.81,0.16,5,5,4
PO1000000576,2020,FGV HOLDINGS BERHAD,FGV PALM INDUSTRIES SDN BHD,BUKIT MENDI,Not RSPO Certified,,3/31/23,3.21,102.3,"3.205803, 102.303442",MYS,Malaysia,Pahang,Bera,1-Fully Verified,,108.48,10848.06,152.83,270.37,27036.54,5.48,547.65,2.28,227.61,0.31,31.41,1.73,173.16,2.67,266.85,0.53,53.37,1.4,140.22,0.34,33.84,3.82,381.6,2.76,275.76,3.46,345.51,6.94,694.26,1.06,105.57,1.85,185.49,1.26,126.18,3.3,330.39,3.46,346.5,3.38,337.5,4.59,458.55,14.6,1459.89,4.05,405.36,7.44,744.12,76.71,0.71,31.77,0.29,5,4,4
PO1000000603,2020,FGV HOLDINGS BERHAD,FGV PALM INDUSTRIES SDN BHD,SEROJA,Not RSPO Certified,,3/31/23,3.59,102.56,"3.590383, 102.55915",MYS,Malaysia,Pahang,Maran,1-Fully Verified,,223.41,22341.24,262.96,649.68,64968.39,8.66,865.89,9.23,922.95,42.95,4294.89,11.97,1196.55,14.18,1417.77,6.55,654.93,7.24,723.96,2.52,251.64,1.56,156.24,3.81,381.42,1.16,115.74,6.49,648.63,5.93,593.28,4.15,414.9,3.37,336.87,12.18,1218.24,2.78,278.28,3.13,313.2,1.46,145.71,4.27,427.32,3.49,348.84,5.17,516.87,162.24,0.73,61.17,0.27,3,4,3
PO1000000607,2020,FGV HOLDINGS BERHAD,FGV PALM INDUSTRIES SDN BHD,JENGKA 21,RSPO Certified,"RSPO Certified, MB",3/31/23,3.74,102.49,"3.740236, 102.489625",MYS,Malaysia,Pahang,Maran,1-Fully Verified,,289.31,28930.68,330.07,660.4,66039.75,27.69,2769.48,18.92,1891.98,26.98,2698.38,18.34,1833.57,7.75,775.35,6.51,651.24,6.88,687.6,6.63,662.85,10.49,1048.86,7.74,773.82,9.98,997.83,13.99,1399.05,5.28,527.85,18.76,1875.69,6.8,679.86,10.09,1009.35,4.34,434.07,5.37,536.67,4.06,405.54,3.23,323.1,3.66,365.85,2.15,215.46,225.63,0.78,63.67,0.22,3,4,2
PO1000000674,2020,FGV HOLDINGS BERHAD,FGV PALM INDUSTRIES SDN BHD,PADANG PIOL,Not RSPO Certified,,3/31/23,4.02,102.39,"4.023889, 102.388333",MYS,Malaysia,Pahang,Jerantut,1-Fully Verified,,1813.03,181302.75,1712.6,3358.06,335806.38,14.21,1420.65,16.93,1692.9,6.75,674.73,6.98,697.59,14.18,1417.59,10.07,1007.1,4.44,443.97,6.56,655.92,8.51,850.59,10.29,1029.24,7.69,768.51,15.8,1580.49,11.8,1180.08,20.86,2086.02,32.17,3217.14,65.33,6532.83,75.36,7536.15,47.78,4777.83,29.81,2981.16,12.72,1271.97,13.36,1335.87,14.66,1465.65,446.24,0.25,1366.79,0.75,2,1,3
PO1000000706,"2020,2019,2017,2018,2021",SIME DARBY,PERKASA SUBUR SAKTI,BLANG SIMPO,RSPO Certified,"RSPO Certified, MB",3/31/23,4.71,97.84,"4.70789, 97.838433",IDN,Indonesia,Aceh,Aceh Timur,1-Fully Verified,,250.96,25096.32,402.1,865.91,86590.8,1.58,157.86,0.54,53.82,0.23,22.59,0.79,78.84,0.78,78.03,0.42,42.03,0.96,96.12,0.34,34.2,2.87,287.28,3.42,341.91,3.47,346.68,13.62,1361.88,11.06,1106.01,16.76,1675.8,14.56,1456.38,10.65,1065.06,10.64,1063.89,10.9,1089.81,4.64,463.86,5.45,544.77,2.43,243.18,3.92,392.4,120.02,0.48,130.94,0.52,3,3,3
PO1000000762,2020,FGV HOLDINGS BERHAD,FGV PALM INDUSTRIES SDN BHD,TRIANG,RSPO Certified,"RSPO Certified, MB",3/31/23,3.27,102.58,"3.27, 102.577",MYS,Malaysia,Pahang,Bera,1-Fully Verified,,148.11,14811.03,198.17,341.03,34102.53,2.43,243,10.22,1022.04,1.31,131.31,2.89,288.81,9.53,953.19,5.55,555.12,4.3,429.57,3.07,306.81,3.65,365.31,4.19,418.68,2.85,284.58,19.43,1943.37,8.19,818.55,9.11,910.89,12.17,1216.98,16.16,1615.95,5.03,502.92,4.4,439.74,3.52,352.35,2.57,256.68,2.62,262.08,1.33,133.2,134.51,0.91,13.6,0.09,3,5,2
PO1000000820,2020,FGV HOLDINGS BERHAD,FGV PALM INDUSTRIES SDN BHD,KEMASUL,RSPO Certified,"RSPO Certified, MB",3/31/23,3.27,102.23,"3.2725, 102.231389",MYS,Malaysia,Pahang,Bentong,1-Fully Verified,,708.16,70815.51,742.55,1083.27,108327.42,10.3,1029.78,13.5,1350.09,1.77,177.3,4.72,472.14,20.19,2018.79,9.43,943.02,13.91,1391.22,15.55,1554.93,35.25,3525.21,21.02,2101.68,13.15,1315.26,75.99,7598.61,37.96,3796.38,45.49,4548.6,12.42,1241.64,26.22,2621.79,20.8,2080.44,10.32,1031.94,12.54,1254.15,10,999.9,20.38,2037.6,11.12,1111.59,442.02,0.62,266.13,0.38,3,3,3
PO1000000829,"2020,2021",SIME DARBY,SAJANG HEULANG,MUSTIKA,RSPO Certified,"RSPO Certified, MB",3/31/23,-3.49,115.74,"-3.4886111, 115.7386111",IDN,Indonesia,Kalimantan Selatan,Tanah Bumbu,1-Fully Verified,,123.65,12364.92,260.21,379.52,37952.19,3.23,323.01,6.9,689.76,1.9,190.44,9.93,993.42,4.63,463.14,8.69,868.95,1.38,137.52,0.94,94.05,2.74,273.6,0.64,63.54,7.09,708.75,10.41,1040.94,9.01,900.9,14,1400.4,11.06,1106.01,2.22,221.85,1.89,189.18,6.26,626.22,3.26,326.34,2.12,211.68,2.66,266.04,1.59,159.03,112.55,0.91,11.1,0.09,3,5,2
PO1000000879,"2021,2020",PTPN III,PERKEBUNAN NUSANTARA III,SEI MANGKEI,RSPO Certified,"RSPO Certified, MB",3/31/23,3.13,99.34,"3.13077, 99.343861",IDN,Indonesia,Sumatera Utara,Simalungun,1-Fully Verified,,53.24,5323.68,73.8,172.45,17245.35,8.9,889.74,0.22,22.23,1.21,120.87,4,399.78,3.13,313.38,3.51,351.18,2.32,232.47,0.11,10.62,1.85,185.13,3.35,335.07,1.29,129.06,1.44,143.82,0.6,59.85,0.62,61.83,1,100.17,0.76,76.41,0.61,61.11,0.4,40.41,0.78,78.48,0.37,37.44,0.55,54.54,0.66,65.7,37.69,0.71,15.54,0.29,3,4,3
PO1000000884,"2020,2021",BAKRIE,AGRO MITRA MADANI,AGRO MITRA MADANI,RSPO Certified,"RSPO Certified, MB",3/31/23,-1.08,103.11,"-1.077592, 103.110697",IDN,Indonesia,Jambi,Tanjung Jabung B,1-Fully Verified,,346.69,34668.81,453.91,999.65,99964.71,16.65,1665,8.61,861.03,11.89,1188.63,30.33,3033.36,11.74,1174.14,37.6,3759.66,25.1,2510.28,34.62,3461.85,19.96,1995.57,0.9,90.27,1.4,140.04,12.14,1214.01,3.12,311.67,8.12,811.71,4.92,492.12,10.42,1041.66,11.28,1128.15,4.26,425.79,5.84,583.65,3.43,342.63,3.58,357.75,5.54,554.49,271.43,0.78,75.25,0.22,3,4,3
PO1000000892,2020,KUALA LUMPUR KEPONG (KLK),KUALA LUMPUR KEPONG BHD,TANJONG MALIM,RSPO Certified,"RSPO Certified, MB",3/31/23,3.7,101.49,"3.695, 101.485667",MYS,Malaysia,Selangor,Hulu Selangor,1-Fully Verified,,1059.37,105936.66,1106.41,2393.1,239310.45,12.8,1280.34,14.26,1425.87,5.89,589.41,9.77,977.49,14.82,1481.94,5.29,529.29,13.98,1397.88,13.78,1378.17,19.81,1980.72,16.85,1685.07,8.17,817.38,10.62,1061.73,5.11,511.11,13.69,1369.08,5.92,592.11,16.49,1648.62,14.99,1499.4,9.98,998.37,9.74,973.53,9.2,920.07,14.82,1481.85,9.87,986.85,255.86,0.24,803.5,0.76,3,1,3
PO1000000894,"2020,2021",KUALA LUMPUR KEPONG (KLK),KUALA LUMPUR KEPONG BHD,BATU LINTANG,RSPO Certified,"RSPO Certified, IP",3/31/23,5.19,100.63,"5.193591, 100.62843",MYS,Malaysia,Kedah,Bandar Baharu,1-Fully Verified,,109.53,10953.36,136.73,213.2,21320.1,0.67,66.6,3.36,335.52,1.54,153.63,2.56,256.32,3.15,315.18,2.34,233.64,2.04,204.12,0.61,60.93,4.01,400.95,6.09,609.39,1.28,127.71,3.76,376.38,2.74,274.41,5.07,507.15,1.85,185.31,2.67,266.94,2.2,220.5,3.35,334.8,5.12,511.92,5.07,506.88,4.28,427.68,3.79,378.99,67.55,0.62,41.98,0.38,5,3,3
PO1000000895,2020,KUALA LUMPUR KEPONG (KLK),KUALA LUMPUR KEPONG BHD,TUAN MEE,RSPO Certified,"RSPO Certified, MB",3/31/23,3.27,101.46,"3.265156, 101.463279",MYS,Malaysia,Selangor,Kuala Selangor,1-Fully Verified,,718.19,71819.46,1075.2,1870.66,187065.81,12.72,1272.06,11.07,1107,10.86,1085.76,20.18,2018.43,11.57,1157.49,7.91,791.46,9.11,910.89,7.61,760.68,19.67,1967.04,11.03,1103.22,5.16,516.42,10.48,1047.96,1.97,196.56,14.65,1465.38,8.35,835.47,17.42,1741.5,18.15,1814.85,13.51,1350.9,17.7,1770.39,7.61,761.13,11.85,1185.12,5.84,583.92,254.44,0.35,463.76,0.65,3,2,3
PO1000000896,"2020,2021",KUALA LUMPUR KEPONG (KLK),KUALA LUMPUR KEPONG BHD,CHANGKAT CHERMIN,RSPO Certified,"RSPO Certified, IP",3/31/23,4.28,100.78,"4.27527, 100.78498",MYS,Malaysia,Perak,Manjung,1-Fully Verified,,158.57,15857.19,269.44,678.31,67830.93,0.72,71.73,2.47,247.32,2.3,229.95,1.61,160.83,5.14,513.81,2.69,268.74,5.42,541.71,2.31,231.21,8.98,898.2,7.22,722.34,3.15,315.45,3.87,386.73,2.35,235.08,6.22,622.08,10.86,1085.76,8.28,827.91,13.43,1342.62,6.22,621.54,6.77,676.98,6.3,630.27,3.52,351.72,5.01,500.94,114.83,0.72,43.74,0.28,4,4,3
PO1000000898,2020,FGV HOLDINGS BERHAD,FGV PALM INDUSTRIES SDN BHD,BUKIT KEPAYANG,RSPO Certified,"RSPO Certified, MB",3/31/23,3.35,102.6,"3.346311, 102.597375",MYS,Malaysia,Pahang,Bera,1-Fully Verified,,363.88,36387.54,428.11,631.17,63116.73,15.41,1540.8,46.26,4625.55,1.36,135.9,6.69,669.06,13.6,1359.9,6.62,661.95,8.62,861.75,4.9,489.6,5.44,544.05,18.06,1806.12,2.5,249.57,12.95,1295.19,5.88,587.61,16.38,1638.45,13.19,1319.22,11.52,1152,12.18,1217.7,12.79,1278.72,9.72,972.27,9.44,943.74,3.69,368.82,2.52,252.18,239.7,0.66,124.17,0.34,3,4,3
PO1000000901,2020,FGV HOLDINGS BERHAD,FGV PALM INDUSTRIES SDN BHD,TEMENTI,Not RSPO Certified,,3/31/23,3.26,102.6,"3.26472222, 102.598889",MYS,Malaysia,Pahang,Bera,2-High Confidence,,403.73,40372.83,392.29,541.23,54123.3,0.73,72.9,4.73,473.4,0.24,23.76,2.5,249.93,23.14,2313.63,14.55,1454.67,3.56,355.86,5.93,592.65,6.66,666.45,6.94,694.17,4,400.32,24.73,2473.47,5.83,582.75,23.63,2362.86,11.98,1198.26,6.48,648,5.79,579.42,4.03,403.47,2.82,282.06,3.46,345.87,1.5,150.21,2.82,282.42,166.07,0.41,237.66,0.59,2,3,3
PO1000000936,"2020,2021",HAP SENG PLANTATIONS HOLDINGS BERHAD,JEROCO PLANTATIONS SDN BHD,JEROCO 1,RSPO Certified,"RSPO Certified, IP",3/31/23,5.43,118.42,"5.431112, 118.417224",MYS,Malaysia,Sabah,Kinabatangan,1-Fully Verified,,57.15,5714.82,66.91,82.94,8293.68,0.18,18.18,0.08,7.56,0.06,5.58,2.48,248.04,0.08,8.46,2.39,238.59,0.74,73.98,0.8,80.01,0.02,1.8,1.27,127.44,2.01,200.88,0.77,76.86,0.04,4.5,3.21,321.21,1.88,188.1,5.59,558.99,3.36,335.79,5.42,541.62,1.02,102.15,1.29,128.52,4.94,494.1,3.07,306.54,40.69,0.71,16.46,0.29,5,4,4
PO1000000939,"2021,2020,2019,2017",DHARMA SATYA NUSANTARA (DSN),DHARMA SATYA NUSANTARA,PT DHARMA SATYA NUSANTARA,RSPO Certified,"RSPO Certified, IP",3/31/23,1.25,116.73,"1.250806, 116.728917",IDN,Indonesia,Kalimantan Timur,Kutai Timur,1-Fully Verified,,1270.68,127068.48,1176.42,3149.52,314951.94,2.17,217.26,3,299.61,0.5,50.22,4.16,416.34,8.13,812.79,18.73,1872.99,1.72,172.44,18.2,1820.16,8.72,871.74,11.92,1192.5,3.24,323.64,1.6,160.11,4.23,422.82,3.07,307.08,2.04,204.21,31.39,3138.57,1.75,175.41,1.92,192.33,2.81,280.8,2.93,293.13,1.85,185.13,3.27,327.42,137.37,0.11,1133.32,0.89,1,1,3
PO1000000950,"2020,2021,2019",DHARMA SATYA NUSANTARA (DSN),DHARMA SATYA NUSANTARA,PKS 3,RSPO Certified,"RSPO Certified, IP",3/31/23,1.26,116.87,"1.256028, 116.87475",IDN,Indonesia,Kalimantan Timur,Kutai Timur,1-Fully Verified,,88.97,8897.49,94.55,59.97,5997.42,1.36,136.26,1.06,105.57,3.97,396.81,1.99,199.26,0.04,3.51,8.68,868.41,35.43,3542.76,7.25,725.13,15.38,1538.46,6.34,633.69,4.91,490.59,0.97,97.11,1.06,106.47,1.38,137.88,0.08,7.83,0.13,12.51,0.02,1.98,0.07,6.66,0,0.09,0.01,0.54,0,0.09,0,0.27,88.97,1,0,0,1,5,1
PO1000001031,"2019,2020",SIME DARBY,SIME DARBY PLANTATION BHD,PAGOH (SOU 19),RSPO Certified,"RSPO Certified, MB",3/31/23,2.08,102.72,"2.077424, 102.718519",MYS,Malaysia,Johor,Muar,1-Fully Verified,,222.71,22271.04,251.14,421.94,42193.53,9.18,917.64,5.44,544.41,2.88,288.27,4.23,422.73,4.92,491.58,3.31,331.29,9.87,986.67,4.66,465.66,11,1099.8,3.01,300.87,8.28,828.45,6.7,670.5,4.47,447.48,13.29,1328.67,6.44,644.4,13.69,1369.26,9.7,970.11,5.16,515.79,10.36,1036.44,6.81,680.58,3.48,348.39,4.21,420.84,151.1,0.68,71.61,0.32,3,4,3
PO1000001053,"2020,2017,2021,2018",TDM BERHAD,TDM PLANTATION SDN BHD,KEMAMAN,RSPO Certified,"RSPO Certified, IP",3/31/23,4.4,103.25,"4.403, 103.248",MYS,Malaysia,Trengganu,Kemaman,1-Fully Verified,,541.36,54135.54,542.48,973.26,97326.36,8.82,881.64,11.64,1163.61,2.88,288.27,21.17,2117.16,11.1,1110.33,9.06,906.3,1.84,184.41,6.54,654.3,9.18,918.18,2.37,236.7,4.63,463.32,5.25,525.06,7.33,733.14,5.98,597.87,7.28,727.83,14.68,1468.17,12.42,1242.36,7.95,795.24,25.69,2569.23,8.22,821.79,10.1,1010.07,14.15,1415.16,208.3,0.38,333.05,0.62,3,3,4
PO1000001056,"2021,2020",SINAR MAS,IVO MAS TUNGGAL,UJUNG TANJUNG,RSPO Certified,"RSPO Certified, MB",3/31/23,0.97,101.26,"0.969733, 101.26075",IDN,Indonesia,Riau,Siak,1-Fully Verified,,42.53,4252.68,42.98,73,7299.63,0.02,2.25,0.04,4.05,0.02,1.53,0.04,3.69,0.07,7.29,0.13,13.05,0.09,8.64,0.01,1.17,0.22,22.23,0.69,68.76,0.08,8.1,1.49,149.13,0.55,55.44,0.24,24.21,0.23,23.13,0.46,46.44,7,700.29,7.24,724.23,5.06,505.53,11.69,1168.74,2.12,212.31,0.03,2.88,37.53,0.88,5,0.12,4,5,3
PO1000001057,"2020,2021,2017",SINAR MAS,IVO MAS TUNGGAL,LIBO,RSPO Certified,"RSPO Certified, IP",3/31/23,0.93,101.21,"0.928611, 101.206389",IDN,Indonesia,Riau,Siak,1-Fully Verified,,126.25,12625.2,128.23,158.48,15848.19,0.3,30.15,0.03,3.15,0.06,5.67,0.39,39.42,0.53,53.28,0.49,48.51,0.16,16.02,0.15,14.76,0.7,70.02,0.67,67.05,0.43,43.38,3.69,368.73,10.92,1091.79,11.25,1125.18,1.92,191.52,15.74,1574.01,15.9,1590.48,7.75,775.35,21.13,2113.38,13.78,1377.81,1.98,198.27,0.45,44.64,108.43,0.86,17.83,0.14,3,5,2
PO1000001058,"2017,2020,2021",SINAR MAS,IVO MAS TUNGGAL,SAM-SAM,RSPO Certified,"RSPO Certified, MB",3/31/23,0.94,101.3,"0.9375, 101.3002",IDN,Indonesia,Riau,Siak,1-Fully Verified,,500.69,50069.34,544.57,946.95,94694.94,8.85,884.97,11.82,1181.97,6.79,678.96,44.69,4469.13,25.13,2512.8,16.51,1650.51,39.14,3914.46,22.07,2207.16,31.66,3166.47,20.74,2074.41,18.31,1831.05,28.79,2878.74,13.29,1328.67,32.86,3286.17,13.35,1334.88,10.21,1020.51,32.33,3232.98,14.75,1474.65,21.87,2187.27,48.86,4885.65,10.89,1089.36,5.2,520.29,478.11,0.95,22.58,0.05,3,5,2
PO1000001060,"2021,2017,2020",SINAR MAS,BUANA WIRALESTARI MAS,SEKIJANG,RSPO Certified,"RSPO Certified, MB",3/31/23,0.83,101.04,"0.833933, 101.044283",IDN,Indonesia,Riau,Kampar,1-Fully Verified,,138.87,13887.45,173.07,336.12,33611.58,1.88,187.92,1,99.54,0.6,60.21,5.54,554.49,1.64,163.62,3.98,397.8,1.15,115.02,0.27,27.36,1.41,141.03,0.75,74.97,0.13,12.69,0.94,93.87,0.11,10.98,0.45,45.18,1.03,102.6,1.2,119.88,1.37,136.62,1.55,154.8,9.95,994.95,11,1099.62,1.98,198.27,4.18,417.6,52.09,0.38,86.78,0.62,3,3,4
PO1000001061,"2020,2021,2019,2017",SINAR MAS,BUANA WIRALESTARI MAS,NAGA SAKTI,RSPO Certified,"RSPO Certified, IP",3/31/23,0.78,101.05,"0.7827, 101.049567",IDN,Indonesia,Riau,Kampar,1-Fully Verified,,124.65,12465.09,142.81,254.38,25437.6,0.81,81.18,1,100.44,0.57,56.97,4.28,427.68,0.83,82.98,1.2,119.88,0.74,73.89,0.13,13.14,0.9,90.36,0.25,25.38,0.07,7.02,0.77,77.22,0.11,10.98,0.48,48.24,0.43,42.66,0.65,65.34,1.24,124.29,3.18,317.88,0.49,49.05,0.41,41.22,13.87,1386.9,24.19,2419.38,56.62,0.45,68.03,0.55,5,3,5
PO1000001062,"2017,2021,2020",SINAR MAS,RAMAJAYA PRAMUKTI,RAMARAMA,RSPO Certified,"RSPO Certified, MB",3/31/23,0.53,101.08,"0.533494, 101.076381",IDN,Indonesia,Riau,Kampar,1-Fully Verified,,158.43,15843.06,191.42,302.5,30250.26,5.88,588.42,0.4,40.23,0.37,36.72,1.64,164.16,12.83,1282.77,27.71,2770.65,13.85,1384.65,3.76,376.02,4.2,420.48,5.75,575.46,3.53,352.71,9.3,929.97,2.11,211.05,0.49,48.51,0.62,62.37,1.02,101.7,1.78,177.93,0.95,94.68,17.33,1733.49,10.27,1027.35,1.7,169.56,0.44,43.92,125.93,0.79,32.5,0.21,2,4,2
PO1000001064,"2020,2021",SINAR MAS,BUMIPALMA LESTARIPERSADA,BUMI PALMA,RSPO Certified,"RSPO Certified, MB",3/31/23,-0.6,102.98,"-0.598056, 102.983333",IDN,Indonesia,Riau,Indragiri Hilir,1-Fully Verified,,1933.23,193322.97,2253.48,3969.92,396991.62,14.99,1499.22,10.37,1037.34,9.51,951.48,25.21,2520.54,22.82,2281.68,13.76,1376.01,12.02,1202.22,20.45,2045.34,17.24,1723.5,13.71,1370.88,20.6,2059.92,32.28,3227.85,12.52,1252.17,24.83,2483.01,25.65,2564.91,52.84,5284.08,55.97,5596.56,43.52,4352.31,40.22,4022.19,34.75,3475.44,16.54,1654.47,21.7,2170.26,541.51,0.28,1391.72,0.72,3,2,3
PO1000001065,"2021,2020,2017",SINAR MAS,MEGANUSA INTISAWIT,INDRA SAKTI,RSPO Certified,"RSPO Certified, IP",3/31/23,-0.57,102.31,"-0.5692, 102.305851",IDN,Indonesia,Riau,Indragiri Hulu,1-Fully Verified,,277.69,27769.05,313.49,563.95,56395.44,31.25,3124.98,17.59,1759.14,2.82,281.88,7.08,708.39,15.97,1597.41,2.86,285.57,3.69,369.36,8.47,847.44,4.67,466.65,18.74,1874.25,4.95,495.18,8.46,846.27,4.11,410.76,4.81,480.96,3.87,387.45,9.74,974.25,6.93,692.82,4.56,455.58,8.28,828.27,3.37,336.78,9.96,995.76,7.24,723.51,189.43,0.68,88.26,0.32,4,4,3
PO1000001079,"2020,2021",SINAR MAS,SINAR MAS AGRO RESOURCES AND TECHNOLOGY,PADANG HALABAN,RSPO Certified,"RSPO Certified, IP",3/31/23,2.32,99.84,"2.319167, 99.839444",IDN,Indonesia,Sumatera Utara,Labuhanbatu Utara,1-Fully Verified,,165.24,16523.73,191.25,422.28,42228.09,1.03,102.69,1.28,127.71,1.08,108,2.25,224.91,0.74,74.16,1.8,179.73,0.43,43.38,0.18,18.09,2.14,213.66,5.55,555.3,1.17,116.91,7.49,749.16,6.18,618.21,9.9,990.18,1.62,161.82,8.94,893.52,3.51,350.91,2.26,225.9,3.12,312.3,7.25,725.49,3.09,309.15,4.94,494.46,75.96,0.46,89.28,0.54,4,3,3
PO1000001094,"2021,2020",IOI CORPORATION,IOI CORPORATION BHD,LEEPANG,RSPO Certified,"RSPO Certified, IP",3/31/23,5.55,118.44,"5.549056, 118.437595",MYS,Malaysia,Sabah,Kinabatangan,1-Fully Verified,,338.4,33840,364.79,677.7,67770.18,0.57,56.88,0.3,29.7,0.13,12.78,0.47,46.8,0.42,41.58,0.47,47.34,2.7,269.55,2.03,203.4,0.1,9.99,1.48,147.6,0.65,64.71,1.2,120.24,1.41,141.03,3.82,381.6,4.15,414.81,3.18,318.24,0.11,10.53,0.28,28.17,22.54,2253.87,17.99,1799.46,7.64,763.83,12.22,1221.75,83.84,0.25,254.56,0.75,4,1,4
PO1000001098,"2020,2021",IOI CORPORATION,IOI CORPORATION BHD,MORISEM,RSPO Certified,"RSPO Certified, IP",3/31/23,5.49,118.37,"5.493525, 118.370047",MYS,Malaysia,Sabah,Kinabatangan,1-Fully Verified,,153.43,15342.93,186.09,302.78,30278.34,1.15,114.66,1.25,125.46,1.22,122.4,1.03,103.14,0.58,57.78,0.55,54.72,3.67,367.11,6.93,693.18,0.21,21.15,12.54,1253.61,1.43,142.56,8.19,819,5.03,502.92,8.1,809.64,6.86,686.43,5.13,513.36,1.84,184.5,5.25,524.88,10.12,1012.5,10.41,1041.12,9.31,930.96,7.63,762.66,108.44,0.71,44.99,0.29,5,4,4
PO1000001150,"2021,2020",SINAR MAS,TAPIAN NADENGGAN,LANGGA PAYUNG PALM OIL MILL,RSPO Certified,"RSPO Certified, MB",3/31/23,1.65,99.89,"1.654444, 99.886944",IDN,Indonesia,Sumatera Utara,Padang Lawas Utara,1-Fully Verified,,481.24,48123.99,529.39,1135.01,113500.98,6.22,621.81,8.04,804.06,1.88,187.83,10.43,1042.74,8.22,821.97,12.21,1220.58,3.91,390.96,14.7,1470.24,10.68,1067.85,9.2,920.16,17.42,1741.5,11.38,1138.14,15.23,1522.71,12.59,1258.74,7.9,789.66,14.05,1404.9,14.15,1415.43,10.96,1095.84,12.52,1251.81,16.15,1614.69,7.7,770.31,8.46,846.27,233.98,0.49,247.26,0.51,3,3,3
PO1000001151,"2020,2021",SINAR MAS,SINAR MAS AGRO RESOURCES AND TECHNOLOGY,BATU AMPAR,RSPO Certified,"RSPO Certified, MB",3/31/23,-3.2,116.02,"-3.1981, 116.0219",IDN,Indonesia,Kalimantan Selatan,Kota Baru,2-High Confidence,,545.29,54529.38,687.57,1161.93,116192.97,5.92,592.29,5.95,595.17,5.58,558.36,8.53,853.11,14.15,1415.25,18.05,1804.95,5.37,536.94,8.83,883.26,22.59,2259.36,4.41,441.27,18.26,1826.46,18.19,1819.44,16.6,1659.69,17.61,1761.12,53.03,5302.89,42.73,4272.57,20.4,2040.21,18.02,1801.62,46.16,4616.28,10.97,1097.1,9.12,911.88,4.85,485.28,375.34,0.69,169.95,0.31,3,4,3
PO1000001152,"2021,2020",SINAR MAS,SINAR MAS AGRO RESOURCES AND TECHNOLOGY,TANAH LAUR,RSPO Certified,"RSPO Certified, MB",3/31/23,-3.79,115.28,"-3.790278, 115.283056",IDN,Indonesia,Kalimantan Selatan,Tanah Laut,1-Fully Verified,,322.45,32245.11,477.05,879.71,87971.4,6.52,652.14,4.29,429.39,4.35,434.97,9.71,971.28,2.96,296.37,7.63,763.38,3.56,356.13,4.38,437.85,5.23,523.08,13.97,1396.71,15.94,1594.17,13.34,1333.8,2.29,229.05,9.37,937.17,14.73,1473.03,7.52,751.59,5.33,532.71,8.05,804.87,7.48,748.08,5.2,519.93,4.88,488.34,10.76,1076.31,167.5,0.52,154.95,0.48,4,3,3
PO1000001154,"2020,2021",SINAR MAS,TAPIAN NADENGGAN,HANAU,RSPO Certified,"RSPO Certified, MB",3/31/23,-2.36,112.11,"-2.360861, 112.109694",IDN,Indonesia,Kalimantan Tengah,Seruyan,1-Fully Verified,,75.24,7524.09,174.04,394.89,39489.39,2.45,244.8,4.47,446.58,0.55,54.63,15.02,1501.92,9.12,912.24,3.66,366.12,2.39,239.22,4.46,446.31,1.91,190.89,0.66,65.7,1.24,124.11,1.8,180.27,0.49,48.96,1.46,146.34,1.3,129.69,1.59,159.03,1.17,117.45,0.68,67.77,1.17,117,2.71,270.81,2.23,223.47,1.02,102.06,61.55,0.82,13.69,0.18,3,5,3
PO1000001155,"2021,2020,2017",SINAR MAS,BINASAWIT ABADI PRATAMA,SUNGAI RUNGAU,RSPO Certified,"RSPO Certified, IP",3/31/23,-2.32,112.33,"-2.3206, 112.334",IDN,Indonesia,Kalimantan Tengah,Seruyan,1-Fully Verified,,24.98,2497.59,68.13,112.09,11209.41,1.53,153.36,0.56,55.53,0.04,3.6,1.14,113.94,1.03,103.32,2.2,220.32,0.24,24.21,1.57,157.14,0.27,27,1.99,199.26,1.26,126.09,0.23,23.04,0.06,6.03,0.4,39.6,0.43,42.75,0.41,40.86,0.13,13.23,0.77,76.77,0.58,57.87,0.07,7.2,0.89,88.92,0.51,51.21,16.31,0.65,8.66,0.35,4,4,3
PO1000001156,"2020,2021",SINAR MAS,TAPIAN NADENGGAN,SEMILAR,RSPO Certified,"RSPO Certified, IP, MB",3/31/23,-2.25,112.34,"-2.248111, 112.340417",IDN,Indonesia,Kalimantan Tengah,Seruyan,1-Fully Verified,,82.52,8252.46,98.9,153.26,15325.56,0.73,73.35,0.7,70.2,0.55,54.99,29.47,2947.23,28.42,2842.38,28.22,2821.86,0.67,67.23,0.54,53.73,0.03,3.42,0.04,3.69,0.12,12.06,0.09,9.18,0,0,0.01,1.08,0.01,0.99,0.93,93.42,0,0.27,0,0.36,0,0,0,0,0,0,0,0,82.52,1,0,0,1,5,1
PO1000001207,"2021,2020",CARGILL,AYU SAWIT LESTARI,PAKU JUANG,RSPO Certified,"RSPO Certified, IP",3/31/23,-2.43,110.82,"-2.433267, 110.817511",IDN,Indonesia,Kalimantan Barat,Ketapang,1-Fully Verified,,1469.33,146933.37,2050.85,4446.44,444643.83,13.79,1378.71,39.39,3938.67,8.5,850.41,19.54,1954.35,15.37,1536.84,46.23,4623.21,46.39,4638.51,4.87,487.35,42.89,4289.22,4.68,467.91,7.57,756.9,39.74,3973.95,4.39,438.75,83.8,8379.63,94.63,9463.14,150.91,15090.75,7.21,721.08,23.98,2398.14,16.39,1638.81,12.62,1261.89,26,2600.01,17.29,1729.35,726.18,0.49,743.16,0.51,3,3,3
PO1000001208,"2020,2021",CARGILL,HARAPAN SAWIT LESTARI,MANIS MATA,RSPO Certified,"RSPO Certified, MB",3/31/23,-2.48,111.02,"-2.483162, 111.018391",IDN,Indonesia,Kalimantan Barat,Ketapang,1-Fully Verified,,105.76,10575.63,171.87,246.25,24624.54,5.4,540.18,0.94,94.14,0.26,25.92,1.14,113.85,0.38,38.07,1.49,148.68,0.98,98.46,0.43,43.11,2.21,220.68,0.22,21.87,0.28,28.35,1.95,194.67,0.67,67.23,3.07,306.72,1.82,181.98,4.63,463.05,2.14,214.38,3.24,323.82,2.4,239.58,2.61,261,10.32,1032.12,18.61,1861.02,65.19,0.62,40.57,0.38,5,3,5
PO1000001250,"2021,2020",SOCFIN,SOCFIN INDONESIA,NEGERI LAMA,RSPO Certified,"RSPO Certified, IP",3/31/23,2.32,100.07,"2.31725, 100.070169",IDN,Indonesia,Sumatera Utara,Labuhanbatu,1-Fully Verified,,107.26,10726.38,162.89,229.32,22931.64,0.9,90.18,3.63,363.33,0.08,8.1,1.6,160.29,2.91,290.79,1.79,178.65,1.31,131.49,0.16,16.2,1.38,137.7,3.7,369.63,10.04,1003.59,3,299.52,4.56,456.3,5.84,583.74,7.17,717.03,5.71,571.41,2.48,247.59,5.68,567.72,4.06,405.54,2.97,296.55,3.6,360.09,3.92,392.4,76.48,0.71,30.79,0.29,5,4,3
PO1000001251,"2020,2021,2017,2019",SOCFIN,SOCFIN INDONESIA,SUNGAI LIPUT,RSPO Certified,"RSPO Certified, IP",3/31/23,4.23,98.06,"4.2319, 98.0594",IDN,Indonesia,Aceh,Aceh Tamiang,1-Fully Verified,,61.03,6102.72,72.18,151.93,15192.9,0.57,56.79,0.16,16.02,0.89,89.37,0.61,61.29,0.11,11.16,0.44,44.28,1.06,105.57,1.64,163.62,3.12,311.94,1.67,166.77,0.11,10.71,1.16,115.92,0.71,70.83,2.28,228.24,1.85,184.59,2.8,280.17,0.87,86.94,4.35,435.42,0.53,52.65,0.88,88.29,0.7,70.29,0.7,69.84,27.21,0.45,33.82,0.55,3,3,3
PO1000001252,"2019,2021,2020,2017",SOCFIN,SOCFIN INDONESIA,AEK LOBA,RSPO Certified,"RSPO Certified, IP",3/31/23,2.65,99.62,"2.651389, 99.617778",IDN,Indonesia,Sumatera Utara,Asahan,1-Fully Verified,,83.51,8351.28,85.72,104.71,10471.23,2.05,205.47,3.03,302.76,3.92,391.5,3.79,378.72,3.47,347.04,4.13,413.46,3.1,309.6,0.41,40.77,3.01,301.14,2.83,282.69,2.23,223.47,1.26,126.27,1.05,104.58,2.86,286.02,1.02,101.79,2.48,247.68,1.24,123.84,2.02,201.69,2.85,284.85,2.58,258.12,1.41,140.94,3.87,387.09,54.59,0.65,28.92,0.35,4,4,3
PO1000001256,"2021,2020",SOCFIN,SOCFIN INDONESIA,MATA PAO MILL,RSPO Certified,"RSPO Certified, IP",3/31/23,3.53,99.09,"3.530833, 99.091944",IDN,Indonesia,Sumatera Utara,Serdang Bedagai,1-Fully Verified,,71.48,7148.07,176.89,280.57,28056.96,2.8,280.35,1.39,138.51,2.16,215.91,1.99,198.81,0.88,87.66,3.8,379.98,1.38,138.24,3.38,337.95,2.95,295.29,1.37,137.34,3.17,316.8,2.56,256.5,0.58,58.14,2.74,274.41,2.03,203.31,4.92,492.39,9.83,983.34,11.74,1174.23,4.43,443.34,1.18,118.26,2.02,202.14,0.95,95.22,68.28,0.96,3.2,0.04,3,5,2
PO1000001263,"2020,2017,2019,2018,2021",KULIM (MALAYSIA) BERHAD,EPA MANAGEMENT SDN BHD,TEREH,RSPO Certified,"RSPO Certified, IP",3/31/23,2.22,103.35,"2.217023, 103.352357",MYS,Malaysia,Johor,Keluang,1-Fully Verified,,106.84,10683.81,125,178.88,17887.86,11.09,1108.53,7.68,767.52,6.77,677.25,5.52,552.15,7.09,709.29,9.62,961.74,9.67,966.87,2.16,215.73,7.14,714.06,0.97,97.47,7.62,761.76,3.23,323.19,1.63,163.26,2.6,259.65,0.4,40.41,1.53,152.91,5.23,523.26,0.52,52.02,4.42,442.26,2.62,261.54,5.42,542.07,6.61,661.32,106.84,1,0,0,5,5,3
PO1000001264,"2020,2019",KULIM (MALAYSIA) BERHAD,SINDORA BHD,SINDORA,RSPO Certified,"RSPO Certified, IP",3/31/23,1.99,103.46,"1.985372, 103.46231",MYS,Malaysia,Johor,Keluang,1-Fully Verified,,47.76,4776.12,47.72,58.86,5885.91,0.02,1.89,0.01,0.54,0,0.36,0.57,56.7,0.12,11.61,1.04,103.77,3.06,305.55,0.81,81.45,2.31,230.67,1.35,134.82,2.88,287.82,1.83,182.79,1.5,149.85,3.9,390.15,6.28,628.2,6.09,609.12,4.19,418.77,0.09,9.36,0.01,0.54,0.02,2.34,0.02,1.62,0.07,7.47,36.15,0.76,11.61,0.24,1,4,1
PO1000001265,"2019,2021,2020",KULIM (MALAYSIA) BERHAD,MAHAMURNI PLANTATIONS SDN BHD,PALONG COCOA,RSPO Certified,"RSPO Certified, IP",3/31/23,2.71,102.79,"2.7064, 102.785012",MYS,Malaysia,Johor,Segamat,1-Fully Verified,,110.66,11066.22,129.71,235.69,23569.11,1.41,141.39,2.67,266.94,0.27,26.82,4.08,408.15,7.38,737.91,3.65,365.22,4.98,498.24,4.69,469.26,9.15,915.3,0.37,37.26,15.29,1529.1,13.34,1334.43,0.97,96.75,1.45,145.44,1.87,186.84,3.77,377.01,2.12,212.49,1.5,150.12,1.66,165.78,1,100.26,1.64,164.07,4.77,477.18,88.06,0.8,22.6,0.2,4,4,3
PO1000001278,"2020,2017,2018,2021",SIPEF,AGRO MUKO,MUKOMUKO POM,RSPO Certified,"RSPO Certified, IP",3/31/23,-2.6,101.28,"-2.601342, 101.277978",IDN,Indonesia,Bengkulu,Mukomuko,1-Fully Verified,,92.33,9232.56,104.26,154.14,15413.76,0.49,48.51,0.38,37.62,0.36,36.27,0.58,57.87,0.31,30.78,0.37,36.81,0.71,71.46,0.12,12.33,0.34,34.38,0.14,14.04,0.23,23.04,1.39,138.51,10.32,1032.3,7.14,714.15,7.23,722.97,6.6,659.88,4.48,448.47,5.03,502.92,10.09,1008.99,0.52,51.93,0.35,34.56,5.36,535.59,62.53,0.68,29.79,0.32,4,4,3
PO1000001279,"2021,2020",SIPEF,AGRO MUKO,BUNGA TANJUNG,RSPO Certified,"RSPO Certified, IP",3/31/23,-2.72,101.37,"-2.716388, 101.369444",IDN,Indonesia,Bengkulu,Mukomuko,1-Fully Verified,,329.09,32908.68,315.91,1247.33,124732.62,5.23,522.99,3.07,306.99,0.57,56.97,6.82,681.93,2.79,278.91,5.27,527.49,5.35,535.14,2.5,250.2,1.7,170.28,1.34,134.19,5.01,501.03,3.54,353.52,1.21,120.69,1.26,126.09,0.65,65.07,1.04,103.86,1.39,139.41,1.61,160.92,1.7,170.1,2.22,221.58,1.41,141.3,1.45,144.81,57.13,0.17,271.95,0.83,2,1,3
PO1000001311,2020,FGV HOLDINGS BERHAD,FGV PALM INDUSTRIES SDN BHD,BELITONG,RSPO Certified,"RSPO Certified, MB",3/31/23,1.94,103.5,"1.937607, 103.4986",MYS,Malaysia,Johor,Keluang,1-Fully Verified,,132.17,13217.49,132.91,133.41,13341.06,2.62,262.26,5.25,525.24,0.92,92.16,2.44,244.26,3.29,328.68,2.29,228.51,7.36,735.75,4.16,415.71,4.66,466.29,6.63,663.39,47.46,4746.33,10.14,1014.48,1.16,115.92,3.42,342.27,0.8,80.1,1.05,105.21,0.68,67.68,0.16,15.93,0.14,14.04,1.01,100.53,1.07,107.28,1.19,119.16,107.91,0.82,24.26,0.18,3,5,2
PO1000001315,"2020,2021",PASIFIK AGRO SENTOSA,BARUMUN AGRI SENTOSA,AEK SIGALA GALA,RSPO Certified,"RSPO Certified, MB",3/31/23,1.62,100.1,"1.621167, 100.102444",IDN,Indonesia,Sumatera Utara,Padang Lawas Utara,1-Fully Verified,,188.57,18857.07,273.66,792.52,79251.84,6.8,679.77,2.58,257.85,0.96,95.58,5.06,505.98,5.21,521.37,4.89,489.06,2.45,244.98,0.67,66.51,1.66,166.23,6.2,620.46,9.42,942.48,3.3,329.85,2.65,264.96,2.44,243.81,0.56,56.43,2.51,251.46,6.41,640.98,1.5,150.48,1.07,106.74,0.8,80.28,1.25,124.83,1.65,164.97,70.05,0.37,118.52,0.63,2,3,3
PO1000001342,"2021,2020",SINAR MAS,SUMBER INDAH PERKASA,SUNGAI BUAYA,RSPO Certified,"RSPO Certified, IP",3/31/23,-4.13,105.44,"-4.128611, 105.438839",IDN,Indonesia,Lampung,Mesuji,1-Fully Verified,,125.78,12577.95,290.77,552.49,55248.93,0.27,27.36,0.3,30.42,0.06,5.67,0.34,34.2,0.31,30.78,0.72,72.45,1.23,122.76,0.43,42.84,2.97,296.91,0.75,75.42,0.36,35.55,2.98,298.44,0.44,44.46,2.4,240.39,7.64,764.1,21.02,2102.31,4.04,403.65,10.08,1008.36,11.7,1170.09,15.28,1528.47,2.03,202.86,3.24,323.73,88.61,0.7,37.17,0.3,3,4,3
PO1000001343,"2020,2021",SINAR MAS,SUMBER INDAH PERKASA,SUNGAI MERAH,RSPO Certified,"RSPO Certified, MB",3/31/23,-4.22,105.59,"-4.218444, 105.588769",IDN,Indonesia,Lampung,Tulangbawang,1-Fully Verified,,590.21,59020.74,1879.27,4177.76,417776.31,2.51,251.1,5.96,596.43,3.75,375.21,3.94,393.66,11.04,1103.58,5.67,566.55,5.47,547.2,1.54,153.99,11.22,1121.85,10.51,1051.02,3.88,388.26,46.5,4650.03,3.26,326.34,12.06,1206.09,23.77,2377.35,14.25,1424.7,20.23,2023.47,19.42,1941.75,25.66,2566.26,20.61,2061.45,22.42,2241.9,13.51,1351.26,287.19,0.49,303.01,0.51,4,3,4
PO1000001344,"2021,2020",SINAR MAS,KRESNA DUTA AGROINDO,JELATANG,RSPO Certified,"RSPO Certified, MB",3/31/23,-2.07,102.49,"-2.072222, 102.485833",IDN,Indonesia,Jambi,Merangin,1-Fully Verified,,510.77,51076.62,565.4,802.8,80280,5.2,519.75,9.12,912.06,3.31,331.11,10.75,1074.78,6.52,652.14,13.86,1386.27,18.55,1855.26,21.61,2160.63,12.49,1248.66,12.57,1256.85,5.61,560.7,17.75,1774.98,3.61,361.35,7.4,740.16,7.92,792.45,21.18,2118.33,15.55,1555.2,9.2,919.98,7.47,746.91,10.42,1042.47,7.94,794.43,11.21,1121.13,239.26,0.47,271.51,0.53,3,3,3
PO1000001345,"2020,2021",SINAR MAS,KRESNA DUTA AGROINDO,LANGLING,RSPO Certified,"RSPO Certified, MB",3/31/23,-2.1,102.37,"-2.100833, 102.374444",IDN,Indonesia,Jambi,Merangin,1-Fully Verified,,354.21,35420.94,452.15,895.38,89537.76,3.04,303.93,2.83,282.6,0.37,36.81,6.07,606.6,4.79,478.89,5.09,509.13,5.88,588.33,0.83,82.8,5.06,506.43,7.14,713.79,3.4,339.75,6.94,694.17,3.27,327.42,3.61,361.17,2.75,274.86,6.19,619.29,9.15,915.48,9.55,955.35,6.18,618.48,14.58,1458.36,18.97,1897.2,16.65,1664.55,142.35,0.4,211.86,0.6,5,3,5
PO1000001372,"2021,2020",SINAR MAS,MASKAPAI PERKEBUNAN LEIDONG WEST INDONESIA,MASKAPAI PERKEBUAN LEIDONG WEST,RSPO Certified,"RSPO Certified, MB",3/31/23,-1.9,105.48,"-1.901389, 105.476389",IDN,Indonesia,Bangka Belitung,Bangka Barat,1-Fully Verified,,407.83,40783.32,481.07,715.22,71521.56,4.29,429.3,5,499.77,1.89,188.91,9.26,925.65,4.08,407.61,10.95,1095.3,4.13,413.19,23.58,2357.73,25.77,2576.61,4.19,418.77,12.04,1204.2,15.14,1513.98,5.63,563.31,16.42,1642.23,8.36,836.28,11.95,1195.2,9.49,948.96,8.83,883.17,19.34,1934.46,15.01,1501.29,10.41,1041.12,20.6,2059.83,246.37,0.6,161.46,0.4,5,3,4
PO1000001380,"2020,2021",SIME DARBY,LAGUNA MANDIRI,BETUNG,RSPO Certified,"RSPO Certified, MB",3/31/23,-2.38,116.2,"-2.379167, 116.203056",IDN,Indonesia,Kalimantan Selatan,Kota Baru,1-Fully Verified,,244.4,24439.86,298.1,441.68,44168.13,1.16,116.37,3.69,369.45,0.7,69.57,4.83,482.76,4.13,412.74,8.58,857.7,6.98,698.04,4.51,450.72,18.17,1817.28,2.25,224.55,4.43,442.98,4.16,415.53,6.31,630.63,10.11,1010.79,18.45,1845.45,18.95,1895.49,16.25,1624.95,12.95,1295.01,4.31,430.92,3.74,373.59,9.78,978.48,11.24,1124.19,175.67,0.72,68.73,0.28,5,4,3
PO1000001381,"2021,2018,2020,2017",SIME DARBY,BHUMIREKSA NUSA SEJATI,MANDAH FACTORY,RSPO Certified,"RSPO Certified, IP",3/31/23,0.12,103.55,"0.1159722, 103.5491389",IDN,Indonesia,Riau,Indragiri Hilir,1-Fully Verified,,962.84,96284.07,1071.6,3172.9,317290.14,12.05,1204.65,15.08,1507.5,7.08,707.76,13.7,1369.53,34.62,3461.85,4.54,454.14,3.15,315.45,4.12,411.93,5.08,508.32,9.69,969.12,4.32,432.36,18.74,1874.16,5.84,584.28,25.5,2549.97,10.77,1077.39,24.49,2449.08,21.41,2141.01,20.28,2028.33,26.91,2690.64,21.34,2134.35,21.29,2129.31,18.5,1849.59,328.51,0.34,634.33,0.66,3,2,4
PO1000001383,"2021,2020",SINAR MAS,FORESTA LESTARI DWIKARYA,TANJUNG KEMBIRI,RSPO Certified,"RSPO Certified, MB",3/31/23,-3.03,107.77,"-3.0324871, 107.770416",IDN,Indonesia,Bangka Belitung,Belitung,1-Fully Verified,,1086.35,108635.31,1255.33,2942.16,294215.76,7.88,788.49,8.54,854.46,3.08,307.89,17.35,1735.11,6.07,606.69,18.31,1830.69,11.05,1104.84,13.9,1389.6,93.91,9391.23,17.99,1798.65,49.79,4978.62,43.9,4389.93,25.09,2508.84,37.12,3712.32,35.08,3507.75,40.26,4026.42,17.96,1795.68,9.95,995.13,14.3,1430.19,12.35,1234.62,12.96,1296,15.78,1577.61,512.61,0.47,573.75,0.53,3,3,3
PO1000001417,2020,KUALA LUMPUR KEPONG (KLK),ADEI PLANTATION AND INDUSTRY,NILO 1,RSPO Certified,"RSPO Certified, MB",3/31/23,0.35,101.97,"0.3480556, 101.971667",IDN,Indonesia,Riau,Pelalawan,1-Fully Verified,,47.04,4704.48,108.11,163.8,16380,11.49,1149.3,2.65,265.41,0.16,16.11,5.09,508.68,1.48,148.5,1.68,167.76,2.99,299.34,0.35,35.28,0.11,11.43,3.52,351.99,4.45,445.14,5.7,569.97,0.81,81.09,0.69,68.76,1.1,110.43,11.44,1143.99,5.27,527.04,8.35,835.02,6.98,697.86,5.18,517.5,4.38,437.94,0.35,35.28,47.04,1,0,0,5,5,2
PO1000001418,"2020,2021",KUALA LUMPUR KEPONG (KLK),ADEI PLANTATION AND INDUSTRY,NILO 2,RSPO Certified,"RSPO Certified, IP, MB",3/31/23,0.35,102.09,"0.3525, 102.094722",IDN,Indonesia,Riau,Pelalawan,1-Fully Verified,,1779.24,177923.61,1733.74,1912.41,191241.09,96.92,9691.83,35.13,3512.97,1.25,124.83,208,20800.26,110.11,11010.51,5.6,559.62,67.32,6732,80.46,8045.73,24.67,2467.17,159.26,15925.59,130.2,13019.67,67.67,6767.28,53.75,5374.98,67.91,6790.68,14.25,1424.52,27.88,2788.2,18.36,1836.36,15.66,1566.09,22.34,2234.25,21.72,2172.24,17.01,1700.91,17.31,1731.42,1262.77,0.71,516.46,0.29,3,4,3
PO1000001431,"2021,2019,2020",AGROAMERICA,EXTRACTORA LA FRANCIA / AGROCARIBE,EXTRACTORA DEL ATLANTICO,RSPO Certified,"RSPO Certified, IP",3/31/23,15.58,-88.56,"15.582959, -88.559814",GTM,Guatemala,Izabal,Morales,1-Fully Verified,,3014.01,301401.18,3760.88,7782.94,778293.54,14.15,1414.62,39.5,3950.37,19.78,1978.2,21.37,2136.69,43.01,4301.28,16.18,1618.2,59.46,5946.48,24.94,2493.9,28.72,2871.99,41.68,4168.17,26,2600.1,32.29,3229.2,29.81,2981.07,31.03,3103.11,22.67,2266.92,94.15,9415.44,52.05,5204.7,37.64,3763.89,44.77,4476.87,59.62,5962.23,30.3,3030.3,21.08,2107.53,790.21,0.26,2223.8,0.74,3,2,3
PO1000001488,"2020,2021",MP EVANS,PRIMA MITRAJAYA MANDIRI,BENUA PUHUN,RSPO Certified,"RSPO Certified, MB",3/31/23,-0.3,116.76,"-0.297714, 116.763666",IDN,Indonesia,Kalimantan Timur,Kutai Kartanegara,1-Fully Verified,,472.5,47250.27,669.25,1679.71,167970.6,3.39,338.58,2.7,270.36,1.54,154.44,4.99,499.23,1.49,149.04,4.45,445.14,15.53,1552.68,34.48,3447.81,59.52,5951.61,7.36,735.75,11.05,1105.47,12.05,1205.1,5.61,560.97,20.66,2066.13,7.23,723.15,16.9,1689.66,8.54,853.65,6.1,610.2,4.52,451.53,2.13,213.48,1.91,190.71,1.97,197.19,234.12,0.5,238.38,0.5,2,3,3
PO1000001529,"2021,2020",MUSIM MAS,SIRINGO-RINGO,SIRINGO RINGO,RSPO Certified,"RSPO Certified, MB",3/31/23,2.1,99.77,"2.1, 99.77",IDN,Indonesia,Sumatera Utara,Labuhanbatu,1-Fully Verified,,262.72,26271.54,296.94,1645.95,164595.06,1.86,185.94,2.08,207.54,1.67,167.13,4.11,411.39,3.53,352.8,4.44,443.52,2.49,248.76,1.68,167.58,4.03,403.11,1.76,175.5,2.83,282.87,1.79,178.65,1.35,134.73,4.1,409.68,7.56,756.09,13.76,1375.74,11.91,1191.33,4.97,496.89,9.63,963.36,7.36,735.75,5.04,503.73,3.33,332.55,101.25,0.39,161.47,0.61,3,3,3
PO1000001564,"2020,2021",PTPN III,PERKEBUNAN NUSANTARA III,AEK NABARA SELATAN,RSPO Certified,"RSPO Certified, MB",3/31/23,2.06,99.96,"2.058056, 99.955278",IDN,Indonesia,Sumatera Utara,Labuhanbatu,1-Fully Verified,,80.94,8093.79,83.54,142.8,14279.76,1.36,136.35,1.91,190.8,0.14,13.86,7.65,764.82,6.69,668.7,8.1,810.09,1.68,168.03,7.86,785.79,6.01,600.75,5.39,538.92,0.91,90.63,3.07,307.08,0.32,31.5,0.52,52.02,0.2,20.16,1.01,100.62,0.49,49.14,0.71,70.92,0.4,40.5,0.26,25.83,0.39,39.42,0.43,42.57,55.48,0.69,25.45,0.31,2,4,2
PO1000001565,"2021,2020",PTPN III,PERKEBUNAN NUSANTARA III,AEK TOROP,RSPO Certified,"RSPO Certified, MB",3/31/23,1.79,100.16,"1.79278, 100.15583",IDN,Indonesia,Sumatera Utara,Labuhanbatu Selatan,1-Fully Verified,,36.95,3695.49,34.62,31.52,3152.34,1.78,178.38,0.14,14.31,0.03,3.15,0.18,17.82,0.08,8.1,3.88,388.44,5.9,589.68,0.1,10.35,5.79,579.06,1.28,128.43,1.17,117.36,0.52,51.75,1.62,161.64,0.66,66.24,0.12,11.88,0.18,17.64,0.96,95.58,0.3,29.79,0.14,13.86,0.39,38.52,0.24,23.76,0.1,9.72,25.55,0.69,11.4,0.31,2,4,2
PO1000001566,"2020,2021",PTPN III,PERKEBUNAN NUSANTARA III,AEK RASO,RSPO Certified,"RSPO Certified, MB",3/31/23,1.7,100.17,"1.703883, 100.172217",IDN,Indonesia,Sumatera Utara,Labuhanbatu Selatan,1-Fully Verified,,108.11,10810.89,112.39,170.28,17027.82,2.69,268.56,0.16,16.2,0.01,1.17,0.55,55.26,0.24,24.03,2.74,273.87,2.73,272.88,1.12,111.6,4.15,415.17,1.24,124.47,11.14,1113.57,2.9,290.25,36.79,3679.02,3.36,336.15,4,399.69,2.44,244.26,5.02,502.29,2.6,260.1,2.15,215.28,3,299.97,3.99,398.7,0.18,17.64,93.2,0.86,14.91,0.14,3,5,3
PO1000001611,"2021,2020",SINAR MAS,BUMI SAWIT PERMAI,BUMI SAWIT,RSPO Certified,"RSPO Certified, MB",3/31/23,-3.53,104.34,"-3.5257, 104.3443",IDN,Indonesia,Sumatera Selatan,Ogan Ilir,1-Fully Verified,,1564.01,156401.46,1971.67,2873.85,287384.94,29.69,2968.65,37.66,3766.05,22.08,2208.15,33.79,3379.14,37.97,3796.65,26.67,2666.97,59.49,5949,46.32,4631.76,88.36,8836.47,40.95,4095.09,37.39,3738.51,96.54,9653.67,33.08,3307.68,57.37,5737.14,44.43,4443.3,69.45,6945.03,69.04,6903.72,62.43,6242.67,33.57,3357.27,33.36,3335.85,28.88,2887.74,35.47,3547.35,1023.98,0.65,540.04,0.35,3,4,3
PO1000001612,"2020,2021",SINAR MAS,SAWIT MAS SEJAHTERA,PANGKALAN PANJI,RSPO Certified,"RSPO Certified, MB",3/31/23,-2.95,104.47,"-2.948531, 104.466511",IDN,Indonesia,Sumatera Selatan,Banyu Asin,1-Fully Verified,,433.95,43395.21,611.07,832.54,83254.5,5.49,548.82,6.7,670.41,8.25,824.94,11.25,1124.64,8.1,809.55,12.81,1281.15,8.23,823.23,6.85,684.63,8.15,815.31,14.79,1479.33,14.74,1473.84,20.52,2052.36,18.01,1800.9,15.58,1558.35,23.92,2391.84,27.21,2721.33,26.29,2628.54,21.4,2139.66,15.28,1528.02,9.49,949.05,7.23,722.97,5.48,548.37,295.77,0.68,138.18,0.32,3,4,3
PO1000001618,2021,TRIPUTRA AGRO PERSADA,GAWI BAHANDEP SAWIT MEKAR,GAWI BAHANDEP SAWIT MEKAR,RSPO Certified,"RSPO Certified, MB",3/31/23,-2.95,112.35,"-2.951233, 112.347033",IDN,Indonesia,Kalimantan Tengah,Seruyan,1-Fully Verified,,1706.64,170663.85,2148.05,3994.07,399406.59,1.43,142.74,5.79,578.61,6.6,659.79,10.65,1064.7,4.76,476.01,30.79,3079.26,79.58,7958.25,30.24,3024,7.02,701.64,1.78,178.29,50.8,5079.96,30.05,3005.37,7.67,766.53,14.29,1429.11,18.75,1874.97,393.97,39396.96,14.11,1411.11,8.07,807.03,26.68,2668.5,3.53,352.53,1.55,155.07,4.33,433.26,752.44,0.44,954.2,0.56,1,3,3
PO1000001619,2020,TRIPUTRA AGRO PERSADA,BRAHMA BINA BAKTI,BRAHMA BINABAKTI,RSPO Certified,"RSPO Certified, MB",3/31/23,-1.35,103.33,"-1.3467, 103.327983",IDN,Indonesia,Jambi,Muaro Jambi,1-Fully Verified,,223.82,22381.83,252.21,344.92,34491.96,2.5,249.84,1.59,158.67,1.55,155.16,8.35,835.29,9.71,971.28,12.55,1255.32,18.28,1827.54,9.2,919.53,12.63,1263.33,4.36,436.32,1.7,169.83,4.51,451.26,1.4,139.86,4.71,470.97,2.76,275.94,12.28,1228.32,4.87,486.72,6.09,609.48,13.97,1397.16,14.58,1457.82,25.75,2574.63,16.61,1661.49,189.96,0.85,33.86,0.15,5,5,4
PO1000001631,"2020,2021",SINAR MAS,DJUANDA SAWIT LESTARI,MUARA KANDIS,RSPO Certified,"RSPO Certified, MB",3/31/23,-2.9,103.18,"-2.900278, 103.1775",IDN,Indonesia,Sumatera Selatan,Musi Rawas,1-Fully Verified,,331.83,33183.18,491.26,784.99,78498.81,5.31,531.36,3.24,323.73,0.56,56.25,6.27,627.21,3.39,339.03,17.37,1737,2.31,231.3,17.79,1779.48,8.24,824.4,3.41,341.01,5.74,573.66,14.22,1422.18,2.93,292.68,7.2,719.73,7.5,750.42,10.18,1017.72,6.95,695.43,8.31,831.15,4.79,479.07,11.52,1152.45,8.17,817.29,16.82,1681.74,172.24,0.52,159.59,0.48,5,3,4
PO1000001637,"2021,2020",SINAR MAS,AGRO LESTARI MANDIRI,PEKAWAI,Not RSPO Certified,,3/31/23,-1.52,110.46,"-1.521222, 110.458915",IDN,Indonesia,Kalimantan Barat,Ketapang,1-Fully Verified,,1421.5,142150.32,1363.24,2502.12,250212.42,4.92,491.67,8.33,832.86,2.07,206.55,11.67,1167.48,9.13,913.32,26.22,2622.06,20.64,2063.61,16.46,1645.74,34.61,3461.31,18.69,1868.85,14.3,1430.01,51.5,5149.98,38,3800.16,34.87,3487.23,43.32,4331.88,30.67,3066.84,17.42,1741.95,15,1500.39,18.56,1855.53,16.37,1637.28,10.61,1060.83,17.1,1709.55,460.45,0.32,961.05,0.68,3,2,3
PO1000001638,"2021,2020",SINAR MAS,KENCANA GRAHA PERMAI,KENANGA,RSPO Certified,"RSPO Certified, MB",3/31/23,-2.14,110.52,"-2.1404, 110.5158",IDN,Indonesia,Kalimantan Barat,Ketapang,1-Fully Verified,,457.16,45716.13,581.82,869.31,86930.55,2.31,231.03,9.64,964.44,0.55,55.17,5.63,563.31,2.77,276.84,12.63,1263.24,11.09,1108.71,15.02,1502.01,38.06,3805.65,4.22,422.46,7.41,741.33,14.83,1483.47,4.45,444.87,25.2,2519.64,28.76,2876.13,7.95,795.15,11.88,1188.45,12.36,1236.33,25.22,2521.98,4.93,492.66,4.05,405.18,7.79,779.4,256.77,0.56,200.39,0.44,3,3,3
PO1000001655,"2020,2021",SIPEF,HARGY OIL PALM LTD,BAREMA PALM OIL MILL,RSPO Certified,"RSPO Certified, IP",3/31/23,-5.21,151.13,"-5.210444, 151.129872",PNG,Papua New Guinea,West New Britain,Talasea,1-Fully Verified,,394.78,39478.41,362.43,979.89,97988.94,0.41,41.13,0.87,86.94,0.92,91.98,2.26,226.26,3.91,390.69,9.25,925.47,13.67,1367.28,5.64,564.39,4.63,462.6,3.69,368.73,1.44,143.73,1.86,185.94,1.57,156.87,1.18,117.54,1.72,171.9,1.49,148.59,1.13,113.13,1.31,130.86,1.29,128.88,0.73,73.35,1.51,151.02,2.76,276.39,63.24,0.16,331.55,0.84,2,1,3
PO1000001670,"2021,2020",SIPEF,UMBUL MAS WISESA,UMBUL MAS WISESA,RSPO Certified,"RSPO Certified, IP",3/31/23,2.21,100.27,"2.210808, 100.271064",IDN,Indonesia,Sumatera Utara,Labuhanbatu Selatan,1-Fully Verified,,217.44,21743.91,283.15,301.87,30187.26,1.68,168.12,4.82,481.95,11.41,1141.47,27.6,2760.3,39.4,3939.75,16.39,1638.9,2.68,268.02,2.52,251.91,39.66,3965.85,15.8,1580.13,11.37,1136.79,11.74,1173.51,0.97,96.93,2.9,290.34,0.99,99.27,2,199.53,1.35,134.64,0.76,76.14,0.68,67.95,0.26,26.37,1.05,105.03,0.97,97.47,197,0.91,20.44,0.09,2,5,1
PO1000001722,"2020,2021",SINAR MAS,SATYA KISMA USAHA,SUNGAI BENGKAL,RSPO Certified,"RSPO Certified, MB",3/31/23,-1.59,102.61,"-1.590556, 102.61",IDN,Indonesia,Jambi,Tebo,1-Fully Verified,,948.89,94888.71,1012.71,1360.85,136084.86,8.78,877.86,8.61,861.48,4.88,487.8,25.91,2590.74,30.08,3007.53,88.55,8855.37,41.83,4183.38,37.58,3758.13,43.33,4333.41,18.4,1839.51,20.5,2050.38,57.53,5753.34,25.17,2516.85,20.98,2098.35,14.75,1475.1,21.51,2150.82,15.13,1512.81,16.44,1643.67,12.39,1238.85,14.89,1488.69,21.08,2108.16,30,2999.88,578.32,0.61,370.57,0.39,4,3,3
PO1000001740,2020,WINGS AGRO,GAWI MAKMUR KALIMANTAN,JORONG,RSPO Certified,"RSPO Certified, MB",3/31/23,-3.82,114.96,"-3.822704, 114.963451",IDN,Indonesia,Kalimantan Selatan,Tanah Laut,1-Fully Verified,,30.41,3040.56,104.44,195.78,19578.15,6.6,660.06,1.6,159.84,1.51,151.38,5.34,533.97,0.24,24.39,1.54,153.99,0.5,50.4,0.07,7.47,0.23,23.22,1,99.9,1.28,127.71,0.86,86.4,0.67,66.6,1.62,162,1.62,162,0.78,77.76,0.69,68.67,0.63,63.45,0.72,72.45,0.56,56.16,0.49,48.78,0.46,45.72,29.02,0.95,1.38,0.05,3,5,2
PO1000001761,"2020,2021",SINAR MAS,BUMI PERMAI LESTARI,BUKIT PERAK,RSPO Certified,"RSPO Certified, MB",3/31/23,-1.82,105.55,"-1.820147, 105.5509042",IDN,Indonesia,Bangka Belitung,Bangka Barat,1-Fully Verified,,942.7,94269.78,1108.36,1958.59,195859.44,13.87,1386.99,13.79,1379.34,7.8,779.94,18.31,1831.23,13.92,1392.3,20.31,2031.12,13.49,1348.92,32.07,3207.15,62.15,6214.59,16.98,1697.85,18.38,1837.89,38.13,3813.12,16.48,1647.63,48.41,4840.83,40.92,4091.94,40.34,4033.53,25.1,2510.01,28.25,2824.56,50.79,5079.06,35.61,3560.85,33.75,3375.18,41.87,4186.53,630.71,0.67,311.99,0.33,5,4,3
PO1000001765,"2021,2020",SINAR MAS,KRESNA DUTA AGROINDO,MUARA WAHAU,RSPO Certified,"RSPO Certified, MB",3/31/23,1.11,117.02,"1.111161, 117.023161",IDN,Indonesia,Kalimantan Timur,Kutai Timur,1-Fully Verified,,49.04,4904.46,97.25,147.04,14704.38,0.58,57.78,1.03,103.14,0.2,19.62,0.99,99.27,0.93,93.42,1.67,166.59,7.78,777.78,1.54,153.81,2.82,281.7,2.34,234.09,1.64,164.16,0.28,28.08,1.11,110.7,4.28,427.68,1.32,131.85,6.36,635.58,3.15,314.55,1.5,149.67,2.26,226.35,1.29,129.15,0.35,34.83,0.54,53.55,43.93,0.9,5.11,0.1,3,5,2
PO1000001774,"2020,2021",SOCFIN,SOCFIN INDONESIA,SEUNAGAN,RSPO Certified,"RSPO Certified, IP",3/31/23,4.06,96.26,"4.06, 96.262222",IDN,Indonesia,Aceh,Nagan Raya,1-Fully Verified,,227.85,22785.12,298.78,1402.07,140206.86,5.82,582.3,1.8,179.64,2.97,297,6.28,628.38,14.01,1400.76,5.45,545.13,4.97,496.53,8.57,856.71,24.8,2479.95,17.65,1764.9,23.65,2364.57,8.23,822.96,7.22,721.8,8.35,834.93,3.33,332.64,4.66,465.93,8.65,864.63,3.9,390.24,3.05,304.83,2.3,230.22,3.11,311.4,3.06,306.09,171.82,0.75,56.04,0.25,3,4,3
PO1000001775,"2021,2019,2020",SOCFIN,SOCFIN INDONESIA,LAE BUTAR,RSPO Certified,"RSPO Certified, IP",3/31/23,2.39,97.96,"2.391111, 97.956667",IDN,Indonesia,Aceh,Aceh Singkil,1-Fully Verified,,396.39,39639.15,432.48,990.86,99085.68,8.26,825.93,2.88,287.55,14.25,1425.06,12.03,1203.21,14.38,1437.66,17.14,1714.5,9.27,926.73,17.17,1716.93,28.18,2818.17,5.77,576.81,3.3,329.94,4.18,417.78,2.73,273.15,2.11,210.78,1.32,131.76,1.4,140.22,3,300.15,4.9,489.69,2.51,250.56,3.09,308.97,2.91,291.24,3.96,395.73,164.73,0.42,231.67,0.58,3,3,3
PO1000001777,"2020,2021,2017,2019",SOCFIN,SOCFIN INDONESIA,SEUMANYAM,RSPO Certified,"RSPO Certified, IP",3/31/23,3.97,96.57,"3.965278, 96.565278",IDN,Indonesia,Aceh,Nagan Raya,1-Fully Verified,,380.5,38050.2,416,1598.68,159868.44,4.43,442.62,2.78,278.19,3.95,395.19,3.55,355.05,3.82,381.87,3.07,307.44,2.75,275.13,2.02,201.96,6.23,623.25,4.17,416.97,7.08,708.12,2.96,295.83,4.83,482.67,6.42,642.06,4.78,477.63,5.15,515.34,4.3,430.11,3.36,336.24,2.35,234.54,3.68,368.1,7.68,768.24,3.93,393.48,93.3,0.25,287.2,0.75,3,1,3
PO1000001784,"2021,2020",PTPN III,PERKEBUNAN NUSANTARA III,SEI BARUHUR,RSPO Certified,"RSPO Certified, MB",3/31/23,1.69,100.29,"1.688483, 100.285767",IDN,Indonesia,Sumatera Utara,Labuhanbatu Selatan,1-Fully Verified,,19.79,1978.74,21.63,38.91,3890.7,1.93,193.05,0.07,7.2,0.04,4.14,0.6,60.3,0.17,17.1,0.29,28.8,4.5,449.64,3.33,332.73,1.88,188.19,1.07,107.46,2.92,292.5,1.88,188.46,0.02,1.8,0,0.18,0,0.27,0.01,1.44,0.02,2.25,0.01,0.63,0,0.27,0.06,6.39,0.01,0.99,0.19,18.63,19.02,0.96,0.76,0.04,2,5,1
PO1000001867,2020,SIME DARBY,SANDIKA NATAPALMA,LEMBIRU,RSPO Certified,"RSPO Certified, MB",3/31/23,-2.17,110.67,"-2.17, 110.667778",IDN,Indonesia,Kalimantan Barat,Ketapang,2-High Confidence,,521.03,52102.62,638.96,1336.97,133697.25,6.67,666.54,7.75,774.81,0.6,60.21,8.5,849.51,3.17,317.16,10.34,1033.74,14.21,1421.46,12.53,1253.07,37.31,3730.86,30.99,3099.33,37.88,3788.1,27.63,2763.45,13.68,1368.18,36.99,3699.09,35.63,3562.65,17.28,1727.64,23.56,2356.38,15.83,1582.74,21.87,2187,17.26,1726.11,15.9,1590.39,14.44,1444.05,410.02,0.79,111,0.21,4,4,3
PO1000001890,2020,FGV HOLDINGS BERHAD,FGV PALM INDUSTRIES SDN BHD,SG TENGI,Not RSPO Certified,,3/31/23,3.59,101.42,"3.586092, 101.415603",MYS,Malaysia,Selangor,Hulu Selangor,1-Fully Verified,,282.58,28258.2,275.82,486.88,48688.02,9.42,941.58,1.59,158.85,1.3,129.96,2.13,213.3,1.14,114.3,0.98,98.01,8.12,811.89,4.29,429.48,1.67,167.04,1.97,196.83,3.14,314.28,2.58,257.67,0.83,82.71,2.75,275.04,0.99,98.82,9.48,947.79,3.66,365.58,16.31,1630.8,10.36,1036.17,0.73,73.08,2.37,236.88,0.29,29.25,86.09,0.3,196.49,0.7,2,2,3
PO1000001892,2020,FGV HOLDINGS BERHAD,FGV PALM INDUSTRIES SDN BHD,BESOUT,RSPO Certified,"RSPO Certified, MB",3/31/23,3.88,101.28,"3.881294, 101.277061",MYS,Malaysia,Perak,Batang Padang,1-Fully Verified,,212.58,21258.18,217.95,302.77,30276.63,7.28,728.46,17.13,1713.06,2.96,295.65,9.67,966.87,10.61,1061.37,2.2,219.78,10.66,1066.41,7.5,750.15,29.7,2969.91,11.17,1116.63,2.18,218.16,7.25,724.86,7.04,704.16,15.14,1513.98,7.44,744.39,14.33,1432.53,12,1200.15,9.32,932.31,4.82,482.13,1.7,170.37,3.99,399.24,2.45,244.62,196.55,0.92,16.03,0.08,3,5,2
PO1000001893,2020,FGV HOLDINGS BERHAD,FGV PALM INDUSTRIES SDN BHD,TROLAK,Not RSPO Certified,,3/31/23,3.94,101.35,"3.937983, 101.350228",MYS,Malaysia,Perak,Batang Padang,1-Fully Verified,,418.38,41838.39,445.33,897.87,89786.88,2.91,291.24,2.12,212.04,1.79,178.56,3.57,357.21,7.4,740.16,1.98,197.64,8.09,809.1,2.59,258.93,6.21,620.64,5.89,588.87,3.14,314.19,15.08,1507.77,4.33,432.54,7.57,756.81,4.25,424.8,10,999.54,12.1,1210.32,7.46,745.74,42.82,4282.11,4.21,420.57,6.53,653.13,12.61,1260.81,172.63,0.41,245.76,0.59,3,3,3
PO1000001897,2020,FGV HOLDINGS BERHAD,FGV PALM INDUSTRIES SDN BHD,KRAU,Not RSPO Certified,,3/31/23,3.65,101.98,"3.647222, 101.976389",MYS,Malaysia,Pahang,Raub,1-Fully Verified,,601.28,60128.46,589.89,853.51,85350.69,12.87,1287.18,4.25,424.71,0.73,73.26,2.66,265.5,11.42,1141.83,4.96,495.81,5.23,522.72,2.49,249.48,9.21,920.61,15.74,1573.92,1.13,112.59,21.75,2174.94,11.67,1166.58,26.62,2662.38,5.96,595.89,30.57,3057.39,9,900.18,15.28,1528.2,27.01,2701.17,7.88,788.22,8.86,886.05,13.06,1305.9,248.35,0.41,352.94,0.59,3,3,3
PO1000001898,2020,FGV HOLDINGS BERHAD,FGV PALM INDUSTRIES SDN BHD,MEMPAGA,Not RSPO Certified,,3/31/23,3.53,101.98,"3.527222, 101.980278",MYS,Malaysia,Pahang,Bentong,1-Fully Verified,,1642.76,164275.92,1648.62,2640.42,264042.27,16.6,1660.05,53.8,5379.75,14.6,1460.16,10.47,1046.7,13.47,1347.03,14.81,1481.4,15.58,1557.9,10.16,1016.28,28.76,2876.4,22.39,2239.02,4.06,406.26,35.27,3527.28,9.23,923.13,37.95,3795.3,18.04,1804.32,34.93,3492.9,26.52,2652.21,27.23,2722.68,33.94,3393.9,29.82,2982.42,21.76,2176.11,22.42,2242.26,501.83,0.31,1140.92,0.69,3,2,3
PO1000001899,2020,FGV HOLDINGS BERHAD,FGV PALM INDUSTRIES SDN BHD,SERTING,Not RSPO Certified,,3/31/23,2.9,102.45,"2.900353, 102.445975",MYS,Malaysia,Negeri Sembilan,Jempol,1-Fully Verified,,139.95,13994.91,164.62,262.1,26209.71,3.14,314.19,3.85,385.38,1.91,191.16,3.42,341.55,5.57,556.56,2.26,225.9,4.03,403.29,1.83,182.7,2.41,240.93,0.33,32.76,11.35,1134.54,21.17,2116.71,9.03,903.06,22.73,2272.68,4.39,439.29,9.09,908.64,4.94,494.19,3.05,304.74,1.59,158.85,2.22,221.85,1.5,150.39,2.72,271.89,122.51,0.88,17.44,0.12,3,5,2
PO1000001920,"2020,2021",SINAR MAS,TAPIAN NADENGGAN,JAK LUAY,RSPO Certified,"RSPO Certified, MB",3/31/23,0.95,116.92,"0.950833, 116.915",IDN,Indonesia,Kalimantan Timur,Kutai Timur,1-Fully Verified,,1009.46,100945.98,1147.06,2062.59,206259.48,8.23,822.69,8.18,818.01,2.18,217.8,6.75,674.91,7.05,704.52,32.09,3208.68,26.84,2683.71,25.17,2516.94,40.9,4090.32,30.26,3025.62,41.23,4123.08,17.12,1711.53,31.49,3149.01,55.3,5529.96,39.33,3933.45,93.91,9391.05,21.81,2181.42,21.45,2145.24,25.82,2582.19,18.08,1808.37,15.54,1554.48,14.2,1420.02,582.93,0.58,426.53,0.42,3,3,3
PO1000001960,"2021,2020",PASIFIK AGRO SENTOSA,RIMBA MUJUR MAHKOTA,SIKARAKARA,RSPO Certified,"RSPO Certified, MB",3/31/23,0.67,99.09,"0.6720556, 99.092",IDN,Indonesia,Sumatera Utara,Mandailing Natal,1-Fully Verified,,1264.28,126427.86,1245.59,1886.69,188669.43,16.11,1611.09,10.08,1007.64,21.98,2198.16,26.9,2690.19,20.7,2069.64,15.03,1502.91,9.94,993.87,32.23,3223.08,41.37,4136.58,27.87,2786.58,80.66,8065.89,73.14,7313.67,29.46,2945.97,38.44,3844.26,39.16,3916.26,14.57,1457.37,15.83,1583.1,15.68,1568.25,9.78,978.3,7.45,744.57,12.82,1281.69,13.44,1343.7,572.63,0.45,691.65,0.55,3,3,3
PO1000001968,2020,KUALA LUMPUR KEPONG (KLK),KUALA LUMPUR KEPONG BHD,KUALA PERTANG,RSPO Certified,"RSPO Certified, MB",3/31/23,5.62,102.24,"5.623056, 102.238056",MYS,Malaysia,Kelantan,Kuala Krai,1-Fully Verified,,1096.75,109674.72,1701.31,2886.67,288667.17,11.89,1188.81,7.79,778.77,7.35,734.67,11.03,1103.4,8.6,859.95,9.41,941.4,19.7,1969.92,9.37,936.81,31.93,3192.57,23.91,2390.76,14.88,1487.7,20.21,2020.59,10.62,1062,31.78,3178.08,22.65,2264.58,27.74,2774.25,21.75,2174.58,31.35,3135.06,34.56,3456.09,21.84,2183.58,25.7,2569.5,24.74,2473.56,428.77,0.39,667.98,0.61,3,3,4
PO1000001992,2021,ANJ GROUP,AUSTINDO NUSANTARA JAYA AGRI SIAIS,AUSTINDO NUSANTARA JAYA AGRI SIAIS,RSPO Certified,"RSPO Certified, MB",3/31/23,1.17,99.16,"1.17442, 99.15518",IDN,Indonesia,Sumatera Utara,Tapanuli Selatan,1-Fully Verified,,1649.75,164975.13,1592.94,3471.83,347182.92,4.89,489.33,11.02,1102.23,6.32,632.07,11.38,1137.69,30.05,3005.1,43.7,4369.68,20.78,2078.28,33.54,3353.76,37.96,3795.84,16.74,1674.18,34.39,3439.26,27.87,2786.94,12.37,1237.41,33.77,3376.89,13.46,1345.77,19.09,1909.44,17.72,1772.19,15.35,1534.59,10.64,1063.71,9.98,997.56,10.72,1071.99,15.31,1530.81,437.05,0.26,1212.7,0.74,2,2,3
PO1000002037,"2021,2020",DHARMA SATYA NUSANTARA (DSN),DHARMA SATYA NUSANTARA,PKS 5,Not RSPO Certified,,3/31/23,-1.97,111.35,"-1.971111, 111.3519",IDN,Indonesia,Kalimantan Tengah,Lamandau,1-Fully Verified,PILAR WANA PERSADA,442.63,44263.26,419.57,576.88,57687.93,4.01,401.4,3.05,304.56,0.3,30.42,4.28,427.77,3.38,338.04,5.54,554.31,3.38,337.5,0.34,34.11,33.01,3301.38,27.74,2773.98,5.2,519.84,15.56,1556.01,9.44,943.65,19.96,1996.29,21.21,2121.48,17.88,1787.94,20.9,2089.98,12,1200.06,7.89,789.39,3.81,380.52,2.99,299.25,7.02,701.73,228.9,0.52,213.74,0.48,3,3,3
PO1000002198,"2020,2021",SINAR MAS,BINASAWIT ABADI PRATAMA,PT BINASAWIT ABADI PRATAMA - PERDANA MILL,Not RSPO Certified,,3/31/23,-2.42,112.36,"-2.422506, 112.359586",IDN,Indonesia,Kalimantan Tengah,Seruyan,1-Fully Verified,,144.27,14426.82,187.9,188.04,18804.33,0.9,89.73,9.06,906.12,2.28,227.52,3.72,372.42,13.11,1310.76,54.49,5448.78,29.62,2961.72,19.17,1916.82,5.21,521.01,0.85,85.41,1.93,192.87,1.62,162.27,0.18,18.36,0.68,67.68,0.47,46.53,0.79,79.38,0.22,21.6,0.26,25.65,0.23,23.49,0.19,19.08,0.06,5.76,0.68,68.31,144.27,1,0,0,1,5,1
PO1000002219,2017,LONSUM,PERUSAHAAN PERKEBUNAN LONDON SUMATRA INDONESIA,BEGERPANG,Not RSPO Certified,,3/31/23,3.46,98.82,"3.458888, 98.823333",IDN,Indonesia,Sumatera Utara,Deli Serdang,1-Fully Verified,,48.28,4828.5,79.75,127.56,12755.88,2.4,239.67,3.07,306.63,2.54,254.34,0.35,35.1,0.12,12.24,0.03,2.97,0.08,8.1,0.39,38.97,0.33,33.12,0.38,38.07,0.29,29.34,1.73,173.16,0.15,15.21,2.43,243.45,0.72,71.91,0.89,88.65,0.85,84.6,1.19,119.34,2.46,245.97,1.01,101.16,2.18,218.34,1.3,129.78,24.9,0.52,23.38,0.48,5,3,4
PO1000002226,2017,LONSUM,PERUSAHAAN PERKEBUNAN LONDON SUMATRA INDONESIA,GUNUNG MALAYU,Not RSPO Certified,,3/31/23,2.7,99.57,"2.70104, 99.57361",IDN,Indonesia,Sumatera Utara,Asahan,1-Fully Verified,,109.01,10901.43,120.66,193.39,19339.38,2.31,231.21,1.16,116.19,1.16,115.83,4.25,425.07,2.52,252.18,1.61,160.92,1.51,150.75,1.62,161.64,2.35,234.81,1.2,119.61,1.72,171.54,2.11,211.14,0.89,88.65,0.64,64.08,0.35,34.83,1.19,119.43,2.01,201.06,1.53,153.27,1.33,132.66,0.58,58.41,2.45,245.34,0.48,47.61,34.96,0.32,74.05,0.68,3,2,3
PO1000002227,2017,LONSUM,PERUSAHAAN PERKEBUNAN LONDON SUMATRA INDONESIA,DOLOK,Not RSPO Certified,,3/31/23,3.16,99.43,"3.16491, 99.43033",IDN,Indonesia,Sumatera Utara,Batu Bara,1-Fully Verified,,38.31,3830.85,44.52,64.15,6415.2,3.1,309.6,0.97,97.29,1.36,135.81,1.41,140.94,0.36,35.73,2.11,211.5,1.37,136.89,0.03,2.7,1.15,114.84,0.47,47.34,1.22,122.31,0.71,71.37,0.1,9.63,0.63,62.82,0.28,27.54,0.65,64.71,1.36,136.26,2.38,237.51,1.02,101.97,0.46,46.44,1.05,104.94,1.22,121.86,23.4,0.61,14.91,0.39,4,3,3
PO1000002320,"2020,2021",SINAR MAS,SINAR MAS AGRO RESOURCES AND TECHNOLOGY,BATU KAPUR,Not RSPO Certified,,3/31/23,-2.94,116.05,"-2.942661, 116.047451",IDN,Indonesia,Kalimantan Selatan,Kota Baru,1-Fully Verified,,406.72,40672.26,422.64,1192.62,119262.06,1.05,105.12,1.33,132.93,0.83,82.98,2.11,210.51,2.03,202.86,2.1,210.15,0.66,65.88,1,99.72,2.02,202.41,0.73,72.81,1.6,160.29,2.12,211.68,2.66,266.22,4.63,462.6,7.16,716.4,18.01,1800.99,2.46,246.24,4.04,404.37,4.72,471.78,1.11,110.79,7.2,720.09,9.09,909,78.66,0.19,328.06,0.81,3,1,4
PO1000002335,"2021,2020",PTPN III,PERKEBUNAN NUSANTARA IV,PULAU RAJA,RSPO Certified,"RSPO Certified, MB",3/31/23,2.7,99.62,"2.701905, 99.623998",IDN,Indonesia,Sumatera Utara,Asahan,2-High Confidence,,27.09,2708.82,27.27,33.94,3393.63,3.05,304.74,0.15,15.21,0.02,1.62,0.17,16.92,0.03,2.7,0.88,88.47,0.81,81,0.13,12.96,0.43,43.02,2.08,208.44,2.62,261.63,1.39,138.78,1.02,102.06,5.13,512.91,0.3,29.97,0.04,3.78,0.72,72.18,0.46,45.81,0.03,3.33,0.03,2.88,0.77,76.68,0.01,0.72,20.26,0.75,6.83,0.25,3,4,3
PO1000002356,2020,MUSIM MAS,GUNTUNG IDAMAN NUSA,GUNTUNG IDAMAN NUSA 1,RSPO Certified,"RSPO Certified, MB",3/31/23,0.16,103.29,"0.16161, 103.289583",IDN,Indonesia,Riau,Indragiri Hilir,1-Fully Verified,,390.58,39058.29,452.48,629.57,62956.8,8.37,836.73,20.46,2045.79,16.33,1633.32,27,2700.27,24.09,2408.85,6.33,632.97,6.01,601.2,7.36,736.11,5.27,526.77,11.08,1107.9,4.9,489.78,16.7,1670.49,3.3,330.39,15.52,1552.5,3.43,343.08,8.81,880.65,20.98,2097.63,13.39,1339.02,4.35,435.24,4.65,465.39,4.36,435.6,3.41,340.92,236.11,0.6,154.48,0.4,3,3,3
PO1000002360,2020,CARGILL,INDO SAWIT KEKAL,RIVER VIEW,RSPO Certified,"RSPO Certified, IP",3/31/23,-2.51,110.91,"-2.514533, 110.914703",IDN,Indonesia,Kalimantan Barat,Ketapang,1-Fully Verified,,230.25,23025.15,267.23,383.95,38394.9,2.42,242.1,6.53,653.04,1.73,172.89,4.89,489.42,6.98,697.95,43.12,4312.35,15.37,1537.47,7.63,763.11,21.14,2114.28,6.62,661.86,5.69,569.25,5.64,563.76,2.93,293.22,5.01,501.3,5.43,542.79,18.27,1827.09,3.83,382.86,1.7,170.01,1.23,123.39,1.28,127.8,1.14,114.48,2.71,270.54,171.31,0.74,58.94,0.26,2,4,2
PO1000002366,2021,SIPEF,SIPEFCI,SOUBRE,RSPO Certified,"RSPO Certified, IP",3/31/23,5.67,-6.27,"5.668856, -6.273887",CIV,Côte d'Ivoire,Bas-Sassandra,Nawa,1-Fully Verified,OTTAWA,3055.48,305547.84,6339.66,9424.04,942404.22,76.24,7623.72,72.2,7219.8,68.47,6847.2,16.54,1653.93,24.14,2413.98,44.78,4477.59,55.34,5534.46,34.44,3443.67,21.52,2151.72,33.99,3399.39,52.15,5215.41,9.12,911.7,67.12,6711.75,154.36,15435.81,36.21,3620.61,79.71,7970.58,110.24,11024.37,50.29,5029.47,96.9,9689.85,56.33,5632.56,75.05,7505.37,50.59,5058.9,1285.72,0.42,1769.76,0.58,3,3,3
PO1000002367,"2018,2017",LONSUM,PERUSAHAAN PERKEBUNAN LONDON SUMATRA INDONESIA,TURANGIE,Not RSPO Certified,,3/31/23,3.48,98.27,"3.479046, 98.267726",IDN,Indonesia,Sumatera Utara,Langkat,1-Fully Verified,,313.89,31389.12,299.87,651.12,65112.3,1.52,151.83,0.61,60.75,0.56,56.16,0.62,62.46,0.59,59.13,0.66,65.79,0.72,72,4.8,479.88,4.23,423.09,6.3,629.64,3.21,321.39,1.96,196.11,0.65,64.98,2.11,210.96,0.82,82.35,2.42,242.46,3.16,315.99,2.74,274.5,3.38,338.4,1.72,171.81,3.25,325.44,2.59,259.2,48.64,0.15,265.25,0.85,3,1,3
PO1000002439,"2017,2021,2018,2020",GENTING PLANTATIONS,GENTING PLANTATIONS BERHAD,GENTING AYER ITEM,RSPO Certified,"RSPO Certified, IP",3/31/23,1.86,103.21,"1.856092, 103.209291",MYS,Malaysia,Johor,Keluang,1-Fully Verified,,573.33,57332.52,716.98,1582.9,158289.93,13.03,1303.2,8.49,848.52,4.03,403.02,10.27,1026.72,11.69,1169.1,6.8,680.13,16.91,1691.19,4.78,478.08,13.72,1372.32,6.17,617.13,13.88,1387.53,9.39,939.15,5.14,513.72,13.57,1356.75,12.73,1272.87,22,2200.05,22.16,2215.89,14.63,1462.77,19.45,1944.63,13.18,1318.05,17.98,1797.93,9.22,922.32,269.21,0.47,304.11,0.53,3,3,3
PO1000002459,"2020,2017,2019,2021",UNKNOWN,ACEITES Y DERIVADOS S.A.,ACEITES Y DERIVADOS S.A. (ACEYDESA),RSPO Certified,"RSPO Certified, IP",3/31/23,15.82,-85.9,"15.8244028, -85.896528",HND,Honduras,Colón,Trujillo,1-Fully Verified,,209.28,20928.24,283.97,531.11,53111.34,2.35,234.72,5.12,512.46,6.01,600.75,1.32,131.76,2.21,221.31,1.48,148.05,4.32,431.73,2.6,260.37,1.75,174.87,0.96,95.94,0.71,70.83,6.71,671.22,2.51,250.83,4.27,427.14,1.74,174.15,3.13,312.84,2.42,242.19,2.76,275.85,3.11,311.31,1.91,191.16,1.33,133.11,0.67,67.23,59.4,0.28,149.88,0.72,2,2,3
PO1000002491,"2021,2020",ROYAL GOLDEN EAGLE,INTI INDOSAWIT SUBUR,UKUI II,RSPO Certified,"RSPO Certified, IP",3/31/23,-0.28,102.12,"-0.277042, 102.116078",IDN,Indonesia,Riau,Indragiri Hulu,1-Fully Verified,,148.83,14882.85,178.25,286.94,28694.34,5.89,588.78,1.37,136.62,1.55,154.8,8.11,811.08,10.97,1096.74,0.41,41.04,7.34,734.04,3.38,338.13,0.41,41.31,8.51,850.68,6.94,694.44,4.4,440.46,0.32,31.59,0.37,37.26,0.1,10.26,1.53,152.82,1.2,120.33,0.41,41.49,0.64,64.26,0.51,51.3,6,600.48,7.54,754.2,77.92,0.52,70.91,0.48,5,3,4
PO1000002520,"2020,2021",PTPN III,PERKEBUNAN NUSANTARA IV,PABATU,RSPO Certified,"RSPO Certified, MB",3/31/23,3.29,99.11,"3.286111, 99.109167",IDN,Indonesia,Sumatera Utara,Serdang Bedagai,1-Fully Verified,,361.4,36140.04,401.76,1274.22,127422.09,8.53,852.66,4.03,403.11,5.01,501.39,7.04,703.71,4.8,480.42,7.82,782.46,2.08,208.17,4.09,408.69,9.6,959.94,4.26,425.52,2.65,265.14,4.07,407.43,3.42,342,4.74,473.58,6.15,615.06,11.27,1127.16,12.23,1223.01,9.37,936.81,4.3,429.66,4.81,481.32,3.81,380.97,3.19,319.32,127.28,0.35,234.13,0.65,3,2,3
PO1000002539,"2021,2020",PTPN III,PERKEBUNAN NUSANTARA IV,DOLOK ILIR,RSPO Certified,"RSPO Certified, MB",3/31/23,3.12,99.16,"3.120417, 99.159067",IDN,Indonesia,Sumatera Utara,Simalungun,1-Fully Verified,,398.65,39864.6,489.39,927.22,92722.23,11.32,1132.02,1.4,140.49,1.11,110.97,4.81,481.23,2.82,282.24,4.95,494.82,3.45,345.24,1.47,146.61,7.03,702.99,8.55,854.91,7.8,780.12,8.03,802.8,3.18,318.06,14.54,1453.5,9.12,911.52,19.34,1934.19,11.63,1162.62,10.99,1098.81,7.75,774.54,9.65,965.25,6.28,628.11,8.57,857.43,163.78,0.41,234.86,0.59,3,3,3
PO1000002543,2020,TIAN SIANG HOLDINGS SDN BHD,TIAN SIANG OILL MILL (AIR KUNING) SDN BHD,TIAN SIANG AIR KUNING,RSPO Certified,"RSPO Certified, MB",3/31/23,4.16,101.16,"4.1614, 101.1648",MYS,Malaysia,Perak,Batang Padang,1-Fully Verified,,3.38,337.59,7.06,12.63,1262.7,0.08,7.74,0.02,1.8,0.01,0.99,0.02,1.53,0,0.45,0.16,16.47,0.58,57.51,0,0,0.06,6.03,0.13,13.41,0.02,2.34,0.12,11.61,0,0.36,0.15,14.67,0.24,24.03,0.07,6.93,0.1,9.63,0.08,8.28,0.07,7.47,0.01,1.17,0.18,18.45,0.1,9.81,2.21,0.65,1.17,0.35,5,4,4
PO1000002651,2017,SALIM GROUP,IDRIPLANT,NAPAL,Not RSPO Certified,,3/31/23,-0.68,101.91,"-0.677472, 101.913583",IDN,Indonesia,Riau,Indragiri Hulu,1-Fully Verified,,1100.97,110096.64,1087.18,1826.51,182650.86,31.87,3187.35,8.2,820.26,5.76,575.82,34.54,3453.57,63.7,6369.66,97.08,9708.12,49.39,4938.66,49.01,4901.13,111.64,11163.96,84.62,8461.71,61.58,6157.53,178.06,17805.96,46.66,4665.69,41.36,4135.86,41.88,4188.24,35.04,3503.79,25.2,2519.55,14.42,1442.07,31.42,3141.99,12.2,1219.5,18,1800.27,15.31,1530.81,1056.92,0.96,44.05,0.04,3,5,2
PO1000002676,"2020,2021",GOODHOPE,AGRO INDOMAS,SUNGAI PURUN,RSPO Certified,"RSPO Certified, IP",3/31/23,-2.52,112.42,"-2.524252, 112.4168",IDN,Indonesia,Kalimantan Tengah,Seruyan,1-Fully Verified,,30,2999.97,93.64,191.29,19128.87,0.55,55.35,2.17,217.26,0.26,25.92,1.01,100.8,3.19,318.6,3.58,357.93,1.27,127.17,4.05,405,1.28,127.71,0.15,15.3,0.22,21.69,1.03,103.41,0.32,31.95,0.75,75.06,1.49,149.4,2.52,252.36,0.61,61.38,0.2,19.62,0.34,34.29,0.18,18.18,0.31,30.87,0.22,22.32,25.72,0.86,4.28,0.14,3,5,2
PO1000002677,"2021,2020",GOODHOPE,AGRO INDOMAS,TERAWAN,RSPO Certified,"RSPO Certified, MB",3/31/23,-2.56,112.37,"-2.559957, 112.3736",IDN,Indonesia,Kalimantan Tengah,Seruyan,1-Fully Verified,,100.81,10081.17,211.49,496.52,49651.65,0.84,83.88,4.22,421.56,0.75,75.15,4.6,459.72,11.38,1138.32,10.97,1097.1,3.22,322.02,2.12,211.59,4.34,434.25,0.97,97.11,1.1,110.43,1.59,158.94,1.31,131.31,2.29,228.96,2.77,276.84,6.83,683.37,1.02,102.42,1.01,100.89,1.19,119.34,0.38,38.34,0.5,49.95,1.88,187.92,65.29,0.65,35.52,0.35,3,4,3
PO1000002746,"2020,2021",GRUPO NUMAR,COMPAÑÍA INDUSTRIAL ACEITERA COTO 54 S.A.,"COTO 54 GUAYCARA, COTO MILL",RSPO Certified,"RSPO Certified, IP",3/31/23,8.63,-83,"8.629799, -83.002992",CRI,Costa Rica,Puntarenas,Golfito,1-Fully Verified,,3535.58,353558.07,4038.36,8264.35,826435.08,7.1,710.19,10.4,1040.13,6.86,685.62,5.76,576,23.5,2349.9,9.49,949.41,18.18,1817.64,34.18,3417.84,32.21,3220.65,8.32,831.51,10.84,1084.23,21.58,2157.93,9.87,987.21,17.18,1718.28,6.4,640.26,10.45,1045.35,27.94,2794.5,16.51,1651.41,21.29,2129.22,14.38,1437.93,12.01,1201.32,11.39,1139.13,335.86,0.09,3199.72,0.91,1,1,3
PO1000002767,"2021,2020,2017,2019",GRUPO NUMAR,COMPAÑÍA INDUSTRIAL ACEITERA COTO 54 S.A.,"COTO 54 AGUIRRE, NARANJO MILL",RSPO Certified,"RSPO Certified, IP",3/31/23,9.41,-84.09,"9.40719, -84.085971",CRI,Costa Rica,Puntarenas,Aguirre,1-Fully Verified,,2387.34,238733.82,2642.73,4696.9,469690.47,10.64,1063.53,11.94,1193.94,3.65,365.13,3.94,393.66,6.34,634.5,10.95,1095.12,3.82,381.69,5.48,547.56,24.72,2472.12,2.12,212.04,5,499.68,13.52,1351.89,1.94,193.5,2.7,269.55,1.03,102.6,3.43,343.35,10.87,1087.2,8.58,858.06,4.57,457.02,4.2,419.76,3.1,309.96,2.79,279.45,145.31,0.06,2242.03,0.94,1,1,3
PO1000002872,"2021,2020,2017",NATURACEITES S.A.,NATURACEITES S.A.,PATAXTE,RSPO Certified,"RSPO Certified, IP",3/31/23,15.34,-89.29,"15.3448, -89.2918",GTM,Guatemala,Izabal,El Estor,1-Fully Verified,,1843.97,184396.95,2807.16,6324.96,632496.06,9.26,925.74,11.92,1191.87,5.56,556.11,4.76,476.28,8.97,897.12,4.42,441.9,11.1,1109.88,6.54,654.03,6.12,612.36,9.97,997.47,7.68,767.79,9.69,968.58,10.96,1096.02,10.21,1020.69,7.69,769.14,47.1,4710.06,16.35,1635.3,23.11,2311.47,23.13,2313.27,17.89,1789.2,18.16,1816.47,10.68,1068.21,281.29,0.15,1562.68,0.85,2,1,3
PO1000002895,2020,KUALA LUMPUR KEPONG (KLK),STEELINDO WAHANA PERKASA,STEELINDO WAHANA PERKASA,RSPO Certified,"RSPO Certified, IP",3/31/23,-2.72,108.06,"-2.723503, 108.062656",IDN,Indonesia,Bangka Belitung,Belitung Timur,1-Fully Verified,,643.17,64316.61,1037.44,1999.02,199902.24,6.81,680.58,4.07,407.16,2.06,206.28,8.33,832.86,1.96,196.38,8.44,844.29,2.69,269.37,9.27,926.91,30.37,3037.23,10.74,1074.15,10.26,1026,16.46,1645.92,6.9,690.48,17.23,1723.32,20.5,2049.84,18.97,1897.2,7.41,740.7,11.02,1102.14,28.59,2858.94,20.89,2088.72,24.53,2453.22,15.31,1531.17,282.83,0.44,360.34,0.56,4,3,4
PO1000002998,2020,FGV HOLDINGS BERHAD,FGV PALM INDUSTRIES SDN BHD,KEMAHANG,Not RSPO Certified,,3/31/23,5.87,102.01,"5.866111, 102.005556",MYS,Malaysia,Kelantan,Tanah Merah,1-Fully Verified,,3032.67,303266.52,3813.73,7582.15,758215.08,26.6,2659.77,39.02,3901.68,23.98,2397.6,50.5,5050.35,25.34,2534.13,27.01,2701.26,44.4,4440.33,19.78,1978.38,51.35,5134.59,45.23,4523.31,55.13,5512.95,32.2,3220.11,18.92,1891.53,49.45,4945.05,46.1,4610.43,56.52,5651.82,53.08,5308.29,45.62,4561.65,42.7,4269.78,39.83,3983.4,47.84,4783.95,49.79,4979.43,890.4,0.29,2142.27,0.71,3,2,3
PO1000003031,"2020,2021",UNKNOWN,PALMERAS DE LA COSTA S.A.,PALMERAS DE LA COSTA,RSPO Certified,"RSPO Certified, IP",3/31/23,10.1,-74.01,"10.101325, -74.0101",COL,Colombia,Cesar,El Copey,1-Fully Verified,,1896.15,189614.97,5328.36,10413.16,1041316.2,28.91,2890.53,16.54,1653.93,60.47,6047.19,18.47,1846.98,16.14,1614.15,17.4,1740.15,21.81,2181.06,27.65,2765.43,17.71,1771.2,14.12,1411.56,8.58,858.06,22.04,2203.74,7.68,768.33,13.1,1310.49,21.57,2157.48,43.07,4307.22,50.81,5080.59,39.06,3906.27,31.66,3165.75,22.72,2272.23,17.33,1733.49,28.04,2804.13,544.9,0.29,1351.25,0.71,3,2,3
PO1000003045,2020,FGV HOLDINGS BERHAD,FGV PALM INDUSTRIES SDN BHD,ARING A,Not RSPO Certified,,3/31/23,4.94,102.36,"4.940833, 102.364167",MYS,Malaysia,Kelantan,Gua Musang,1-Fully Verified,,916.41,91641.15,850.12,1678.69,167869.26,1.32,131.58,12.25,1225.17,6.61,661.14,30.82,3081.78,22.37,2237.04,15.85,1585.08,15.15,1514.79,5.07,507.42,8.44,844.29,14.96,1495.71,17.62,1762.02,23.89,2388.6,12.38,1238.31,19.1,1910.16,5.94,593.55,4.76,475.83,5.58,558,4.97,497.43,7,699.57,1.97,196.74,0.78,77.76,2.85,285.39,239.67,0.26,676.74,0.74,1,2,3
PO1000003100,"2018,2019,2017",HAP SENG PLANTATIONS HOLDINGS BERHAD,JEROCO PLANTATIONS SDN BHD,JEROCO 2,RSPO Certified,"RSPO Certified, MB",3/31/23,5.43,118.42,"5.431112, 118.417224",MYS,Malaysia,Sabah,Kinabatangan,1-Fully Verified,,57.15,5714.82,66.91,82.94,8293.68,0.18,18.18,0.08,7.56,0.06,5.58,2.48,248.04,0.08,8.46,2.39,238.59,0.74,73.98,0.8,80.01,0.02,1.8,1.27,127.44,2.01,200.88,0.77,76.86,0.04,4.5,3.21,321.21,1.88,188.1,5.59,558.99,3.36,335.79,5.42,541.62,1.02,102.15,1.29,128.52,4.94,494.1,3.07,306.54,40.69,0.71,16.46,0.29,5,4,4
PO1000003112,"2021,2020",PTPN III,PERKEBUNAN NUSANTARA III,SISUMUT,RSPO Certified,"RSPO Certified, MB",3/31/23,1.96,100.11,"1.964028, 100.108167",IDN,Indonesia,Sumatera Utara,Labuhanbatu Selatan,1-Fully Verified,,37.79,3778.92,40.06,77.56,7756.11,3.61,360.99,11.04,1104.21,0.24,23.85,1.63,162.99,5.52,552.33,0.91,91.44,0.32,32.49,0.05,4.59,0.35,34.83,0.2,19.53,0.32,31.59,0.33,32.58,0.03,2.79,0.03,3.42,0.08,7.65,0.13,12.69,0.26,26.01,0.4,39.87,1.38,137.97,2.34,233.82,2.5,250.2,0.33,32.85,31.99,0.85,5.8,0.15,5,5,3
PO1000003210,2021,PTPN III,PERKEBUNAN NUSANTARA IV,GUNUNG BAYU,RSPO Certified,"RSPO Certified, MB",3/31/23,3.14,99.37,"3.144075, 99.37348",IDN,Indonesia,Sumatera Utara,Simalungun,1-Fully Verified,,47.1,4709.61,54.78,91.03,9102.87,5.92,592.11,0.69,68.67,2.69,268.65,1.78,178.38,0.53,53.1,0.66,66.15,0.93,93.33,0.07,7.02,2.36,236.07,4.99,498.51,2.04,204.03,1.37,137.25,0.4,40.23,0.9,90.09,0.16,16.11,2.56,255.69,1.98,197.73,0.07,6.75,2.35,234.63,0.15,15.03,0.53,53.01,0.48,47.88,33.6,0.71,13.49,0.29,3,4,3
PO1000003254,"2021,2020",CARGILL,HINDOLI,MUKUT,RSPO Certified,"RSPO Certified, IP",3/31/23,-2.44,104.42,"-2.441389, 104.419444",IDN,Indonesia,Sumatera Selatan,Musi Banyuasin,1-Fully Verified,,994.61,99460.8,1541.4,3440.78,344078.19,3.67,366.84,2.73,272.88,2.49,249.21,5.45,545.31,1.42,141.66,10.07,1006.83,42.42,4241.61,26.97,2697.39,21.79,2178.54,24.2,2420.46,93.98,9397.53,107.84,10783.98,35.84,3583.89,33.75,3375.09,69.32,6931.71,24.64,2464.38,23.86,2385.54,20.28,2027.7,15.74,1573.65,12.01,1201.23,11.86,1185.66,10.91,1090.62,601.22,0.6,393.39,0.4,3,3,3
PO1000003262,2020,FGV HOLDINGS BERHAD,FGV PALM INDUSTRIES SDN BHD,TERSANG,Not RSPO Certified,,3/31/23,4.11,101.8,"4.106944, 101.801389",MYS,Malaysia,Pahang,Lipis,1-Fully Verified,,717.39,71739.45,663.46,1298.05,129805.38,1.42,142.2,8.59,859.14,1.09,109.44,4.3,429.66,2.34,234.18,5.12,511.83,8.31,830.79,4.91,491.22,30.4,3040.38,17.5,1750.14,4.35,435.24,10.68,1068.03,1.33,133.02,2.31,230.76,1.81,180.99,12.02,1202.13,9.32,931.86,3.91,391.23,6.83,683.46,7.53,752.67,9.89,989.01,6.26,626.04,160.23,0.22,557.16,0.78,3,1,3
PO1000003333,2021,GOODHOPE,AGRO BUKIT,SUNGAI BINTI,RSPO Certified,"RSPO Certified, MB",3/31/23,-2.56,112.77,"-2.56225, 112.768067",IDN,Indonesia,Kalimantan Tengah,Kotawaringin Timur,1-Fully Verified,,318.45,31844.79,335.58,416.7,41669.91,0.29,28.89,1.68,167.76,3.04,303.84,1.68,167.94,13.02,1301.58,137.17,13717.44,47.62,4762.08,6.7,670.05,5.41,540.81,2.52,252.45,12.02,1202.49,9.02,902.43,3.5,350.19,9.52,951.93,11.24,1124.46,22.42,2241.81,1.21,120.78,0.69,69.12,1.36,136.44,0.67,67.14,0.27,26.64,0.68,67.95,291.74,0.92,26.71,0.08,1,5,1
PO1000003414,"2018,2017",FGV HOLDINGS BERHAD,FGV PALM INDUSTRIES SDN BHD,AIR TAWAR,Not RSPO Certified,,3/31/23,1.67,104.03,"1.666944, 104.026944",MYS,Malaysia,Johor,Kota Tinggi,1-Fully Verified,,86.82,8682.03,115.38,214.71,21471.3,30.64,3064.5,17.72,1771.92,0.2,20.25,0.71,71.46,0.68,67.77,0.39,38.97,0.7,69.75,2.13,212.67,2.45,244.8,6.39,639.18,2.06,205.83,1.06,106.47,0.39,38.52,1.44,144.27,4.83,483.12,1.72,171.99,0.79,79.38,0.92,92.25,0.25,25.2,0.42,41.94,0.34,34.11,0.2,19.8,76.44,0.88,10.38,0.12,1,5,1
PO1000003491,"2021,2020",BUMITAMA GUNAJAYA AGRO (BGA),GUNAJAYA KARYA GEMILANG,KENDAWANGAN,RSPO Certified,"RSPO Certified, MB",3/31/23,-2.45,110.27,"-2.445833, 110.265833",IDN,Indonesia,Kalimantan Barat,Ketapang,1-Fully Verified,,524.79,52479.18,743.97,2178.11,217810.98,1.14,114.12,2.33,232.56,0.73,72.72,2.55,254.7,1.73,172.89,9.29,928.71,17.58,1758.06,20.21,2020.77,28.12,2811.51,9.71,971.46,16.86,1686.42,29.9,2989.98,14.06,1405.8,44.2,4419.81,64.61,6461.46,18.08,1808.37,9.73,972.81,13.45,1345.32,15.54,1553.58,6.3,630.36,3.34,333.63,6.33,632.52,335.78,0.64,189.02,0.36,3,4,3
PO1000003496,"2020,2021",KRETAM HOLDINGS BERHAD,SYARIKAT KRETAM MILL SDN BHD,KRETAM,RSPO Certified,"RSPO Certified, IP",3/31/23,5.66,117.84,"5.657167, 117.837528",MYS,Malaysia,Sabah,Sandakan,1-Fully Verified,,80.85,8084.88,84.67,199.49,19949.13,1.44,143.73,0.83,83.07,0.14,14.31,4.92,491.76,2.92,292.5,1.33,133.29,3.17,317.43,0.91,90.72,1.95,194.67,3.46,345.6,7.03,702.99,3.75,375.21,2.63,263.07,3.86,386.1,2.39,239.4,5.39,538.74,3.23,323.19,3.5,350.1,1.66,166.32,0.16,16.29,3.52,352.26,0.17,17.28,58.38,0.72,22.47,0.28,3,4,3
PO1000003715,2020,ARAH KAWASAN SDN BHD,ARAH KAWASAN SDN BHD,ARAH KAWASAN,Not RSPO Certified,,3/31/23,5.28,100.69,"5.278791, 100.686093",MYS,Malaysia,Kedah,Bandar Baharu,1-Fully Verified,,235.79,23578.74,259.43,719.6,71959.86,0.99,98.91,3.46,346.32,1.26,125.82,2.2,220.5,2.2,220.32,1.83,183.06,2.59,258.93,3.36,335.52,5.5,550.08,6.87,686.97,2.18,218.16,5.77,576.81,3.61,361.08,5.69,568.8,7.9,789.93,6.36,635.58,6.94,693.72,5.65,564.93,4.01,401.04,5.83,582.84,4.43,442.62,4.61,460.53,93.22,0.4,142.56,0.6,3,3,3
PO1000003723,2017,UNITED PLANTATIONS,UNITED PLANTATIONS BHD,LIMA BLAS,Not RSPO Certified,,3/31/23,3.79,101.35,"3.7922, 101.3519",MYS,Malaysia,Selangor,Hulu Selangor,1-Fully Verified,,825.97,82596.69,843.68,2673.53,267353.1,16.14,1614.42,10.06,1006.47,6.17,617.31,10.46,1045.8,14.42,1441.62,6.22,622.08,23.6,2359.89,11.57,1157.13,32.68,3268.08,13.86,1385.64,7.59,759.42,15.83,1583.37,20.7,2070.36,18.36,1835.91,11.66,1166.49,17.07,1707.39,16.91,1691.28,17.31,1731.06,8.67,867.15,4.62,462.15,6.98,698.22,5.74,573.57,296.65,0.36,529.32,0.64,2,3,3
PO1000003734,2021,BOUSTEAD PLANTATIONS BERHAD,BOUSTEAD EMASTULIN SDN BHD,SEGARIA,RSPO Certified,"RSPO Certified, IP",3/31/23,4.48,118.4,"4.48163, 118.39817",MYS,Malaysia,Sabah,Semporna,1-Fully Verified,,22.64,2263.5,22.2,26.39,2638.71,1.81,180.9,2.52,251.91,3,300.33,0.75,75.15,0.01,0.72,0.02,2.34,0.4,39.69,3.58,357.93,0,0.27,0.03,3.33,0.02,1.71,0,0.18,0,0.45,0,0.09,0,0.36,0,0,0.52,52.38,0.22,22.5,0.22,21.51,0.05,4.86,0,0.09,2.8,280.35,15.97,0.71,6.66,0.29,5,4,4
PO1000003747,2020,NEGRI SEMBILAN OIL PALMS BOARD,ENG THYE PLANTATIONS BHD,LADANG GULA,Not RSPO Certified,,3/31/23,4.95,100.47,"4.954957, 100.468919",MYS,Malaysia,Perak,Kerian,1-Fully Verified,,16.87,1686.6,29.12,45.08,4507.65,0.08,8.37,2.19,219.24,0.03,3.15,0.01,1.08,0.02,1.8,0.04,4.14,0.01,1.26,0.03,2.52,0.25,24.84,0.26,26.19,0.29,28.98,0.25,24.93,1.1,110.43,1.29,129.42,1.06,105.93,1.53,152.82,1.03,103.32,0.18,18.36,0.09,8.55,0.59,59.04,0.88,88.2,0.41,41.49,11.64,0.69,5.23,0.31,5,4,3
PO1000003754,2020,FELCRA BERHAD,FELCRA PROCESSING & ENGINEERING SDN BHD,FELCRA MARAN,Not RSPO Certified,,3/31/23,3.57,102.69,"3.570918, 102.685688",MYS,Malaysia,Pahang,Maran,1-Fully Verified,,274.2,27420.03,333.64,1232.81,123281.19,6.87,687.06,2.64,263.88,2.3,229.95,3.21,321.03,4.7,470.07,5.66,566.1,7.14,713.7,7.26,725.76,5.18,517.59,6.94,693.99,2.06,206.28,10.76,1075.68,3.36,336.15,11.85,1184.76,15.33,1532.79,15.13,1512.63,7.78,777.87,7.37,737.28,4.91,490.59,4.37,436.95,4.59,458.82,3.82,381.96,143.21,0.52,130.99,0.48,3,3,3
PO1000003755,2020,FELCRA BERHAD,FELCRA PROCESSING & ENGINEERING SDN BHD,FELCRA NASARUDDIN,Not RSPO Certified,,3/31/23,4.32,100.94,"4.323522, 100.938307",MYS,Malaysia,Perak,Perak Tengah,1-Fully Verified,,299.73,29972.79,437.34,639.32,63932.31,6.45,645.03,5.73,573.03,4.29,428.67,4.39,439.02,9.67,967.32,4.08,407.7,6.53,652.77,8.66,866.43,13.9,1390.41,8.74,873.9,6.36,636.39,15.27,1526.76,7.62,762.12,18.66,1865.7,13.92,1391.58,16.9,1689.57,13.01,1301.4,10.53,1053.09,6.84,684.18,3.58,357.57,7.85,785.25,5.52,552.15,198.5,0.66,101.23,0.34,3,4,3
PO1000003756,2020,FELCRA BERHAD,FELCRA PROCESSING & ENGINEERING SDN BHD,FELCRA SEBERANG PERAK,Not RSPO Certified,,3/31/23,4.15,100.84,"4.148111, 100.839765",MYS,Malaysia,Perak,Perak Tengah,1-Fully Verified,,149.09,14909.31,283.76,468.62,46862.46,6.25,624.6,2.35,235.17,0.31,31.05,1.52,152.46,1.98,198.45,4.39,438.75,14.11,1410.75,8.3,829.89,14.47,1447.2,13.84,1384.11,1.93,193.05,3.4,340.02,2.11,210.6,5.81,581.22,6.78,677.79,4.65,464.94,3.78,377.55,1.15,114.75,0.7,70.2,1.24,124.47,1.3,129.96,1.25,124.56,101.62,0.68,47.48,0.32,3,4,3
PO1000003758,2020,FELCRA BERHAD,FELCRA PROCESSING & ENGINEERING SDN BHD,FELCRA PROCESSING & ENGINEERING,Not RSPO Certified,,3/31/23,4,101.17,"3.999611, 101.167028",MYS,Malaysia,Perak,Hilir Perak,1-Fully Verified,,78.43,7842.51,109.54,313.42,31341.51,5.93,592.92,3.81,381.15,0.36,36.27,2.72,271.8,2.47,247.32,0.87,86.94,2.41,241.38,0.58,58.5,3.49,348.84,3.89,388.8,1.19,118.89,2.68,268.02,2.36,236.25,2,200.43,1.18,118.08,2.11,210.96,2.09,209.16,4.98,498.06,2.25,225.09,1.58,158.31,3.47,346.95,1.48,148.41,53.93,0.69,24.5,0.31,4,4,3
PO1000003771,2020,JOHAWAKI PLANTATION SDN BHD,GABUNGAN PERUSAHAAN MINYAK LANGKAP SDN BHD,LANGKAP,Not RSPO Certified,,3/31/23,4.06,101.14,"4.056506, 101.139214",MYS,Malaysia,Perak,Hilir Perak,1-Fully Verified,,99.01,9901.44,197.8,459.78,45978.12,3.18,317.52,2.12,212.22,1.35,134.82,2.26,225.81,3.54,353.79,1.95,195.21,2.75,275.04,1.28,128.16,4.03,403.29,5.05,504.81,1.58,158.22,3.07,307.26,0.67,67.32,1.68,167.76,1.47,147.15,3.38,337.77,3.02,302.49,1.59,159.3,1.76,176.49,1.73,172.53,2.11,210.69,0.71,70.83,50.28,0.51,48.73,0.49,3,3,3
PO1000003782,"2020,2021",SINAR MAS,PARAMITRA INTERNUSA PRATAMA,BELIAN,Not RSPO Certified,,3/31/23,0.49,111.85,"0.487029, 111.845392",IDN,Indonesia,Kalimantan Barat,Kapuas Hulu,1-Fully Verified,,374.05,37404.63,390.75,580.41,58041.27,1.78,178.38,2.93,292.68,3.1,310.32,5.16,516.24,4.05,405.27,5.35,535.05,4.71,471.06,15.01,1501.47,36.77,3677.4,20.73,2073.06,34.22,3421.62,28.22,2822.22,4.77,476.64,17.14,1714.23,8.8,880.47,7.36,736.2,5.8,580.05,5.13,512.91,5.01,501.03,5.21,521.01,1.5,149.85,1.47,146.61,224.24,0.6,149.81,0.4,2,3,2
PO1000003785,2020,HAVYS OIL MILL SDN BHD,HAVYS OIL MILL SDN BHD,HAVYS,Not RSPO Certified,,3/31/23,2.89,102.66,"2.892339, 102.662724",MYS,Malaysia,Pahang,Bera,2-High Confidence,,445.77,44576.64,464.81,576.63,57663.09,25.05,2504.52,5.46,546.3,1.06,106.38,4.69,469.17,6.64,663.93,7.03,702.81,9.5,949.95,14.01,1401.3,25.63,2562.75,1.37,137.43,39.2,3920.04,43.89,4388.76,10.26,1025.64,23.82,2382.03,20.89,2088.54,18.82,1881.9,13.13,1313.28,28.26,2826.18,12.08,1208.07,5.5,550.26,6.07,607.32,1.09,108.81,323.45,0.73,122.31,0.27,2,4,2
PO1000003804,2020,JENG HUAT (BAHAU) REALTY SDN BHD,JENG HUAT (BAHAU) REALTY SDN BHD,JENG HUAT,Not RSPO Certified,,3/31/23,3.1,102.46,"3.103806, 102.458083",MYS,Malaysia,Pahang,Bera,1-Fully Verified,,158.9,15889.68,185.79,338.33,33832.53,14.06,1406.34,4.77,476.91,0.23,23.13,1.44,144.09,3.63,362.79,0.51,51.39,1.66,165.69,2.9,290.34,9.85,985.14,4.88,487.98,8.07,807.21,8.6,860.49,14.56,1455.93,8.68,867.6,8.19,819.18,15.82,1581.66,4.23,423,9.49,949.41,6.44,644.04,1.48,148.23,4.09,409.05,5.38,537.75,138.97,0.87,19.92,0.13,4,5,3
PO1000003809,2020,KESEDAR,KESEDAR PERKILANGAN SDN BHD,PALOH 3,Not RSPO Certified,,3/31/23,5,102.27,"4.99986, 102.27477",MYS,Malaysia,Kelantan,Gua Musang,1-Fully Verified,,285.4,28539.81,298.94,661.92,66192.3,4.8,479.61,6.46,646.29,1.95,194.76,9.19,919.35,1.65,164.79,4.59,459.36,12.77,1277.1,6.62,661.5,7.65,765,23.75,2374.65,24.78,2477.97,11.18,1118.34,6.97,697.05,32.09,3208.86,16.47,1646.82,27.33,2732.85,6.64,664.47,3.48,347.94,4.09,408.87,6.36,635.67,2.18,218.07,2.91,290.79,223.9,0.78,61.5,0.22,3,4,2
PO1000003812,2020,HOK HUAT GROUP SDN BHD,HOK HUAT OIL MILL SDN BHD,BUKIT PASIR,Not RSPO Certified,,3/31/23,2.09,102.7,"2.085126, 102.697623",MYS,Malaysia,Johor,Muar,1-Fully Verified,,141.65,14165.28,202.6,359.79,35978.67,4.23,422.64,2.51,251.1,1.69,168.84,5.01,501.12,5.37,536.58,2.49,249.48,6.07,607.23,2.47,246.6,8.41,841.23,0.46,46.35,5.69,568.8,4.28,428.4,5.22,522.36,8.52,852.48,5.02,502.11,6.7,669.96,4.52,451.62,3.24,324.27,4.54,453.6,4.37,436.77,1.65,164.97,1.64,164.34,94.11,0.66,47.54,0.34,3,4,3
PO1000003813,2020,FORTUNA GROUP,KILANG KELAPA SAWIT FORTUNA SDN BHD,FORTUNA,Not RSPO Certified,,3/31/23,6.05,117.22,"6.0475, 117.219722",MYS,Malaysia,Sabah,Beluran,1-Fully Verified,,1309.55,130955.22,1321.98,3257.98,325798.2,14.56,1456.11,13.73,1372.59,11.41,1140.57,34.36,3436.29,8.9,890.01,12.02,1201.59,21.59,2158.56,26.7,2670.21,17.51,1751.4,32.11,3211.38,13.35,1334.52,20.17,2016.63,10.03,1002.6,15.62,1561.59,16.26,1626.12,15.48,1547.64,15.64,1563.75,20.32,2032.29,19.47,1947.33,10.58,1057.59,12.39,1239.3,16.9,1689.66,379.08,0.29,930.47,0.71,3,2,3
PO1000003815,2020,JOHAWAKI PLANTATION SDN BHD,KILANG KELAPA SAWIT LEKIR SDN BHD,LEKIR,Not RSPO Certified,,3/31/23,4.15,100.78,"4.151198, 100.781185",MYS,Malaysia,Perak,Perak Tengah,1-Fully Verified,,98.8,9880.29,193.64,592.56,59255.91,5.17,517.23,6.71,671.22,4.73,472.95,4.14,413.91,3.15,314.73,2.22,222.3,5.14,514.35,2.29,229.05,3.18,318.15,3.79,379.17,4.73,473.04,4.75,475.2,2.07,207.27,2.08,208.26,2.3,230.31,4.69,469.26,4.23,423.09,7.91,791.1,3.74,373.5,2.76,275.85,2.91,290.7,3.36,336.06,86.07,0.87,12.74,0.13,4,5,3
PO1000003817,2020,NGAN & NGAN HOLDINGS SDN BHD,KILANG MINYAK SAWIT KAMUNTING SDN BHD,KAMUNTING,Not RSPO Certified,,3/31/23,4.92,100.72,"4.922709, 100.719732",MYS,Malaysia,Perak,Larut and Matang,1-Fully Verified,,441.7,44170.47,490.1,830.89,83089.08,2,199.71,9.39,939.06,2.47,247.14,3.65,365.49,8.52,851.58,5.46,546.39,3.35,335.16,10.64,1063.98,6.76,676.17,9.08,907.56,3.91,390.87,6.32,631.62,4.21,420.75,5.5,550.35,3.95,395.01,3.83,382.68,4.99,499.14,5.94,594.45,5.46,546.21,3.97,397.08,7.33,733.14,6.63,663.48,123.37,0.28,318.33,0.72,3,2,3
PO1000003835,2021,LAM SOON (M) BERHAD,LAM SOON PLANTATIONS SDN BHD,LAM SOON,RSPO Certified,"RSPO Certified, IP",3/31/23,5.25,118.18,"5.254833, 118.175167",MYS,Malaysia,Sabah,Kinabatangan,1-Fully Verified,,52.89,5289.3,55.6,59.14,5913.63,0.06,6.12,0.05,5.49,0.01,0.54,3.92,392.49,0.15,15.21,0,0.27,0.01,1.17,0.09,9.45,0.02,1.71,6.58,658.26,4.18,417.6,5.5,549.72,4.91,490.95,5.9,590.49,1.1,110.43,3.44,344.25,2.09,208.8,1.03,103.41,4.06,405.72,1.64,163.89,0.92,91.62,4.27,427.14,49.95,0.94,2.95,0.06,5,5,3
PO1000003836,2020,LENGA PALMOIL INDUSTRIES SDN BHD,LENGA PALMOIL INDUSTRIES SDN BHD,LENGA,Not RSPO Certified,,3/31/23,2.23,102.57,"2.226357, 102.569333",MYS,Malaysia,Johor,Ledang,1-Fully Verified,,320.52,32052.06,418.4,657.94,65794.14,10.56,1056.15,7.5,749.52,4.62,462.15,5.08,507.78,9.9,989.91,4.85,484.83,10.15,1014.84,5.69,568.8,11.16,1116,2.25,224.91,7.85,785.07,7.65,765.36,3.38,338.31,8.29,828.72,7.11,711.18,13.17,1316.52,12.81,1280.52,8.53,853.38,11.29,1128.87,10.37,1037.16,8.37,836.64,6.39,638.55,176.95,0.55,143.57,0.45,3,3,3
PO1000003839,2020,LIZIZ PLANTATION SDN BHD,LIZIZ PLANTATION SDN BHD,LIZIZ,Not RSPO Certified,,3/31/23,4.87,101.81,"4.871817, 101.805583",MYS,Malaysia,Kelantan,Gua Musang,1-Fully Verified,,3.25,324.99,3.34,5.15,514.8,0.01,0.54,0,0.09,0.04,4.23,0.02,2.07,1.65,165.15,0.69,68.67,0.18,17.73,0,0.45,0.01,0.81,0,0,0.01,0.63,0.09,8.55,0.01,0.81,0.02,1.98,0,0.18,0.01,1.08,0.25,25.29,0.01,1.26,0,0,0.02,1.71,0.03,3.06,0,0.09,3.04,0.94,0.21,0.06,2,5,1
PO1000003840,2020,LKPP CORPORATION SDN BHD,LKPP CORPORATION SDN BHD,LCSB LEPAR,Not RSPO Certified,,3/31/23,3.59,103.08,"3.592639, 103.083",MYS,Malaysia,Pahang,Pekan,2-High Confidence,,901.86,90185.85,1025.7,1848.17,184817.07,8.96,895.86,26.88,2688.3,2.73,273.15,23.3,2330.1,23.95,2394.9,20.77,2077.38,17,1699.56,4.4,439.92,11.26,1125.9,24.49,2449.35,16.83,1683,37.96,3795.84,9.62,962.1,41.04,4104,32.49,3249.27,54.83,5482.71,15.62,1561.5,20.84,2083.86,35.22,3522.33,17.37,1736.91,13.04,1303.74,9.62,961.92,468.22,0.52,433.64,0.48,3,3,3
PO1000003843,2020,MALPOM INDUSTRIES BHD,MALPOM INDUSTRIES BHD,MALPOM INDUSTRIES,Not RSPO Certified,,3/31/23,5.21,100.48,"5.207778, 100.483889",MYS,Malaysia,Pulau Pinang,Seberang Perai Selatan,1-Fully Verified,,339.39,33938.73,678.78,1833.06,183306.33,0.43,42.84,3.48,348.48,1.11,110.7,3.21,321.21,3.48,347.58,2.71,270.72,2.66,265.68,2.49,249.3,4.85,485.46,5.91,590.76,5.81,581.22,5.47,546.93,2.45,245.07,9.46,946.44,6.26,626.22,8.05,805.32,6.73,672.75,4.89,488.61,6.1,610.2,5.32,531.81,5.81,580.77,3.71,370.98,100.39,0.3,239,0.7,3,2,3
PO1000003846,2020,MELAKA TONG BEE SDN BHD,NAM BEE COMPANY SDN BHD,NAM BEE,Not RSPO Certified,,3/31/23,2.5,102.49,"2.496667, 102.490583",MYS,Malaysia,Negeri Sembilan,Tampin,1-Fully Verified,,190.11,19011.24,247.01,434.49,43448.94,6.43,642.69,8.92,891.99,3.66,365.58,1.89,189.45,6.67,667.08,7.02,701.55,9.5,950.22,2.27,226.71,5.13,512.55,0.37,37.26,6.76,675.72,8.66,865.98,2.3,230.31,10.05,1004.76,5.54,553.68,13.09,1308.96,16.58,1658.07,7.88,787.59,7.31,730.89,7.43,743.04,8.54,854.19,5.87,587.34,151.86,0.8,38.26,0.2,5,4,3
PO1000003857,2020,PANTAI REMIS PALM OIL MILL SDN BHD,PANTAI REMIS PALM OIL MILL SDN BHD,PANTAI REMIS,Not RSPO Certified,,3/31/23,4.37,100.7,"4.367164, 100.696154",MYS,Malaysia,Perak,Manjung,1-Fully Verified,,193.49,19348.65,315.94,454.31,45430.83,1.97,196.56,4.18,417.6,3.51,351.18,7.38,737.73,3.86,386.1,3.58,358.11,4.68,468.27,3.49,349.38,5.11,510.93,1.83,182.88,6.82,682.47,5.22,522.45,4.74,473.94,6.33,632.7,6.41,640.89,4.95,494.82,7.5,750.42,6.82,681.66,9.92,992.34,6.84,684.27,5.99,599.49,5.61,560.7,116.75,0.6,76.74,0.4,4,3,3
PO1000003871,2020,FAR EAST HOLDINGS BERHAD,KILANG KOSFARM SDN BHD,KOSFARM,Not RSPO Certified,,3/31/23,2.99,102.82,"2.9934, 102.820000",MYS,Malaysia,Pahang,Rompin,1-Fully Verified,,226.76,22676.04,222.43,530.08,53008.29,11.19,1119.15,2.83,282.69,5.07,507.24,2.23,222.84,1.7,169.56,0.26,26.01,0.58,57.69,2.82,281.97,3.88,388.17,12.06,1206,16.53,1652.58,16.51,1651.23,1.33,133.2,7.27,726.75,9.64,963.99,9.58,958.41,12.18,1217.52,15.95,1594.71,14.69,1469.25,4.98,497.97,11.59,1159.2,6.63,663.3,169.49,0.75,57.27,0.25,5,4,3
PO1000003891,2020,SETIA KAWAN KILANG KELAPA SAWIT SDN BHD,SETIA KAWAN KILANG KELAPA SAWIT SDN BHD,SETIA KAWAN,Not RSPO Certified,,3/31/23,5.44,100.63,"5.441292, 100.627419",MYS,Malaysia,Kedah,Kulim,1-Fully Verified,,194.99,19498.95,337.73,888.06,88806.33,3.97,397.44,4.32,432.09,2,200.07,5.07,507.33,3.03,303.3,5.31,531.09,2.26,225.72,4.51,450.9,4.27,427.32,6.21,620.73,2.84,283.68,5.26,525.87,3.5,350.28,8.39,839.43,5.7,570.06,6.12,611.64,12.38,1238.13,8.49,848.79,10.08,1007.91,7.81,781.02,10.36,1036.08,7.72,771.84,129.61,0.66,65.38,0.34,5,4,4
PO1000003892,2020,SOLID ORIENT HOLDINGS SDN BHD,SOLID ORIENT HOLDINGS SDN BHD,SOLID ORIENT,Not RSPO Certified,,3/31/23,5.57,100.7,"5.5699, 100.699263",MYS,Malaysia,Kedah,Baling,1-Fully Verified,,3221.9,322190.01,3489.5,5378.72,537872.31,24.04,2403.63,66.98,6698.43,30.82,3081.69,37.75,3775.14,45,4500.18,38.44,3843.81,34.7,3469.86,47.73,4773.42,45.07,4506.57,78.06,7806.24,53.58,5357.7,56.44,5644.08,47.26,4725.72,111.4,11140.11,70.14,7013.61,88.89,8889.21,111.2,11120.22,85.51,8550.9,62.85,6284.52,56.55,5654.7,51.99,5199.03,42.55,4255.02,1286.94,0.4,1934.96,0.6,3,3,3
PO1000003896,2020,SOUTHERN GROUP,SOUTHERN PERAK PLANTATIONS SDN BHD,SOUTHERN PERAK,Not RSPO Certified,,3/31/23,3.81,101.03,"3.806889, 101.029361",MYS,Malaysia,Perak,Hilir Perak,1-Fully Verified,,377.16,37715.67,665.46,1679.98,167997.87,15.62,1562.4,5.78,577.8,4.93,493.11,6.76,675.9,6.63,662.58,6.49,648.54,8.62,862.02,4.71,470.97,7.16,716.04,8.22,821.52,2.33,232.92,7.58,757.8,2.79,279.45,10.41,1041.3,8.07,807.21,18.52,1852.11,14.64,1463.94,11.37,1136.61,10.67,1066.95,12.93,1292.76,15.12,1512,11.21,1120.68,200.55,0.53,176.61,0.47,5,3,4
PO1000003900,2020,SERN LEE ENTERPRISE SDN BHD,ST PALM OIL MILL SDN BHD,ST PALM OIL MILL,Not RSPO Certified,,3/31/23,3.83,101.17,"3.834211, 101.174517",MYS,Malaysia,Perak,Hilir Perak,1-Fully Verified,,97.16,9716.04,108.26,128.06,12805.74,0.12,11.52,1.68,167.58,0.12,12.15,0.39,39.06,1.83,182.88,2.46,246.15,6.81,681.48,3.19,318.51,6.72,671.76,7.41,740.52,5.14,513.63,7.1,710.01,6.74,674.01,14.78,1477.89,1.91,190.98,5.18,518.13,6.38,638.46,3.61,360.72,1.04,104.22,3.05,304.56,2.63,263.34,0.64,63.9,88.91,0.92,8.25,0.08,3,5,2
PO1000003902,2020,SUNGAI KERANG DEVELOPMENT SDN BHD,SUNGAI KERANG DEVELOPMENT SDN BHD,SUNGAI KERANG,Not RSPO Certified,,3/31/23,4.4,100.84,"4.403481, 100.835955",MYS,Malaysia,Perak,Perak Tengah,1-Fully Verified,,147.94,14794.47,216.67,362.79,36278.73,5.65,565.38,3.12,311.58,0.77,76.77,1.59,159.48,2.65,264.87,3.29,328.86,1.53,153.09,1.07,107.01,7.12,712.35,7.94,793.53,6.16,615.6,3.71,370.89,3.19,318.78,7.16,716.31,7.2,720.18,15.34,1534.05,10.98,1098.36,10.05,1004.67,5.88,588.15,3.65,365.13,3.81,381.15,1.63,162.63,113.49,0.77,34.46,0.23,3,4,3
PO1000003903,2020,KUMPULAN PERLADANGAN PKINK BHD,SYARIKAT LADANG SUNGAI TERAH SDN BHD,KILANG SAWIT SUNGAI TERAH,Not RSPO Certified,,3/31/23,4.98,101.96,"4.977872, 101.955083",MYS,Malaysia,Kelantan,Gua Musang,1-Fully Verified,,1551.07,155107.08,1525.47,3267.42,326742.39,20.67,2066.58,5.22,521.91,3.08,307.71,5,500.13,8.07,806.76,14.78,1477.89,40.8,4080.33,20.38,2037.96,49.37,4937.49,31.93,3193.2,24.68,2468.43,63.02,6302.43,24.74,2474.37,38.37,3837.06,39.38,3938.13,47.35,4734.81,29.81,2981.34,18.99,1898.73,34.06,3405.51,12.88,1288.08,22.95,2295,18.72,1871.91,574.26,0.37,976.81,0.63,3,3,3
PO1000003905,2020,NGAN & NGAN HOLDINGS SDN BHD,SYARIKAT CAHAYA MUDA PERAK (OIL MILL) SDN BHD,CAHAYA MUDA PERAK,Not RSPO Certified,,3/31/23,4.16,101.28,"4.160967, 101.282921",MYS,Malaysia,Perak,Batang Padang,1-Fully Verified,,1293.88,129387.87,1309.95,3033.33,303333.39,2,199.8,2.32,232.47,1.41,141.39,3.11,310.68,3.83,383.04,3.15,315,5.26,526.23,4.7,470.16,8.89,889.2,9.52,952.47,4.66,465.75,9.65,964.89,4.27,426.78,14.9,1489.86,4.44,443.52,9.31,931.41,7.76,776.16,8.34,834.3,4.88,487.98,5.74,574.2,9.04,903.69,4.83,483.21,132.02,0.1,1161.86,0.9,2,1,3
PO1000003906,2020,SYARIKAT PELADANG & PERUSAHAAN MINYAK SDN BHD,SYARIKAT PELADANG & PERUSAHAAN MINYAK SDN BHD,SYARIKAT PELADANG & PERUSAHAAN MINYAK,Not RSPO Certified,,3/31/23,3.98,100.99,"3.979658, 100.990561",MYS,Malaysia,Perak,Hilir Perak,1-Fully Verified,,23.26,2325.6,50.66,107.29,10729.44,0.13,12.6,0.85,84.96,0.32,31.68,0.24,24.21,0.09,9.36,0.23,22.95,0.39,39.06,0.49,49.23,1.4,139.86,1.35,135.27,0.75,75.33,1.59,158.85,1.04,104.31,1.34,133.65,0.21,21.33,0.54,53.64,0.7,69.93,1.08,108.18,2.82,281.88,1.81,180.9,0.32,31.95,0.68,67.95,18.37,0.79,4.89,0.21,3,4,3
PO1000003909,2020,TACLICO COMPANY SDN BHD,TACLICO COMPANY SDN BHD,TACLICO,Not RSPO Certified,,3/31/23,5.51,100.6,"5.507567, 100.599592",MYS,Malaysia,Kedah,Kulim,1-Fully Verified,,586.8,58679.82,1394.5,2619.22,261921.78,6.86,685.71,18.78,1878.3,4.77,477.09,11.5,1150.2,9.54,953.64,10.59,1058.67,5.05,505.26,9.29,928.62,13.36,1335.96,17.2,1720.08,10.53,1052.64,11.74,1174.32,19.24,1924.29,27.84,2783.52,15.9,1590.12,18.35,1834.65,22.69,2269.44,25.74,2574,19.85,1985.4,15.48,1547.82,18.23,1822.77,14.89,1489.32,327.42,0.56,259.38,0.44,4,3,3
PO1000003927,2021,GOODHOPE,AGRO WANA LESTARI,BUKIT SANTUAI,RSPO Certified,"RSPO Certified, MB",3/31/23,-1.86,112.4,"-1.8625, 112.395833",IDN,Indonesia,Kalimantan Tengah,Kotawaringin Timur,1-Fully Verified,,347.3,34730.19,338.83,550.5,55050.21,2.05,204.93,3.89,388.71,0.4,40.32,3.86,386.46,1.05,105.12,4.95,495.36,1.39,138.78,0.25,25.47,27.7,2769.93,31.57,3156.66,5.64,564.39,13.21,1320.84,4.76,475.56,5.92,591.75,6.99,699.48,3.63,363.42,1.75,174.96,1.19,119.07,1.35,135.36,1.14,114.12,0.68,67.5,1.17,117.36,124.56,0.36,222.75,0.64,1,2,3
PO1000003931,2020,TIAN SIANG HOLDINGS SDN BHD,TIAN SIANG OILL MILL (PERAK) SDN BHD,TIAN SIANG PERAK,Not RSPO Certified,,3/31/23,4.59,100.73,"4.592983, 100.732286",MYS,Malaysia,Perak,Larut Matang,1-Fully Verified,,61.63,6162.57,61.94,167.26,16726.41,0.39,39.33,0.64,63.54,0.33,32.58,0.91,91.26,1.19,119.07,1.03,103.23,0.68,67.68,1.33,133.11,0.66,65.79,1.61,161.19,0.32,31.77,1.27,127.44,0.92,91.98,0.64,63.72,0.92,92.16,0.89,88.74,0.61,60.66,2.11,210.78,1.28,127.89,0.8,80.1,0.42,42.3,2.16,215.73,21.1,0.34,40.53,0.66,3,2,4
PO1000003933,2020,HOK HUAT GROUP SDN BHD,TOPAZ EMAS SDN BHD,TOPAZ EMAS,Not RSPO Certified,,3/31/23,4.55,100.73,"4.553367, 100.725591",MYS,Malaysia,Perak,Larut and Matang,1-Fully Verified,,7.46,745.92,9.4,12.74,1273.68,0.05,4.95,0.06,6.48,0.03,2.61,0.02,2.25,0.06,6.48,0.05,4.86,0.01,1.44,0.03,2.88,0.32,32.22,0.33,33.03,0.42,41.76,0.22,22.32,0.55,54.54,0.29,29.25,0.42,42.39,0.19,19.44,0.66,65.97,0.14,14.4,0.39,39.06,0.29,29.34,0.52,51.75,0.05,4.95,5.12,0.69,2.34,0.31,5,4,3
PO1000003941,2020,TRADEWINDS PLANTATION BERHAD,LADANG SERASA SDN BHD,SERASA,Not RSPO Certified,,3/31/23,5.1,102.18,"5.099504, 102.175826",MYS,Malaysia,Kelantan,Gua Musang,1-Fully Verified,,367.47,36747.18,383.2,459.73,45972.99,7.49,748.71,5.18,517.77,7.9,790.29,5.51,550.89,9.01,901.35,4.36,436.41,15.93,1593.36,13.65,1365.48,34.52,3451.86,19.83,1983.24,16.54,1654.11,22.71,2271.15,11.4,1140.21,24.91,2491.38,17.72,1771.83,16.72,1672.38,12.44,1243.62,12.63,1262.88,16.48,1648.08,5.33,533.16,3.07,306.81,3.02,301.86,286.37,0.78,81.1,0.22,2,4,2
PO1000003950,2020,UNITED MALACCA BHD (UMB),SYARIKAT PENANAMAN BUKIT SENORANG SDN BHD,BUKIT SENORANG,Not RSPO Certified,,3/31/23,3.1,102.43,"3.09746, 102.42668",MYS,Malaysia,Pahang,Bera,1-Fully Verified,,144.76,14476.5,181.82,198.92,19892.25,7.89,788.58,12.93,1293.48,2.1,210.24,4.17,416.52,15.74,1573.74,3.1,310.23,0.99,98.82,1.78,178.2,4.59,459.27,1.13,112.86,4.76,475.65,6.37,637.2,1.02,101.61,5.73,572.94,3.62,362.16,7.99,799.29,9.02,902.34,4.1,409.59,3.64,364.23,3.5,350.37,4.47,446.85,2.12,212.31,110.76,0.77,34,0.23,3,4,3
PO1000003970,"2020,2021",SAMPOERNA AGRO,GUNUNG TUA ABADI,SUMBER SAWIT,RSPO Certified,"RSPO Certified, MB",3/31/23,-3.81,105.17,"-3.81, 105.17",IDN,Indonesia,Sumatera Selatan,Ogan Komering Ilir,1-Fully Verified,,223.31,22331.43,366.16,655.26,65526.3,2.18,217.53,5.35,535.23,2.34,234.18,6.06,605.52,4.79,479.25,4.19,419.22,7.34,733.86,5.02,502.29,32.01,3201.21,8.28,827.91,5.1,509.94,12.39,1239.21,0.64,64.17,3.23,323.37,3.05,304.92,2.67,266.94,1.9,189.63,1.63,162.63,12.21,1221.48,3.19,318.6,0.65,64.8,4.37,436.95,128.59,0.58,94.73,0.42,3,3,3
PO1000003979,2021,UNKNOWN,AGROPECUARIA SANTA MARIA S.A.,ACEITES CIMARRONES SAS,Not RSPO Certified,,3/31/23,10.57,-74.21,"10.570139, -74.208778",COL,Colombia,Magdalena,Aracataca,1-Fully Verified,ACEITES LA UNION,409.64,40963.68,1285.96,3725.83,372583.35,0.61,60.66,0.24,24.3,0.67,66.51,1.73,173.07,0.94,94.5,0.49,48.78,1.02,101.88,3.79,379.44,2.86,285.84,0.22,22.23,2.52,252.09,1.49,148.86,1.89,188.55,2.87,286.74,4.19,418.86,5.3,529.74,34.71,3471.48,11.53,1153.44,7.95,794.61,11.12,1112.49,12.47,1247.22,18.46,1846.44,127.08,0.31,282.56,0.69,5,2,4
PO1000003981,"2021,2020",C.I BIOCOSTA S.A,AGROPECUARIA SANTA MARIA S.A.,AGROPECUARIA SANTA MARIA S.A. (SAN MARTIN),RSPO Certified,"RSPO Certified, IP",3/31/23,3.52,-73.56,"3.515861, -73.558333",COL,Colombia,Meta,San Martín,1-Fully Verified,,488.24,48823.74,1335.89,3233.23,323323.29,3.29,328.68,2.87,287.01,2.13,213.03,9.06,905.67,7.5,749.52,7.49,749.34,3.64,364.32,8.33,833.04,6.66,665.82,6.94,693.72,3.55,355.05,3.44,343.53,2.35,234.63,1.94,193.77,1.16,115.65,1.79,178.92,1.67,167.31,3.3,330.39,4.23,423.45,4.21,420.57,4.11,411.48,2.87,287.01,92.52,0.19,395.72,0.81,2,1,3
PO1000003983,"2020,2021",UNKNOWN,ENTREPALMAS S.A.S.,ENTREPALMAS S.A.S.,RSPO Certified,"RSPO Certified, IP",3/31/23,3.56,-73.58,"3.564583, -73.579412",COL,Colombia,Meta,San Martín,1-Fully Verified,,251.96,25196.13,846.29,1708.31,170830.89,2.01,200.7,1.05,104.76,1.91,191.25,2.9,289.89,1.38,137.88,2.75,274.59,1.29,129.15,2.36,235.71,0.78,78.3,2.74,274.05,0.6,60.12,2.64,263.7,1.88,187.83,1.74,174.42,0.4,39.96,0.95,95.04,3.66,366.48,2.03,203.49,2.56,256.41,0.57,57.06,1.28,128.16,5.85,585.36,43.34,0.17,208.62,0.83,3,1,4
PO1000003992,"2021,2020",UNKNOWN,ALIANZA ORIENTAL S.A.,ALIANZA ORIENTAL S.A.,RSPO Certified,"RSPO Certified, IP",3/31/23,4,-73.58,"3.995075, -73.58075",COL,Colombia,Meta,Villavicencio,2-High Confidence,,60.3,6030.45,275.89,575.56,57556.08,0.45,44.82,0.22,22.32,0.06,6.21,0.69,69.12,1.39,138.87,0.18,17.73,0.23,23.31,0.54,54.36,0.32,31.86,1.24,123.57,0.91,90.54,0.78,78.12,0.02,2.07,0.46,46.26,0.35,34.83,0.31,31.23,0.27,27,0.22,21.69,0.15,14.94,0.18,18.36,0.76,75.69,0.88,88.02,10.61,0.18,49.7,0.82,3,1,4
PO1000003997,"2020,2021,2019",AGROAMERICA,EXTRACTORA LA FRANCIA / AGROCARIBE,EXTRACTORA LA FRANCIA,RSPO Certified,"RSPO Certified, IP",3/31/23,15.47,-88.81,"15.468472, -88.809417",GTM,Guatemala,Izabal,Morales,1-Fully Verified,,3128.82,312881.94,4822.17,8494.82,849482.19,20.32,2032.11,40.61,4060.53,15.74,1574.28,13.45,1344.51,32.82,3281.85,14.61,1460.52,39.93,3993.39,27.12,2712.24,27.87,2787.21,36.56,3656.34,32.95,3294.72,35.67,3566.52,45.9,4590.36,41.41,4140.9,30.31,3030.66,101.36,10135.53,49.17,4917.06,48.62,4861.53,53.09,5308.65,55.36,5535.81,39.65,3965.31,24.16,2415.78,826.66,0.26,2302.16,0.74,3,2,3
PO1000004026,"2020,2021",UNKNOWN,EXTRACTORA SICARARE LTDA,EXTRACTORA SICARARE LTDA,RSPO Certified,"RSPO Certified, IP, MB",3/31/23,9.93,-73.26,"9.931944, -73.262494",COL,Colombia,Cesar,Agustín Codazzi,1-Fully Verified,,951.87,95187.24,1135.01,2237.67,223766.64,1.94,193.59,0.9,90.09,4.36,435.69,1.07,107.28,1.38,138.06,1.21,121.41,3.7,369.81,1.59,158.85,1.39,139.41,2.09,209.07,1.42,142.02,1.25,125.46,0.53,53.28,1.71,170.73,1.36,136.17,8.07,806.58,17.96,1795.68,3.32,331.92,1.39,138.6,2.68,267.84,1.79,178.74,2.8,279.72,63.9,0.07,887.97,0.93,1,1,3
PO1000004029,"2021,2020",UNKNOWN,PALMACEITE S.A.,PALMACEITE S.A.,Not RSPO Certified,,3/31/23,10.62,-74.17,"10.6189, -74.1689",COL,Colombia,Magdalena,Ciénaga,1-Fully Verified,,448.96,44896.05,519.41,1109.91,110990.52,0.33,32.58,0.36,36.36,0.92,91.62,0.66,66.33,1.12,112.23,0.97,96.84,1.88,188.19,4.82,482.49,2,199.62,0.93,92.61,1.93,193.32,3.72,371.7,1.06,105.57,2.26,225.72,2.28,227.97,5.34,533.7,16.02,1602.27,10.56,1056.06,5.24,523.62,7.66,765.63,7.23,722.7,6.8,679.95,84.07,0.19,364.89,0.81,3,1,4
PO1000004030,"2021,2020",FAMAR S.A.,EL ROBLE S.A,EXTRACTORA EL ROBLE S.A.,RSPO Certified,"RSPO Certified, IP",3/31/23,10.67,-74.22,"10.671, -74.215165",COL,Colombia,Magdalena,Ciénaga,1-Fully Verified,,167.38,16737.93,182.62,479.27,47926.71,0.43,43.47,0.65,64.71,0.78,78.3,0.99,99.18,0.25,24.75,0.32,31.59,0.51,51.03,3.05,305.46,2.67,266.67,1.45,144.9,2.29,229.05,3.27,327.06,2.33,233.28,4.45,445.05,4.38,437.85,6.48,648.09,3.57,356.58,3.43,343.35,0.95,94.95,3.38,338.04,8.07,807.12,13.36,1335.6,67.06,0.4,100.32,0.6,5,3,5
PO1000004055,"2020,2021",MEDCO AGRO,KRIYA SWARNA PUBIAN,KRIYA SWARNA PUBIAN,Not RSPO Certified,,3/31/23,-5.06,104.88,"-5.0637, 104.876633",IDN,Indonesia,Lampung,Lampung Tengah,1-Fully Verified,,1334.98,133497.63,1685.34,3079.48,307947.78,18.05,1804.68,8.73,873.45,7.31,730.71,3.8,379.71,4.3,430.38,6.52,651.78,17.05,1704.6,5.38,537.57,19.12,1911.69,11.46,1145.52,14.52,1451.79,14.26,1425.87,1.93,193.14,4.26,425.79,2.67,267.3,8.58,858.24,7.68,768.42,7.19,718.56,8.71,871.38,8.2,819.63,7.32,731.52,4.15,414.63,191.16,0.14,1143.81,0.86,2,1,3
PO1000004056,2021,MAKIN,WAHANA KARYA MANDIRI KAHURIPAN,BUNGA MAYANG,Not RSPO Certified,,3/31/23,-4.47,104.26,"-4.471586, 104.255916",IDN,Indonesia,Sumatera Selatan,Ogan Komering Ulu Timur,1-Fully Verified,,2323.04,232304.31,2648.32,5125.11,512510.94,11.7,1170.09,14.76,1476.45,9.82,982.17,14.96,1495.89,25.74,2574,27.77,2776.68,15.79,1579.23,15.69,1568.7,37.21,3720.78,29.79,2979.45,39.21,3921.21,56.59,5658.57,25.09,2509.38,67.78,6777.81,40.77,4076.91,51.8,5180.4,44.54,4454.28,43.3,4329.9,38.13,3813.3,35,3499.74,23.08,2308.05,31.42,3141.72,699.95,0.3,1623.1,0.7,3,2,3
PO1000004059,"2021,2020",TRINITY INTERLINK,SINAR BENGKULU SELATAN,SINAR BENGKULU SELATAN,Not RSPO Certified,,3/31/23,-4.38,102.84,"-4.3782, 102.8406",IDN,Indonesia,Bengkulu,Bengkulu Selatan,1-Fully Verified,,1345.77,134577.18,1428.95,3022.4,302240.25,7.85,784.53,13.15,1315.35,3.95,395.46,21.25,2125.26,11.8,1179.54,24.01,2400.66,5.31,531.45,22.71,2270.61,6.39,638.91,10.56,1056.24,12.83,1283.22,22.75,2275.38,6.5,650.34,12.71,1271.34,15.23,1523.16,17.05,1705.41,16.53,1652.58,16.47,1647.45,12.14,1213.56,11.6,1160.1,8.46,846.45,14.54,1453.5,293.8,0.22,1051.97,0.78,3,1,3
PO1000004063,"2020,2021",UNKNOWN,SURYA UTAMA NABATI,SURYA UTAMA NABATI,Not RSPO Certified,,3/31/23,-4.19,105.22,"-4.188889, 105.220556",IDN,Indonesia,Lampung,Tulang Bawang Barat,1-Fully Verified,,275.74,27574.47,970.69,1507.67,150767.37,9.77,977.49,4.73,473.49,3.52,352.17,6.09,609.48,8.55,855.36,9.66,965.97,15.7,1570.32,13,1300.5,22.19,2219.22,7.24,724.23,18.68,1867.77,14.03,1402.83,2.3,230.22,12.46,1245.78,31.76,3175.83,44.76,4475.97,8.46,846,19.08,1907.82,26.35,2635.38,7.55,755.37,15.11,1510.83,14.45,1445.4,275.74,1,0,0,5,5,2
PO1000004064,"2021,2020",TUDUNG,GARUDA BUMI PERKASA,GARUDA BUMI PERKASA,Not RSPO Certified,,3/31/23,-4.03,105.16,"-4.0299, 105.1588",IDN,Indonesia,Lampung,Mesuji,1-Fully Verified,,53.31,5330.61,302.39,659.26,65925.54,1.46,145.71,0.4,40.5,0.18,17.82,0.55,55.26,0.27,27.18,0.7,69.93,0.58,58.14,2.31,230.85,1.04,104.49,1.73,172.53,0.9,90.09,2.1,209.79,0.18,18.09,1.07,107.28,2.01,201.42,2.49,249.39,2.02,202.23,3.94,394.11,2.27,227.07,3.36,335.61,1.27,127.17,4.18,417.6,35.02,0.66,18.28,0.34,5,4,4
PO1000004068,"2020,2021",SINAR MAS,SAWIT MAS SEJAHTERA,SUNGAI KIKIM,Not RSPO Certified,,3/31/23,-3.63,103.22,"-3.633013, 103.219098",IDN,Indonesia,Sumatera Selatan,Lahat,1-Fully Verified,,1954.85,195485.49,2189.36,4372.81,437280.84,15.18,1517.76,6.44,643.86,2.44,243.99,21.98,2197.89,20.64,2064.24,31.61,3161.07,6.41,640.89,44.64,4463.82,16.67,1666.53,22.12,2211.93,19.14,1914.3,39.83,3983.31,12.03,1202.94,24.25,2424.69,30.89,3088.71,42.93,4292.82,31.39,3139.47,62.25,6224.94,26.28,2627.55,24,2399.76,18.2,1819.71,43.77,4376.52,563.07,0.29,1391.79,0.71,3,2,3
PO1000004070,"2021,2020",EAGLE HIGH PLANTATIONS,SURYABUMI TUNGGAL PERKASA,BATU BULAN,Not RSPO Certified,,3/31/23,-3.34,115.77,"-3.337111, 115.771",IDN,Indonesia,Kalimantan Selatan,Tanah Bumbu,1-Fully Verified,,1264.39,126439.2,1296.13,2463.44,246344.13,9.54,954.09,15.03,1503.18,6.39,639.27,10.98,1097.55,7.68,768.06,28.5,2849.67,15.61,1561.32,7.62,761.94,23.06,2305.62,25.9,2589.66,52.88,5288.4,41.92,4191.93,18.2,1819.62,46.1,4610.16,74.13,7413.03,26.41,2641.14,25.7,2569.5,50.28,5027.58,26.18,2618.19,6.24,624.15,11.53,1152.9,6.42,641.52,536.28,0.42,728.11,0.58,2,3,3
PO1000004072,"2020,2021",UNKNOWN,AGRICINAL,AGRICINAL,Not RSPO Certified,,3/31/23,-3.2,101.63,"-3.200972, 101.630139",IDN,Indonesia,Bengkulu,Bengkulu Utara,1-Fully Verified,,206.16,20616.03,288.8,510.86,51086.16,3.57,357.12,1.36,135.9,1.35,134.55,2.43,243.36,0.48,47.97,2.94,294.03,4.72,471.51,1.55,154.8,1.34,133.92,0.63,62.91,2.59,259.29,1.01,100.62,1.05,105.48,2.86,285.84,0.79,79.2,1.4,139.68,3.41,341.46,3.88,388.08,1.64,163.71,1.69,169.02,3.65,364.59,13.97,1396.8,58.3,0.28,147.86,0.72,5,2,5
PO1000004075,2020,UNKNOWN,KARYA INDO SEJATITAMA,KARYA INDO SEJATITAMA,Not RSPO Certified,,3/31/23,-3,102.79,"-2.997939, 102.787836",IDN,Indonesia,Sumatera Selatan,Musi Rawas,1-Fully Verified,,1270.12,127011.51,1316.93,1798.46,179846.46,15.16,1515.69,7.02,702.36,0.5,50.22,17.58,1758.33,6.8,680.31,27.79,2778.57,1.49,149.13,31.26,3125.7,17.7,1770.48,16.31,1631.34,4.56,455.94,34.03,3403.26,8.52,852.12,18.73,1872.9,18.97,1897.11,34.72,3471.75,16.79,1679.4,19.98,1997.91,15.39,1538.64,14.44,1444.05,9.63,962.91,20.07,2007.18,357.45,0.28,912.66,0.72,3,2,3
PO1000004084,"2020,2021",CAPELLA,SWARNA NUSA SENTOSA,SWARNA NUSA SENTOSA,Not RSPO Certified,,3/31/23,-2.48,106.08,"-2.482539, 106.076744",IDN,Indonesia,Bangka Belitung,Bangka Tengah,1-Fully Verified,,211.45,21144.87,270.21,377.89,37789.38,2.48,248.31,1.31,131.4,2.04,203.58,2.55,255.33,8.94,893.52,3.01,300.87,6.11,611.28,6.31,631.35,14.38,1437.57,8.13,813.33,5.18,518.31,4.05,404.73,1.3,129.69,5.75,574.83,8.35,835.29,13.1,1310.31,10.5,1050.39,11.25,1124.82,7.34,733.86,6.55,655.38,9.68,968.31,10.22,1022.4,148.55,0.7,62.9,0.3,5,4,4
PO1000004089,2020,SINAR MAS,KRESNA DUTA AGROINDO,PELAKAR,RSPO Certified,"RSPO Certified, MB",3/31/23,-2.19,102.64,"-2.185278, 102.642222",IDN,Indonesia,Jambi,Sarolangun,2-High Confidence,,215.32,21531.6,244.7,326.16,32615.82,1.19,118.8,2.04,203.85,0.48,47.7,4.48,447.93,2,200.25,6.21,620.55,3.96,396.18,18.7,1870.02,11.14,1114.02,5.61,561.15,1.71,170.64,17.48,1747.62,1.69,168.93,2.94,294.12,2.73,273.24,13.34,1334.16,4.47,446.94,5.36,535.59,4.15,415.17,20.17,2017.35,5.41,541.26,6.44,643.59,141.69,0.66,73.63,0.34,4,4,3
PO1000004090,"2021,2020",LAMBANG JAYA,LAMBANG SAWIT PERKASA,LAMBANG SAWIT PERKASA,Not RSPO Certified,,3/31/23,-2.22,102.48,"-2.223756, 102.480456",IDN,Indonesia,Jambi,Sarolangun,1-Fully Verified,SABANG SAWIT NUSANTARA,152.67,15266.88,172.36,309.3,30930.21,0.57,57.42,0.78,77.58,0.19,19.35,2.04,204.12,0.48,47.97,1.44,143.64,1.41,141.48,0.93,92.88,1.77,177.48,2.3,230.49,0.55,54.63,3.16,315.63,1.12,112.14,1.48,148.14,1.27,127.44,2.72,271.89,4.1,409.59,4.88,487.98,3.57,356.76,7.48,747.63,8.43,842.76,12.99,1298.79,63.66,0.42,89.01,0.58,5,3,5
PO1000004092,2021,PADASA ENAM UTAMA,MULTI MAKMUR MITRA ALAM,MULTI MAKMUR MITRA ALAM,Not RSPO Certified,,3/31/23,-2.15,116.08,"-2.150817, 116.083859",IDN,Indonesia,Kalimantan Timur,Paser,1-Fully Verified,PASER,457.85,45785.07,462.8,901.61,90161.1,4.19,418.86,9.81,980.82,3.1,310.32,16.16,1616.13,9.03,902.52,41.02,4102.2,9.64,964.17,13.19,1318.86,71.1,7110.18,10.8,1079.64,13.12,1312.38,5.64,564.12,13.53,1353.42,19.61,1960.65,12.89,1288.62,11.73,1172.97,4.32,432,12.69,1268.82,6.83,682.65,1.63,162.54,2.56,256.5,1.66,165.87,294.24,0.64,163.61,0.36,2,4,2
PO1000004094,2020,MENTARI,GRAHACIPTA BANGKOJAYA,GRAHA CIPTA BANGKO JAYA,Not RSPO Certified,,3/31/23,-2.09,102.44,"-2.0852778, 102.436472",IDN,Indonesia,Jambi,Merangin,1-Fully Verified,,78.88,7887.51,83.71,105.75,10574.64,2.28,227.79,1.47,146.52,0.33,32.76,1.94,194.13,1.97,196.65,1.91,191.43,3.14,313.83,0.46,46.44,3.98,397.98,4.53,453.24,1.88,188.01,2.32,232.02,0.93,93.42,1.02,102.42,1.2,119.61,1.75,175.41,2.25,224.82,2,199.89,0.83,82.71,2.13,213.12,2.84,284.13,2.51,251.1,43.67,0.55,35.2,0.45,4,3,4
PO1000004101,"2020,2021",BAKRIE,SUMBERTAMA NUSAPERTIWI,SUMBERTAMA NUSA PERTIWI,Not RSPO Certified,,3/31/23,-1.68,103.8,"-1.6804, 103.799883",IDN,Indonesia,Jambi,Muaro Jambi,1-Fully Verified,,359.16,35916.03,389.52,1077.19,107718.93,3.01,300.69,3.57,356.85,2.17,217.08,62.83,6282.81,44.93,4492.53,5.58,558,19.08,1907.64,16.49,1649.34,12.03,1203.03,0.14,14.13,0.29,29.34,11.43,1143.27,5.15,514.89,5.6,559.62,5.14,513.99,10.26,1026.36,8.83,882.63,7.33,733.32,7.22,722.07,9.6,960.3,8.31,831.24,9.7,969.57,258.69,0.72,100.47,0.28,4,4,3
PO1000004107,2021,TRIPUTRA AGRO PERSADA,MUARATOYU SUBUR LESTARI,MUARATOYU SUBUR LESTARI,Not RSPO Certified,,3/31/23,-1.35,116.38,"-1.351767, 116.382913",IDN,Indonesia,Kalimantan Timur,Penajam Paser Utara,1-Fully Verified,,7.07,706.59,6.69,5.53,553.41,0.14,14.49,0.05,4.59,0.08,8.19,0.06,6.03,0.02,1.62,0.05,5.04,0.13,12.96,0,0.27,0.17,17.19,0.46,45.99,3.47,347.4,0.63,62.91,0.19,19.08,0.07,6.75,0.01,1.08,0.01,1.44,0.01,0.63,0.03,3.15,0,0.36,0.03,3.15,0,0.18,0,0.27,5.63,0.8,1.44,0.2,1,4,1
PO1000004111,"2021,2020",METRO,CITRAKOPRASINDO TANI,CITRAKOPRASINDO TANI,Not RSPO Certified,,3/31/23,-1.3,103.14,"-1.295921, 103.143637",IDN,Indonesia,Jambi,Tanjung Jabung B,1-Fully Verified,,0.91,90.72,1.35,3.05,305.28,0,0,0,0.36,0,0.09,0.06,6.39,0,0.18,0,0,0.01,1.44,0.01,0.81,0,0.18,0,0,0,0,0,0,0,0.09,0,0.09,0,0,0,0,0,0,0,0,0,0,0,0,0.41,41.4,0,0.09,0.51,0.56,0.4,0.44,5,3,5
PO1000004117,"2020,2021",UNKNOWN,NIRMALA ABDI DAMAI,SEI AKAR,Not RSPO Certified,,3/31/23,-0.79,102.6,"-0.792917, 102.5963",IDN,Indonesia,Riau,Indragiri Hulu,1-Fully Verified,,117.7,11770.2,122.46,258.02,25801.65,2.94,294.21,6.18,618.3,2.97,296.73,12.56,1256.22,7.6,759.6,12.85,1284.84,2.08,207.99,4.56,455.67,6.31,630.81,1.84,183.78,0.94,94.32,2.91,290.88,0.46,45.9,0.8,79.56,1.81,180.72,0.83,83.25,0.81,80.73,0.63,62.55,0.59,58.77,0.38,38.43,0.48,48.24,0.47,46.53,70.98,0.6,46.72,0.4,2,3,2
PO1000004119,"2021,2020",SARIMAS,TRI BAKTI SARIMAS,BUKIT PAYUNG,Not RSPO Certified,,3/31/23,-0.73,101.64,"-0.7282, 101.6399",IDN,Indonesia,Riau,Kuantan Singingi,2-High Confidence,,53.09,5308.56,70.33,68.55,6855.39,5.23,523.35,0.09,9.45,0,0,0.01,1.17,0.06,5.67,6.39,638.64,13.52,1352.16,6.56,656.28,0.1,9.54,0.42,42.39,1.52,152.1,5.54,553.86,1.46,146.07,3.59,359.19,7.23,723.15,4.09,408.51,0.27,26.55,0.25,24.84,0.43,42.66,0,0.09,0.44,44.01,0.49,49.23,53.09,1,0,0,3,5,1
PO1000004121,"2020,2021",TSH RESOURCES,FARINDA BERSAUDARA,FARINDA BERSAUDARA,Not RSPO Certified,,3/31/23,-0.7,116.26,"-0.695892, 116.261869",IDN,Indonesia,Kalimantan Timur,Kutai Barat,1-Fully Verified,,1679.99,167998.95,1627.43,3591.48,359148.33,5.7,570.06,20.36,2036.16,3.64,363.51,3.66,366.03,5.55,555.12,18.19,1818.72,12.04,1204.02,23.17,2317.23,50.58,5057.91,19.93,1993.23,12.83,1282.59,24.46,2445.66,10.12,1012.23,20.94,2093.67,33.34,3334.23,33.12,3312.45,24.45,2445.39,26.75,2674.98,10.54,1053.72,5.29,528.57,5.46,545.67,4.08,407.88,374.19,0.22,1305.8,0.78,1,1,3
PO1000004125,2021,UNKNOWN,PRIMA PALM LATEX INDUSTRI,PRIMA PALM LATEX INDUSTRI,Not RSPO Certified,,3/31/23,2.78,99.25,"2.78305, 99.253967",IDN,Indonesia,Sumatera Utara,Asahan,1-Fully Verified,,119.52,11952.36,124.15,445.23,44523.18,1.46,145.62,0.88,87.57,0.22,22.05,1.23,122.76,1.31,130.68,1.04,104.13,0.28,28.44,1.02,102.33,1.72,171.99,3.84,384.21,2.8,280.17,2.5,249.57,3.04,304.29,4.43,443.34,2.38,238.05,1.23,123.3,5.07,506.97,0.52,51.84,0.98,98.28,0.58,57.6,1.17,116.91,1.66,165.6,39.36,0.33,80.17,0.67,3,2,3
PO1000004126,2021,MAHKOTA,KARYA MITRA ANDALAN,KARYA MITRA ANDALAN,Not RSPO Certified,,3/31/23,2.78,99.62,"2.78457, 99.61819",IDN,Indonesia,Sumatera Utara,Asahan,1-Fully Verified,,38.63,3862.53,43.13,63.25,6324.57,0.48,47.97,0.1,9.54,0.07,7.47,0.53,52.74,0.55,55.26,0.5,50.22,0.29,29.07,0.08,7.65,0.24,24.21,0.35,35.46,0.25,24.84,0.44,43.74,0.22,21.6,0.25,25.29,0.44,44.37,2.79,279.36,4.2,420.03,9.29,928.8,0.19,18.72,0.18,17.91,0.59,59.4,0.28,27.54,22.31,0.58,16.31,0.42,3,3,3
PO1000004128,"2021,2020",SAMSUNG,INECDA PLANTATIONS,INECDA,RSPO Certified,"RSPO Certified, MB",3/31/23,-0.49,102.37,"-0.49318, 102.367555",IDN,Indonesia,Riau,Indragiri Hulu,1-Fully Verified,,259.07,25907.31,308.67,702.59,70259.13,12.85,1284.66,22.86,2285.91,4.32,432.18,11.83,1183.14,18.8,1879.56,2.77,277.11,1.66,166.32,5.35,535.23,0.83,82.71,14.42,1441.62,3.95,395.37,6.11,611.28,2.97,296.73,9.8,980.46,4.2,419.58,12.73,1273.14,8.97,897.03,4.81,481.05,9.51,951.3,5.64,563.67,7.75,774.81,8.59,859.05,180.72,0.7,78.35,0.3,4,4,3
PO1000004130,2020,UNKNOWN,SWAKARSA SAWIT RAYA,SWAKARSA SAWIT RAYA,Not RSPO Certified,,3/31/23,-0.49,102.48,"-0.48911, 102.479086",IDN,Indonesia,Riau,Indragiri Hulu,1-Fully Verified,,68.61,6861.06,86.28,95.37,9536.85,4.49,449.1,1.1,110.34,0.71,70.83,0.4,39.96,0.6,60.48,0.07,7.29,0.44,44.37,3.86,386.28,1.73,172.98,7.05,704.7,1.67,166.95,2.4,239.67,2.71,270.81,5.22,522.36,1.12,111.51,1.44,143.55,1,100.35,0.64,63.9,1.9,190.26,1.48,147.78,1.99,198.9,2.61,260.82,44.63,0.65,23.98,0.35,4,4,3
PO1000004132,"2020,2021",SINAR MAS,SINAR KENCANA INTI PERKASA,SUNGAI MAGALAU,Not RSPO Certified,,3/31/23,-2.81,116.19,"-2.807667, 116.186301",IDN,Indonesia,Kalimantan Selatan,Kota Baru,1-Fully Verified,,741.32,74132.1,930.62,1743.69,174369.33,12.76,1276.02,18.54,1854.09,7.13,712.62,21.4,2140.02,13.9,1390.32,20.38,2038.32,8.55,854.55,4.23,423.18,21.05,2104.65,6.75,675.27,15.8,1580.04,15.86,1585.8,20.09,2008.53,20.82,2082.24,27.69,2768.76,23.76,2376.45,8.62,862.2,12.5,1249.83,11.97,1197.27,3.21,321.21,3.99,398.61,3.59,359.37,302.59,0.41,438.73,0.59,2,3,3
PO1000004134,"2021,2020",PTPN III,PERKEBUNAN NUSANTARA IV,BERANGIR,RSPO Certified,"RSPO Certified, MB",3/31/23,2.22,99.76,"2.2247222, 99.760278",IDN,Indonesia,Sumatera Utara,Labuhanbatu Utara,1-Fully Verified,,437.93,43792.92,436.93,953.66,95365.98,3.72,371.79,7.93,793.08,8.24,824.13,13.78,1377.99,13.83,1382.67,15.56,1555.83,4.08,407.52,1.66,165.96,12.55,1255.41,3.51,350.82,4.17,416.52,5.63,563.49,2.06,205.65,4.01,400.77,1.59,159.3,5.55,555.3,5.92,591.66,6.01,601.47,8.2,819.63,6.39,638.91,7.07,707.13,2.78,277.65,144.23,0.33,293.7,0.67,3,2,3
PO1000004136,"2020,2021",LYMAN AGRO,SINAR DINAMIKA KAPUAS,SINAR DINAMIKA KAPUAS,Not RSPO Certified,,3/31/23,-0.31,111.6,"-0.309167, 111.596767",IDN,Indonesia,Kalimantan Barat,Melawi,2-High Confidence,,1132.68,113267.52,1194.07,2889.9,288990.18,10.6,1059.84,9.86,986.22,9.87,986.85,11.91,1190.88,10.23,1023.21,8.4,839.61,3.69,368.55,11.76,1176.48,14.53,1453.14,8.14,813.78,18.15,1815.03,21.8,2180.25,12.3,1230.39,16.95,1694.61,21.57,2156.67,29.62,2962.26,19.55,1954.62,18.19,1819.26,10.06,1006.11,13.07,1306.8,8.44,844.38,20.46,2045.52,309.14,0.27,823.53,0.73,3,2,3
PO1000004137,"2021,2020",SUNGAI BUDI,SERBA HUTA JAYA,SERBA HUTA JAYA,Not RSPO Certified,,3/31/23,2.22,99.93,"2.222889, 99.934639",IDN,Indonesia,Sumatera Utara,Labuhanbatu Utara,1-Fully Verified,,98.58,9858.06,106.28,197.87,19787.4,0.63,62.64,0.49,49.23,0.14,14.22,1.21,120.78,0.61,61.02,0.23,23.4,0.18,17.64,0.01,1.26,0.81,81.27,0.64,64.44,0.71,70.56,0.7,70.47,0.55,54.99,0.91,91.08,3.47,346.86,4.55,455.4,7.86,786.33,5.27,526.77,1.98,198.27,1.14,114.3,3.1,310.5,1.26,126.45,36.48,0.37,62.1,0.63,3,3,4
PO1000004138,"2020,2021",SAMSUNG,GANDAERAH HENDANA,GANDAERAH HENDANA,RSPO Certified,"RSPO Certified, MB",3/31/23,-0.16,102.21,"-0.156038, 102.20624",IDN,Indonesia,Riau,Pelalawan,1-Fully Verified,,200.32,20031.93,289.21,471.85,47185.11,16.59,1659.24,19.29,1929.15,2.97,296.55,40.09,4008.69,12.15,1215.36,0.06,6.12,4.51,451.44,4.12,411.75,1.16,115.74,7.92,792.27,5.5,550.44,2.44,243.99,2.05,205.11,0.89,88.56,0.94,93.87,2.1,210.06,1.83,182.97,1.95,194.58,4.66,466.11,4.02,402.48,3.64,363.51,9.19,918.63,148.07,0.74,52.25,0.26,4,4,3
PO1000004153,2021,CISADANE RAYA,CISADANE SAWIT RAYA,CISADANE SAWIT RAYA,Not RSPO Certified,,3/31/23,2.24,100.19,"2.242982, 100.191747",IDN,Indonesia,Sumatera Utara,Labuhanbatu,1-Fully Verified,,74.54,7454.16,143.89,212.67,21266.55,5.21,520.65,0.96,96.39,0.54,54.36,1.86,186.21,0.6,59.58,0.45,45.18,1.19,119.07,0.06,6.39,4.85,484.65,3.67,367.2,0.44,44.1,0.6,59.85,2.4,240.48,6.16,615.51,2.73,272.97,5.86,586.35,1.97,196.74,0.13,13.41,4.19,418.59,2.39,239.49,2.11,210.78,6.38,638.1,54.76,0.73,19.78,0.27,5,4,4
PO1000004154,"2021,2020",BBIP PALM,FLORA WAHANA TIRTA,FLORA WAHANA TIRTA,Not RSPO Certified,,3/31/23,0.13,101.27,"0.134774, 101.267236",IDN,Indonesia,Riau,Kampar,2-High Confidence,,33.62,3362.04,43.89,82.58,8258.13,0.68,67.59,0.54,53.64,0.18,18.18,0.26,25.92,1.36,135.72,1.33,132.57,1.05,105.21,1.36,135.72,0.63,62.91,1.36,135.63,0.74,74.34,1.22,121.95,0.52,52.11,1.83,182.61,2.07,207.09,3.87,387,5.11,510.57,3.51,351,1.36,136.35,0.95,94.77,1.65,165.15,1.09,108.54,32.65,0.97,0.97,0.03,5,5,3
PO1000004159,2020,UNKNOWN,SURYA BRATASENA PLANTATION,SEI NILO,Not RSPO Certified,,3/31/23,0.15,101.98,"0.1510556, 101.975056",IDN,Indonesia,Riau,Pelalawan,2-High Confidence,,118.04,11803.68,135.86,234.49,23449.14,2.3,230.49,0.99,99.18,0.27,27.36,5.53,553.32,4.67,467.19,3.4,339.75,2.99,299.34,2.19,218.52,0.64,64.35,10.59,1058.76,5.93,592.56,2.46,245.7,1.23,123.3,1.35,134.91,0.73,73.44,3.71,371.07,4.37,436.77,3.92,391.68,2.78,277.65,4.48,447.57,2.8,280.44,9.87,986.85,77.2,0.65,40.83,0.35,5,4,4
PO1000004161,2021,MERBAUJAYA INDAHRAYA,MERBAUJAYA INDAHRAYA,MERBAUJAYA INDAHRAYA,Not RSPO Certified,,3/31/23,2.28,99.78,"2.283883, 99.7803",IDN,Indonesia,Sumatera Utara,Labuhanbatu Utara,1-Fully Verified,,33.3,3329.73,34.65,61.07,6107.22,0.06,5.67,0.41,40.59,1.32,132.12,4.27,426.78,0.27,27.27,0.22,21.51,0.38,37.8,0.13,13.14,0.19,19.35,0.13,13.41,0.07,7.2,0.48,47.79,0.95,95.22,2.6,260.28,0.58,57.87,0.1,10.26,0.12,12.06,0.03,3.33,0.37,37.35,1.14,114.21,0.23,23.4,1.6,159.57,15.66,0.47,17.64,0.53,4,3,4
PO1000004163,"2021,2020",KALIMANTAN SAWIT KUSUMA (KSK),KALIMANTAN SAWIT KUSUMA,KALIMANTAN SAWIT KUSUMA,Not RSPO Certified,,3/31/23,-2.29,111.17,"-2.293505, 111.166972",IDN,Indonesia,Kalimantan Tengah,Sukamara,1-Fully Verified,,497.58,49758.03,665.81,1626.15,162614.61,8.58,857.97,28.17,2816.91,3.6,359.64,26.68,2668.14,14.87,1487.43,19.38,1937.7,11,1099.98,7.22,722.25,27.83,2783.34,13.44,1344.15,10.96,1095.84,29.11,2911.23,12.33,1233.09,23.87,2387.16,20.44,2043.72,12.34,1234.17,17.71,1770.75,14.17,1416.96,9.16,916.38,10.95,1095.48,8.6,860.31,19.38,1938.24,349.81,0.7,147.77,0.3,4,4,3
PO1000004165,2021,ASTRA AGRO LESTARI,GUNUNG SEJAHTERA DUA INDAH,GUNUNG SEJAHTERA DUA INDAH,Not RSPO Certified,,3/31/23,-2.3,111.84,"-2.30085, 111.837333",IDN,Indonesia,Kalimantan Tengah,Kotawaringin Barat,1-Fully Verified,,417.3,41730.21,546.73,770.55,77055.48,29.8,2980.17,29.51,2951.37,11.66,1165.95,15.56,1555.83,23.29,2329.38,52.78,5277.6,61.77,6176.88,40.46,4045.77,22.28,2227.59,6.93,692.73,4.9,490.23,36,3599.91,43.88,4387.77,13.58,1357.92,3.86,386.28,3.79,379.08,31.81,3180.6,4.32,432.09,1.34,134.01,0.22,22.05,5.25,524.52,4.11,410.67,417.3,1,0,0,3,5,1
PO1000004167,"2021,2020",ASTRA AGRO LESTARI,PERKEBUNAN LEMBAH BHAKTI,PERKEBUNAN LEMBAH BHAKTI 1,Not RSPO Certified,,3/31/23,2.31,98,"2.314164, 97.995719",IDN,Indonesia,Aceh,Aceh Singkil,1-Fully Verified,,204.96,20495.7,255.23,633.88,63388.17,2.69,268.92,0.92,91.89,6.8,679.95,4.79,478.89,6.42,641.79,6.07,606.96,6.25,625.23,4.27,427.23,9.63,963.36,10.87,1087.38,4.91,490.77,7.62,762.21,5.93,592.65,6.36,635.94,3.1,309.78,3.99,398.79,2.43,243.18,10.37,1037.16,6.09,608.58,9.95,995.13,5.96,596.34,5.29,529.47,130.72,0.64,74.24,0.36,4,4,3
PO1000004168,2020,PADASA ENAM UTAMA,PADASA ENAM UTAMA,KOTO KAMPAR,Not RSPO Certified,,3/31/23,0.4,100.61,"0.39647222, 100.613167",IDN,Indonesia,Riau,Kampar,1-Fully Verified,,590.23,59023.26,707.62,1179.25,117925.29,18.42,1841.85,8.29,829.44,25.64,2563.83,15.62,1561.95,22.56,2255.94,12.21,1220.94,11.95,1194.66,12,1199.88,16.98,1697.58,16.7,1670.49,7.28,727.92,14.17,1416.96,11.9,1189.89,18.19,1818.72,9.88,987.75,15.9,1589.85,24.76,2475.63,20.12,2012.22,8.59,858.96,9.29,928.8,27.04,2704.23,15.3,1530.18,342.78,0.58,247.46,0.42,5,3,4
PO1000004172,"2020,2021",UNKNOWN,MULTI PALMA SEJAHTERA,SI KIJANG,Not RSPO Certified,,3/31/23,0.41,101.67,"0.414389, 101.66675",IDN,Indonesia,Riau,Pelalawan,1-Fully Verified,,139.66,13966.29,175.12,320.71,32071.23,7.21,721.17,2.57,256.86,0.59,58.77,28.32,2831.94,9.06,906.21,1.92,191.88,3.56,356.13,4.32,431.91,7.77,777.33,10.79,1078.83,2.89,288.72,4.74,473.76,2.6,259.74,1.73,172.71,0.83,82.53,1.1,109.71,1.43,142.74,5.5,549.63,4.36,436.41,9.27,927.09,4.6,459.63,3.86,386.01,119,0.85,20.67,0.15,4,5,3
PO1000004175,"2021,2020",DAYA SEMESTA AGRO PERSADA (DSAP),DAYA SEMESTA AGRO PERSADA,DAYA SEMESTA AGRO PERSADA,Not RSPO Certified,,3/31/23,-2.96,104.92,"-2.963908, 104.917801",IDN,Indonesia,Sumatera Selatan,Banyu Asin,1-Fully Verified,,247.85,24784.83,457.75,641.64,64164.42,0.49,48.51,3.33,332.73,1.29,128.97,2.77,277.47,4.2,419.67,12.85,1285.2,17.57,1757.16,18.2,1820.16,30.51,3051.36,3.21,320.85,2.9,290.25,16.28,1628.1,1.48,148.32,3.09,308.61,8.53,853.02,17.38,1737.72,2.21,221.04,8.29,829.08,7.28,727.83,5.61,561.33,2.92,292.32,2.51,251.28,172.91,0.7,74.94,0.3,3,4,3
PO1000004181,"2020,2021",PTPN III,PERKEBUNAN NUSANTARA IV,BAH JAMBI,RSPO Certified,"RSPO Certified, MB",3/31/23,2.99,99.22,"2.986317, 99.220233",IDN,Indonesia,Sumatera Utara,Simalungun,2-High Confidence,,156.8,15679.62,228.23,437.48,43747.65,6.27,626.58,0.97,96.66,2,199.8,9.36,936.45,6,600.12,3.48,347.58,11.15,1114.56,2.58,257.85,6.47,646.92,4.43,442.8,4.91,491.49,2.09,209.16,0.3,29.79,0.63,62.73,4.94,494.01,16.97,1697.22,8.61,861.48,5.18,518.4,3.68,367.74,3.88,387.81,9.87,986.94,6.76,676.26,120.52,0.77,36.27,0.23,5,4,4
PO1000004190,"2021,2020",SUPERVENTURE,FORTIUS AGRO ASIA,FORTIUS AGRO ASIA,Not RSPO Certified,,3/31/23,0.48,100.75,"0.477181, 100.7515306",IDN,Indonesia,Riau,Rokan Hulu,1-Fully Verified,,42.98,4297.86,53.5,86.98,8697.78,0.56,55.98,0.37,36.99,0.21,20.97,1.81,181.26,4.94,494.46,2.24,223.74,0.84,83.52,0.72,72.27,1.32,131.67,0.28,28.08,0.19,19.26,0.23,23.22,0.19,18.54,0.28,28.08,0.21,20.79,0.42,41.58,0.1,10.08,1.93,192.78,7.26,726.03,0.35,35.37,1.42,141.84,0.34,33.93,26.2,0.61,16.77,0.39,3,3,3
PO1000004191,2020,BUMITAMA GUNAJAYA AGRO (BGA),BUMITAMA GUNAJAYA ABADI,KOTAWARINGIN,Not RSPO Certified,,3/31/23,-2.39,111.37,"-2.391111, 111.373333",IDN,Indonesia,Kalimantan Tengah,Kotawaringin Barat,1-Fully Verified,,221.12,22112.28,245.08,272.32,27232.47,5,500.22,4.71,471.06,0.95,94.68,4.41,440.73,23.69,2368.8,31.04,3103.92,16.52,1651.95,8.69,869.49,19.41,1941.39,7.42,741.69,2.45,244.71,15.03,1503.09,6.78,677.7,5.68,568.44,7.05,705.24,11.19,1118.52,2.65,264.6,2.26,225.99,1.07,107.19,1.87,186.66,1.86,185.94,4.95,494.91,184.67,0.84,36.45,0.16,3,5,2
PO1000004194,2021,KENCANA AGRI,ALAMRAYA KENCANA MAS,ALAM RAYA KENCANA MAS,Not RSPO Certified,,3/31/23,-2.4,115.99,"-2.400317, 115.988167",IDN,Indonesia,Kalimantan Selatan,Kota Baru,1-Fully Verified,,725.59,72558.72,707.72,1346.47,134646.75,2.57,257.13,4.87,487.44,2.22,221.94,42.14,4214.43,9.88,988.47,14.07,1407.06,3.3,329.85,2.39,238.59,12.98,1297.8,1.66,165.69,6.21,620.55,6.06,606.42,4.78,477.54,12.01,1200.87,10.4,1040.04,12.33,1232.55,8.72,872.37,5.53,552.51,8.05,805.32,2.82,281.79,4.21,420.57,3.16,315.72,180.35,0.25,545.24,0.75,2,1,3
PO1000004195,"2021,2020",PADASA ENAM UTAMA,PADASA ENAM UTAMA,KALIANTA 2,Not RSPO Certified,,3/31/23,0.53,100.78,"0.529028, 100.776972",IDN,Indonesia,Riau,Kampar,1-Fully Verified,,125.68,12567.87,154.68,501.98,50198.13,2.45,244.62,2.52,252.45,0.58,57.69,4.13,412.83,12.62,1261.8,10.7,1069.74,3.77,376.92,3.09,308.7,6.29,629.01,2.51,251.1,3.55,355.23,4.04,404.46,2.62,262.26,6.82,681.93,3.04,304.11,2.11,210.6,1.16,115.56,0.84,84.33,0.52,52.29,0.39,38.97,0.94,93.69,0.88,88.2,75.56,0.6,50.11,0.4,2,3,3
PO1000004196,"2020,2021",SINAR MAS,SINAR KENCANA INTI PERKASA,SUNGAI KUPANG,RSPO Certified,"RSPO Certified, MB",3/31/23,-3.05,116.02,"-3.053367, 116.015417",IDN,Indonesia,Kalimantan Selatan,Kota Baru,1-Fully Verified,,343.73,34373.43,476.19,1008.4,100839.78,6.95,695.34,3.07,306.81,0.73,73.08,2.54,254.16,1.8,180.18,11.16,1115.73,1.81,180.54,1.78,178.47,8.12,811.98,2.09,208.53,7.6,759.51,4.39,438.66,10.87,1087.2,12.87,1286.91,14.87,1487.16,10.05,1005.12,11.91,1190.61,22.58,2258.37,22.11,2211.48,10.99,1098.99,13.63,1362.87,4.7,469.98,186.62,0.54,157.12,0.46,4,3,3
PO1000004197,2020,UNKNOWN,NAFASINDO,NAFASINDO,Not RSPO Certified,,3/31/23,2.44,97.92,"2.43594, 97.91529",IDN,Indonesia,Aceh,Aceh Singkil,1-Fully Verified,,300.9,30089.61,327.95,676.51,67651.29,3.47,347.31,0.34,33.93,2.59,259.38,3.52,352.44,6.58,657.9,8.24,824.49,11.39,1139.49,24.73,2473.38,32.37,3236.58,18.62,1861.56,3.87,386.82,10.38,1037.88,2.46,246.06,4.5,450.45,4.09,409.41,2.09,208.62,1.8,180.45,5.37,537.3,1.66,165.87,4.88,487.71,1.79,179.28,3.89,388.98,158.65,0.53,142.24,0.47,3,3,3
PO1000004200,2021,INDAH,HUTA BAYU MARSADA,HUTA BAYU MARSADA,Not RSPO Certified,,3/31/23,3.06,99.33,"3.063817, 99.333633",IDN,Indonesia,Sumatera Utara,Simalungun,1-Fully Verified,,42.42,4242.24,49.26,93.58,9357.93,3.42,342.18,0.95,94.77,2.2,219.6,0.51,51.39,2.73,273.06,3.08,307.98,6.43,642.69,0.24,24.48,3.49,348.57,5.83,582.84,1.58,158.13,0.52,51.66,0.38,37.71,0.61,60.75,0.54,54.45,0.63,62.55,0.59,58.68,0.08,7.65,0.07,7.38,0.34,34.02,0.58,57.96,0.12,11.61,34.9,0.82,7.52,0.18,2,5,2
PO1000004202,"2021,2020",PTPN III,PERKEBUNAN NUSANTARA IV,AJAMU-I,RSPO Certified,"RSPO Certified, MB",3/31/23,2.46,100.16,"2.457183, 100.16065",IDN,Indonesia,Sumatera Utara,Labuhanbatu,1-Fully Verified,,676.81,67681.44,858.21,1403,140299.92,7.51,750.69,8.81,881.46,4.07,407.07,16.5,1650.06,31.73,3172.86,37.88,3788.37,46.91,4691.07,8.41,841.41,61.68,6168.24,85.51,8551.08,24.14,2414.25,40.64,4064.04,14.47,1447.02,24.81,2480.76,6.47,647.37,15.12,1512,12.56,1256.04,15.23,1523.34,10.58,1057.95,7.32,732.33,6.63,663.39,6.8,680.4,493.81,0.73,183,0.27,3,4,3
PO1000004203,2021,UNKNOWN,HARKAT SEJAHTERA,HARKAT SEJAHTERA,RSPO Certified,"RSPO Certified, MB",3/31/23,3.07,99.43,"3.065017, 99.428267",IDN,Indonesia,Sumatera Utara,Simalungun,1-Fully Verified,,107.74,10774.17,121.79,222.47,22246.65,4.73,472.95,0.68,67.68,1.27,126.54,1.37,136.62,0.8,80.46,1.73,173.34,0.98,97.56,0.63,62.73,8.14,814.41,6.85,685.44,4.59,459.18,1.92,191.97,0.18,18.36,2.44,244.26,7.72,772.2,0.73,72.99,0.6,60.03,0.23,22.95,0.89,89.37,0.81,80.55,0.35,35.01,0.44,43.83,48.08,0.45,59.66,0.55,1,3,3
PO1000004204,"2021,2020",UNKNOWN,BUDI TANI KEMBANG JAYA,BUDI TANI KEMBANG JAYA,Not RSPO Certified,,3/31/23,0.54,101.58,"0.542767, 101.579856",IDN,Indonesia,Riau,Siak,1-Fully Verified,,45.88,4587.93,83.83,116.43,11643.12,1.52,152.28,1.88,188.1,0.28,27.63,6.64,663.66,4.94,494.01,2.44,244.26,1.74,174.42,1.6,159.75,4.51,450.9,2,200.34,0.78,77.85,1.43,142.74,0.86,85.77,0.9,90.36,1.71,171.18,1.1,109.62,1.89,189,0.52,52.2,1.88,188.46,1.86,185.67,1.39,138.69,3.17,317.34,45.04,0.98,0.84,0.02,5,5,3
PO1000004206,"2020,2021",PTPN III,PERKEBUNAN NUSANTARA V,TERANTAM,RSPO Certified,"RSPO Certified, MB",3/31/23,0.58,100.75,"0.578806, 100.750806",IDN,Indonesia,Riau,Kampar,1-Fully Verified,,135.4,13540.32,147.98,264.08,26407.89,0.2,20.07,1.1,109.62,0.33,32.58,0.62,61.92,0.6,60.12,0.25,25.47,0.32,31.68,0.08,8.1,0.61,61.11,0.06,6.21,0.9,90.36,9.17,916.65,22.07,2207.07,17.87,1786.77,9.24,924.48,10.25,1024.65,1.81,180.81,5.21,521.37,6.08,608.4,2.32,232.11,0.62,61.92,4.74,473.94,94.45,0.7,40.95,0.3,3,4,3
PO1000004208,"2021,2020",PTPN III,PERKEBUNAN NUSANTARA IV,TINJOWAN,RSPO Certified,"RSPO Certified, MB",3/31/23,3.08,99.51,"3.080023, 99.512734",IDN,Indonesia,Sumatera Utara,Simalungun,1-Fully Verified,,107.63,10763.1,139.89,274.32,27431.55,4.59,458.55,5.09,509.31,2.9,289.71,7.98,798.12,6.43,643.05,6.22,621.54,1.43,142.92,0.19,19.17,4.02,402.03,6.17,616.59,1.46,146.07,0.94,93.51,1.69,169.29,1.13,113.31,1.2,120.33,1.95,195.21,1.42,141.84,0.23,22.86,5.78,578.07,0.99,99.36,1.49,148.77,1.27,127.44,64.57,0.6,43.06,0.4,3,3,3
PO1000004210,2021,SUPERVENTURE,CAHAYA CEMERLANG LESTARI,CAHAYA CEMERLANG LESTARI,Not RSPO Certified,,3/31/23,-2.54,104.15,"-2.535817, 104.150283",IDN,Indonesia,Sumatera Selatan,Banyu Asin,1-Fully Verified,,527.06,52706.43,847.96,1152.21,115220.7,13.18,1318.05,14.38,1438.11,9.19,918.81,15.56,1556.28,7.15,715.41,8.27,827.28,20.92,2091.87,19.45,1945.35,36.85,3685.14,15.82,1581.84,17.03,1703.34,56.96,5696.19,11.25,1125.18,21.53,2153.25,32.05,3205.44,25.04,2503.71,20.39,2039.31,33.29,3329.01,17.96,1795.77,15.36,1535.85,12.47,1247.13,6.77,676.62,430.89,0.82,96.17,0.18,3,5,3
PO1000004213,"2021,2020",UNKNOWN,PRIMA SAUHUR LESTARI,PRIMA SAUHUR LESTARI,Not RSPO Certified,,3/31/23,3.08,99.3,"3.083042, 99.301816",IDN,Indonesia,Sumatera Utara,Simalungun,1-Fully Verified,,16.71,1670.85,30.25,58.17,5816.7,1.54,154.17,0.47,47.07,0.3,30.42,0.17,17.37,0.74,73.89,0.86,85.95,0.33,33.39,0.18,18,0.68,67.77,0.88,87.75,0.96,96.21,0.69,69.3,0.01,0.9,0.11,11.25,1.01,101.07,0.15,14.67,0.15,14.58,0.06,6.39,0.16,16.47,0.44,43.56,0.47,46.62,0.13,13.14,10.5,0.63,6.21,0.37,3,3,3
PO1000004217,"2020,2021",BAKRIE,GRAHADURA LEIDONGPRIMA,LEIDONG MAKMUR,Not RSPO Certified,,3/31/23,2.58,99.78,"2.583633, 99.782467",IDN,Indonesia,Sumatera Utara,Labuhanbatu Utara,1-Fully Verified,,307.23,30722.85,377.22,495.12,49511.7,7.35,734.58,8.03,803.07,9.71,970.74,10.07,1006.92,44.71,4470.84,12.9,1290.24,8.15,815.49,11.45,1144.8,6.1,609.75,17.54,1754.19,11.07,1107.27,14.35,1434.78,0.98,97.65,5.68,568.44,1.77,176.58,3.09,308.52,4.07,406.71,8.69,868.95,13.19,1318.95,10.59,1058.85,23.33,2332.98,4.98,498.42,237.79,0.77,69.44,0.23,5,4,3
PO1000004219,"2021,2020",PTPN III,PERKEBUNAN NUSANTARA V,LUBUK DALAM,RSPO Certified,"RSPO Certified, MB",3/31/23,0.63,101.78,"0.629944, 101.779556",IDN,Indonesia,Riau,Siak,1-Fully Verified,,286.77,28676.88,331.44,648.78,64877.67,5.3,530.37,4.84,484.02,0.79,79.02,11.88,1187.64,21.57,2157.21,5.95,594.72,13.1,1310.04,3.17,317.43,8.97,897.48,12.19,1218.87,12.69,1269.27,10,999.99,15.72,1571.85,8.57,856.71,1.83,182.7,7.9,789.84,11.97,1197.36,18.39,1839.15,3.23,323.28,8.03,802.8,6.04,604.17,12.15,1215.09,204.29,0.71,82.48,0.29,4,4,3
PO1000004225,"2020,2021",PTPN III,PERKEBUNAN NUSANTARA V,SEI BUATAN,RSPO Certified,"RSPO Certified, MB",3/31/23,0.65,101.86,"0.6539, 101.8648",IDN,Indonesia,Riau,Siak,1-Fully Verified,,169.74,16973.82,197.64,318.06,31806.27,3.21,321.03,0.71,70.56,0.05,4.95,4.36,436.23,12.85,1284.66,2.16,216.27,7.11,710.91,4.44,443.79,1.91,190.98,2.39,239.04,8.51,851.22,3.47,347.22,1.27,127.17,7.2,720.18,1.49,149.4,13.88,1387.62,6.12,611.64,1.88,188.37,2.1,210.33,5.68,568.35,5.48,548.19,0.95,94.59,97.23,0.57,72.51,0.43,3,3,3
PO1000004226,"2021,2020",SAMPOERNA AGRO,SUNGAI RANGIT,SUNGAI RANGIT,Not RSPO Certified,,3/31/23,-2.63,111.26,"-2.628958, 111.257912",IDN,Indonesia,Kalimantan Tengah,Sukamara,1-Fully Verified,,1037.43,103743.18,1652.94,3057.85,305784.81,12.35,1235.07,8.75,874.98,5.16,516.24,15.87,1587.33,10.64,1064.25,21.15,2114.82,18.41,1840.77,11.56,1156.5,16.06,1605.87,3.65,364.59,12.33,1232.64,35.18,3517.92,13.79,1378.98,42.09,4209.21,55.44,5544.27,75.06,7506.27,6.13,613.35,12.21,1220.67,13.5,1349.82,6.74,673.56,5.13,513.09,12.97,1296.72,414.17,0.4,623.26,0.6,3,3,3
PO1000004232,"2020,2021",TIANJIN JULONG,GRAHA INTI JAYA,GRAHA INTI JAYA,Not RSPO Certified,,3/31/23,-2.67,114.38,"-2.673925, 114.379120",IDN,Indonesia,Kalimantan Tengah,Kapuas,1-Fully Verified,,392.73,39273.39,454.58,556.23,55622.88,1.01,100.53,4.97,497.43,7.94,794.07,3.47,347.13,2.45,245.25,4.25,425.25,15,1499.67,59.5,5950.08,47.81,4780.53,1.78,177.57,7.38,737.91,14.78,1477.98,2.02,202.5,9.26,925.74,16.22,1621.89,51.67,5166.99,1,99.63,3.04,304.02,14.77,1477.35,8.25,825.3,0.5,50.04,1.01,101.16,278.08,0.71,114.65,0.29,1,4,2
PO1000004234,2020,EAGLE HIGH PLANTATIONS,BUMI LANGGENG PERDANATRADA,BEDAUN,RSPO Certified,"RSPO Certified, MB",3/31/23,-2.72,111.82,"-2.72055, 111.822667",IDN,Indonesia,Kalimantan Tengah,Kotawaringin Barat,1-Fully Verified,,1308.87,130887.09,1376.25,2387.29,238728.87,5.62,562.14,7.75,774.63,6.86,686.16,7.94,794.07,3.64,363.51,14.78,1478.07,37.86,3785.94,18.12,1811.52,4.98,497.79,6.62,662.4,13.28,1328.22,5.13,513.36,10.97,1096.74,17.42,1741.5,15.79,1578.78,77.4,7739.73,14.18,1417.86,3.59,359.01,2.3,230.13,1.74,173.88,1.98,198.09,3.81,380.7,281.74,0.22,1027.13,0.78,1,1,3
PO1000004236,2021,UNKNOWN,PINAGO UTAMA,PINAGO UTAMA,Not RSPO Certified,,3/31/23,-2.74,103.57,"-2.739183, 103.568533",IDN,Indonesia,Sumatera Selatan,Musi Banyuasin,1-Fully Verified,,965.82,96581.97,1109.76,2118.11,211811.22,13.99,1399.05,11.68,1167.66,2.18,218.16,14.71,1471.14,9.15,915.3,40.09,4008.6,11.59,1159.29,62.57,6257.16,35.43,3542.58,26.63,2663.46,27.5,2750.4,105.4,10540.26,25.93,2592.81,40.61,4060.8,21.46,2146.32,23.24,2323.71,12.44,1243.53,16.33,1633.05,19.03,1903.14,34.53,3453.39,42.49,4248.99,40.63,4063.14,637.62,0.66,328.2,0.34,5,4,4
PO1000004239,"2021,2020",UNKNOWN,LIBO SAWIT PERKASA,LIBO SAWIT PERKASA,Not RSPO Certified,,3/31/23,0.96,101.14,"0.956278, 101.140528",IDN,Indonesia,Riau,Siak,1-Fully Verified,,183.95,18395.28,201.46,219.74,21973.95,4.18,418.5,2.07,206.64,0.6,59.94,2.81,280.53,17.39,1738.8,23.53,2352.51,18.11,1810.53,35.85,3585.42,24.88,2488.23,7.58,758.25,2.36,235.8,14.19,1418.85,1.41,141.3,5.13,512.73,0.79,78.57,1.7,170.1,2.42,242.19,1.03,103.41,1.3,130.32,2.04,203.76,1.58,157.68,2.03,203.04,172.97,0.94,10.98,0.06,3,5,1
PO1000004240,2021,UNKNOWN,SUMBER SAWIT JAYA LESTARI,SUMBER SAWIT JAYA LESTARI,Not RSPO Certified,,3/31/23,2.76,99.96,"2.761504, 99.958939",IDN,Indonesia,Sumatera Utara,Labuhanbatu Utara,1-Fully Verified,,251.95,25195.32,397.57,680.38,68038.38,7,699.66,7.09,709.38,5.09,509.4,24.15,2414.7,19.85,1984.86,6.04,603.99,4.8,480.33,1.48,147.6,2.27,227.34,6.66,666.09,2.17,216.72,4.88,488.25,0.67,66.78,3.23,322.56,2.86,286.2,5.72,571.95,3.82,382.23,3.64,364.41,3.41,341.01,1.76,176.22,3.64,364.5,1.65,165.24,121.89,0.48,130.06,0.52,3,3,3
PO1000004242,"2021,2020",DUTA MARGA,SAMUDERA SAWIT NABATI,SAMUDERA SAWIT NABATI,Not RSPO Certified,,3/31/23,2.77,97.94,"2.766733, 97.9367",IDN,Indonesia,Aceh,Subulussalam,1-Fully Verified,,427.86,42785.91,418.61,661.75,66174.57,2.16,216,1.66,166.23,0.53,53.46,5.07,506.79,2.44,243.81,6.46,646.47,3.53,353.07,52.24,5223.87,15.13,1512.99,12.78,1277.73,11.62,1162.44,27.3,2729.7,6.18,618.12,10,1000.26,6.87,686.97,7.09,709.11,11.51,1150.92,25.52,2551.95,13.55,1355.22,9.59,959.31,6.85,684.99,8.43,842.58,246.52,0.58,181.34,0.42,3,3,3
PO1000004246,"2020,2021",SUPERVENTURE,MANDIRI SAWIT BERSAMA,AEK TINGA,Not RSPO Certified,,3/31/23,1.07,100,"1.073631, 99.995119",IDN,Indonesia,Sumatera Utara,Padang Lawas,1-Fully Verified,,8.78,877.5,12.8,18.65,1865.07,0.15,15.12,0.41,40.59,0.13,13.14,0.24,23.76,0.28,27.63,0.32,31.59,0.1,10.26,0.33,33.03,0.21,21.06,0.11,10.8,0.68,67.86,0.04,4.5,0.08,8.19,0.06,6.03,0.12,11.97,0.43,43.29,0.21,21.15,0.14,14.04,0.07,7.02,0.11,10.8,0.11,11.07,0.12,12.42,4.45,0.51,4.32,0.49,3,3,3
PO1000004254,"2021,2020",ZTE AGRIBUSINESS,RANA WASTU KENCANA,RANA WESTU KENCANA,Not RSPO Certified,,3/31/23,1.15,109.32,"1.145883, 109.318333",IDN,Indonesia,Kalimantan Barat,Sambas,1-Fully Verified,,192.57,19257.48,206.27,331.36,33135.75,3.16,316.44,2.54,254.43,1.68,167.58,2.29,228.51,1.75,174.87,1.25,125.46,6.71,670.86,14.09,1408.95,10.66,1066.05,16.71,1671.03,4.93,492.66,12.04,1204.38,8.83,882.72,10.38,1037.97,5.54,553.86,5.37,536.85,3.54,353.52,1.55,154.89,0.94,94.23,0.95,95.49,1.92,191.97,7.02,701.73,123.84,0.64,68.73,0.36,3,4,3
PO1000004255,2020,UNKNOWN,MUSTIKA AGUNG SAWIT SEJAHTERA,MUSTIKA AGUNG SAWIT SEJAHTERA,Not RSPO Certified,,3/31/23,1.22,101.24,"1.224239, 101.242411",IDN,Indonesia,Riau,Bengkalis,1-Fully Verified,,34.4,3440.43,74.05,230.84,23084.19,0.62,62.46,1.1,109.53,0.34,34.11,1.76,176.31,3.56,355.5,1.41,141.03,0.56,55.89,0.66,65.88,1.36,136.35,0.7,70.2,0.59,58.95,1.68,167.58,0.35,34.74,1.19,118.98,0.38,37.89,0.79,79.29,0.8,80.19,0.95,95.13,1.76,175.68,0.76,76.14,0.45,44.82,0.49,48.96,22.26,0.65,12.15,0.35,3,4,3
PO1000004259,"2020,2021",MAHKOTA,INTAN SEJATI ANDALAN,INTAN SEJATI ANDALAN,Not RSPO Certified,,3/31/23,1.43,101.29,"1.432694, 101.285667",IDN,Indonesia,Riau,Bengkalis,1-Fully Verified,,896.68,89667.9,976.09,1583.74,158374.26,2.97,296.64,30.58,3057.84,8.71,870.66,31.48,3147.66,54.34,5433.93,61.33,6132.51,32.71,3271.5,49.81,4980.87,95.1,9510.21,92.84,9284.4,48.83,4883.49,44.23,4423.05,21.33,2132.55,65.62,6562.26,6.43,643.23,11.2,1120.05,11.94,1194.3,8.98,898.38,8.42,842.13,8.85,885.15,8.55,854.91,7.98,798.3,712.24,0.79,184.44,0.21,3,4,2
PO1000004263,"2021,2020",UNKNOWN,SAWIT RIAU MAKMUR,TELUK MEGA,Not RSPO Certified,,3/31/23,1.53,100.99,"1.533719, 100.992861",IDN,Indonesia,Riau,Rokan Hilir,1-Fully Verified,,285.78,28578.42,315.65,689.25,68925.33,1.06,106.2,1.91,190.53,3.05,304.74,3.52,352.17,17.06,1705.68,12.98,1298.34,6.63,663.12,10.6,1059.57,8.55,855.36,8.26,825.57,6.47,647.28,25.34,2533.5,19.64,1964.25,10.48,1048.32,4.36,435.51,16.81,1680.75,5.56,556.38,10.87,1087.47,5.93,592.92,3.9,389.79,6.54,654.12,2.91,290.7,192.42,0.67,93.36,0.33,3,4,3
PO1000004265,2020,SUPERVENTURE,SINAR SAWIT SUBUR LESTARI,SINAR SAWIT SUBUR LESTARI,Not RSPO Certified,,3/31/23,1.59,99.87,"1.590339, 99.872989",IDN,Indonesia,Sumatera Utara,Padang Lawas Utara,1-Fully Verified,,23.65,2365.29,31.27,74,7399.8,0.04,4.5,0.02,2.16,0,0,0.11,11.07,0.27,26.64,0.12,12.42,0.11,10.71,0.28,28.26,0.32,31.59,0.12,12.42,0.32,31.5,0.17,17.37,0.05,4.59,0.01,1.44,0.43,43.29,0.31,31.41,0.15,15.03,0.04,4.41,0.02,1.71,0.09,8.82,0.14,13.5,0.1,10.08,3.23,0.14,20.42,0.86,2,1,3
PO1000004266,"2020,2021",UNKNOWN,DJAYA GLOBALINDO SENTOSA,DJAYA GLOBALINDO SENTOSA,Not RSPO Certified,,3/31/23,1.69,101.04,"1.694611111, 101.043",IDN,Indonesia,Riau,Rokan Hilir,1-Fully Verified,,371.46,37146.33,436.28,874.92,87492.33,3.25,325.44,5.39,539.37,3.74,374.49,10.51,1051.02,30.91,3090.78,29.68,2968.47,22.12,2212.2,11.89,1188.99,20.67,2067.12,24.24,2423.61,16.66,1665.72,27.27,2726.91,14.26,1426.32,10.95,1094.94,3,299.88,5.59,558.54,6.14,613.89,8.27,826.56,6.19,619.29,3.23,323.1,4.02,401.67,5.05,505.26,273.04,0.74,98.43,0.26,3,4,3
PO1000004267,2020,MUSIM MAS,BAHANA NUSA INTERINDO,BAHANA NUSA INTERINDO,Not RSPO Certified,,3/31/23,1.7,100.7,"1.69686, 100.701833",IDN,Indonesia,Riau,Rokan Hilir,1-Fully Verified,,73.18,7317.54,92.35,133.09,13308.75,0.19,18.54,1.25,124.56,0.61,60.84,0.29,28.53,1.12,111.69,4.44,444.33,0.61,60.84,2.2,219.69,2.93,292.59,4.09,409.14,5,500.22,12.12,1212.12,4.29,429.3,2.19,218.7,1.03,103.05,1.99,198.63,1.24,123.93,1.8,180.45,0.72,72.09,0.77,76.68,1.5,150.39,2.68,268.02,53.04,0.72,20.13,0.28,4,4,3
PO1000004268,"2020,2021",PTPN III,PERKEBUNAN NUSANTARA V,TANAH PUTIH,RSPO Certified,"RSPO Certified, MB",3/31/23,1.74,100.51,"1.74, 100.51",IDN,Indonesia,Riau,Rokan Hilir,1-Fully Verified,,21.52,2151.81,21.7,15.39,1539.27,0,0.36,0.01,0.72,0.02,1.89,0.02,1.89,0,0,0,0.36,0.01,0.81,0,0,0,0.45,0.01,0.72,0.01,0.54,0.01,0.81,0,0.18,0.21,20.52,0.01,0.72,9.18,917.82,0.14,13.77,6.37,637.38,0.14,14.04,0,0,0.66,65.52,0.65,65.43,17.44,0.81,4.08,0.19,4,5,3
PO1000004269,2020,SUMBER TANI HARAPAN (STH),ABDI BUDI MULIA,ABDI BUDI MULIA 1,Not RSPO Certified,,3/31/23,2.05,100.25,"2.0512694, 100.252339",IDN,Indonesia,Sumatera Utara,Labuhanbatu Selatan,1-Fully Verified,,103.94,10393.83,173.23,202.26,20226.06,4.63,462.78,0.22,22.14,0.03,2.52,3.03,302.58,6.65,665.19,0.49,49.32,0.25,24.84,0.28,28.26,5.14,513.54,1.15,115.47,3.21,321.48,1.12,111.6,1.63,163.44,1.35,135.45,0.53,53.28,5.62,561.78,9.51,951.48,5.38,538.38,8.24,824.13,11.78,1177.92,7.47,747,6.01,600.84,83.73,0.81,20.2,0.19,5,5,4
PO1000004271,"2020,2021",UNKNOWN,SINAR PANDAWA,SINAR PANDAWA,Not RSPO Certified,,3/31/23,2.23,100.08,"2.226342, 100.082275",IDN,Indonesia,Sumatera Utara,Labuhanbatu,1-Fully Verified,,57.23,5723.01,72.01,124.74,12474.09,0.48,47.79,0.27,27.09,0.13,13.05,0.88,87.75,0.76,75.78,0.64,64.08,0.24,23.76,0.05,4.77,0.76,75.78,0.65,64.53,0.67,66.51,0.81,81.18,0.42,41.58,2.18,217.53,1.81,180.9,2.97,297.36,3.04,304.11,3.94,393.84,3.41,340.56,0.28,28.26,0.14,14.04,0.73,72.81,25.23,0.44,32,0.56,2,3,3
PO1000004273,"2021,2020",UNKNOWN,SINAR SAWIT LESTARI,SINAR SAWIT LESTARI,Not RSPO Certified,,3/31/23,2.46,99.65,"2.461781, 99.652975",IDN,Indonesia,Sumatera Utara,Labuhanbatu Utara,1-Fully Verified,,10.09,1009.44,11.61,19.72,1972.44,0.05,5.31,0.05,5.4,0.01,0.63,0.06,6.21,0.08,8.28,0.02,1.98,0.05,5.22,0.04,4.32,0.06,6.3,0.22,22.32,0.03,3.15,0.04,3.6,0.01,0.63,0.08,8.46,0.12,12.42,0.27,26.82,0.12,11.52,0.09,9.18,0.06,5.58,0.06,6.03,0.11,10.98,0.09,8.82,1.73,0.17,8.36,0.83,3,1,3
PO1000004274,"2020,2021",UNKNOWN,BANGUN SEMPURNA LESTARI,BANGUN SEMPURNA LESTARI,Not RSPO Certified,,3/31/23,2.63,97.95,"2.633514, 97.950322",IDN,Indonesia,Aceh,Subulussalam,1-Fully Verified,,1403.35,140334.66,1572.79,4266.97,426696.84,9.53,952.92,6.08,607.77,7.59,758.97,17.5,1749.87,15.76,1576.17,28.33,2833.2,16.5,1650.15,34.2,3420.09,29.64,2963.79,25.79,2578.68,16.8,1680.21,35.16,3515.58,14.52,1451.79,21.97,2197.44,14.01,1401.21,14.95,1495.44,15.24,1524.24,20.88,2088.27,9.44,944.46,11.8,1179.9,12.19,1219.14,20.02,2001.87,397.91,0.28,1005.44,0.72,3,2,3
PO1000004275,"2021,2020",UNKNOWN,DJAJA PUTRA INDONESIA,DJAJA PUTRA INDONESIA,Not RSPO Certified,,3/31/23,2.68,99.43,"2.680278, 99.427611",IDN,Indonesia,Sumatera Utara,Asahan,1-Fully Verified,,942.24,94224.15,1142.28,3022.69,302269.32,5.79,579.33,3,299.88,2.41,240.75,5.6,559.71,5.74,573.75,5.28,527.58,4.96,496.08,1.66,165.78,7.7,770.22,6.81,681.03,5.13,513,6.46,646.47,3.38,338.13,7.73,772.56,6.36,636.3,11.45,1145.16,10.98,1097.91,11.56,1155.87,10.08,1007.82,7.23,723.33,8.78,877.86,4.52,451.62,142.6,0.15,799.64,0.85,2,1,3
PO1000004277,2021,PTPN III,PERKEBUNAN NUSANTARA IV,PASIR MANDOGE,RSPO Certified,"RSPO Certified, MB",3/31/23,2.77,99.32,"2.76796, 99.31697",IDN,Indonesia,Sumatera Utara,Asahan,1-Fully Verified,,299.57,29957.31,295.57,687.73,68772.78,8.71,870.57,1.09,108.63,7.36,735.93,10.99,1099.35,11.8,1180.08,5.03,503.37,0.75,74.7,1.29,128.88,13.27,1327.41,11.81,1180.89,3.83,383.4,2.6,259.92,3.26,326.34,2.35,234.54,3.17,316.89,8.35,835.02,3.34,334.44,1.37,136.71,4.2,420.03,0.39,38.61,1.51,150.75,0.84,83.61,107.3,0.36,192.27,0.64,2,2,3
PO1000004280,"2021,2020",PTPN III,PERKEBUNAN NUSANTARA IV,AIR BATU,RSPO Certified,"RSPO Certified, MB",3/31/23,2.86,99.64,"2.859745, 99.638317",IDN,Indonesia,Sumatera Utara,Asahan,1-Fully Verified,,137.54,13753.62,161.07,319.55,31955.13,5.71,570.96,3.78,377.64,1.4,140.49,0.99,99.45,0.4,40.32,0.9,89.82,0.82,81.9,1.08,108.18,5.88,588.06,10.37,1037.34,3.14,314.46,7.18,718.11,1.68,167.94,1.54,154.26,0.93,92.88,3.27,326.79,7.05,705.33,4.22,422.01,5.62,561.96,4.05,405.09,6.5,649.89,1.91,191.43,78.44,0.57,59.09,0.43,4,3,3
PO1000004281,2021,PTPN III,PERKEBUNAN NUSANTARA IV,MAYANG,RSPO Certified,"RSPO Certified, MB",3/31/23,3.03,99.33,"3.033219, 99.3334",IDN,Indonesia,Sumatera Utara,Simalungun,1-Fully Verified,,172.35,17235.36,215.83,315.46,31545.63,2.68,268.02,0.65,64.89,1.13,113.04,7.44,744.21,7.05,705.24,4.2,420.12,4.19,418.77,1.95,194.76,9.58,958.14,5.85,584.82,4.66,466.11,1.43,143.1,3.68,368.28,5.17,516.6,8.53,852.66,6,599.76,5.57,557.19,1.96,195.66,1.02,102.15,1.34,134.28,5.89,589.23,3.64,363.78,93.61,0.54,78.75,0.46,4,3,3
PO1000004285,"2021,2020",UNKNOWN,KWALA GUNUNG,LIMA PULUH,Not RSPO Certified,,3/31/23,3.16,99.48,"3.163917, 99.482383",IDN,Indonesia,Sumatera Utara,Batu Bara,1-Fully Verified,,67.4,6740.1,126.67,283.31,28331.46,3.34,334.44,1.12,111.51,0.63,62.55,3.57,357.3,2.39,238.95,1.69,169.11,0.62,61.92,0.37,37.44,2.65,265.23,1.96,196.38,1.01,100.98,0.85,84.51,0.43,43.38,1.71,171.36,0.59,58.95,3.69,368.91,1.09,109.17,0.74,73.8,1,100.26,1.02,102.42,2.29,228.6,2.07,206.55,34.84,0.52,32.56,0.48,4,3,4
PO1000004286,"2020,2021",UNKNOWN,INDOMAS MITRA TEKNIK,INDOMAS MITRA TEKNIK,Not RSPO Certified,,3/31/23,3.23,97.98,"3.2259, 97.980486",IDN,Indonesia,Sumatera Utara,Karo,1-Fully Verified,,2220.77,222076.62,2524.36,4983.13,498312.63,13.28,1327.5,6.1,610.2,2.62,262.08,8.26,825.93,6.33,632.7,5.04,503.64,23.98,2398.14,26.1,2610.27,18.06,1806.03,58.27,5826.78,13.37,1337.22,40.54,4054.05,8.82,881.55,35.74,3574.44,12.66,1265.85,36.01,3600.72,20.8,2079.63,23.68,2368.44,14.65,1465.38,21.5,2150.46,21.21,2120.67,29.88,2987.73,446.89,0.2,1773.87,0.8,3,1,3
PO1000004288,"2021,2020",UNKNOWN,MITRA AGUNG SAWITA SEJATI,MITRA AGUNG SAWITA SEJATI,Not RSPO Certified,,3/31/23,3.3,99.31,"3.296392, 99.305017",IDN,Indonesia,Sumatera Utara,Batu Bara,1-Fully Verified,,41.45,4145.22,52.14,83.8,8379.9,1.84,183.78,0.07,6.66,0.01,1.08,0.2,20.16,0.1,10.08,0.16,15.66,0.43,43.02,0.05,5.13,0.23,22.77,0.42,42.21,0.16,16.29,0.29,29.34,0.13,13.14,0.54,54.27,0.61,60.84,0.83,83.25,0.49,48.6,0.57,56.7,0.39,38.97,1.15,114.75,0.86,86.49,0.4,40.23,9.93,0.24,31.52,0.76,3,1,3
PO1000004289,2021,MAHKOTA,KARYA PRATAMA NIAGAJAYA,KARYA PRATAMA NIAGAJAYA,Not RSPO Certified,,3/31/23,3.32,99.31,"3.316389, 99.31377778",IDN,Indonesia,Sumatera Utara,Batu Bara,1-Fully Verified,,61.15,6115.41,258.01,621.03,62102.7,2.18,217.62,0.43,43.2,0.04,4.32,1.04,104.49,0.81,80.73,0.88,88.38,0.87,86.76,0.52,52.29,1.21,121.05,0.93,92.7,1.08,108.27,1.56,156.24,0.26,25.92,1.1,109.98,1.15,115.02,1.8,179.55,1.8,180,10.31,1030.68,3.93,393.12,2.22,221.76,2.47,247.23,1.58,158.22,38.18,0.62,22.98,0.38,4,3,3
PO1000004294,"2021,2020",UNKNOWN,PERUSAHAAN PERKEBUNAN & DAGANG INDAH PONTJAN,DELI MUDA,Not RSPO Certified,,3/31/23,3.56,99.02,"3.564244, 99.016147",IDN,Indonesia,Sumatera Utara,Serdang Bedagai,1-Fully Verified,,32.78,3278.34,136.07,253.28,25328.25,0.25,24.84,0.61,61.47,0.62,61.92,0.86,86.22,0.28,27.54,0.84,83.88,1.15,115.29,0.51,51.3,1.63,162.54,0.43,43.02,0.8,80.19,1.97,197.46,1.04,104.4,4.7,470.43,1.31,130.59,3.55,355.23,2.07,207,6.03,603.45,1.14,114.03,1.19,119.43,1.13,112.95,0.05,5.13,32.18,0.98,0.6,0.02,3,5,1
PO1000004295,2021,UNKNOWN,AMAL TANI,AMAL TANI,Not RSPO Certified,,3/31/23,3.59,98.31,"3.588333, 98.305556",IDN,Indonesia,Sumatera Utara,Langkat,1-Fully Verified,,108.36,10836,132.06,285.15,28515.06,0.44,44.01,0.2,19.98,0.29,28.8,0.3,29.79,1.39,139.14,1.94,194.49,0.74,74.34,0.34,34.2,0.9,89.55,0.53,52.74,1.01,101.34,1.83,183.24,0.27,26.82,1.65,165.06,0.51,51.12,1.62,161.91,2.41,241.47,4.6,459.54,3.47,347.04,1.75,174.51,3.1,309.69,3.1,310.32,32.39,0.3,75.97,0.7,4,2,4
PO1000004296,2020,UNKNOWN,SINAR LANGKAT PERKASA,SINAR LANGKAT PERKASA,Not RSPO Certified,,3/31/23,3.62,98.4,"3.620806, 98.401528",IDN,Indonesia,Sumatera Utara,Langkat,1-Fully Verified,,70.92,7091.91,113.18,288.76,28876.05,0.29,29.07,0.28,28.44,0.47,46.8,1.08,108.18,0.93,92.88,0.41,40.77,0.78,78.21,2.25,224.55,2.01,200.88,0.58,57.6,0.1,10.26,1.68,168.03,0.1,9.63,0.66,66.24,0.11,10.71,1.27,126.81,0.91,90.9,1.47,147.42,3.05,304.74,2.61,260.73,0.98,98.28,0.29,29.07,22.3,0.31,48.62,0.69,3,2,3
PO1000004297,2021,UNKNOWN,MEGAH PUSAKA ANDALAS,MEGAH PUSAKA ANDALAS,Not RSPO Certified,,3/31/23,3.65,98.15,"3.6506639, 98.1507722",IDN,Indonesia,Sumatera Utara,Langkat,1-Fully Verified,,396.67,39666.69,382.36,753.5,75349.89,0.2,19.53,0.27,27,0.31,31.05,1.28,128.43,0.41,41.4,0.39,39.06,0.28,27.63,0.22,22.14,2.2,220.14,1.3,129.87,3.11,311.49,2.02,201.6,1.5,150.21,3.96,395.73,2.31,230.85,2.31,231.03,1.2,120.42,3.4,340.38,2.39,239.22,2.14,214.29,2.98,298.08,2.05,204.84,36.24,0.09,360.42,0.91,2,1,3
PO1000004302,"2021,2020",UNKNOWN,PERKEBUNAN PERTANIAN PATI SARI,PATI SARI,Not RSPO Certified,,3/31/23,4.09,97.96,"4.088528, 97.960917",IDN,Indonesia,Aceh,Aceh Tamiang,1-Fully Verified,,1063.85,106384.95,1043.52,1548.34,154834.47,3.51,350.91,2.95,295.02,2.33,232.74,3.83,382.68,5.62,562.14,7.69,768.6,20.01,2000.79,4.78,478.26,5.48,548.28,4.59,459,0.98,98.01,1.48,147.78,1.92,192.06,3.99,399.42,4.21,420.75,8.74,874.26,5.66,565.92,9.47,946.62,8.82,882.45,7.23,723.42,9.59,959.4,5.64,564.03,128.53,0.12,935.32,0.88,2,1,3
PO1000004303,"2020,2021",UNKNOWN,BEURATA SUBUR PERSADA,BEURATA SUBUR PERSADA,Not RSPO Certified,,3/31/23,4.13,96.34,"4.125333, 96.34125",IDN,Indonesia,Aceh,Nagan Raya,1-Fully Verified,,1670.81,167081.22,1692.02,3847.81,384781.41,5.98,597.6,2.19,218.79,1.04,104.04,2.19,219.24,2.46,246.24,3.97,396.99,5.55,555.12,6.28,628.47,19.32,1932.12,9.59,958.59,19.63,1963.08,16.46,1646.01,19.26,1925.82,14.22,1422.45,14.58,1458.45,22.73,2273.22,29.01,2901.15,21.28,2127.51,16.99,1698.75,11.94,1194.21,18.88,1887.93,14.67,1467.09,278.23,0.17,1392.58,0.83,3,1,3
PO1000004305,2021,UNKNOWN,TRI AGRO PALMA TAMIANG,TRI AGRO PALMA TAMIANG,Not RSPO Certified,,3/31/23,4.19,98.04,"4.186056, 98.042389",IDN,Indonesia,Aceh,Aceh Tamiang,1-Fully Verified,,94.71,9470.88,115.34,257.62,25761.87,1.37,137.34,1.76,176.49,0.45,45.27,0.25,24.66,0.07,7.29,1.02,102.15,1.28,128.07,3.1,310.23,2.62,261.81,2.88,288.36,1.02,101.7,0.75,74.88,4.01,400.68,2.38,237.51,1.03,102.87,1.57,156.69,1.23,122.67,4.3,430.47,2.25,225.36,5.54,554.49,2.91,290.79,2.68,268.11,44.48,0.47,50.23,0.53,4,3,4
PO1000004308,2021,MOPOLI RAYA,MOPOLI RAYA,ALUE KUYUN,Not RSPO Certified,,3/31/23,4.46,96.16,"4.457442, 96.16147222",IDN,Indonesia,Aceh,Aceh Barat,1-Fully Verified,,2216.82,221681.7,2102.21,3665.69,366568.56,13.27,1327.23,4.8,480.06,3.62,361.62,1.81,181.35,1.03,103.23,2.76,276.21,8.6,859.5,19.02,1902.06,6.76,675.72,5.91,591.03,11.2,1120.32,10.7,1069.65,27.89,2789.01,18.42,1842.3,8.23,822.51,10.04,1004.04,20.68,2067.75,10.81,1080.63,8.83,883.26,6.51,650.52,12.62,1261.98,16.33,1632.78,229.83,0.1,1986.99,0.9,2,1,3
PO1000004311,2021,PTPN III,PERKEBUNAN NUSANTARA I,COT GIREK,Not RSPO Certified,,3/31/23,4.93,97.37,"4.9285, 97.370667",IDN,Indonesia,Aceh,Aceh Utara,1-Fully Verified,,1808.75,180875.16,1957.55,5540.85,554085.36,2.76,275.76,3.62,361.8,2.44,244.44,5.42,541.71,5.79,579.15,5.12,512.01,3.54,353.79,5.39,539.1,15.66,1565.82,13.35,1335.06,10.21,1021.05,8.39,839.25,8.37,836.55,34.89,3488.58,15.64,1564.38,28.69,2869.29,15.7,1570.23,29.13,2912.76,19.47,1946.7,14.02,1401.84,13.45,1344.87,13.52,1351.62,274.56,0.15,1534.19,0.85,2,1,3
PO1000004312,2021,UNKNOWN,SAWITTA JAYA LAU PAKAM,SAWITTA JAYA LAU PAKAM,Not RSPO Certified,,3/31/23,3.26,97.96,"3.260417, 97.965",IDN,Indonesia,Sumatera Utara,Karo,1-Fully Verified,,2366.2,236619.63,2419.07,4056.06,405606.15,10.38,1038.24,4.19,419.31,4.21,421.38,6.5,649.8,8.65,865.17,7.46,745.74,17.43,1742.67,14.26,1426.23,28.94,2893.59,46.24,4624.02,5.77,577.35,17.51,1750.77,3.78,377.55,23.88,2388.15,6.29,629.19,17.05,1704.87,9.26,925.83,10.98,1098.18,5.84,583.65,10.02,1001.97,7.29,728.55,11.05,1105.38,276.98,0.12,2089.22,0.88,2,1,3
PO1000004314,2021,PAYA PINANG,SUMBER SAWIT MAKMUR,PAYA PINANG,Not RSPO Certified,,3/31/23,3.27,99.25,"3.270467, 99.24775",IDN,Indonesia,Sumatera Utara,Batu Bara,1-Fully Verified,,67.81,6780.87,87.56,129.11,12910.77,10.5,1050.39,1.53,153,0.11,11.43,1.91,191.16,3.44,343.89,2.35,235.35,1.23,122.76,3.12,312.12,0.99,99.27,1.51,151.29,6.32,631.89,1.46,145.62,0.71,70.83,0.39,39.15,1.62,161.91,4.52,452.16,0.94,93.78,1.23,122.58,2.36,236.34,1.18,117.99,1.31,131.31,0.36,36.45,49.11,0.72,18.7,0.28,3,4,3
PO1000004315,2020,SUPERVENTURE,ASIA SAWIT MAKMUR JAYA,ASIA SAWIT MAKMUR,Not RSPO Certified,,3/31/23,-0.49,101.45,"-0.485489, 101.452011",IDN,Indonesia,Riau,Kuantan Singingi,2-High Confidence,,482.52,48251.52,467.84,717.55,71755.29,5.41,541.17,11.96,1196.19,4.79,479.07,8.31,830.88,10.89,1089.45,13.23,1322.73,18.5,1849.95,11.37,1136.52,11.76,1176.12,11.23,1123.47,9.25,925.02,32.96,3295.62,10.39,1038.6,4.85,484.83,7.76,775.71,7.42,742.14,14.68,1467.9,12.26,1225.8,6.18,617.85,5.95,594.63,9.75,975.24,12.83,1282.86,241.72,0.5,240.8,0.5,3,3,3
PO1000004316,"2020,2021",BUMITAMA GUNAJAYA AGRO (BGA),LADANG SAWIT MAS,BUKIT TUNGGAL JAYA,RSPO Certified,"RSPO Certified, MB",3/31/23,-1.55,110.34,"-1.546404, 110.344014",IDN,Indonesia,Kalimantan Barat,Ketapang,1-Fully Verified,,777.78,77777.73,772.45,1472.16,147215.79,2.69,269.37,2.86,286.38,1.21,120.96,7.8,779.85,5.59,558.54,33.61,3360.87,5.2,520.2,11.66,1165.59,12.17,1217.16,15.39,1539.27,10.73,1072.8,37.16,3716.01,40.71,4070.61,18.02,1802.43,21.72,2172.24,23.04,2304,7.78,777.51,3.97,396.81,12.5,1250.46,10.97,1097.19,6.62,661.95,6.73,672.66,298.13,0.38,479.65,0.62,3,3,3
PO1000004317,2021,UNKNOWN,WAHANA POTENSI GUNA,WANA POTENSI GUNA,Not RSPO Certified,,3/31/23,-2.82,103.44,"-2.821718, 103.444369",IDN,Indonesia,Sumatera Selatan,Musi Banyuasin,1-Fully Verified,,253.42,25341.93,316.17,518.35,51835.14,2.47,247.05,14.69,1468.71,6.22,622.26,8.17,817.02,6.18,618.21,15.14,1513.53,3.78,378.27,14.68,1467.63,8.23,823.32,5.23,522.72,4.99,499.05,18.47,1846.8,5.13,512.91,9.63,963.18,5.26,526.5,9.75,974.52,4.19,419.13,3.67,367.29,3.55,354.51,5.97,596.61,9.25,924.75,8.28,827.64,172.92,0.68,80.5,0.32,5,4,3
PO1000004318,"2021,2020",PASIFIK AGRO SENTOSA,CIPTA USAHA SEJATI,MABALI,Not RSPO Certified,,3/31/23,-1,110.2,"-1.000083, 110.195667",IDN,Indonesia,Kalimantan Barat,Kayong Utara,2-High Confidence,,329.55,32955.39,305.25,341.65,34165.35,2.57,256.95,1.34,134.01,0.82,82.26,1.49,149.31,1.35,135.09,4.85,485.1,10.43,1042.65,27.66,2765.79,75.42,7542.36,37.67,3767.49,20.12,2011.77,16.17,1617.21,7.55,754.65,4.63,462.78,7.85,785.34,8.33,833.04,2.87,287.37,0.35,34.65,5.68,568.26,4.37,436.68,0.99,99.18,1.61,160.83,244.13,0.74,85.43,0.26,2,4,2
PO1000004320,"2021,2020",UNKNOWN,HARAPAN JAYA SAWITA,HARAPAN JAYA SAWITA,Not RSPO Certified,,3/31/23,3.86,98.42,"3.862919, 98.421293",IDN,Indonesia,Sumatera Utara,Langkat,1-Fully Verified,,87.68,8767.53,241.31,622.88,62288.1,0.41,41.31,0.16,16.02,0.41,41.31,1.17,117.36,2.54,254.43,1.85,184.68,4.64,464.04,1.73,173.16,2.05,204.57,3.72,371.7,2.1,209.7,2.84,283.68,0.35,35.19,2.58,258.03,1.08,108.27,1.76,176.22,0.47,47.34,1.83,183.42,5.99,599.4,2.37,237.06,2.88,287.55,0.35,35.37,43.3,0.49,44.38,0.51,3,3,3
PO1000004327,"2021,2020",SEPTA,MITRA BUMI,MITRA BUMI,Not RSPO Certified,,3/31/23,0.45,101.06,"0.453731, 101.05567",IDN,Indonesia,Riau,Kampar,1-Fully Verified,,219.01,21901.05,338.2,509.3,50930.46,1.62,162.27,3.4,340.2,0.57,56.61,2.71,270.54,7.63,762.84,4.5,449.82,4.39,439.47,3.02,301.5,4.94,494.01,3.4,339.66,4.23,422.64,2.23,223.29,2.01,201.24,2.83,282.51,1.8,180,3.75,374.76,6.1,610.2,4.64,464.49,3.55,354.69,6.71,670.95,9.37,937.44,4.57,457.29,87.96,0.4,131.05,0.6,4,3,4
PO1000004329,2021,SUMBER TANI AGUNG,KARYA SERASI JAYA ABADI,KARYA SERASI JAYA ABADI,Not RSPO Certified,,3/31/23,3.34,99.22,"3.34228, 99.22248",IDN,Indonesia,Sumatera Utara,Serdang Bedagai,1-Fully Verified,,42.84,4284.09,119.35,298.66,29865.69,1.87,186.93,0.32,31.59,0.47,46.71,1.34,133.92,0.7,70.02,0.95,94.68,0.33,32.85,1.06,106.47,1.17,116.91,0.36,36.45,0.58,57.69,1.11,111.06,0.32,32.04,0.95,95.4,1.04,104.31,0.86,85.5,0.61,60.66,3.45,344.88,1,99.99,1.55,154.89,1.59,159.39,1.38,137.88,23,0.54,19.84,0.46,5,3,4
PO1000004331,2020,PTPN III,PERKEBUNAN NUSANTARA IV,TIMUR,Not RSPO Certified,,3/31/23,0.37,99.31,"0.367194, 99.307647",IDN,Indonesia,Sumatera Utara,Mandailing Natal,1-Fully Verified,,69.25,6925.05,78.38,87.22,8722.44,0.68,67.68,0.64,63.81,0.16,15.93,1.05,105.21,1.82,182.16,0.82,82.35,6.1,609.93,12.97,1296.54,16.72,1672.38,0.69,68.67,3.2,319.95,0.9,90.45,0.85,85.41,2.13,212.67,1.1,110.16,1.86,185.67,1.15,115.29,1.7,169.56,1.12,111.96,0.92,91.98,1.03,103.32,1.22,122.13,58.83,0.85,10.42,0.15,3,5,2
PO1000004332,"2020,2021",UNKNOWN,SERDANG HULU,SERDANG HULU,Not RSPO Certified,,3/31/23,3.35,98.49,"3.34945, 98.494433",IDN,Indonesia,Sumatera Utara,Langkat,1-Fully Verified,,474.7,47470.14,652.19,2003.84,200383.65,6.14,614.16,0.99,99,0.85,85.32,1.33,132.57,0.87,87.39,1.34,133.92,4.06,405.9,1.72,171.63,5.05,505.08,3.89,388.98,3.12,312.3,4.59,458.73,0.6,60.48,3.48,348.12,1.98,198.27,4.94,494.46,2.94,293.76,5.4,539.82,3.38,338.04,3.13,313.38,3.12,311.67,6.18,617.94,69.11,0.15,405.59,0.85,3,1,3
PO1000004334,"2021,2020",MKH BERHAD,MAJU KALIMANTAN HADAPAN,SEGUNTUNG,Not RSPO Certified,,3/31/23,0.02,116.97,"0.015313, 116.968444",IDN,Indonesia,Kalimantan Timur,Kutai Kartanegara,1-Fully Verified,,169.6,16960.14,189.41,185.51,18551.16,0.61,60.93,0.09,8.91,0.04,4.41,0.21,20.61,0.08,8.1,0.1,9.54,1.95,195.21,22.26,2225.52,68.05,6804.54,38.78,3878.46,5.84,584.46,4.33,432.72,1.08,107.64,2.53,252.63,3.21,320.85,7.5,749.88,0.49,48.96,0.46,45.99,0.23,23.22,0.4,39.51,0.17,17.01,0.42,42.48,158.82,0.94,10.79,0.06,1,5,1
PO1000004336,"2020,2021",UNKNOWN,TUNAS HARAPAN SAWIT,TUNAS HARAPAN SAWIT,Not RSPO Certified,,3/31/23,3.37,99.02,"3.367467, 99.017833",IDN,Indonesia,Sumatera Utara,Serdang Bedagai,1-Fully Verified,,11.89,1189.17,22.51,43.93,4393.44,0.12,12.42,0.14,13.59,0.01,1.26,0.01,1.44,0.1,10.44,0,0,0.02,1.62,0.18,18,0.43,43.11,0.16,15.57,0.02,2.07,0.6,60.48,0.17,17.01,0.44,43.56,0.12,12.42,0.23,23.31,0.19,18.72,0.62,61.65,1.13,112.95,0.93,92.97,0.2,19.8,0.6,59.85,6.42,0.54,5.47,0.46,4,3,4
PO1000004341,"2021,2020",PANCA EKA,KEBUN PANTAI RAJA,KEBUN PANTAI RAJA,Not RSPO Certified,,3/31/23,-0.06,101.24,"-0.05745, 101.24185",IDN,Indonesia,Riau,Kuantan Singingi,1-Fully Verified,TANJUNG PAUH,31.69,3169.08,45.86,87.88,8787.87,0.26,25.92,0.89,89.28,0.49,48.6,0.65,64.71,1.64,163.89,1.65,164.52,0.36,35.91,0.76,75.78,1.64,164.34,1.68,167.76,0.53,52.74,0.58,57.6,0.57,57.24,0.21,21.42,0.3,29.97,0.55,55.17,0.28,28.17,0.3,29.88,0.13,13.14,0.21,21.33,0.34,34.29,0.26,25.92,14.28,0.45,17.42,0.55,3,3,3
PO1000004342,"2020,2017,2021",PTPN III,PERKEBUNAN NUSANTARA III,RAMBUTAN,RSPO Certified,"RSPO Certified, MB",3/31/23,3.35,99.17,"3.351006, 99.169742",IDN,Indonesia,Sumatera Utara,Serdang Bedagai,1-Fully Verified,,87.71,8771.13,208.86,385.42,38542.05,5.52,552.15,1.96,195.93,0.26,26.28,2.06,206.46,2.91,291.24,1.81,180.72,1.72,171.63,1.9,190.44,1.84,183.69,2.16,216.36,1.1,109.62,1.97,197.46,2.02,201.96,5.76,576.09,6.5,649.98,8.99,898.65,5.84,583.56,5.52,551.97,3.07,306.54,0.65,65.07,0.25,25.2,0.79,79.2,64.6,0.74,23.11,0.26,2,4,2
PO1000004343,"2021,2020",MULTI PRIMA ENTAKAI,MULTI PRIMA ENTAKAI,SEMUNTAI,Not RSPO Certified,,3/31/23,0.06,110.75,"0.05935, 110.749683",IDN,Indonesia,Kalimantan Barat,Sekadau,1-Fully Verified,,163.97,16396.74,208.47,477.91,47791.44,1.41,141.12,1.08,108.36,0.29,29.34,2.82,281.79,1.77,177.39,1.4,140.31,1.16,116.19,4.44,443.52,5.99,598.77,1.16,116.46,2.6,260.28,2.55,254.61,1.41,140.76,2.99,298.53,2.73,273.15,3.46,345.96,3.45,344.88,2.26,225.54,1.75,174.87,4.04,404.37,9.03,903.06,5.97,596.79,63.76,0.39,100.21,0.61,5,3,5
PO1000004344,"2020,2021",ANGLO-EASTERN PLANTATION (AEP),UNITED KINGDOM INDONESIA PLANTATION,BLANKAHAN,Not RSPO Certified,,3/31/23,3.49,98.4,"3.493983, 98.397",IDN,Indonesia,Sumatera Utara,Langkat,1-Fully Verified,,118.5,11849.76,123.46,192.8,19279.98,1.41,140.76,0.45,44.64,0.25,25.02,0.26,25.74,0.11,11.25,0.36,36,0.49,48.51,0.97,97.29,2.24,224.1,0.86,86.49,0.69,68.94,0.73,73.35,0.25,25.47,0.66,65.97,0.58,57.6,1.51,151.2,0.75,74.52,7.22,721.8,3.57,356.76,1.22,121.77,0.83,82.62,0.82,82.26,26.22,0.22,92.28,0.78,2,1,3
PO1000004345,"2021,2020",UNKNOWN,MAKMUR ANDALAN SAWIT,MAKMUR ANDALAN SAWIT,Not RSPO Certified,,3/31/23,0.07,102.12,"0.069117, 102.1246",IDN,Indonesia,Riau,Pelalawan,1-Fully Verified,,105.3,10530.18,114.9,150.13,15012.63,10.55,1055.34,8.46,846.27,0.07,6.84,3.92,391.86,4.73,472.77,0.44,44.46,4.03,403.02,5.5,549.54,0.42,41.94,3.94,393.57,2.12,211.77,1.2,120.15,1.05,104.85,0.74,73.71,0.91,90.63,2.32,231.66,2.61,260.91,1.4,140.49,2.01,200.61,1.79,178.92,3.41,340.74,2.93,293.22,64.53,0.61,40.77,0.39,4,3,3
PO1000004350,2020,PTPN III,PERKEBUNAN NUSANTARA XIII,KEBUN GUNUNG MELIAU,RSPO Certified,"RSPO Certified, MB",3/31/23,-0.11,110.29,"-0.106833, 110.292783",IDN,Indonesia,Kalimantan Barat,Sanggau,1-Fully Verified,,216.12,21612.33,277.95,487.01,48701.34,3.68,367.65,8.82,882.45,3.78,378.18,6.69,669.42,3.12,312.21,4.74,474.21,4.19,418.86,7.84,784.26,9.28,928.08,3.78,378.45,10.87,1087.38,7.33,732.87,15.13,1512.99,6.17,616.77,3.41,340.74,5.91,591.39,4.26,426.33,7.55,754.92,2.64,264.06,1.87,187.38,2.03,202.77,3.98,398.25,127.1,0.59,89.03,0.41,3,3,3
PO1000004351,2021,ADIMULIA,ADIMULIA AGROLESTARI,ADIMULYA AGRO LESTARI,Not RSPO Certified,,3/31/23,-0.11,101.39,"-0.108983, 101.386783",IDN,Indonesia,Riau,Kampar,1-Fully Verified,,126.32,12631.86,172.84,365.27,36526.95,5.47,546.57,2.07,207.45,1.09,108.9,1.5,150.12,6.12,612,6.15,615.24,35.53,3552.84,27.74,2774.07,1.01,100.98,0.66,66.06,0.53,52.65,3.01,300.96,7.25,725.31,3.02,302.13,2.66,265.59,1.03,102.78,0.71,70.74,1.22,122.49,0.67,67.41,1.43,143.37,1.29,128.97,0.44,43.92,110.61,0.88,15.71,0.12,2,5,2
PO1000004358,"2021,2020",ADIMULIA,SURYA AGROLIKA REKSA,SURYA AGROLIKA REKSA,Not RSPO Certified,,3/31/23,-0.14,101.39,"-0.136967, 101.3908",IDN,Indonesia,Riau,Kuantan Singingi,2-High Confidence,,112.24,11223.9,172.39,244.75,24475.23,13.18,1317.6,17.06,1706.4,0.09,8.73,1.25,124.92,2.24,223.65,1.7,170.01,22.36,2236.14,5.26,525.87,1.86,185.85,2.42,241.65,1.7,169.65,1.98,198.45,0.96,95.67,0.58,58.41,0.24,23.58,0.96,95.85,1.33,133.47,0.74,74.34,0.95,95.04,0.93,93.24,0.61,60.75,0.77,77.4,79.17,0.71,33.07,0.29,2,4,2
PO1000004361,"2020,2021",LG INTERNATIONAL,PARNA AGROMAS,PARNA AGROMAS,RSPO Certified,"RSPO Certified, MB",3/31/23,0.21,111.08,"0.213083, 111.078633",IDN,Indonesia,Kalimantan Barat,Sekadau,1-Fully Verified,,872.81,87280.92,1112.44,2459.27,245927.25,10.92,1091.61,18.01,1801.26,7.31,730.8,14,1399.59,7.09,709.11,28.98,2897.82,27.7,2769.93,19.62,1961.73,14.54,1454.04,19.17,1917,20.53,2052.54,43.84,4383.81,18.38,1838.25,25.1,2510.1,29.7,2970.09,44.63,4463.28,18.32,1831.68,26.53,2653.38,13.62,1362.15,17.32,1731.51,11.69,1169.28,17.57,1756.71,454.56,0.52,418.25,0.48,3,3,3
PO1000004368,"2021,2020",TIANJIN JULONG,REZEKI KENCANA,REZEKI KENCANA,Not RSPO Certified,,3/31/23,-0.27,109.25,"-0.266383, 109.252133",IDN,Indonesia,Kalimantan Barat,Kubu Raya,1-Fully Verified,,361.56,36155.88,409.51,1251.79,125178.57,1.19,119.43,4.91,490.95,0.48,48.42,6.3,629.64,15.02,1501.65,8.06,805.86,2.67,266.67,3.59,358.65,8.25,825.39,5.21,521.28,10.81,1080.81,19.04,1903.59,12.66,1265.67,18.19,1818.72,6.54,653.58,13.56,1355.94,8.73,873.18,2.26,226.17,2.33,232.56,1.4,139.68,3.81,381.15,5.14,514.44,160.13,0.44,201.42,0.56,3,3,3
PO1000004370,"2020,2021",UNKNOWN,TASMA PUJA,SEI KUAMANG,Not RSPO Certified,,3/31/23,0.28,101.22,"0.275011, 101.219376",IDN,Indonesia,Riau,Kampar,2-High Confidence,,243.39,24338.88,321,531.9,53190.09,3.34,334.44,6.6,659.97,2.38,238.32,3.62,361.98,29.36,2935.53,20.19,2018.88,12.12,1212.12,14.25,1424.97,4.27,426.96,9.59,959.49,4.87,487.35,2.96,295.56,1.57,156.87,3.08,308.07,5.26,526.32,6.01,600.84,10.58,1057.68,9.29,929.25,1.92,192.15,3.23,323.28,4.44,444.42,2.66,265.86,161.6,0.66,81.79,0.34,3,4,3
PO1000004372,"2021,2020",ASTRA AGRO LESTARI,TUNGGAL PERKASA PLANTATIONS,TUNGGAL PERKASA PLANTATIONS,Not RSPO Certified,,3/31/23,-0.31,102.27,"-0.305183, 102.273183",IDN,Indonesia,Riau,Indragiri Hulu,1-Fully Verified,,563.64,56364.03,557.94,1064.3,106429.86,9.79,978.57,1.62,162.09,7.3,729.63,28.9,2890.44,64.88,6488.46,2.79,279.36,39.85,3985.2,8.87,886.68,1.07,106.74,24.87,2487.33,39,3899.7,22.93,2292.66,10.18,1018.26,9.63,963.45,6.59,658.98,18.6,1859.85,9.25,924.57,14.19,1419.39,18.36,1835.64,12.7,1269.63,13.59,1359.18,9.76,975.69,374.72,0.66,188.93,0.34,3,4,3
PO1000004380,2021,PASIFIK AGRO SENTOSA,MITRA ANEKA REZEKI,KUBU RAYA,Not RSPO Certified,,3/31/23,-0.37,109.3,"-0.366014, 109.300379",IDN,Indonesia,Kalimantan Barat,Kubu Raya,1-Fully Verified,,227.32,22732.29,240.39,295.14,29513.97,0.99,99.45,3.65,365.13,0.7,70.2,14.33,1432.62,9.82,981.9,7.22,721.8,4.37,436.59,7.01,700.65,39.26,3926.16,21.28,2127.69,16.1,1609.83,4.47,447.12,1.33,132.93,8.89,888.84,3.19,318.78,4.49,448.65,2.08,208.17,0.73,73.44,0.55,54.99,0.44,44.01,1.49,149.4,1.91,190.62,154.29,0.68,73.03,0.32,2,4,3
PO1000004385,"2021,2020",PADASA ENAM UTAMA,PADASA ENAM UTAMA,KALIANTA 1,Not RSPO Certified,,3/31/23,0.46,100.8,"0.458199, 100.802036",IDN,Indonesia,Riau,Rokan Hulu,1-Fully Verified,,193.12,19311.66,235.62,596.6,59659.74,2.05,205.2,3.82,382.41,1.36,136.35,11.71,1171.26,24.56,2456.01,8.27,826.92,5.87,586.53,4.42,442.35,3.89,389.16,4.5,450,2.08,207.72,4.16,416.16,2.93,293.31,5.41,540.63,5.83,582.57,5.42,541.62,2.84,283.68,3.77,377.28,3.22,322.38,2.53,252.63,13.56,1355.76,2.3,229.95,124.5,0.64,68.62,0.36,5,4,4
PO1000004386,"2020,2021",SAGO NAULI,TRI BAHTERA SRIKANDI,SAGO NAULI,Not RSPO Certified,,3/31/23,0.47,99.37,"0.466483, 99.37025",IDN,Indonesia,Sumatera Utara,Mandailing Natal,1-Fully Verified,,229.97,22997.34,242.13,384.44,38444.49,4.94,493.56,3.38,338.13,1.62,162.45,8.67,867.15,9.19,918.99,7.54,753.57,8.3,829.71,10.16,1016.28,12.37,1236.87,4.01,400.59,9.93,992.7,5.37,536.76,7.42,741.6,4.42,441.99,3.16,315.9,7.14,714.33,5.68,568.08,8.56,855.99,3.77,376.65,3.77,377.19,6.16,616.5,6.45,644.76,142,0.62,87.98,0.38,4,3,3
PO1000004387,2021,SAGO NAULI,SAGO NAULI,SAGO NAULI SINUNUKAN,Not RSPO Certified,,3/31/23,0.47,99.22,"0.469517, 99.22265",IDN,Indonesia,Sumatera Utara,Mandailing Natal,1-Fully Verified,,93.84,9383.94,127.37,164.92,16492.23,2.35,234.63,5.35,535.14,8.15,814.68,12.06,1206.18,6.39,639.45,4.18,417.6,9.9,990.09,4.47,447.3,10.45,1044.63,1.97,196.56,9.43,943.2,2.08,207.54,0.68,68.49,0.52,51.66,0.68,67.86,0.77,77.49,0.6,60.12,1.26,125.73,0.41,41.22,0.72,72.45,0.95,94.77,0.72,71.82,84.09,0.9,9.75,0.1,3,5,2
PO1000004395,"2021,2020",UNKNOWN,TAMORA AGRO LESTARI,TAMORA AGRO LESTARI,Not RSPO Certified,,3/31/23,-0.53,101.42,"-0.530467, 101.417183",IDN,Indonesia,Riau,Kuantan Singingi,1-Fully Verified,,338.11,33811.38,355.12,796.77,79676.91,7.55,755.1,5.59,558.63,3.45,344.7,9.12,912.33,9.06,905.85,10.6,1059.75,10.96,1096.38,9.85,985.05,9.01,900.81,7.56,756.09,6.32,631.53,13.64,1363.95,8.22,822.06,6.93,692.55,7.74,773.82,7.82,781.92,8.8,880.47,10.17,1016.64,7.61,760.77,7.95,795.15,14.47,1447.29,13.93,1393.2,196.34,0.58,141.77,0.42,5,3,4
PO1000004398,"2020,2021",UNKNOWN,SEWANGI SAWIT SEJAHTERA,SEWANGI SAWIT SEJAHTERA,Not RSPO Certified,,3/31/23,0.58,101.09,"0.581353, 101.087097",IDN,Indonesia,Riau,Kampar,1-Fully Verified,,39.24,3924.18,56.66,90.2,9020.34,0.45,44.91,0.91,90.99,0.54,54.27,0.29,29.07,2.68,267.75,0.93,92.52,1.01,100.8,1.02,101.79,0.94,94.32,0.99,98.91,1.25,125.19,0.95,95.31,0.04,3.87,0.27,27.09,0.16,16.2,0.44,44.28,0.39,39.33,0.08,8.1,0.23,23.4,0.08,7.65,0.23,23.13,0.08,7.92,13.97,0.36,25.27,0.64,2,2,3
PO1000004400,"2021,2020",PEPUTRA,PEPUTRA MASTERINDO,PEPUTRA MASTERINDO,Not RSPO Certified,,3/31/23,0.59,100.99,"0.589804, 100.991448",IDN,Indonesia,Riau,Kampar,1-Fully Verified,,34.31,3431.43,64.63,130.73,13072.95,0.53,52.74,0.2,19.71,0.29,28.98,0.15,15.21,0.52,51.84,0.32,32.4,0.41,41.22,0.59,59.49,0.49,48.69,0.14,14.22,0.58,58.23,0.94,93.51,0.4,40.32,0.37,37.26,0.41,41.13,0.97,96.57,0.76,75.87,0.4,40.5,0.48,48.33,0.38,38.43,0.5,50.49,0.2,19.71,10.05,0.29,24.27,0.71,3,2,3
PO1000004402,"2020,2021",PTPN III,PERKEBUNAN NUSANTARA V,TANDUN,RSPO Certified,"RSPO Certified, MB",3/31/23,0.6,100.69,"0.599154, 100.69283",IDN,Indonesia,Riau,Kampar,1-Fully Verified,,164.87,16486.83,169.43,215.26,21526.29,1.4,139.95,6.16,615.78,0.22,21.6,1.66,165.51,8.89,889.11,19.41,1941.03,18.15,1814.76,9.02,902.25,26.83,2682.99,7.3,729.54,3.11,311.22,15.14,1514.34,1.94,193.68,6.32,632.16,1.33,133.38,1.21,121.14,1.64,163.71,1.18,118.35,1.83,183.42,1.46,145.8,1.36,136.17,1.25,125.28,136.81,0.83,28.06,0.17,2,5,2
PO1000004403,"2021,2020",SUPERVENTURE,BUMI MENTARI KARYA,KAMPAR,Not RSPO Certified,,3/31/23,0.63,101.14,"0.626717, 101.138583",IDN,Indonesia,Riau,Kampar,1-Fully Verified,,100.64,10064.34,127.49,225.31,22530.6,1.51,151.02,1.91,190.71,2.81,281.34,2.69,268.74,5.43,543.15,3.68,368.28,1.29,128.88,0.77,77.13,9.93,993.15,4.85,485.46,0.95,95.04,3.25,325.44,0.83,83.25,1.47,146.52,1.5,149.85,12.34,1234.44,3.54,354.06,4.81,481.23,0.18,17.73,0.32,32.49,0.33,32.76,0.1,9.99,64.51,0.64,36.14,0.36,1,4,2
PO1000004408,"2020,2021",ASTRA AGRO LESTARI,KIMIA TIRTA UTAMA,KIMIA TIRTA UTAMA,Not RSPO Certified,,3/31/23,0.67,101.73,"0.674633, 101.728917",IDN,Indonesia,Riau,Siak,1-Fully Verified,,55.02,5501.52,77.98,95.49,9549.09,1.92,192.33,2.13,213.21,2.04,204.12,8.39,839.25,12.84,1283.58,3.67,367.47,1.75,175.05,0.46,46.44,0.2,19.98,1.05,105.03,0.67,66.6,0.75,74.7,0.31,31.05,0.13,13.41,0.22,21.51,0.06,5.76,0.29,28.8,1.17,116.55,0.02,1.98,0,0,0.04,3.87,0.07,7.47,38.18,0.69,16.83,0.31,1,4,2
PO1000004410,"2021,2020",BUMITAMA GUNAJAYA AGRO (BGA),ROHUL SAWIT INDUSTRI,SUKADAMAI,RSPO Certified,"RSPO Certified, MB",3/31/23,0.68,100.53,"0.68325, 100.529233",IDN,Indonesia,Riau,Rokan Hulu,1-Fully Verified,,51.94,5193.9,82.64,159.98,15998.49,0.8,80.37,0.77,77.4,0.11,10.89,1.84,184.14,0.8,79.56,1.03,103.5,0.2,20.25,0.12,11.61,0.59,58.68,0.14,14.13,0.19,19.35,7.52,751.68,3.12,312.3,7.58,757.71,0.36,36.27,0.84,83.61,0.78,78.48,0.5,49.59,0.57,56.7,0.47,47.07,0.58,58.5,0.41,41.22,29.33,0.56,22.61,0.44,3,3,3
PO1000004411,"2020,2021",UNKNOWN,SEWANGI SEJATI LUHUR,PRIMA SAUHUR LESTARI POM,Not RSPO Certified,,3/31/23,0.71,100.93,"0.714383, 100.928367",IDN,Indonesia,Riau,Kampar,1-Fully Verified,SUKARAMAI,124.23,12423.15,146.46,333.4,33340.5,0.8,80.1,0.49,48.51,0.71,71.46,3.41,341.01,0.59,59.22,0.15,14.85,0.14,14.13,0.03,3.24,0.32,31.86,0.25,24.75,0.04,4.05,0.17,17.01,0.04,4.23,0.1,10.44,0.02,2.16,0.12,11.97,0.15,14.58,0.05,4.95,0.1,9.81,0.93,93.33,0.59,58.59,0.01,1.17,9.21,0.07,115.02,0.93,1,1,3
PO1000004412,"2021,2020",MAHKOTA,BERLIAN INTI MEKAR,RENGAT,Not RSPO Certified,,3/31/23,-0.72,102.63,"-0.72335, 102.627217",IDN,Indonesia,Riau,Indragiri Hulu,1-Fully Verified,BERLIAN INTI MEKAR - RENGAT,105.27,10526.94,120.21,191.65,19165.41,4.6,460.35,6.26,625.86,1.27,126.9,8.2,819.9,13.09,1308.6,12.87,1287.09,2.9,290.25,10.94,1093.68,4.44,443.61,13.42,1342.35,3.06,306.18,4.73,473.4,0.64,64.35,1.11,111.42,0.82,81.99,1.39,139.41,0.97,97.2,0.54,54.18,0.45,44.64,0.25,24.75,0.71,70.83,0.3,30.24,92.97,0.88,12.3,0.12,2,5,1
PO1000004415,2020,GELANGGANG MAJU BERSAMA,GLOBAL KALIMANTAN MAKMUR,GLOBAL KALIMANTAN MAKMUR,Not RSPO Certified,,3/31/23,0.73,110.46,"0.72975, 110.463117",IDN,Indonesia,Kalimantan Barat,Sanggau,1-Fully Verified,,1173.19,117318.69,1209.28,3260.35,326035.08,5.16,516.06,6.68,667.8,16.15,1615.14,16.43,1643.31,15.3,1530.18,4.25,425.07,10.88,1087.83,55.26,5525.73,41.22,4121.91,22.2,2220.03,27.98,2798.37,19.46,1945.89,16.61,1660.86,38.99,3898.98,26.05,2604.96,44.02,4402.17,28.04,2803.5,18.46,1846.17,25.65,2564.82,10,999.99,28.56,2856.24,18.59,1859.31,495.94,0.42,677.24,0.58,3,3,3
PO1000004417,"2020,2021",ASTRA AGRO LESTARI,SAWIT ASAHAN INDAH,SAWIT ASAHAN INDAH,Not RSPO Certified,,3/31/23,0.76,100.52,"0.761311, 100.519011",IDN,Indonesia,Riau,Rokan Hulu,1-Fully Verified,,67.11,6711.03,105.09,231.47,23147.1,0.76,75.96,2.27,227.43,0.22,22.14,2.72,271.53,2.14,213.93,1.88,188.19,0.47,46.89,0.64,63.54,3.94,394.38,0.51,50.85,0.32,31.5,0.37,36.81,0.68,67.68,0.67,66.6,0.2,19.8,1.16,116.1,1.29,129.42,0.74,73.62,0.38,37.53,0.56,56.34,1.64,163.53,1.03,103.23,24.57,0.37,42.54,0.63,3,3,3
PO1000004418,"2021,2020",UNKNOWN,MULTI AGRO SENTOSA,MULTI AGRO SENTOSA,Not RSPO Certified,,3/31/23,0.77,100.89,"0.770833, 100.885283",IDN,Indonesia,Riau,Kampar,1-Fully Verified,,83.43,8342.64,122.84,222.58,22258.44,0.91,90.72,0.72,71.64,0.87,87.03,6.52,651.87,2.35,234.81,1.06,106.38,0.27,26.82,0.13,13.14,13.15,1314.63,2.81,280.89,0.95,95.4,1,99.99,0.18,18.45,0.2,20.25,2.11,211.41,0.26,26.46,2.44,243.81,4.59,458.82,1.45,145.35,3.99,398.79,1.62,162.27,1.72,171.54,49.3,0.59,34.12,0.41,3,3,3
PO1000004419,"2020,2021",ANGLO-EASTERN PLANTATION (AEP),BINA FITRI JAYA,BINA FITRI JAYA,Not RSPO Certified,,3/31/23,0.81,101.28,"0.809088, 101.277952",IDN,Indonesia,Riau,Kampar,1-Fully Verified,,87.22,8721.99,133.82,303.33,30332.61,2.08,208.35,0.21,20.88,0.67,67.05,2.51,251.19,3.34,333.81,4.27,427.32,28.61,2860.92,7.69,768.51,5.23,522.9,4.32,432.27,2.01,201.15,9,899.73,5.91,590.58,2.38,237.78,0.75,74.61,0.44,43.74,2.6,259.74,1.19,118.71,0.24,24.21,0.42,42.39,0.61,60.75,0.17,17.37,84.64,0.97,2.58,0.03,2,5,1
PO1000004421,"2021,2020",MAHKOTA,MUTIARA UNGGUL LESTARI,MUTIARA UNGGUL LESTARI,Not RSPO Certified,,3/31/23,0.86,101.3,"0.855817, 101.302617",IDN,Indonesia,Riau,Siak,1-Fully Verified,,212.11,21210.66,301.51,590.36,59036.22,2.74,273.69,4.94,494.01,4.52,451.53,21.47,2147.22,34.06,3405.96,24.34,2434.32,20.48,2047.86,12.96,1295.64,14.79,1478.52,11.78,1177.56,9.23,922.95,15.62,1562.49,7,699.84,6.19,618.57,3.29,329.49,5.86,586.17,5.04,503.73,2.58,258.03,4.43,443.25,3.36,336.06,2.26,225.54,1.53,152.91,212.11,1,0,0,3,5,1
PO1000004422,"2020,2021",ASTRA AGRO LESTARI,EKA DURA INDONESIA,EKA DURA INDONESIA,Not RSPO Certified,,3/31/23,0.88,100.61,"0.88425, 100.611683",IDN,Indonesia,Riau,Rokan Hulu,1-Fully Verified,,141.42,14142.33,162.78,206.72,20671.92,1.74,173.61,4.7,469.98,0.27,26.73,4.66,465.84,3.53,352.62,6.35,635.31,4.65,465.39,3.87,387,7.9,790.38,5.46,545.94,4.04,404.1,10.19,1019.07,3.24,323.73,1.27,126.63,4.32,431.91,7.36,736.38,9.21,920.7,8.48,847.98,8.27,827.37,5.84,584.1,3.87,386.73,0.57,57.33,109.79,0.78,31.63,0.22,3,4,3
PO1000004423,"2021,2020",UNKNOWN,SUMBER JAYA INDAHNUSA COY,KOTA LAMA,Not RSPO Certified,,3/31/23,0.89,100.7,"0.892167, 100.699",IDN,Indonesia,Riau,Rokan Hulu,1-Fully Verified,,136.48,13648.32,160.24,279.25,27925.2,1.6,160.29,6.57,657.45,2.83,282.69,21.91,2190.78,13.64,1364.31,11.38,1138.05,7.98,797.67,0.75,75.15,9.3,929.61,1.36,135.9,0.4,39.87,0.92,91.98,0.02,2.07,0.1,9.63,0.05,4.68,0.16,15.66,3.71,370.89,4.28,428.13,2.7,269.73,5.31,530.91,4.81,481.14,4.21,421.11,103.98,0.76,32.51,0.24,4,4,3
PO1000004424,"2020,2021",PADASA ENAM UTAMA,SUMBER ALAM MAKMUR SENTOSA,MUARA DILAM,Not RSPO Certified,,3/31/23,0.96,100.72,"0.959467, 100.723783",IDN,Indonesia,Riau,Rokan Hulu,1-Fully Verified,,36,3600.27,42.98,40.66,4066.38,3.09,308.7,1.11,111.42,0.31,31.41,2.01,200.7,8.32,831.78,7.48,748.44,5.44,544.23,0.36,35.73,3.06,305.73,1.39,138.78,0.09,8.82,0.8,79.56,0.03,2.88,0.06,5.94,0.01,0.72,0.01,1.08,0.05,5.31,0.03,2.61,0.07,7.02,0.01,0.99,0.03,2.61,0,0.36,33.75,0.94,2.25,0.06,1,5,1
PO1000004428,2020,PTPN III,PERKEBUNAN NUSANTARA IV,SOSA,RSPO Certified,"RSPO Certified, MB",3/31/23,1.05,100.01,"1.048917, 100.012283",IDN,Indonesia,Sumatera Utara,Padang Lawas,1-Fully Verified,,86.98,8697.51,99,130.03,13002.84,0.48,47.97,1.29,129.24,0.45,44.55,0.63,63.36,0.78,77.58,1.54,154.35,0.83,82.53,0.48,47.61,0.49,48.51,0.63,63,1.92,191.52,20.33,2032.74,17,1700.19,3.34,334.35,0.33,33.03,0.99,99.18,0.59,58.77,0.26,25.74,0.08,7.92,2.84,283.77,2.69,268.65,1.03,102.6,58.97,0.68,28,0.32,3,4,3
PO1000004431,2020,SUMBER TANI AGUNG,KARYA AGUNG SAWITA,KARYA AGUNG SAWITA,Not RSPO Certified,,3/31/23,1.07,99.96,"1.0657, 99.963133",IDN,Indonesia,Sumatera Utara,Padang Lawas,1-Fully Verified,,505.52,50551.56,584.68,1023.07,102306.69,2.52,252.09,2.69,269.1,1.81,181.08,7.34,733.95,6.85,685.35,11.75,1175.49,7.73,772.92,15.61,1561.23,14.83,1483.38,5.11,511.11,29.34,2933.82,11.96,1195.92,8.77,877.23,7.92,791.55,9.36,936.36,7.68,768.33,18.02,1801.71,2.68,268.29,2.65,264.87,3.2,319.95,3.58,358.47,8.06,805.95,189.48,0.37,316.03,0.63,3,3,3
PO1000004434,"2020,2021",DUTA MARGA,DHARMASRAYA LESTARINDO,DHARMASRAYA LESTARINDO,Not RSPO Certified,,3/31/23,-1.08,101.66,"-1.076033, 101.663617",IDN,Indonesia,Sumatera Barat,Dharmasraya,1-Fully Verified,,177.34,17733.69,270.84,544.4,54439.56,2.9,289.62,1.13,113.49,0.93,93.24,7.82,782.28,2.58,258.39,8.41,841.5,2.52,251.82,4.22,422.01,2.72,272.16,1.83,182.7,3.24,324.36,3.94,394.02,2.6,260.01,4.34,434.34,4.68,468.27,6.01,601.11,8.52,851.76,3.04,303.93,4.91,491.49,4.77,476.73,5.94,594.09,5.46,546.12,92.53,0.52,84.8,0.48,4,3,4
PO1000004435,"2021,2020",UNKNOWN,NAGAMAS AGRO MULIA,TALIKUMAIN,Not RSPO Certified,,3/31/23,1.08,100.26,"1.077988, 100.261278",IDN,Indonesia,Riau,Rokan Hulu,1-Fully Verified,,133.26,13326.12,197.5,429.5,42950.07,1.99,198.99,3.96,396.27,3.46,345.6,9.74,973.71,13.55,1355.13,3.94,394.2,8.03,802.53,4.11,411.21,11.45,1144.98,5.18,518.22,5.1,509.94,6.68,668.07,0.72,71.91,1.82,182.43,1.41,141.39,4.4,439.83,1.69,169.11,1.37,136.53,0.8,79.74,1.71,171.18,1.85,184.86,1.7,170.1,94.66,0.71,38.6,0.29,3,4,3
PO1000004437,"2020,2021",GLOBAL PALM RESOURCES HOLDINGS,PRAKARSA TANI SEJATI,PRAKARSA TANI SEJATI,Not RSPO Certified,,3/31/23,-1.1,110.47,"-1.099617, 110.46815",IDN,Indonesia,Kalimantan Barat,Ketapang,1-Fully Verified,,294.06,29405.61,309.11,507.12,50711.58,2.39,238.68,1.31,131.22,1.88,188.1,3.53,353.43,2.3,230.31,3.72,371.7,0.68,68.4,16.31,1631.25,8.45,845.1,5.22,522,6.03,603.36,5.88,588.24,3.36,336.15,5.76,576.27,4.67,467.1,17.43,1742.85,10.02,1001.52,8.9,889.74,19.15,1914.66,3.73,373.14,10.04,1004.04,8.13,813.06,148.9,0.51,145.15,0.49,4,3,4
PO1000004439,"2021,2020",MAKIN,PRODUK SAWITINDO JAMBI,PELABUHAN DAGANG,Not RSPO Certified,,3/31/23,-1.14,103.07,"-1.139183, 103.07365",IDN,Indonesia,Jambi,Tanjung Jabung B,1-Fully Verified,,119.85,11985.03,131.33,186.23,18623.34,0.56,56.34,1.95,194.85,6.43,643.32,8.86,886.32,6.46,646.11,9.48,948.42,7.84,783.99,12.38,1238.49,6.67,667.08,0.05,5.04,1.24,123.93,7.26,725.85,1.07,107.37,1.8,179.91,2,200.07,2.65,264.78,3.35,334.8,2.29,228.6,1.45,145.17,1.19,118.89,1.17,117.27,1.35,134.82,87.51,0.73,32.34,0.27,3,4,3
PO1000004441,2020,UNKNOWN,SAWIT ANUGERAH SEJAHTERA,SAWIT ANUGERAH SEJAHTERA,Not RSPO Certified,,3/31/23,1.15,101.28,"1.151667, 101.276717",IDN,Indonesia,Riau,Bengkalis,1-Fully Verified,,18.49,1848.69,28.7,61.41,6140.97,0.17,17.01,0.22,21.78,0.09,9.18,0.21,20.97,0.59,58.86,0.24,23.94,0.32,31.5,0.17,17.1,0.08,7.74,0.89,88.56,0.74,74.43,2.1,210.33,4.06,406.35,2.57,256.86,0.47,47.43,0.46,46.08,0.37,37.17,0.15,15.48,0.22,21.69,0.16,15.57,0.17,17.1,0.33,32.94,14.78,0.8,3.71,0.2,3,4,3
PO1000004442,"2020,2021",UNKNOWN,KENCANA PERSADA NUSANTARA,KENCANA PERSADA NUSANTARA,Not RSPO Certified,,3/31/23,1.18,100.23,"1.175407, 100.232727",IDN,Indonesia,Riau,Rokan Hulu,1-Fully Verified,,143.09,14309.19,181.12,250.88,25088.4,5.57,557.46,8.97,897.3,12.62,1261.53,55.14,5514.03,14.64,1463.76,3.54,353.97,1.29,128.61,0.79,78.93,18.06,1805.94,2.27,226.98,2.23,223.11,0.37,36.9,0.09,9.27,0.17,17.01,0.26,26.19,0.69,68.76,0.97,96.93,0.52,51.84,0.44,43.92,0.6,60.03,0.6,60.48,0.56,55.53,130.38,0.91,12.71,0.09,2,5,1
PO1000004444,2020,TRINITY INTERLINK,MERANGKAI ARTHA NUSANTARA,MERANGKAI ARTHA NUSANTARA,Not RSPO Certified,,3/31/23,1.21,100.29,"1.212517, 100.29345",IDN,Indonesia,Riau,Rokan Hulu,1-Fully Verified,,46.74,4674.33,93.22,193.22,19321.83,0.1,10.44,0.17,17.28,0.01,1.44,0.13,12.96,0.12,11.52,0.08,7.65,0.03,3.06,0.03,2.88,0.05,4.95,0.07,6.75,0.03,3.33,0.04,3.78,0.03,3.24,0.12,12.33,0.22,22.05,0.15,14.94,0.39,38.7,0.13,12.69,0.14,14.04,0.32,32.4,0.5,49.77,0.3,29.61,3.16,0.07,43.59,0.93,3,1,3
PO1000004448,2020,KALIMANTAN SAWIT KUSUMA (KSK),FAJAR SAUDARA KUSUMA,SEBAWI,Not RSPO Certified,,3/31/23,1.27,109.23,"1.26659, 109.22532",IDN,Indonesia,Kalimantan Barat,Sambas,1-Fully Verified,,406.81,40680.63,777.48,1901.76,190175.67,4.25,424.53,5.51,551.34,0.46,45.63,4.03,403.02,2.7,270.27,2.46,246.24,3.32,331.56,25.22,2522.16,20.86,2086.29,10.45,1045.08,17.83,1782.63,16.41,1640.61,11.5,1149.57,21.96,2195.73,5.23,523.35,11.11,1111.41,7.15,714.96,8.67,866.7,3.81,381.24,5.36,535.95,5.76,575.91,10.14,1014.03,204.18,0.5,202.62,0.5,3,3,3
PO1000004449,"2020,2021",NAGAMAS,NAGAMAS AGRO MULIA,NAGAMAS AGRO MULYA,Not RSPO Certified,,3/31/23,1.3,100.4,"1.3011, 100.3977",IDN,Indonesia,Riau,Rokan Hulu,1-Fully Verified,,60.57,6057.45,114.76,256.05,25605,0.6,60.3,1.06,105.75,0.63,62.55,1.92,192.06,2.14,213.84,2.07,207.27,1.11,110.7,0.67,66.87,1.25,125.28,0.84,83.61,0.59,59.13,0.97,97.47,0.47,47.43,0.85,84.51,0.59,58.77,1.47,146.88,1.94,193.77,1.17,116.64,0.59,58.77,0.76,76.05,0.7,70.11,0.99,99,23.37,0.39,37.21,0.61,3,3,3
PO1000004452,"2021,2020",UNKNOWN,PALMA ABADI,PALMA ABADI,Not RSPO Certified,,3/31/23,-1.32,103.27,"-1.3213, 103.26525",IDN,Indonesia,Jambi,Muaro Jambi,1-Fully Verified,,355.89,35589.24,390.06,970.11,97011.45,2.86,285.57,7.9,789.57,6.38,637.92,15.94,1594.08,15.78,1578.33,51.27,5126.85,45.9,4589.73,45.84,4583.79,32.35,3234.69,2.48,247.86,14.39,1439.1,8.03,802.62,6.14,613.8,6.63,663.21,3.94,394.38,6.93,692.73,5.24,524.43,3.74,374.4,1.39,138.69,2.27,227.16,8.53,853.2,6.49,649.08,300.41,0.84,55.48,0.16,3,5,3
PO1000004454,"2020,2021",BBIP PALM,BUKIT BARISAN INDAH PRIMA,BUKIT BARISAN INDAH PRIMA,Not RSPO Certified,,3/31/23,-1.34,103.46,"-1.339617, 103.455383",IDN,Indonesia,Jambi,Muaro Jambi,1-Fully Verified,,57.81,5780.7,89.87,132.06,13205.88,0.87,86.94,1.87,187.47,0.84,83.61,0.9,90.18,0.71,71.46,0.72,72.18,1.39,139.32,1.54,154.17,2.93,293.31,0.17,16.65,0.02,1.98,1.7,170.01,0.89,88.83,1.96,196.02,0.71,70.65,0.52,52.29,0.75,75.24,7.95,795.06,4.37,437.4,1.4,139.86,1.45,144.54,1.35,134.55,35.02,0.61,22.79,0.39,4,3,3
PO1000004455,"2021,2020",BBIP PALM,BATANGHARI SAWIT SEJAHTERA,BATANGHARI SAWIT SEJAHTERA,Not RSPO Certified,,3/31/23,-1.35,103.54,"-1.348467, 103.543133",IDN,Indonesia,Jambi,Muaro Jambi,1-Fully Verified,,120.61,12060.99,138.01,206.32,20632.41,4.43,442.98,5.6,559.98,0.13,12.6,2.72,271.8,3.52,351.99,3.9,390.42,5.76,575.55,3.95,394.65,4.71,471.06,0.04,4.41,0.02,1.62,5.27,527.13,2.28,227.97,1.82,182.34,1.33,133.38,3.56,356.13,3.63,363.42,2.55,254.88,1.08,107.82,1.83,182.7,3,299.61,2.89,289.35,64.02,0.53,56.59,0.47,4,3,3
PO1000004457,"2020,2021",UNKNOWN,BUKIT BINTANG SAWIT,BUKIT BINTANG SAWIT,Not RSPO Certified,,3/31/23,-1.38,103.49,"-1.382117, 103.494517",IDN,Indonesia,Jambi,Muaro Jambi,1-Fully Verified,,260.38,26037.54,289.94,527.44,52744.32,1.66,165.6,5.65,565.02,1.23,122.58,9.23,922.77,8.47,846.54,12.31,1231.2,20.1,2009.52,12.18,1217.7,14.44,1443.51,0.01,0.72,3.1,309.96,14.72,1472.13,4.18,417.69,4.34,433.8,3.77,376.65,6.14,613.71,7.13,712.89,7.52,751.59,2.9,290.16,4.48,448.29,9.66,965.7,8.16,815.85,161.34,0.62,99.04,0.38,4,3,3
PO1000004458,2020,GENTING PLANTATIONS,SEPANJANG INTISURYA MULIA,MULIA,RSPO Certified,"RSPO Certified, MB",3/31/23,-1.38,110.48,"-1.382733, 110.479567",IDN,Indonesia,Kalimantan Barat,Ketapang,1-Fully Verified,,393.3,39329.73,388.6,544.63,54462.96,0.88,88.38,1.48,148.23,0.28,27.81,2.29,229.14,1.57,156.96,1.3,130.14,11.03,1102.95,44.23,4423.23,42.93,4293.45,12,1199.97,8.51,850.95,7.11,711.36,7.37,736.92,8.22,822.42,6.1,610.11,7.82,781.83,4.99,498.6,5.79,578.79,7.01,700.92,2.17,217.08,1.69,169.38,3.32,331.65,188.1,0.48,205.19,0.52,2,3,3
PO1000004466,"2020,2021",MAKIN,RICKY KURNIAWAN KERTAPERSADA,RICKY KURNIAWAN KERTAPERSADA,Not RSPO Certified,,3/31/23,-1.5,103.86,"-1.49505, 103.861183",IDN,Indonesia,Jambi,Muaro Jambi,1-Fully Verified,,1870.75,187075.26,1982.6,2620,261999.81,11.31,1131.3,14.56,1455.84,9.55,954.99,127.06,12706.38,69.32,6931.98,8.28,828.18,52.01,5200.65,27.85,2785.14,31.74,3173.76,2.72,271.98,0.26,25.92,42.06,4206.42,18.36,1835.55,34.39,3439.44,19.44,1944.45,238.28,23827.86,17.88,1788.12,13.58,1357.92,23.73,2373.03,96.55,9655.29,16.4,1640.16,9.59,958.95,884.93,0.47,985.82,0.53,2,3,3
PO1000004468,"2021,2020",UNKNOWN,SUNGAI BAHAR PASIFIK UTAMA,SUNGAI BAHAR PASIFIK UTAMA,Not RSPO Certified,,3/31/23,-1.54,103.63,"-1.5362, 103.630567",IDN,Indonesia,Jambi,Muaro Jambi,1-Fully Verified,,261.43,26142.84,458.53,919.12,91911.78,3.24,324.27,5.69,569.43,1.32,131.58,4.69,469.35,4.66,465.66,4.36,435.51,9.67,966.51,10.12,1011.96,13.26,1326.33,0.07,6.66,2.27,226.98,14.09,1409.13,5.62,561.96,5.34,534.42,5.58,558,11.23,1122.93,6.75,675.18,6.76,676.35,5.08,508.32,7.56,756.09,4.9,489.96,3.86,385.65,136.12,0.52,125.31,0.48,3,3,3
PO1000004469,2021,WIDYA,UNGGUL WIDYA TEKNOLOGI LESTARI,BARAS,Not RSPO Certified,,3/31/23,-1.54,119.4,"-1.5414, 119.401633",IDN,Indonesia,Sulawesi Barat,Mamuju Utara,1-Fully Verified,,623.55,62354.52,638.7,1087.05,108704.79,29.37,2936.7,10.76,1075.86,6.74,674.28,19.94,1994.13,9.75,975.42,4.8,479.7,2.59,259.38,18.04,1803.96,13.41,1340.91,9.33,933.48,14.22,1422.36,13.08,1307.88,11.06,1105.92,13.81,1381.14,7.23,723.42,11.12,1111.5,12.6,1260.27,8.43,842.58,9,900.27,17.73,1773.27,10.72,1071.99,3.59,358.74,257.33,0.41,366.21,0.59,3,3,3
PO1000004470,2020,SARIMAS,MESKOM AGRO SARIMAS,MESKOM AGRO SARIMAS,Not RSPO Certified,,3/31/23,1.55,102.09,"1.54875, 102.08845",IDN,Indonesia,Riau,Bengkalis,2-High Confidence,,1153.08,115307.55,1253.32,2838.23,283823.1,6.79,678.78,31.65,3165.48,11.71,1170.81,41.88,4188.42,82.93,8292.78,6.25,624.51,13.39,1339.38,5.53,553.23,7.2,720.27,6.95,694.89,11.94,1193.67,16.16,1615.5,15.3,1530.36,144.05,14405.49,15.18,1518.48,17.88,1788.12,18.55,1854.99,11.89,1189.35,10.37,1037.16,8.38,838.35,9.58,958.5,6.62,662.31,500.21,0.43,652.87,0.57,2,3,3
PO1000004476,2021,ANGLO-EASTERN PLANTATION (AEP),TASIK RAJA,TASIK RAJA,Not RSPO Certified,,3/31/23,1.67,100.16,"1.669611, 100.161528",IDN,Indonesia,Sumatera Utara,Labuhanbatu Selatan,1-Fully Verified,,122.6,12260.34,125.26,149.26,14925.6,0.2,19.62,1.13,113.31,0.01,1.26,0.57,56.52,0.13,12.87,0.55,55.17,0.88,88.38,0.04,4.14,1.41,141.39,1,100.44,1.32,131.94,0.4,39.6,3.25,324.9,13.7,1370.16,20.65,2064.78,24.16,2415.96,20.84,2084.22,9.64,963.81,0.6,59.58,0.78,78.12,1.59,158.58,0.05,5.04,102.9,0.84,19.71,0.16,2,5,2
PO1000004477,"2021,2020",PTPN III,PERKEBUNAN NUSANTARA III,SEI DAUN,RSPO Certified,"RSPO Certified, MB",3/31/23,1.68,100.32,"1.675883, 100.32325",IDN,Indonesia,Sumatera Utara,Labuhanbatu Selatan,1-Fully Verified,,232.55,23254.56,222.72,223.66,22366.44,12.1,1210.5,0.96,95.67,0.14,14.04,2.19,218.79,3.68,367.56,10.75,1075.14,16.93,1693.44,6.46,645.84,36.47,3647.07,58.11,5811.48,45.88,4587.66,33.59,3358.98,7.9,790.2,3.81,380.61,0.05,4.77,0.69,68.58,0.32,32.49,0.01,1.17,0.03,2.52,0.1,9.81,0.03,3.42,0.02,1.98,232.55,1,0,0,1,5,1
PO1000004482,2021,UNKNOWN,BICCON AGRO MAKMUR,BICCON AGRO MAKMUR,Not RSPO Certified,,3/31/23,-1.74,103.87,"-1.744367, 103.869367",IDN,Indonesia,Jambi,Muaro Jambi,1-Fully Verified,,1211.8,121180.05,1145.64,1799.27,179926.83,6.26,626.04,7.36,736.38,3.65,365.49,40.48,4048.02,47.26,4726.35,9.51,951.12,48.51,4850.91,25.59,2559.42,28.83,2882.97,3.59,358.83,7.46,745.56,58.42,5841.54,50.79,5079.33,46.95,4694.58,35.81,3581.46,253.57,25356.6,18.29,1829.43,21.87,2187.18,16.33,1633.32,94.56,9455.76,18.05,1805.4,12.38,1238.4,855.54,0.71,356.26,0.29,3,4,3
PO1000004483,"2021,2020",SUMBER TANI AGUNG,SUMBER TANI AGUNG,SUMBER TANI AGUNG,Not RSPO Certified,,3/31/23,1.75,99.98,"1.75455, 99.9835",IDN,Indonesia,Sumatera Utara,Labuhanbatu Selatan,1-Fully Verified,LANGGA PAYUNG,220.21,22021.11,262.75,507.28,50727.6,3.9,389.7,2.31,230.76,1.12,111.6,4.45,444.87,3.34,333.54,2.39,238.77,4.16,415.89,4.3,429.93,4.76,476.37,2.78,278.19,6.28,628.29,4.09,408.78,9.13,912.51,12.72,1271.61,1.82,181.98,4.1,410.49,5.66,566.19,3.39,338.76,3.88,387.81,2.76,276.21,5.46,545.85,4.78,477.81,97.56,0.44,122.65,0.56,3,3,3
PO1000004487,2021,UNKNOWN,KENCANA ANDALAN NUSANTARA,KENCANA ANDALAN NUSANTARA,Not RSPO Certified,,3/31/23,1.78,100.39,"1.783667, 100.392417",IDN,Indonesia,Riau,Rokan Hilir,1-Fully Verified,,111.76,11176.02,121.87,233.61,23360.85,0.75,74.52,0.53,52.74,0.27,26.82,0.3,30.33,0.8,80.28,2.94,293.94,1.11,110.52,0.69,68.76,1.71,170.64,1.51,150.75,0.78,78.03,1.29,128.79,0.62,61.92,0.49,48.87,0.34,34.38,1.41,140.94,1.42,142.02,2.52,252.45,3.45,344.7,3.44,343.62,1.13,112.59,1.22,121.77,28.69,0.26,83.07,0.74,3,2,3
PO1000004495,2020,DUTA MARGA,SIMPANG KANAN LESTARINDO,SIMPANG KANAN LESTARINDO,Not RSPO Certified,,3/31/23,1.85,100.3,"1.851433, 100.295583",IDN,Indonesia,Riau,Rokan Hilir,1-Fully Verified,,279.62,27962.46,303.02,645.71,64570.77,7.36,736.47,2.96,295.83,1.98,198,43.78,4378.32,33.47,3346.92,1.76,176.4,1.4,140.31,4.31,430.56,18.42,1842.21,8.27,827.37,8.46,845.91,5.28,527.76,1.14,114.39,3.69,369.18,2.92,291.96,4.82,482.49,6.76,676.26,3.74,374.49,5.53,552.96,3.93,393.03,7.96,796.14,7.05,704.52,185.01,0.66,94.61,0.34,4,4,3
PO1000004496,"2020,2021",HERFINTA,HERFINATA PALM AND PLANTATION,HERFINATA PALM AND PLANTATION,Not RSPO Certified,,3/31/23,1.85,100.17,"1.854074, 100.165777",IDN,Indonesia,Sumatera Utara,Labuhanbatu Selatan,1-Fully Verified,,22.52,2252.43,22.64,36.63,3662.55,0.27,26.55,0.06,5.94,0.02,2.07,0.2,19.98,0.17,16.65,0.07,7.38,0.04,3.96,0.11,10.98,0.09,9.18,0.68,68.22,2.75,274.77,0.72,71.91,0.96,95.94,0.24,24.21,1,99.63,0.45,45.45,0.46,46.35,0.9,89.91,0.45,45.18,0.24,24.3,0.19,19.35,0.22,22.41,10.3,0.46,12.22,0.54,3,3,3
PO1000004497,"2021,2020",PTPN III,PERKEBUNAN NUSANTARA IV,ADOLINA,RSPO Certified,"RSPO Certified, MB",3/31/23,3.57,98.95,"3.568533, 98.94805",IDN,Indonesia,Sumatera Utara,Serdang Bedagai,1-Fully Verified,,56.55,5655.33,245.35,508.67,50866.56,0.42,42.03,0.06,5.85,0.55,55.17,0.22,22.41,0.12,12.24,0.21,20.79,0.42,42.39,0.4,39.96,1.93,192.78,2.83,283.32,0.8,80.28,1.38,138.24,0.71,70.74,0.66,65.61,0.25,24.75,1.9,190.26,2.84,284.22,9.04,904.05,0.54,53.64,2.54,254.25,7.16,715.95,1.39,138.96,36.38,0.64,20.17,0.36,5,4,5
PO1000004498,"2020,2021",UNKNOWN,PALMA JAYA SEJAHTERA,PALMA JAYA SEJAHTERA,Not RSPO Certified,,3/31/23,-1.87,103.56,"-1.874576, 103.560276",IDN,Indonesia,Jambi,Muaro Jambi,1-Fully Verified,,313.04,31304.34,328.62,523.06,52305.66,3.06,306.09,3.72,372.42,0.61,61.11,2.97,297.36,3.71,371.43,3.53,352.53,9.59,958.77,5.83,583.02,7.17,717.39,0.01,0.63,0.5,50.04,8.11,810.81,3.7,369.81,4.78,478.17,4.18,418.5,8.37,837.36,6.97,696.6,10.55,1055.25,4.75,475.38,11,1099.62,14.02,1402.47,17.7,1769.58,134.84,0.43,178.2,0.57,5,3,5
PO1000004499,"2021,2020",UNKNOWN,BUANA WIRASUBUR SAKTI,BUANA WIRASUBUR SAKTI,Not RSPO Certified,,3/31/23,-1.89,116.06,"-1.886417, 116.06075",IDN,Indonesia,Kalimantan Timur,Paser,1-Fully Verified,,1766.94,176693.94,1728.31,3324.48,332448.12,7.92,792.18,21.96,2196.36,10.31,1030.59,19.81,1980.72,21.16,2116.26,27.04,2703.69,14.84,1484.19,7.26,726.12,65.61,6560.82,14.13,1413.27,76.8,7679.88,46.3,4630.32,43.79,4378.86,32.46,3245.58,41.52,4152.15,51.83,5182.74,20.39,2039.31,18.38,1837.53,17.53,1753.47,8.92,892.26,13.69,1369.17,6.62,661.77,588.27,0.33,1178.67,0.67,2,2,3
PO1000004508,"2020,2021",ORIENTAL HOLDINGS BERHAD,GUNUNG MARAS LESTARI,GUNUNG MARAS LESTARI,Not RSPO Certified,,3/31/23,-1.96,105.95,"-1.96395, 105.9516",IDN,Indonesia,Bangka Belitung,Bangka,1-Fully Verified,,111.77,11177.19,191.66,291.31,29131.2,2.2,219.78,2.93,293.22,1.07,107.01,3.83,383.4,4.9,489.69,1.26,125.55,5.06,505.98,0.93,93.33,1.79,179.1,0.28,28.35,1.61,160.74,1.56,156.42,0.91,90.81,6.44,644.22,6.7,669.69,7.25,725.22,2.52,252.27,2.12,212.13,1.42,142.38,8.09,809.01,7.87,787.32,9.26,926.28,80.02,0.72,31.75,0.28,5,4,4
PO1000004514,"2021,2020",ORIENTAL HOLDINGS BERHAD,GUNUNGSAWIT BINALESTARI,GUNUNGSAWIT BINALESTARI,Not RSPO Certified,,3/31/23,-2.07,105.32,"-2.073717, 105.324017",IDN,Indonesia,Bangka Belitung,Bangka Barat,2-High Confidence,,475.87,47586.69,674.26,1167.3,116730,5.16,516.42,5.78,578.34,3.43,342.63,6.64,664.11,5.48,547.56,8.33,833.4,9.37,937.26,25.72,2572.2,32.73,3273.39,7.27,726.57,17.26,1726.02,26.69,2669.04,14.64,1463.58,30.86,3085.83,13.76,1375.92,19.6,1960.02,7.55,755.1,15.3,1529.91,21.04,2103.93,7.07,706.68,17.36,1736.46,12.44,1243.89,313.48,0.66,162.38,0.34,4,4,3
PO1000004518,"2020,2021",SAMPOERNA AGRO,TELAGA HIKMAH,TELAGA HIKMAH,RSPO Certified,"RSPO Certified, MB",3/31/23,-3.6,105.06,"-3.599533, 105.060483",IDN,Indonesia,Sumatera Selatan,Ogan Komering Ilir,1-Fully Verified,,1539.81,153980.55,1993.36,3642.2,364219.92,5.38,537.84,21.07,2107.44,6.19,618.66,18.44,1844.19,22.8,2279.79,20.77,2076.75,54.39,5438.7,44.53,4453.47,94.21,9420.66,34.96,3495.69,25.67,2566.62,99.41,9941.49,17.52,1751.58,69.36,6936.48,63.62,6362.19,158.18,15818.49,25.26,2526.39,29.06,2905.65,15.83,1583.46,32.74,3273.57,7.75,774.72,31.81,3180.96,898.95,0.58,640.86,0.42,3,3,3
PO1000004522,2021,UNKNOWN,SUMBER SAWIT MEKAR,MANCANG,Not RSPO Certified,,3/31/23,3.65,98.43,"3.65315, 98.431",IDN,Indonesia,Sumatera Utara,Langkat,1-Fully Verified,,39.48,3947.58,77.27,123.78,12378.06,0.14,13.5,0.15,15.21,0.1,10.44,0.14,14.22,0.26,26.28,0.51,51.39,0.37,36.99,0.09,9.36,0.37,36.54,0.28,28.35,0.1,9.63,0.58,57.51,0.05,5.04,0.65,64.89,0.22,22.32,0.63,63.45,0.16,16.2,1.76,176.13,0.7,70.29,0.57,57.24,1.04,104.31,0.22,21.87,9.11,0.23,30.36,0.77,3,1,4
PO1000004523,"2021,2020",MUJUR TIMBER,SINAR GUNUNG SAWIT RAYA,SINAR GUNUNG SAWIT RAYA,Not RSPO Certified,,3/31/23,2.11,98.27,"2.114933, 98.265567",IDN,Indonesia,Sumatera Utara,Tapanuli Tengah,1-Fully Verified,,371.97,37196.73,392.55,933.17,93317.13,3.69,369.18,0.81,81.45,9.84,983.79,5.17,516.6,4,399.96,14.02,1401.57,7.52,752.31,4.1,409.86,7.56,755.55,4.84,484.02,2.55,255.42,7,700.11,6.58,657.72,7.32,731.88,2.94,294.39,5.9,589.86,8.88,888.39,9.84,984.06,3.72,372.42,3.02,302.04,5.26,525.6,7.46,746.01,132.02,0.35,239.95,0.65,3,2,3
PO1000004524,"2020,2021",PTPN III,PERKEBUNAN NUSANTARA IV,SUNGAI LANGKAT,RSPO Certified,"RSPO Certified, MB",3/31/23,3.7,98.29,"3.7003, 98.292",IDN,Indonesia,Sumatera Utara,Langkat,1-Fully Verified,,147.5,14750.1,156.07,195.49,19549.35,0.47,46.89,0.31,30.87,3.51,350.73,2.3,230.49,0.24,24.48,4.61,461.16,7.71,771.48,0.6,59.58,13.49,1348.56,9.28,928.44,14.02,1402.2,17.28,1727.91,11.2,1120.32,5.29,528.75,0.33,32.76,1,100.17,1.36,135.81,2.87,287.19,5.51,550.53,2.61,260.55,3.61,361.08,3.3,330.48,110.9,0.75,36.6,0.25,3,4,3
PO1000004531,"2021,2020",UNKNOWN,CAMPANG TIGA,CAMPANG TIGA,Not RSPO Certified,,3/31/23,-3.76,104.74,"-3.7648, 104.7398",IDN,Indonesia,Sumatera Selatan,Ogan Komering Ulu Timur,1-Fully Verified,,374.32,37432.35,729.51,1103.33,110332.71,5.15,515.07,7.26,726.03,1.28,127.89,15.54,1553.58,17.89,1789.11,37,3699.63,38.55,3854.52,29.1,2909.52,25.55,2554.92,18.19,1818.72,33.48,3348.18,31.82,3182.04,1.35,134.73,5.15,514.62,8.53,853.2,5.44,544.23,7.1,709.83,19.9,1989.63,8.71,870.75,2.95,294.93,4.06,406.17,5.1,509.85,329.07,0.88,45.25,0.12,3,5,2
PO1000004538,"2020,2021",UNKNOWN,PALMA MAS SEJATI,PALMA MAS SEJATI,Not RSPO Certified,,3/31/23,-3.78,102.37,"-3.777933, 102.369",IDN,Indonesia,Bengkulu,Bengkulu Tengah,1-Fully Verified,,148.21,14821.2,225.4,467.36,46736.28,1.02,102.42,0.71,71.1,1.18,117.9,1.88,187.56,2.04,204.12,5.46,545.85,1.33,133.47,4.47,446.94,2.19,219.33,2.51,250.56,3.39,339.12,5.72,572.22,1.48,147.96,2.78,277.74,3.05,305.19,4.43,442.62,5.16,515.88,0.15,15.03,5.55,554.94,4.63,462.78,3.08,308.25,3.6,359.64,65.81,0.44,82.41,0.56,3,3,3
PO1000004540,"2021,2020",PTPN III,PERKEBUNAN NUSANTARA II,SAWIT SEBERANG,Not RSPO Certified,,3/31/23,3.8,98.28,"3.7996, 98.277133",IDN,Indonesia,Sumatera Utara,Langkat,1-Fully Verified,,128.21,12821.4,146.24,392.37,39236.58,1.17,117.09,0.81,81.27,3.04,304.38,4.64,463.5,3.85,385.2,4.87,486.72,0.29,29.34,0.68,67.5,1.94,194.04,1.36,136.44,1.38,137.7,5.47,547.29,7.91,791.1,3.6,359.73,0.25,24.66,1.3,130.14,10.08,1008.09,9.22,921.51,2.66,265.77,13.57,1356.93,12.7,1269.63,1.98,197.91,92.76,0.72,35.45,0.28,5,4,4
PO1000004541,"2020,2021",UNKNOWN,MAKMUR ABADI RAYA,MAKMUR ABADI RAYA,Not RSPO Certified,,3/31/23,3.81,98.34,"3.8069, 98.341667",IDN,Indonesia,Sumatera Utara,Langkat,1-Fully Verified,,36.21,3620.7,58.19,134.11,13411.35,0.67,66.96,0.06,5.85,1.05,104.76,0.04,3.96,0.14,14.4,0.14,13.86,0.62,62.28,0.13,12.78,0.42,41.94,0.86,86.49,1.6,160.47,0.21,20.88,2.17,217.17,0.81,81.36,0.13,12.96,1.42,141.57,0.36,36.45,1.82,181.53,1.46,145.89,1.1,110.34,0.57,57.15,0.79,79.2,16.58,0.46,19.62,0.54,3,3,3
PO1000004545,"2021,2020",PTPN III,PERKEBUNAN NUSANTARA II,SAWIT HULU,Not RSPO Certified,,3/31/23,3.84,98.23,"3.843117, 98.233",IDN,Indonesia,Sumatera Utara,Langkat,1-Fully Verified,,125.49,12548.61,147.54,257.53,25753.23,5.05,505.44,5.37,537.03,12.94,1293.84,9.17,917.1,5.82,582.48,2.97,296.91,1.11,110.52,7.33,732.78,5.99,599.49,6.94,694.08,2.26,226.44,0.97,97.47,0.91,91.44,2.63,262.8,1.01,100.8,0.56,55.71,2.63,263.34,1.27,126.72,0.55,55.44,2.08,207.81,8.42,842.4,9.6,960.03,95.6,0.76,29.89,0.24,5,4,4
PO1000004546,"2020,2021",UNKNOWN,CIPTA CHEMICAL MEDAN OIL,CIPTA CHEMICAL MEDAN OIL,Not RSPO Certified,,3/31/23,3.85,98.34,"3.854067, 98.344367",IDN,Indonesia,Sumatera Utara,Langkat,1-Fully Verified,,17.21,1720.53,23.73,42.34,4234.32,0.08,8.46,0.34,34.11,0.34,33.66,0.02,1.89,0.04,3.6,0.03,3.06,0.01,1.26,0.02,1.53,0.05,4.95,0.03,3.33,0.01,0.54,0.04,3.6,0.28,27.72,0.39,38.88,0.32,31.5,0.93,92.79,0.81,80.91,1.07,107.46,1.24,123.93,0.19,18.54,0.27,27.45,0.14,14.13,6.63,0.39,10.57,0.61,3,3,3
PO1000004548,"2021,2020",SAMPOERNA AGRO,MUTIARA BUNDA JAYA,PERMATA BUNDA,RSPO Certified,"RSPO Certified, MB",3/31/23,-3.94,105.11,"-3.941983, 105.109783",IDN,Indonesia,Sumatera Selatan,Ogan Komering Ilir,1-Fully Verified,,119.99,11998.8,234.83,553.95,55394.82,0.51,50.94,0.66,66.33,0.19,19.17,0.54,53.73,0.31,31.23,0.6,59.85,0.38,37.62,0.55,54.54,0.95,94.77,0.56,55.62,1.33,132.84,0.92,92.25,0.81,81.45,2.16,215.55,0.56,56.25,3.39,338.67,4.17,417.15,6.02,601.65,1.42,142.2,19.94,1993.59,2.39,239.22,2.36,236.16,50.71,0.42,69.28,0.58,3,3,3
PO1000004550,2021,UNKNOWN,RAYA PADANG LANGKAT,RAYA PADANG LANGKAT,Not RSPO Certified,,3/31/23,3.95,98.37,"3.946467, 98.3661",IDN,Indonesia,Sumatera Utara,Langkat,1-Fully Verified,,22.46,2245.5,38.83,60.27,6026.85,0.73,72.63,0.55,54.81,0.3,30.24,0.5,50.49,0.13,13.32,0.09,9.45,0.31,31.05,0.15,14.85,1.77,176.85,0.58,58.14,0.41,41.49,0.68,68.49,0.05,5.4,1.63,163.44,0.13,12.69,0.41,41.22,0.06,5.67,2.92,292.05,0.2,20.25,0.32,32.13,0.28,27.72,0.24,23.94,12.46,0.56,9.99,0.44,3,3,3
PO1000004553,"2021,2020",UNKNOWN,JAYA PALMA NUSANTARA,JAYA PALMA NUSANTARA,Not RSPO Certified,,3/31/23,3.96,98.36,"3.963333, 98.3628",IDN,Indonesia,Sumatera Utara,Langkat,2-High Confidence,,67.24,6723.99,173.73,380.74,38074.05,0.73,73.26,0.44,44.28,0.65,65.34,1.57,157.23,0.35,34.56,1,100.17,1.96,195.84,1.95,194.76,3.78,378.36,4.85,484.56,0.37,36.54,3.83,382.77,1.26,126.09,3.22,322.29,1.75,174.51,3.08,307.98,0.29,28.98,1.25,125.46,0.38,37.62,0.73,73.35,1.93,192.87,1.66,165.78,37.03,0.55,30.21,0.45,4,3,3
PO1000004557,2021,ALAM GROUP,ANUGERAH LANGKAT MAKMUR,ANUGERAH LANGKAT MAKMUR,Not RSPO Certified,,3/31/23,4.01,98.19,"4.013017, 98.19435",IDN,Indonesia,Sumatera Utara,Langkat,1-Fully Verified,,17.6,1759.68,21.4,41.99,4198.77,0.23,23.31,0.14,13.77,0.17,17.46,0.09,9.27,0.01,0.99,0.07,6.57,0.08,7.83,1.59,159.21,1.51,150.66,0.29,29.16,0,0.36,0.05,4.77,0.03,3.06,0.65,64.53,0.37,36.99,0.52,51.66,0.24,24.21,0.47,46.62,0.15,15.21,0.06,5.67,0.34,33.57,2.65,265.14,9.7,0.55,7.9,0.45,5,3,5
PO1000004558,"2021,2020",UNKNOWN,SAWIT JAYA MAKMUR SENTOSA,SAWIT JAYA MAKMUR SENTOSA,Not RSPO Certified,,3/31/23,4.02,98.21,"4.017067, 98.2124",IDN,Indonesia,Sumatera Utara,Langkat,2-High Confidence,,34.12,3412.08,56.85,107.3,10730.43,0.43,42.66,0.09,8.82,0.04,3.96,0.16,16.38,1.17,117.18,1.06,105.66,0.46,46.17,0.99,99.27,1.28,127.62,0.57,57.33,0.17,16.92,0.47,46.62,0.52,52.47,0.92,91.8,1.07,107.46,1.19,119.16,0.76,75.96,1.66,165.69,0.61,61.47,0.44,43.83,0.7,70.11,0.74,74.25,15.51,0.45,18.61,0.55,3,3,3
PO1000004560,"2020,2021",UNKNOWN,SAWIT NAGAN RAYA MAKMUR,SAWIT NAGAN RAYA MAKMUR,Not RSPO Certified,,3/31/23,4.05,96.47,"4.04892, 96.47428",IDN,Indonesia,Aceh,Nagan Raya,2-High Confidence,,130.66,13066.02,137.31,456.14,45613.98,0.61,60.84,0.19,18.54,0.12,11.7,0.23,22.68,0.16,16.38,0.39,38.52,1.05,104.94,1.59,158.85,5.09,508.59,3.37,336.96,5.65,565.29,17.55,1755,19.34,1933.92,5.1,510.48,2.22,222.03,2.46,246.42,1.98,197.82,1.91,190.53,1.12,112.5,0.6,60.3,1.1,110.25,0.59,59.22,72.42,0.55,58.24,0.45,2,3,3
PO1000004561,2020,MINANGA,MINANGA OGAN,SEI OGAN,Not RSPO Certified,,3/31/23,-4.05,104.2,"-4.049583, 104.198233",IDN,Indonesia,Sumatera Selatan,Ogan Komering Ulu,2-High Confidence,,484.92,48491.82,662.1,1217.03,121702.68,5.66,565.56,9.62,962.46,6.54,653.85,14.03,1402.92,19.57,1956.78,27.62,2762.28,19.13,1912.68,10.61,1060.92,32.38,3237.93,7.26,725.67,10.51,1050.75,21.29,2129.13,12.93,1293.48,7.52,751.68,6.45,645.39,7.88,788.31,11.33,1132.74,7.84,784.26,6.22,622.44,9.7,969.57,4.08,407.7,5.61,560.7,263.77,0.54,221.15,0.46,3,3,3
PO1000004563,"2021,2020",UNKNOWN,JAYA BARU PERTAMA,JAYA BARU PERTAMA,Not RSPO Certified,,3/31/23,4.07,98.22,"4.065217, 98.217833",IDN,Indonesia,Sumatera Utara,Langkat,1-Fully Verified,,58.04,5803.65,156.57,285.06,28506.24,0.23,23.4,0.15,14.67,0.12,11.79,0.19,18.9,0.04,3.51,0.35,35.19,0.49,48.87,2.75,274.59,3.15,314.64,1.51,151.11,0.66,65.79,0.53,53.1,0.14,14.22,0.54,54,0.68,68.49,1.84,183.78,1.58,158.49,4.26,426.42,1.38,137.79,2.32,232.38,1.16,115.83,1.01,101.16,25.08,0.43,32.96,0.57,3,3,3
PO1000004567,2021,PTPN III,PERKEBUNAN NUSANTARA I,PULAU TIGA,RSPO Certified,"RSPO Certified, MB",3/31/23,4.18,97.94,"4.18335, 97.936817",IDN,Indonesia,Aceh,Aceh Tamiang,1-Fully Verified,,668.32,66832.11,665.8,1278,127799.82,7,700.38,2.32,231.66,2.77,277.29,2.64,264.33,1.62,162.36,3.13,313.02,8.34,834.12,4.93,493.47,7.14,714.42,10.76,1075.5,10.84,1083.51,14.9,1489.59,23.79,2378.52,13.75,1374.93,5.52,551.79,9.53,953.37,4.98,497.61,6.41,641.43,5.61,561.33,11.5,1150.47,4.66,466.47,3.96,396.45,166.12,0.25,502.2,0.75,2,1,3
PO1000004570,2021,MOPOLI RAYA,MOPOLI RAYA,TAMIANG,Not RSPO Certified,,3/31/23,4.29,98.15,"4.2909, 98.153233",IDN,Indonesia,Aceh,Aceh Tamiang,1-Fully Verified,,122.62,12262.14,207.24,329.79,32978.7,0.64,63.81,0.6,59.58,0.14,14.13,0.83,82.62,0.74,73.71,5.6,559.62,6.26,626.31,4.96,495.72,11.06,1106.19,5.31,531.27,1.81,180.99,1.49,149.31,4.2,420.03,8.29,828.81,1.86,185.58,2.09,208.89,1.49,148.68,5.35,534.96,1.03,103.41,1.39,139.41,1.18,117.81,3.36,336.24,69.67,0.57,52.95,0.43,3,3,3
PO1000004571,"2021,2020",ASTRA AGRO LESTARI,KARYA TANAH SUBUR,KARYA TANAH SUBUR,Not RSPO Certified,,3/31/23,4.35,96.16,"4.349722, 96.164444",IDN,Indonesia,Aceh,Aceh Barat,1-Fully Verified,,1300.15,130014.63,1458.1,2840.84,284084.46,6.25,624.6,3.66,365.67,1.69,168.93,8.44,844.2,27.04,2703.96,9.72,971.73,16.76,1675.62,34.84,3483.9,40.91,4091.4,21.17,2116.8,40.09,4008.78,51.09,5108.85,69.83,6982.65,60.94,6093.99,24.12,2412.36,31.95,3194.73,35.57,3557.25,19.91,1990.98,12.68,1267.92,11.28,1127.52,24.44,2443.68,23.79,2378.52,576.14,0.44,724.01,0.56,3,3,3
PO1000004572,2021,UNKNOWN,BUMI SAMA GANDA,BUMI SAMA GANDA,Not RSPO Certified,,3/31/23,4.36,98.11,"4.356517, 98.1062",IDN,Indonesia,Aceh,Aceh Tamiang,1-Fully Verified,,15.51,1551.15,27.36,33.7,3370.05,0.09,9.09,0.06,6.39,0.01,1.44,0.16,15.75,0.06,6.12,0.42,41.85,0.16,16.2,0.08,8.28,0.16,15.93,0.3,29.7,0.02,1.53,0.1,10.17,1.23,123.21,0.57,57.42,0.44,44.01,0.8,79.74,0.14,13.77,0.64,63.54,0.23,23.22,0.22,22.32,0.95,95.04,1.63,162.63,8.47,0.55,7.04,0.45,5,3,5
PO1000004573,2021,PTPN III,PERKEBUNAN NUSANTARA I,TANJUNG SEUMANTOH,Not RSPO Certified,,3/31/23,4.37,98.09,"4.366879, 98.088319",IDN,Indonesia,Aceh,Aceh Tamiang,1-Fully Verified,,151.3,15130.17,358.89,654.18,65418.03,1.16,116.19,1.87,186.57,1.58,157.59,3.65,364.77,1.96,196.11,2.51,251.46,3.06,305.82,2.39,238.59,2.97,297.09,3.76,376.38,4.84,483.75,4.9,490.5,5.43,542.7,3.64,363.6,2.31,231.12,7.54,754.29,7.94,794.43,4.17,417.06,1.97,196.56,2.73,273.15,2.58,258.39,1.5,149.85,74.46,0.49,76.84,0.51,3,3,3
PO1000004576,2021,UNKNOWN,ANUGRAH FAJAR REZEKI,ANUGERAH FAJAR REZEKI,Not RSPO Certified,,3/31/23,4.57,97.91,"4.57432, 97.90967",IDN,Indonesia,Aceh,Aceh Timur,1-Fully Verified,,210.87,21086.82,229.86,404.79,40478.67,0.89,89.46,0.75,74.7,0.29,28.71,1.37,137.43,0.68,68.13,0.39,39.33,0.89,89.28,1.5,150.21,2.13,213.48,2.11,210.69,4.75,474.75,6.74,674.46,5.6,560.07,11.17,1116.99,9.95,995.31,8.13,813.24,5.23,523.44,9.57,956.52,6.75,674.73,2.59,258.66,1.96,195.57,2.19,218.97,85.64,0.41,125.23,0.59,3,3,3
PO1000004582,"2021,2020",UNKNOWN,BLANG KETUMBA,BLANG KETUMBA,Not RSPO Certified,,3/31/23,4.98,96.7,"4.984983, 96.7",IDN,Indonesia,Aceh,Bireuen,1-Fully Verified,,3534.11,353410.83,3844.09,10779.86,1077986.25,7.31,730.89,7.78,778.05,0.8,79.92,8.58,857.79,6.98,697.5,13.68,1368.18,6.57,656.64,7.11,710.73,19.7,1969.56,17.28,1728.09,16.07,1607.22,20.79,2078.64,20.98,2097.99,57.32,5731.56,34.18,3418.38,54.72,5472.27,42.06,4205.79,46.52,4652.46,34.17,3416.94,27.17,2717.28,26.38,2638.44,18.47,1847.43,494.62,0.14,3039.49,0.86,2,1,3
PO1000004655,"2020,2021",SINAR MAS,AGROKARYA PRIMA LESTARI,KUAYAN,Not RSPO Certified,,3/31/23,-1.97,112.37,"-1.970503, 112.370324",IDN,Indonesia,Kalimantan Tengah,Kotawaringin Timur,1-Fully Verified,,212.39,21239.28,216.39,286.3,28629.99,0.99,99.09,4.33,433.35,0.14,13.5,3.77,377.37,3.88,387.81,57.81,5780.88,20.56,2056.05,12.08,1208.07,19.79,1978.65,8.95,895.14,7,699.75,6.61,661.23,12.08,1208.16,12.69,1269,1.53,152.73,1.31,131.04,0.39,38.88,1.34,133.74,1.33,132.84,0.56,56.07,0.39,38.52,0.41,41.4,177.93,0.84,34.46,0.16,1,5,1
PO1000004656,"2021,2020",SINAR MAS,MITRA KARYA AGRO INDO,TANGAR,Not RSPO Certified,,3/31/23,-2.24,112.3,"-2.243602, 112.299345",IDN,Indonesia,Kalimantan Tengah,Seruyan,1-Fully Verified,,80.57,8057.34,128.56,240.76,24076.26,0.93,93.24,2.41,241.11,0.75,74.79,3.21,321.39,13.42,1341.81,12.55,1255.32,4.03,402.66,14.18,1417.77,6.41,640.89,2.91,290.7,1.86,186.48,2.17,216.81,0.58,57.69,1.53,152.73,0.63,62.91,1.4,139.59,0.62,61.92,0.23,22.86,0.17,17.28,0.26,25.56,0.51,51.39,0.45,45.18,71.2,0.88,9.37,0.12,2,5,1
PO1000004752,2021,UNKNOWN,PALMAS DEL CESAR S.A.,PALMAS DEL CESAR,RSPO Certified,"RSPO Certified, IP",3/31/23,7.89,-73.47,"7.886, -73.466694",COL,Colombia,Cesar,San Alberto,1-Fully Verified,,447.02,44701.56,929.36,2203.39,220338.99,4.12,412.11,3.87,387.09,2.74,274.05,3.83,382.86,2.8,280.44,4.17,416.7,10.31,1031.22,2.23,223.47,3.23,322.92,2.49,249.39,2.75,275.22,5.3,530.19,2.77,277.29,2.32,231.66,2.68,268.02,4.7,470.07,9.62,962.19,3.25,324.9,1.76,176.49,2.15,215.19,1.44,144.09,1.57,156.87,80.12,0.18,366.89,0.82,1,1,3
PO1000004794,2020,SABAH LAND DEVELOPMENT BOARD,KENINGAU PALM OIL MILL SDN BHD,KENINGAU POM,Not RSPO Certified,,3/31/23,5.11,116.09,"5.109346, 116.094151",MYS,Malaysia,Sabah,Keningau,1-Fully Verified,,418.15,41814.54,514.25,959.47,95947.2,4.06,406.17,5.52,552.42,1.92,191.97,6.74,674.46,13.59,1359.27,5.83,583.2,3.71,370.89,6.81,681.39,7.1,709.65,4.51,451.08,7.79,778.59,48.08,4808.07,6.99,698.85,17.58,1758.24,13.03,1303.47,10.83,1082.97,5.37,536.85,4.7,470.07,4.45,444.78,1.85,184.59,1.75,175.23,1.42,142.11,183.64,0.44,234.5,0.56,2,3,3
PO1000004843,2021,ASTRA AGRO LESTARI,SUMBER KHARISMA PERSADA,SUMBER KHARISMA PERSADA,Not RSPO Certified,,3/31/23,1.01,118.05,"1.014086, 118.048363",IDN,Indonesia,Kalimantan Timur,Kutai Timur,1-Fully Verified,,335.38,33537.87,329.73,649,64900.17,2.74,274.05,5.61,561.33,0.57,56.88,1.84,183.96,2.33,233.1,31.19,3119.22,20.55,2054.97,4.66,465.75,7.29,729,0.93,92.97,6.63,662.67,6.03,603.45,3.64,363.51,6.39,639.09,2.98,297.72,6.7,669.69,2.33,233.01,1.5,149.76,4.52,451.98,1.8,179.64,0.46,45.99,0.86,85.77,121.54,0.36,213.84,0.64,1,3,3
PO1000004844,"2021,2020",BARITO PACIFIC,TINTIN BOYOK SAWIT MAKMUR,TINTIN BOYOK SAWIT MAKMUR,Not RSPO Certified,,3/31/23,-0.11,110.73,"-0.111483, 110.733567",IDN,Indonesia,Kalimantan Barat,Sekadau,2-High Confidence,,2065.57,206557.29,2093.92,3238.09,323809.2,15.68,1568.16,13.27,1326.78,9.71,971.1,17.86,1785.51,16.54,1654.29,20.52,2051.55,21.51,2150.82,38.36,3836.34,43.79,4379.04,32.12,3212.46,33.94,3393.54,38.19,3819.42,26.47,2646.81,39.95,3995.01,52.6,5260.05,67.62,6762.06,69.32,6932.25,59.14,5913.81,38.22,3822.21,39.5,3950.46,41.2,4119.57,52.27,5226.57,787.78,0.38,1277.79,0.62,3,3,4
PO1000004852,2020,DHARMA AGUNG WIJAYA (DAW),INTI GUNA NABATI,INTI GUNA NABATI,Not RSPO Certified,,3/31/23,-2.42,102.68,"-2.416483, 102.680667",IDN,Indonesia,Jambi,Sarolangun,1-Fully Verified,,3129.21,312920.64,3258.23,5470.06,547006.41,55.19,5519.34,38.5,3849.84,10.87,1087.29,53.13,5312.79,21.36,2136.06,121.89,12188.79,49.5,4950.09,104.72,10471.95,69.37,6936.84,32.8,3279.78,13.77,1376.82,76.91,7691.22,24.59,2458.89,45.17,4517.37,39.65,3964.68,66.57,6656.85,57.18,5717.61,44.68,4467.6,35.5,3550.05,31.15,3114.9,29.8,2980.44,44.09,4409.19,1066.38,0.34,2062.82,0.66,3,2,3
PO1000004857,"2020,2021",EAGLE HIGH PLANTATIONS,JAYA MANDIRI SUKSES,BANGKIRAI,Not RSPO Certified,,3/31/23,-0.56,116.37,"-0.563446, 116.373882",IDN,Indonesia,Kalimantan Timur,Kutai Kartanegara,1-Fully Verified,,763.77,76376.7,1072.6,1680.44,168043.77,3.84,384.03,8.49,848.7,5.42,542.07,4.37,437.4,2.6,260.1,40.75,4074.93,49.95,4994.91,28.82,2881.62,21.17,2116.62,13.01,1301.49,15.61,1560.69,45.16,4516.38,27.05,2705.4,8.28,828.45,26.41,2641.32,44.74,4473.81,22.38,2237.76,8.84,884.07,9.68,967.86,5.21,521.46,8.98,898.47,6.08,608.49,406.86,0.53,356.91,0.47,3,3,3
PO1000004860,"2021,2020",SIN TEK HUAT,BINA SAWIT NUSANTARA,BINA SAWIT NUSANTARA,Not RSPO Certified,,3/31/23,0.17,101.33,"0.165673, 101.326598",IDN,Indonesia,Riau,Kampar,1-Fully Verified,,85.62,8562.24,103.8,255.37,25536.87,0.46,46.44,1.04,104.4,0.36,36.09,1.67,166.86,5.53,553.14,7.75,774.54,6.92,692.1,4.5,450.45,2.86,285.57,6.59,658.62,2.08,208.44,3.34,333.9,1.24,123.66,1.22,122.4,1.73,172.98,1.86,186.21,2.9,289.89,1.3,130.05,0.91,91.44,1.12,111.69,2.06,206.19,1.97,196.65,59.42,0.69,26.21,0.31,3,4,3
PO1000004866,"2020,2021",BUMITAMA GUNAJAYA AGRO (BGA),AGRO SEJAHTERA MANUNGGAL,PEMBANGUNAN RAYA,RSPO Certified,"RSPO Certified, MB",3/31/23,-2.55,110.38,"-2.546278, 110.384971",IDN,Indonesia,Kalimantan Barat,Ketapang,1-Fully Verified,,609.01,60901.2,976.92,2863.15,286315.2,3.58,357.84,3.24,324.45,1.84,183.51,6.63,663.21,3.41,340.83,10.13,1012.68,24,2400.03,0.98,97.83,23.25,2325.24,17.15,1714.95,18.82,1882.26,21.89,2189.34,14.11,1410.66,11.63,1163.43,23.83,2383.47,16.81,1680.93,1.76,176.31,5.71,571.14,1.73,172.53,3.22,321.66,0.41,41.22,0.43,43.47,214.57,0.35,394.44,0.65,1,2,3
PO1000004867,"2021,2020",IOI CORPORATION,SUKSES KARYA SAWIT,SUKSES KARYA SAWIT,Not RSPO Certified,,3/31/23,-2.8,110.59,"-2.801034, 110.59375",IDN,Indonesia,Kalimantan Barat,Ketapang,1-Fully Verified,,460.06,46006.38,811.31,2013.02,201302.37,1.86,186.21,3.75,375.12,0.71,71.37,5.47,546.57,1.47,146.88,8.36,836.19,13.76,1376.19,1.7,169.83,17.14,1714.14,10.17,1017.18,13.79,1379.16,13.03,1302.93,3.51,351.09,9.42,942.39,24.08,2407.68,22.77,2276.64,0.81,80.91,2.75,274.77,1.3,129.96,3.38,337.59,0.24,24.3,0.47,47.25,159.94,0.35,300.12,0.65,1,2,3
PO1000004869,2020,GAMA PLANTATIONS,PATIWARE,PATIWARE,Not RSPO Certified,,3/31/23,0.74,108.94,"0.740717, 108.941867",IDN,Indonesia,Kalimantan Barat,Bengkayang,1-Fully Verified,,835.06,83506.41,1038.75,3516.59,351658.62,3.41,340.56,8.1,810.18,2.77,277.29,11.65,1164.6,9.55,955.17,14.21,1420.92,19.65,1964.88,31.92,3192.12,94.91,9491.22,20.52,2051.55,27.87,2786.85,35.43,3543.39,16.78,1678.41,50.48,5048.46,11.69,1168.56,11.58,1158.48,12.47,1247.31,15.34,1533.78,11.19,1118.52,10.5,1050.03,10.45,1045.26,16.75,1674.72,447.22,0.54,387.84,0.46,3,3,3
PO1000004922,"2020,2021",MAHKOTA,BERLIAN INTI MEKAR,SIAK,Not RSPO Certified,,3/31/23,0.64,101.98,"0.63875, 101.9764833",IDN,Indonesia,Riau,Siak,1-Fully Verified,,1333.82,133382.34,1431.53,2411.65,241165.08,51.54,5153.94,83.93,8393.04,7.32,731.61,100.27,10026.63,88.16,8815.86,30.4,3040.02,129.13,12913.02,41.94,4194.27,39.51,3950.55,76.04,7604.28,74.43,7443.18,79.66,7966.35,16.61,1661.31,99.41,9940.68,10.09,1008.81,35.7,3570.21,22.3,2229.93,13.51,1350.81,8.31,830.97,15,1500.39,16.56,1656.18,13.16,1316.34,1052.98,0.79,280.84,0.21,3,4,2
PO1000004927,"2021,2020",PTPN III,PERKEBUNAN NUSANTARA III,SEI MERANTI,RSPO Certified,"RSPO Certified, MB",3/31/23,1.64,100.42,"1.643317, 100.417617",IDN,Indonesia,Riau,Rokan Hilir,1-Fully Verified,,150.24,15024.42,166.16,306.39,30639.24,9.92,991.89,4.04,404.46,0.21,21.33,0.46,45.81,2.93,292.68,1.3,129.87,8.34,834.21,1.86,186.03,4.47,447.12,23.9,2389.68,4.52,451.8,17.03,1703.16,2.53,252.9,1.19,118.71,0.67,66.69,2,199.89,2.74,274.32,6.08,608.22,6.06,605.52,1.75,175.14,1.67,167.49,1.91,191.16,105.58,0.7,44.66,0.3,3,4,3
PO1000004929,"2020,2021",PTPN III,PERKEBUNAN NUSANTARA III,TORGAMBA,RSPO Certified,"RSPO Certified, MB",3/31/23,1.71,100.29,"1.709217, 100.289067",IDN,Indonesia,Sumatera Utara,Labuhanbatu Selatan,1-Fully Verified,,107.31,10731.33,109.65,113.73,11373.12,4.04,403.74,0.09,9.36,0.1,9.72,17.12,1711.62,24.37,2437.02,9.89,988.56,10.9,1089.81,6.64,664.38,12.87,1286.64,5.28,527.58,6.43,642.69,2.23,223.2,0,0.27,0.03,2.88,0.17,16.74,0.01,0.9,0.03,2.7,0.25,25.47,0.08,8.37,0.29,28.71,0.14,13.68,0,0,100.94,0.94,6.37,0.06,1,5,1
PO1000004932,"2021,2020",ASTRA AGRO LESTARI,NIRMALA AGRO LESTARI,NIRMALA AGRO LESTARI,Not RSPO Certified,,3/31/23,-2.09,111.49,"-2.091933, 111.48705",IDN,Indonesia,Kalimantan Tengah,Lamandau,1-Fully Verified,,102.26,10225.53,111.85,151.48,15148.44,1.32,132.48,1.85,184.95,0.19,19.17,4.26,425.61,7.37,737.19,15.42,1542.42,17.66,1766.25,4.12,411.57,12.38,1238.4,2.98,298.44,1.96,196.02,3.69,369.27,1.73,172.98,4.73,473.4,4.13,412.74,0.7,70.29,0.52,52.47,0.81,80.91,0.2,20.34,0.46,46.08,0.72,72.09,1.18,118.44,88.42,0.86,13.84,0.14,3,5,2
PO1000004934,2021,CHELLAM PLANTATIONS,PUCUK JAYA,PUCUK JAYA,Not RSPO Certified,,3/31/23,-2.23,116.05,"-2.232983, 116.048883",IDN,Indonesia,Kalimantan Timur,Paser,1-Fully Verified,,149.07,14906.79,159.39,509.17,50917.23,2.69,269.01,3.25,324.72,0.25,24.57,3.94,394.2,1.99,198.99,12.39,1238.85,5.21,520.56,6.35,634.86,21.7,2169.54,7.43,742.95,12.91,1291.32,13.67,1367.28,7.31,731.25,8,800.19,3.62,362.16,2.53,252.99,4.63,463.14,3.4,340.02,5.09,509.31,1.97,196.65,1.05,105.48,0.97,96.93,130.35,0.87,18.72,0.13,2,5,2
PO1000004935,"2021,2020",ASTRA AGRO LESTARI,SARI LEMBAH SUBUR,SARI LEMBAH SUBUR 1,Not RSPO Certified,,3/31/23,-0.05,102.25,"-0.051, 102.252",IDN,Indonesia,Riau,Pelalawan,2-High Confidence,,169.17,16917.12,187.83,338.05,33805.26,5.6,559.98,5.3,529.65,0.99,99.45,15.39,1538.55,12.72,1271.52,0.25,25.11,4.1,409.86,6.61,660.96,1.26,125.64,10.73,1072.71,8.92,891.99,1.76,176.31,0.52,51.84,1.5,150.03,0.53,53.37,6.37,637.47,1.71,171.36,4.32,431.55,1.93,192.78,7.13,712.71,5.43,543.42,3.84,383.94,106.9,0.63,62.27,0.37,4,3,3
PO1000004938,2020,SRIWIJAYA PALM OIL,SRIWIJAYA PALM OIL INDONESIA,SRIWIJAYA PALM OIL INDONESIA,Not RSPO Certified,,3/31/23,-2.83,104.74,"-2.825767, 104.7353",IDN,Indonesia,Sumatera Selatan,Banyu Asin,1-Fully Verified,,25.49,2548.89,44.31,51.88,5188.5,0.68,68.4,0.31,30.96,2.21,221.4,0.3,30.24,1.92,191.52,0.12,11.61,0.8,80.01,0.97,96.66,0.47,46.53,0.37,36.81,0.24,24.39,1,100.44,0.12,11.61,0.62,61.83,0.96,96.21,1.26,125.73,0.21,21.33,0.83,82.62,0.67,67.41,1.8,180.18,0.62,61.74,0.11,11.07,16.59,0.65,8.9,0.35,3,4,3
PO1000004940,2021,UNKNOWN,SINAR TENERA,SINAR TENERA,Not RSPO Certified,,3/31/23,3.07,99.2,"3.070117, 99.2047",IDN,Indonesia,Sumatera Utara,Simalungun,2-High Confidence,,95.57,9557.28,145.59,464.82,46482.39,4.86,485.73,2.93,293.31,0.22,22.23,1.72,172.44,1.96,196.38,1,99.54,1.35,134.82,0.15,14.67,1.92,192.06,3.6,360.45,2.93,292.86,3.26,326.43,2.73,272.7,4.71,471.33,1.48,147.87,4.24,424.44,1.05,105.21,1.43,143.01,3.27,327.06,0.88,88.29,3.98,397.62,6.64,664.29,56.33,0.59,39.25,0.41,5,3,4
PO1000004944,"2021,2020",PTPN III,PERKEBUNAN NUSANTARA II,PAGAR MERBAU,RSPO Certified,"RSPO Certified, MB",3/31/23,3.53,98.9,"3.526085, 98.89842",IDN,Indonesia,Sumatera Utara,Deli Serdang,1-Fully Verified,,31.98,3198.06,107.64,190.44,19044.18,0.42,41.67,0.34,34.11,0.47,46.98,0.32,31.59,0.25,25.47,0.11,11.25,0.33,33.39,0.16,15.75,0.8,80.37,0.82,81.9,0.23,22.86,2,200.25,3.26,325.8,0.92,92.25,0.54,53.73,1.72,172.08,1.02,101.97,3.45,345.42,0.49,48.51,0.94,93.51,3.33,332.91,1.74,173.97,23.66,0.74,8.32,0.26,5,4,4
PO1000004945,"2020,2021",UNKNOWN,BIO NUSANTARA TEKNOLOGI,SEI LEMAU,Not RSPO Certified,,3/31/23,-3.64,102.24,"-3.644467, 102.24245",IDN,Indonesia,Bengkulu,Bengkulu Tengah,1-Fully Verified,,325.49,32549.13,355.03,876.67,87667.02,2.21,221.04,1.07,107.46,0.48,47.52,4.7,470.34,1.98,197.91,4.66,466.11,1.3,129.96,4.74,473.76,8.44,844.47,4.44,443.79,4.49,449.37,6.26,626.04,2.26,226.17,5.16,515.61,6.14,614.25,7.71,771.39,9.75,975.24,7.54,753.57,4.62,462.42,5.65,565.02,4.98,498.24,9.13,912.96,107.73,0.33,217.76,0.67,3,2,4
PO1000004946,2021,GAGAH PUTERA SATRIA (GPS),BUANA KARYA BHAKTI,BATULAKI,Not RSPO Certified,,3/31/23,-3.67,115.48,"-3.673, 115.481",IDN,Indonesia,Kalimantan Selatan,Tanah Bumbu,2-High Confidence,,850.28,85027.5,867.42,1361.72,136171.62,5.61,560.52,4.3,429.66,9.97,996.93,14.61,1460.88,6.13,613.35,14,1400.04,5.97,597.15,5.23,522.63,24.04,2404.08,26.63,2663.28,13.03,1303.11,23.32,2332.17,18.01,1800.9,34.59,3458.97,35.37,3537.18,22.13,2212.74,17.78,1778.4,12.77,1277.19,11.7,1169.73,5.41,541.44,6.44,644.31,9.15,915.3,326.2,0.38,524.08,0.62,3,3,3
PO1000004948,"2021,2020",PTPN III,PERKEBUNAN NUSANTARA III,SEI SILAU,RSPO Certified,"RSPO Certified, MB",3/31/23,2.9,99.51,"2.90205, 99.5094",IDN,Indonesia,Sumatera Utara,Asahan,1-Fully Verified,,433.94,43393.86,485.25,957.64,95764.5,5.33,532.71,7.9,789.57,15.17,1517.31,17.01,1701.18,27.48,2748.24,14.82,1481.76,5.12,511.83,1.03,103.32,21.35,2135.34,9.53,952.74,19.69,1969.2,6.53,652.68,9.52,951.93,11.91,1190.61,11.23,1122.84,12.26,1226.43,5.68,568.35,2.43,243,8.09,809.28,6.43,642.78,11.21,1121.13,4.99,499.32,234.72,0.54,199.22,0.46,3,3,3
PO1000004955,"2020,2021,2019",AGROPALMA,AGROPALMA,PARAPALMA,Not RSPO Certified,,3/31/23,-2.54,-48.71,"-2.543461, -48.706247",BRA,Brazil,Pará,Tailândia,1-Fully Verified,,1909.13,190913.22,1937.88,3362.52,336251.97,27.64,2764.44,48.59,4858.56,8.38,837.9,18.01,1800.99,35.83,3583.26,34.46,3445.92,27.78,2778.3,45.14,4514.04,29.85,2985.48,48.63,4863.24,27.68,2768.04,4.88,488.34,52.25,5225.13,22.31,2231.19,27.98,2798.28,80.86,8085.6,48.49,4848.84,106.37,10637.37,40.22,4022.28,35.95,3594.69,39.39,3939.12,38.55,3854.7,849.26,0.44,1059.88,0.56,3,3,3
PO1000005106,2020,UNKNOWN,NIKMAT HALONA REKSA,SEBERIDA,Not RSPO Certified,,3/31/23,-0.73,102.52,"-0.734713, 102.524086",IDN,Indonesia,Riau,Indragiri Hulu,1-Fully Verified,,463,46300.41,441.54,1178.4,117840.06,12.69,1269.09,9.11,911.07,2.7,269.73,13.81,1381.05,42.78,4278.33,8.05,805.41,5.47,546.75,10.11,1011.33,6.42,642.42,30.11,3010.59,2.24,223.92,9.71,971.1,2.97,296.64,5.88,588.24,5.53,552.6,8.43,843.21,4.47,446.94,3,299.97,2.81,281.34,2.2,219.6,3.93,392.94,4.18,418.23,196.6,0.42,266.4,0.58,3,3,3
PO1000005128,"2020,2021",PTPN III,PERKEBUNAN NUSANTARA V,SEI ROKAN,RSPO Certified,"RSPO Certified, MB",3/31/23,0.73,100.58,"0.7257222, 100.57898",IDN,Indonesia,Riau,Rokan Hulu,1-Fully Verified,,88.7,8870.04,88.73,88.38,8838,0.2,19.71,0.23,23.49,0.01,1.44,7.87,786.96,9.69,969.39,15.62,1561.5,6.51,650.61,1.98,197.73,5.9,589.86,10.44,1043.73,6.38,638.28,11.5,1150.38,0.12,11.97,0.17,16.92,0.34,33.75,0.29,28.53,0.63,62.82,0.72,72.27,0.23,23.4,0.29,29.43,0.15,15.12,0.14,13.95,79.41,0.9,9.29,0.1,1,5,1
PO1000005145,2021,UNKNOWN,NAULI SAWIT,NAULI SAWIT,Not RSPO Certified,,3/31/23,2.08,98.31,"2.084092, 98.312222",IDN,Indonesia,Sumatera Utara,Tapanuli Tengah,1-Fully Verified,,2617.31,261731.43,2700.7,4720.25,472024.71,9.87,986.76,5.86,585.63,9.6,959.67,8.52,851.85,18.87,1886.94,33.47,3347.46,15.84,1583.91,33.74,3373.56,25.28,2528.19,39.21,3920.94,18.62,1861.83,24.35,2434.86,23.37,2337.03,34.99,3499.11,17.74,1774.17,24.25,2425.14,24.2,2420.01,28.52,2852.01,15.86,1586.25,18.28,1827.54,24.84,2483.55,28.02,2802.33,483.29,0.18,2134.03,0.82,3,1,3
PO1000005202,"2021,2020",ANDIKA,ANDIKA PERMATA SAWIT LESTARI,ANDIKA PERMATA SAWIT LESTARI,Not RSPO Certified,,3/31/23,1.09,100.78,"1.089, 100.776",IDN,Indonesia,Riau,Rokan Hulu,1-Fully Verified,,118.47,11846.61,133.13,138.35,13835.43,1.9,189.72,9.4,940.41,4.27,426.51,6,599.58,19.91,1990.71,25.03,2502.99,5.88,588.24,5.01,501.39,3.1,309.69,1.16,116.1,1.45,145.26,4.45,445.32,5.67,566.73,4.36,435.87,0.33,33.3,1.34,134.19,1.75,174.87,1.58,158.13,1.85,184.68,0.6,59.85,0.62,61.56,0.27,27.27,105.92,0.89,12.54,0.11,2,5,1
PO1000005203,"2020,2021",ASTRA AGRO LESTARI,SURYAINDAH NUSANTARA PAGI,SURYA INDAH NUSANTARA PAGI,Not RSPO Certified,,3/31/23,-2.26,111.98,"-2.255, 111.976",IDN,Indonesia,Kalimantan Tengah,Kotawaringin Barat,1-Fully Verified,,243.55,24355.26,321.01,767.05,76704.75,2.96,295.65,7.49,748.71,4.41,441.45,14.3,1429.74,8.39,838.53,18.13,1813.41,8.19,818.91,14.63,1463.22,9.92,992.07,6.01,600.57,6.05,605.07,7.27,726.66,5.41,541.26,15.44,1543.59,10.34,1034.37,11.22,1121.67,8.22,821.79,1.92,191.79,3.28,328.05,4.77,477.45,3,300.33,3.43,342.72,174.77,0.72,68.78,0.28,3,4,3
PO1000005205,"2021,2020",TIANJIN JULONG,GRAND MANDIRI UTAMA,SEJAHTERA,Not RSPO Certified,,3/31/23,0.47,111.21,"0.469845, 111.211969",IDN,Indonesia,Kalimantan Barat,Sekadau,1-Fully Verified,,1610.92,161092.44,1905.93,3034.51,303451.02,22.32,2232,28.88,2888.1,17.73,1772.64,25.49,2548.89,17.65,1764.63,17.92,1791.63,23.68,2367.72,52.1,5210.37,31.54,3154.5,31.79,3178.62,45.82,4582.35,56.31,5631.48,18.56,1855.89,42.92,4291.65,36.6,3659.58,79.88,7988.4,34.65,3464.82,52.45,5244.57,49.2,4920.12,42.98,4297.5,28.58,2857.77,31.36,3136.23,788.39,0.49,822.53,0.51,3,3,3
PO1000005206,"2020,2021",UNKNOWN,BENGKULU SAWIT LESTARI,BENGKULU SAWIT LESTARI,Not RSPO Certified,,3/31/23,-4.53,103.06,"-4.533458, 103.0570027",IDN,Indonesia,Bengkulu,Bengkulu Selatan,1-Fully Verified,,534.68,53468.46,556.74,1512.54,151254.27,4.01,400.68,3.98,397.98,1.56,156.06,9.75,974.52,5.47,547.02,10.67,1067.04,1.83,183.33,8.84,884.25,3.64,364.32,5.15,514.89,5.01,500.94,10.95,1095.48,2.84,283.68,6.36,635.85,10.37,1036.53,11.51,1151.46,10.68,1068.39,13.38,1338.03,11.09,1108.71,8.51,850.86,6.14,614.16,10.41,1040.67,162.15,0.3,372.54,0.7,3,2,3
PO1000005210,"2021,2020",MEDCO AGRO,CIPTATANI KUMAI SEJAHTERA,CIPTATANI KUMAI SEJAHTERA,Not RSPO Certified,,3/31/23,-2.18,112.03,"-2.1839, 112.034267",IDN,Indonesia,Kalimantan Tengah,Seruyan,2-High Confidence,,208.41,20841.21,315.08,549.85,54985.23,7.32,732.06,8.06,806.31,0.73,73.08,39.38,3938.49,23.17,2316.96,11.58,1157.85,12.93,1292.94,8.97,896.58,6.17,616.77,4.53,453.42,7.11,710.82,5.95,594.63,2.47,247.14,5.7,570.42,6.07,606.6,6.51,651.06,2.23,223.02,1.35,135.36,1.13,112.59,2.8,279.72,3.7,369.99,1.45,144.72,169.31,0.81,39.11,0.19,3,5,2
PO1000005256,"2020,2021",KULIM (MALAYSIA) BERHAD,MAHAMURNI PLANTATIONS SDN BHD,PASIR PANJANG,RSPO Certified,"RSPO Certified, IP",3/31/23,2.02,103.95,"2.018014, 103.948577",MYS,Malaysia,Johor,Kota Tinggi,1-Fully Verified,,41.93,4193.19,41.95,35.85,3584.7,0.05,4.59,0.31,30.69,0,0,0.06,6.03,2.74,274.32,1.92,191.88,1.85,184.95,0.36,36.45,0.34,34.11,1.08,108.09,3.28,328.32,1.58,157.77,7.37,736.74,8.53,852.84,1.84,183.69,2.38,237.78,4.61,460.62,4.51,450.54,1.52,152.01,0.32,32.4,0,0,0,0,41.93,1,0,0,1,5,1
PO1000005328,2020,UNKNOWN,CHUMPORN PALM OIL INDUSTRY PUBLIC COMPANY LTD,CPP COMPANY LIMITED,RSPO Certified,"RSPO Certified, IP, MB",3/31/23,10.96,99.41,"10.959611, 99.405361",THA,Thailand,Prachuap Khiri Khan,Bang Saphan Noi,1-Fully Verified,,576.83,57683.25,868.03,2355.35,235534.59,1.69,169.38,1.97,196.65,3.24,324.27,3.11,311.22,3.97,397.35,5.92,592.38,8.85,884.7,2.39,239.49,10.79,1078.56,10.1,1009.98,6.6,659.88,7.31,730.8,14.78,1477.8,19.65,1964.7,9.06,905.58,14.2,1419.75,20.57,2057.31,13.42,1342.08,13.91,1391.04,13.52,1351.98,13.46,1346.4,12.91,1290.51,211.42,0.37,365.41,0.63,3,3,4
PO1000005442,"2021,2017",PTPN III,PERKEBUNAN NUSANTARA VI,RIMBU DUA,RSPO Certified,"RSPO Certified, MB",3/31/23,-1.38,102.17,"-1.3777, 102.1677",IDN,Indonesia,Jambi,Tebo,1-Fully Verified,,805.06,80506.44,975.7,1864.52,186451.74,6.38,638.28,6.1,610.29,3.72,371.61,11.1,1110.42,8.34,834.48,24.66,2466.18,13.59,1358.55,5.74,573.66,16.12,1612.08,5.91,590.67,8.46,845.55,9.94,994.14,5.31,530.82,6.98,697.59,10.95,1094.85,12.45,1245.15,14.37,1437.12,8.34,833.94,15.81,1581.03,14.55,1454.85,16.3,1630.44,21.84,2183.76,246.95,0.31,558.11,0.69,3,2,4
PO1000005560,"2020,2019,2021",NATURACEITES S.A.,NATURACEITES S.A.,PANACTE,RSPO Certified,"RSPO Certified, IP",3/31/23,15.31,-89.62,"15.307381, -89.617156",GTM,Guatemala,Izabal,El Estor,1-Fully Verified,,4087.63,408762.72,4642.52,8108.88,810887.94,22.47,2246.94,34.98,3498.48,11.49,1149.39,17.56,1756.44,22.61,2261.16,10.91,1091.25,31.92,3191.85,26.45,2644.83,24.9,2489.58,31.69,3168.9,22.89,2288.61,49,4899.78,41.7,4169.79,33.73,3373.2,31.3,3129.93,234.56,23455.98,105.14,10513.71,89.93,8992.53,90.22,9021.87,92.46,9246.42,70.89,7088.67,51.14,5113.71,1147.93,0.28,2939.7,0.72,3,2,3
PO1000005580,"2021,2020",SAMPOERNA AGRO,SELAPAN JAYA,SELAPAN JAYA,RSPO Certified,"RSPO Certified, MB",3/31/23,-3.71,105.1,"-3.7076028, 105.097086",IDN,Indonesia,Sumatera Selatan,Ogan Komering Ilir,1-Fully Verified,,138.96,13895.73,251.62,506.1,50609.61,0.4,40.41,1,99.9,1.74,174.33,1.42,141.57,2.41,240.84,1.2,119.7,2.17,216.99,0.67,67.05,2.16,215.91,0.63,63,1.35,135.18,2.08,207.81,0.58,58.5,2.45,244.62,1.3,129.96,1.53,152.64,9.55,955.35,9.61,960.75,5.33,532.8,20.3,2030.13,10.73,1073.43,20.4,2039.76,99.01,0.71,39.95,0.29,5,4,5
PO1000005803,"2020,2021",KUALA LUMPUR KEPONG (KLK),LANGKAT NUSANTARA KEPONG,STABAT,RSPO Certified,"RSPO Certified, IP, MB",3/31/23,3.76,98.39,"3.759722, 98.393056",IDN,Indonesia,Sumatera Utara,Langkat,1-Fully Verified,,59.85,5985,93.18,205.13,20512.71,0.19,19.08,0.06,5.85,4.08,408.24,1.48,148.14,0.19,18.54,2.86,286.2,0.51,50.76,0.01,0.63,4.17,417.15,0.78,77.94,2.07,206.91,6.59,658.89,0.08,8.19,1.71,171.18,3.38,338.49,1.95,195.39,3.05,305.01,2.03,202.95,0.67,66.6,1.43,142.92,2.05,204.75,0.83,82.98,40.17,0.67,19.68,0.33,4,4,3
PO1000005868,"2021,2020",PTPN III,PERKEBUNAN NUSANTARA IV,DOLOK SINUMBAH,RSPO Certified,"RSPO Certified, MB",3/31/23,3.11,99.33,"3.1129, 99.327311",IDN,Indonesia,Sumatera Utara,Simalungun,1-Fully Verified,,23.47,2347.38,42.46,67.24,6724.17,2.61,261.18,0.6,59.67,0.5,50.31,0.43,42.66,0.53,53.28,0.35,35.28,1.9,189.63,0.04,4.14,0.38,38.34,1.2,119.61,0.14,14.13,0.26,26.28,0.07,7.2,0.15,14.58,0.18,18.36,0.52,52.38,0.32,31.95,0.15,15.12,0.5,49.86,0.3,29.97,0.59,59.04,0.15,14.94,11.88,0.51,11.59,0.49,3,3,3
PO1000006137,2021,AGROAMERICA,AGROACEITE SA,EXTRACTORA AGROACEITE,RSPO Certified,"RSPO Certified, IP",3/31/23,14.56,-92.01,"14.555208, -92.006",GTM,Guatemala,Quezaltenango,Coatepeque,1-Fully Verified,,515.39,51538.77,2110.7,5129.19,512919.09,2.39,239.4,5.75,575.01,1.46,146.16,3.39,339.48,1.89,188.91,2.07,207.18,3.02,302.04,9.28,927.63,3.38,338.31,3.85,385.2,3.06,305.82,4.12,412.02,2.73,273.33,1.9,190.26,2.48,247.86,9.71,970.83,6.13,613.08,4.99,499.41,5.04,504.18,11.16,1115.73,6.49,649.08,4.91,490.95,99.22,0.19,416.17,0.81,3,1,3
PO1000006138,"2021,2020",GRUPO HAME,SANTA ROSA S.A.,SANTA ROSA I,RSPO Certified,"RSPO Certified, IP",3/31/23,14.22,-91.4,"14.218639, -91.398472",GTM,Guatemala,Escuintla,Tiquisate,1-Fully Verified,,1535.9,153589.77,4060.32,7149.75,714975.39,3.79,378.9,6.11,610.92,10.27,1027.17,12.08,1207.71,7.03,702.63,7.36,736.38,24.54,2454.3,13.22,1322.28,11.49,1148.58,9.51,951.21,6.42,642.42,28.44,2843.64,8.68,867.69,10.18,1018.44,9.89,988.65,25.84,2583.81,13.93,1393.38,13.66,1365.66,16.45,1645.2,16.68,1668.06,14.98,1498.23,12.82,1282.5,283.38,0.18,1252.52,0.82,3,1,3
PO1000006144,2020,UNKNOWN,TEGUH KARSA WANALESTARI,BUNGA RAYA,Not RSPO Certified,,3/31/23,0.93,102.02,"0.92772, 102.02125",IDN,Indonesia,Riau,Siak,1-Fully Verified,,2329.19,232919.01,2397.62,3387.38,338737.5,37.89,3788.82,55.92,5591.7,4.16,415.53,78.34,7834.14,122.65,12265.11,23.27,2327.04,161.75,16175.16,43.45,4344.66,98.86,9885.78,158.09,15808.86,164.56,16455.6,139.19,13919.22,57.76,5776.11,186.88,18688.32,46.82,4682.25,49.45,4944.69,45.72,4572,27.55,2754.81,27.27,2727.18,22.96,2295.81,23.47,2346.93,25.59,2558.88,1601.59,0.69,727.6,0.31,3,4,3
PO1000006147,"2020,2021",PTPN III,PERKEBUNAN NUSANTARA V,SEI INTAN,RSPO Certified,"RSPO Certified, MB",3/31/23,0.78,100.61,"0.7838056, 100.6116389",IDN,Indonesia,Riau,Rokan Hulu,1-Fully Verified,,145.72,14572.17,157.33,253.51,25351.2,0.3,30.24,2.22,221.58,0.17,17.19,3.73,372.69,2.12,212.4,1.98,198.09,6.54,654.48,4.53,452.52,16.33,1632.87,5.24,523.53,3.87,386.55,20.26,2026.35,3.66,365.58,0.55,55.26,0.4,39.87,0.73,72.81,3.62,361.62,0.84,84.42,10.03,1003.05,17.84,1784.16,1.39,138.87,1.88,188.46,108.23,0.74,37.5,0.26,3,4,3
PO1000006150,"2021,2020",BIMA PALMA,BIMA PALMA NUGRAHA,TEPIAN LANGSAT,Not RSPO Certified,,3/31/23,0.75,117.41,"0.751819, 117.405166",IDN,Indonesia,Kalimantan Timur,Kutai Timur,1-Fully Verified,,810.1,81009.72,816.17,1400.73,140072.67,2.99,298.62,2.24,223.83,0.58,57.78,2.77,276.93,1.09,109.35,0.84,84.15,2.09,208.8,21.66,2166.3,28.58,2858.13,19.6,1959.57,8.81,881.19,10.68,1068.48,1.83,182.79,2.05,204.57,10.44,1044,22.2,2220.12,29.32,2932.2,8.47,847.26,4.94,494.19,3.71,371.43,2.13,212.58,3.95,394.56,190.97,0.24,619.13,0.76,2,1,3
PO1000006152,2020,UNKNOWN,RIAU KAMPAR SAHABAT SEJATI,SUKARAMAI,Not RSPO Certified,,3/31/23,0.66,100.9,"0.6588611, 100.8966944",IDN,Indonesia,Riau,Kampar,1-Fully Verified,,116.92,11691.99,181.03,457.86,45785.61,0.61,60.57,0.67,66.69,1.3,130.23,2.09,208.71,1.44,144.36,0.51,50.76,0.33,33.03,0.44,43.92,0.78,78.12,0.17,17.19,0.81,81.27,5.68,567.72,2.82,282.15,0.36,36.27,1.05,105.03,1.23,122.76,3.96,395.55,3.33,333.27,3.38,337.95,25.8,2579.76,18.18,1817.55,3.54,354.33,78.47,0.67,38.45,0.33,5,4,5
PO1000006153,"2020,2021",UNKNOWN,PERSADA NUSA NABATI INDONESIA,PERSADA NUSA NABATI INDONESIA,Not RSPO Certified,,3/31/23,0.65,101.49,"0.648558, 101.485061",IDN,Indonesia,Riau,Pekanbaru,1-Fully Verified,,240.38,24038.37,344.84,772.65,77264.82,3.02,302.31,10.45,1045.44,7.12,712.17,28.84,2884.05,19.05,1905.12,12.38,1237.68,11.13,1112.94,9.29,928.8,17.39,1739.16,18.04,1804.5,5.8,579.78,12.58,1257.75,3.17,316.8,4.28,427.86,3.02,301.5,4.13,412.65,8.17,816.93,3.32,331.65,1.85,185.13,3.47,346.59,2.82,281.7,1.15,114.75,190.45,0.79,49.93,0.21,2,4,2
PO1000006156,"2021,2020",EAGLE HIGH PLANTATIONS,SAWIT SUKSES SEJAHTERA,SAWIT SUKSES SEJAHTERA,Not RSPO Certified,,3/31/23,0.42,116.49,"0.41975, 116.49",IDN,Indonesia,Kalimantan Timur,Kutai Timur,1-Fully Verified,,1425.21,142520.67,1715.82,3371.58,337157.55,1.42,141.84,9.87,987.48,0.58,57.51,4.48,448.2,1.48,147.69,11.43,1142.82,3.34,333.72,9.4,940.14,23,2299.5,42.3,4230.27,113.62,11362.23,65.32,6532.38,16.74,1674.09,11.34,1133.64,14.07,1407.24,134.12,13411.62,23.93,2392.65,13.82,1382.13,50.62,5062.14,99.77,9976.68,30.21,3020.85,1.84,184.41,682.69,0.48,742.51,0.52,3,3,3
PO1000006159,"2020,2021",PTPN III,PERKEBUNAN NUSANTARA V,SUNGAI PAGAR,RSPO Certified,"RSPO Certified, MB",3/31/23,0.33,101.35,"0.32605, 101.35253",IDN,Indonesia,Riau,Kampar,1-Fully Verified,,26,2600.28,28.62,32.99,3298.95,0.6,59.67,0.58,58.32,0.31,30.78,1.42,142.38,0.98,98.37,1.19,119.16,1.26,125.82,0.22,22.05,0.42,41.94,0.3,29.52,0.05,4.77,0.14,13.5,0.03,2.7,0.07,6.66,0.07,7.29,4.44,444.33,1.1,110.07,0.5,50.4,2.09,209.07,0.28,28.26,0.32,31.5,0.09,8.73,16.45,0.63,9.55,0.37,2,3,3
PO1000006169,2020,CHIN TECK PLANTATIONS BERHAD,CHIN TECK PLANTATIONS BHD,GUA MUSANG,Not RSPO Certified,,3/31/23,4.84,102,"4.8365, 102.004417",MYS,Malaysia,Kelantan,Gua Musang,1-Fully Verified,,3611.08,361107.63,3418.29,5884.98,588498.12,30.81,3081.24,22.92,2292.03,8.82,882.27,24.02,2401.65,33.84,3383.73,17.12,1711.53,43.37,4337.28,33.81,3380.94,68.09,6809.13,65.05,6505.47,39.19,3918.69,91.58,9158.22,32.55,3255.12,110.31,11030.76,52.48,5247.81,74.35,7434.63,58.37,5836.68,80.32,8032.41,96.75,9674.91,52.7,5269.86,64.35,6434.82,53.18,5318.46,1153.98,0.32,2457.1,0.68,3,2,3
PO1000006173,2020,ROYAL GOLDEN EAGLE,INTI INDOSAWIT SUBUR,TANJUNG PAUH,Not RSPO Certified,,3/31/23,-0.1,101.3,"-0.09765, 101.29788",IDN,Indonesia,Riau,Kuantan Singingi,2-High Confidence,,448.23,44823.33,480,1184.28,118427.85,2.49,248.67,12.72,1271.52,4.63,462.87,26.23,2623.14,70.59,7059.06,26.75,2675.16,30.28,3027.69,45.62,4562.28,33.29,3328.65,28.6,2859.57,16.76,1676.34,7.44,744.03,19.41,1941.12,21.07,2107.08,7.21,721.17,7.97,797.13,8.6,859.5,5.56,556.11,3.98,398.34,5.6,560.34,6.17,616.59,4.73,473.04,395.69,0.88,52.54,0.12,3,5,2
PO1000006176,"2020,2021",UNKNOWN,PERSADA AGRO SAWITA,PERSADA AGRO SAWITA,Not RSPO Certified,,3/31/23,-0.41,102.36,"-0.41125, 102.3595",IDN,Indonesia,Riau,Indragiri Hulu,1-Fully Verified,,253.47,25346.52,256.06,819,81900.45,5.64,564.48,2.28,228.42,1.81,180.9,6.64,663.57,21.42,2141.73,0.46,45.72,15.37,1537.47,18.17,1817.46,2.2,220.05,13.75,1374.66,1.93,193.23,7.92,792.27,2.66,265.86,3.9,389.52,2.03,203.4,3.15,315.09,4.42,441.81,2.43,242.64,2.96,296.19,1.89,189.36,4.27,426.78,3.75,375.3,129.06,0.51,124.41,0.49,3,3,3
PO1000006182,"2021,2020",UNKNOWN,KARIMUN AROMATICS,KARIMUN AROMATICS,Not RSPO Certified,,3/31/23,4.01,98.15,"4.013075, 98.149517",IDN,Indonesia,Sumatera Utara,Langkat,1-Fully Verified,,141.15,14114.52,153.56,318.97,31897.44,0.29,29.16,0.23,22.86,0.17,17.46,0.13,12.87,0.64,64.44,0.5,49.77,0.81,81.18,0.11,10.98,1.01,100.98,0.98,97.74,0.56,56.43,0.52,52.02,2.16,216.45,3.62,361.98,1.17,117.45,3.65,364.77,1.27,126.81,3.01,300.87,0.77,76.86,1.1,110.07,1.01,101.07,1.63,163.44,25.36,0.18,115.79,0.82,3,1,3
PO1000006184,2020,INCASI RAYA (GUNAS),SUMATERA MAKMUR LESTARI,SUMATERA MAKMUR LESTARI*,Not RSPO Certified,,3/31/23,-0.66,102.34,"-0.662, 102.345",IDN,Indonesia,Riau,Indragiri Hulu,1-Fully Verified,,58.93,5893.11,68.7,92.51,9250.74,1.83,182.79,1.4,140.49,0.37,36.99,1.66,166.5,11.04,1104.3,0.58,58.41,0.28,27.81,0.61,61.38,1.9,189.63,1.57,156.78,0.55,55.44,2.64,263.7,0.97,97.47,0.92,91.98,0.57,57.15,2,199.62,1.48,147.51,0.47,46.98,0.32,31.59,2.3,230.49,2.3,230.49,2.41,240.75,38.18,0.65,20.75,0.35,5,4,3
PO1000006186,2020,SUPERVENTURE,KEMILAU PERMATA SAWIT,SIJUNJUNG,Not RSPO Certified,,3/31/23,-0.9,101.4,"-0.903778, 101.3981389",IDN,Indonesia,Sumatera Barat,Sijunjung,1-Fully Verified,,2829.38,282937.5,2684.07,5236.41,523640.61,13.09,1309.23,21.01,2100.69,19.26,1926,23.89,2388.69,15.78,1577.7,26.49,2649.24,26.68,2667.69,23.57,2357.46,42,4200.03,15.51,1551.42,31.51,3150.54,55.47,5546.79,16.11,1610.91,23.68,2368.17,18.73,1873.17,22.75,2274.84,34.5,3449.61,21.53,2152.8,26.52,2651.94,19.85,1984.86,27.26,2725.56,31.04,3104.37,556.22,0.2,2273.16,0.8,3,1,3
PO1000006192,2020,MHC PLANTATIONS BHD,ANSON OIL INDUSTRIES SDN BHD,ANSON OIL INDUSTRIES,Not RSPO Certified,,3/31/23,3.96,101.2,"3.95556, 101.199",MYS,Malaysia,Perak,Hilir Perak,1-Fully Verified,,13.7,1370.43,14.84,11.49,1149.39,2.98,298.17,1.38,137.7,0.16,15.75,0.47,47.25,1.98,197.64,0.15,14.58,0.58,58.14,0.79,78.66,1.04,104.31,0.29,28.53,0.12,12.06,0.39,38.97,0,0,0.01,0.81,0,0,0,0,0.45,45.36,0,0,0,0,0.74,73.71,0.98,98.19,0.04,3.78,12.54,0.91,1.17,0.09,5,5,3
PO1000006194,2020,KEMA DEVELOPMENT SDN BHD,KEMA DEVELOPMENT SDN BHD,KEMA DEVELOPMENT,Not RSPO Certified,,3/31/23,3.73,102.89,"3.729276, 102.888766",MYS,Malaysia,Pahang,Kuantan,1-Fully Verified,,44.83,4483.35,49.16,121.15,12114.63,1.83,182.7,1.87,187.2,2.41,241.11,2.33,232.74,0.55,54.72,2.15,214.74,4.17,417.42,3.26,325.62,4.49,449.19,2.86,285.57,2.56,255.78,1.97,197.28,1.26,126,0.42,41.94,1.36,135.54,1.9,189.72,0.31,30.6,0.56,55.89,2.1,210.15,0.31,31.14,0.27,26.73,0.24,23.67,39.15,0.87,5.68,0.13,2,5,1
PO1000006199,2020,SERN LEE ENTERPRISE SDN BHD,SRI SENGGORA KILANG KELAPA SAWIT SDN BHD,SRI SENGGORA,Not RSPO Certified,,3/31/23,3.6,102.92,"3.603726, 102.917673",MYS,Malaysia,Pahang,Pekan,1-Fully Verified,,523.85,52385.13,518.08,1314.38,131438.25,4.21,421.11,4.19,418.68,2.34,233.64,11.37,1137.06,9.28,928.08,8.24,824.22,6.33,633.24,9.9,989.82,13.09,1308.78,19.97,1996.56,9.3,929.52,12.78,1277.82,6.31,630.81,7.78,778.32,9.78,978.3,33.34,3333.69,27.14,2713.68,19.14,1913.76,9.76,976.23,18.66,1866.42,13.38,1337.85,14.87,1486.89,271.14,0.52,252.71,0.48,4,3,3
PO1000006202,"2020,2021",UNKNOWN,LANGKAT SAWITHIJAU PRATAMA,LANGKAT SAWITHIJAU PRATAMA,Not RSPO Certified,,3/31/23,3.5,98.22,"3.497324, 98.224693",IDN,Indonesia,Sumatera Utara,Langkat,1-Fully Verified,,442.89,44289.18,439.35,917.12,91711.71,0.71,71.1,0.69,69.21,0.85,84.6,0.99,99.27,1,100.35,1.63,163.08,1.31,130.77,0.94,94.32,1.74,174.06,2.57,257.13,1.06,105.66,1.66,165.51,0.58,57.6,1.67,167.22,0.71,71.1,3.27,327.42,2.39,238.59,3.36,336.33,2.64,263.61,2.1,209.61,4.09,409.41,2.66,265.86,38.62,0.09,404.27,0.91,2,1,3
PO1000006204,2020,NG CHIN SIU & SONS GROUP,KILANG MINYAK KELAPA SAWIT SEMANTAN SDN BHD,SEMANTAN,Not RSPO Certified,,3/31/23,3.47,102.31,"3.469233, 102.313714",MYS,Malaysia,Pahang,Temerloh,1-Fully Verified,,591.94,59194.08,679.62,1354.54,135453.69,12.79,1279.44,15.19,1519.2,6.16,615.6,12.44,1243.62,19.89,1988.91,16.05,1605.42,27.97,2797.02,18.68,1868.49,26.01,2600.64,21.51,2151,21.11,2111.49,42.7,4269.6,22.86,2285.82,47.32,4731.93,22.92,2292.12,31.52,3152.07,24.79,2478.69,14.5,1449.54,10.77,1076.94,11.04,1103.94,12.59,1258.74,7.73,773.19,446.53,0.75,145.41,0.25,3,4,3
PO1000006206,2020,BELL GROUP,KILANG SAWIT C.P. SDN BHD,CHARUK PUTTING,Not RSPO Certified,,3/31/23,3.44,102.49,"3.440086, 102.489873",MYS,Malaysia,Pahang,Temerloh,1-Fully Verified,,169.96,16996.41,245.51,387.7,38770.02,11.1,1110.33,4.32,431.82,1.02,101.97,3.9,389.79,11.03,1102.77,2.58,257.85,2.51,250.56,4.35,435.24,4.31,430.83,1.85,185.13,1.13,113.4,11.63,1162.98,4.57,457.2,7.13,712.8,8.11,811.26,16.46,1645.74,5.38,538.11,6.26,625.68,4.64,464.4,4.9,490.32,4.85,484.92,2.84,283.68,124.87,0.73,45.1,0.27,3,4,3
PO1000006208,"2020,2021",HARUM AGRO,CITRA SAWIT HARUM,CITRA SAWIT HARUM,Not RSPO Certified,,3/31/23,-1.74,102.05,"-1.742472, 102.054472",IDN,Indonesia,Jambi,Bungo,2-High Confidence,,937.34,93733.74,871.41,1682.18,168218.37,10.45,1044.9,4.12,412.29,2.9,290.25,12.42,1242.09,11.04,1103.76,16.17,1617.48,14.33,1432.71,12.17,1217.25,23.83,2383.2,8.74,874.17,15.74,1573.83,15.19,1518.57,14.64,1463.85,7.55,755.28,3.39,338.58,6.51,650.88,5.16,515.61,4.81,481.5,5.65,565.02,4.02,401.85,4.55,455.4,5.41,540.9,208.79,0.22,728.54,0.78,2,1,3
PO1000006211,2020,TIAN SIANG HOLDINGS SDN BHD,PUJAAN MAKMUR OIL MILL SDN BHD,PUJAAN MAKMUR,Not RSPO Certified,,3/31/23,3.18,102.46,"3.181753, 102.458895",MYS,Malaysia,Pahang,Bera,1-Fully Verified,,224.27,22426.83,301.26,523.04,52303.59,7.92,792.27,8.07,806.58,1.3,129.51,6.17,616.95,8.77,876.87,3.72,372.33,5.08,508.05,2.51,251.1,4.3,430.2,2.07,206.73,10.67,1066.86,29.09,2909.16,7.39,739.35,18.85,1885.05,10.12,1011.6,16.33,1632.51,9.11,910.62,6.27,626.67,6.02,601.56,6.37,637.2,5.87,587.34,5.07,507.42,181.06,0.81,43.21,0.19,4,5,3
PO1000006212,"2020,2021",UNKNOWN,SURYA UTAMA AGROLESTARI,SURYA UTAMA AGROLESTARI,Not RSPO Certified,,3/31/23,-1.81,103.43,"-1.805056, 103.430583",IDN,Indonesia,Jambi,Muaro Jambi,2-High Confidence,,106.1,10610.37,122.17,290.47,29047.14,1.27,127.35,1.87,186.93,0.71,71.1,2.08,208.17,1.85,184.77,1.67,166.68,5.07,507.42,3.67,367.47,3.52,351.81,0,0,0.28,28.44,3.46,346.05,1.2,119.52,1.01,100.71,1.06,106.2,1.71,170.82,1.88,188.37,2.08,207.99,1.08,107.82,1.47,146.97,3.48,348.21,6.33,632.97,46.76,0.44,59.35,0.56,5,3,4
PO1000006213,2020,SOUTHERN GROUP,SOUTHERN REALTY (MALAYA) SDN BHD,GOLCONDA,Not RSPO Certified,,3/31/23,3.14,101.39,"3.139413, 101.38792",MYS,Malaysia,Selangor,Klang,1-Fully Verified,,158,15800.49,233.25,747.16,74715.66,5.41,541.44,4.31,431.01,1.68,168.48,6.05,605.07,3.16,316.44,2.9,289.89,4.08,407.52,2.56,255.78,12.42,1242.27,8.6,860.04,1.6,159.75,8.58,857.88,2.07,207.36,8.57,856.8,4.01,400.95,4.9,490.05,3.69,369.09,5.46,546.48,3.53,352.98,2.21,221.49,3.12,311.67,3.26,326.16,102.19,0.65,55.82,0.35,3,4,3
PO1000006222,"2020,2021",SUPERVENTURE,KEMILAU PERMATA SAWIT,TAPAN,Not RSPO Certified,,3/31/23,-2.2,101.09,"-2.201694, 101.087389",IDN,Indonesia,Sumatera Barat,Pesisir Selatan,1-Fully Verified,,2142.77,214277.04,2198.6,4390.53,439053.48,3.33,333.45,1.32,132.48,1.69,168.75,3.17,316.98,2.84,283.5,6.83,683.28,6.77,676.62,5.84,584.37,9.26,925.65,7.57,757.08,11.99,1198.71,19.45,1945.26,10.37,1037.34,17.41,1740.78,7.55,755.1,19.46,1946.16,33.43,3343.05,33.99,3399.48,26.65,2665.08,30.12,3011.85,31.26,3125.97,39.48,3948.48,329.79,0.15,1812.98,0.85,3,1,4
PO1000006223,2020,ENG HONG PALM OIL MILL SDN BHD,ENG HONG PALM OIL MILL SDN BHD,ENG HONG,Not RSPO Certified,,3/31/23,2.86,101.47,"2.859843, 101.474397",MYS,Malaysia,Selangor,Kuala Langat,1-Fully Verified,,3.1,309.78,3.68,7.9,790.02,0.02,1.89,0.1,9.81,0.05,5.13,0.04,3.69,0.4,40.05,0,0,0.18,18,0.06,6.03,0.06,5.67,0.73,72.72,0.01,0.99,0,0.18,0,0,0.49,48.6,0,0.27,0.01,0.81,0.01,0.63,0.01,0.99,0.02,2.43,0.15,15.39,0.12,12.24,0.01,1.26,2.47,0.8,0.63,0.2,3,4,3
PO1000006230,"2020,2021",EAGLE HIGH PLANTATIONS,PESONALINTAS SURASEJATI,SAFIR,Not RSPO Certified,,3/31/23,-2.63,116.16,"-2.626944, 116.158072",IDN,Indonesia,Kalimantan Selatan,Kota Baru,1-Fully Verified,,283.52,28352.25,298.78,841.59,84159,1.19,119.43,4,400.41,2.96,296.37,4.03,403.47,6.24,623.7,22.71,2271.15,4.97,497.34,3.75,374.85,11.6,1160.28,1.15,115.29,2.87,286.83,1.82,181.62,2.18,218.43,3.87,386.55,13.76,1376.1,34.54,3454.38,1.21,121.32,1.51,151.47,3.23,323.46,1.12,112.14,1.75,175.23,1.79,179.1,132.29,0.47,151.23,0.53,2,3,3
PO1000006231,2021,UNKNOWN,SUTOPO LESTARI JAYA,SUTOPO LESTARI JAYA,Not RSPO Certified,,3/31/23,-2.8,104.74,"-2.795475, 104.735954",IDN,Indonesia,Sumatera Selatan,Banyu Asin,1-Fully Verified,,98.36,9836.37,186.2,280.92,28091.79,0.13,12.51,0.3,29.7,1.04,103.59,1.86,185.94,8.56,856.08,4.89,488.97,8.83,883.08,3.67,367.11,7.94,794.34,1.81,180.54,3.33,333.45,15.35,1535.22,2.37,236.7,4.78,478.35,6.95,694.62,5.19,519.12,2.59,258.84,2.65,265.32,1.99,198.54,1.89,188.64,1.19,119.16,1.24,124.38,88.54,0.9,9.82,0.1,3,5,2
PO1000006234,2020,HARN LEN CORPORATION BHD,HARN LEN CORPORATION BHD,LIAN HUP,Not RSPO Certified,,3/31/23,2.78,102.96,"2.77809, 102.962",MYS,Malaysia,Pahang,Rompin,1-Fully Verified,,68.65,6865.02,65.67,99.31,9931.05,2.27,227.25,2.69,268.56,0.01,0.63,12.31,1231.47,1.31,130.68,5.69,568.8,1.36,136.26,0.47,47.25,3.38,337.77,1.75,175.32,17.36,1735.83,4.14,414.36,2.12,211.86,0.88,87.75,0.74,74.43,2.77,276.66,8.68,867.96,0.36,36.09,0.04,3.87,0,0,0.06,6.39,0.02,1.62,68.41,1,0.24,0,1,5,1
PO1000006236,2021,HASNUR,HASNUR CITRA TERPADU,HASNUR CITRA TERPADU,Not RSPO Certified,,3/31/23,-2.96,114.99,"-2.961639, 114.9871667",IDN,Indonesia,Kalimantan Selatan,Tapin,1-Fully Verified,,1100.09,110009.25,1727.31,4096.97,409696.74,10.47,1047.33,11.47,1146.96,5.32,532.17,14.65,1464.93,7.52,752.4,27.32,2732.22,14.26,1426.14,6.51,650.88,48.66,4865.76,13.86,1385.73,21.4,2140.11,49.1,4910.49,16.73,1673.01,55.26,5525.55,33.67,3366.9,31.45,3145.23,24.99,2499.39,38.27,3827.34,38.91,3890.52,18.77,1877.04,32.43,3242.88,21.49,2149.38,542.52,0.49,557.57,0.51,4,3,3
PO1000006237,2021,PTPN III,PERKEBUNAN NUSANTARA VII,UNIT TALANG SAWIT,Not RSPO Certified,,3/31/23,-2.97,104.12,"-2.96878, 104.12181",IDN,Indonesia,Sumatera Selatan,Musi Banyuasin,1-Fully Verified,,99.9,9989.64,158.22,360.72,36071.55,0.5,49.59,0.92,91.98,0.76,76.41,2.31,230.58,1.44,144.27,1.35,135.45,2.76,275.94,1.31,130.68,2.3,230.49,1.18,118.08,0.78,78.03,3.04,303.93,1.24,124.29,1.2,119.52,1.22,121.77,3.4,340.38,1.54,153.9,2.35,235.08,2.26,226.44,7.28,728.19,1.25,125.28,1.48,148.41,41.89,0.42,58.01,0.58,3,3,3
PO1000006240,2021,PTPN III,PERKEBUNAN NUSANTARA VII,SUNGAI LENGI,RSPO Certified,"RSPO Certified, MB",3/31/23,-3.55,103.84,"-3.54847, 103.84418",IDN,Indonesia,Sumatera Selatan,Muara Enim,1-Fully Verified,,500.72,50071.68,620.93,827.88,82787.85,12.56,1256.49,6.15,614.88,4.77,476.55,12.52,1251.9,8.26,825.57,10.16,1016.28,21.28,2127.6,16.18,1618.29,35.53,3552.75,19.56,1956.33,18.45,1844.73,34.13,3413.25,14.25,1425.24,12.58,1258.02,13.38,1337.58,12.39,1238.94,7.06,706.5,10.94,1093.95,9.83,983.16,24.84,2484.27,11.23,1123.2,20.47,2047.41,336.53,0.67,164.19,0.33,4,4,3
PO1000006241,2020,GAN TENG SIEW REALTY SDN BHD,GAN TENG SIEW REALTY SDN BHD,ULU KANCHONG,Not RSPO Certified,,3/31/23,2.58,102,"2.582643, 101.997936",MYS,Malaysia,Negeri Sembilan,Seremban,1-Fully Verified,,505.27,50527.17,638.88,1180.66,118066.5,16.43,1642.86,10.04,1003.95,3.78,377.73,9.06,905.76,6.93,692.91,6.95,694.53,7.34,733.77,5.7,569.52,10.49,1049.22,8.35,834.57,10.31,1030.59,20.01,2001.06,15.8,1579.5,21.89,2188.8,11.22,1121.58,13.97,1397.25,12.8,1280.16,13.74,1374.48,12.05,1204.65,7.11,711,10.24,1024.29,7.11,711.27,241.29,0.48,263.98,0.52,3,3,3
PO1000006242,2020,BELL GROUP,BELL SRI LINGGA SDN BHD,BELL SRI LINGGA,Not RSPO Certified,,3/31/23,2.38,101.99,"2.377635, 101.985317",MYS,Malaysia,Melaka,Alor Gajah,1-Fully Verified,,260.95,26095.14,424.85,1286.42,128641.5,16.52,1651.86,5.4,540.27,3.89,388.89,4.57,457.29,8.12,811.98,5.38,537.84,6.6,660.15,4.89,488.97,10.77,1077.03,3.24,324.27,7.61,760.95,9.44,943.74,4.72,472.5,9.74,973.8,6.44,643.77,14.09,1409.04,12.87,1287,14.52,1452.42,12.72,1272.42,7.96,796.41,10.56,1055.61,6.08,608.13,186.14,0.71,74.81,0.29,4,4,3
PO1000006244,"2020,2021",MAKIN,POLA KAHURIPAN INTI SAWIT,KINTAP,Not RSPO Certified,,3/31/23,-3.81,115.17,"-3.810444, 115.172944",IDN,Indonesia,Kalimantan Selatan,Tanah Laut,1-Fully Verified,,736.21,73621.17,832.69,1595.54,159554.25,5.57,557.28,4.44,444.42,15.71,1571.31,42.72,4272.48,4.2,419.67,12.03,1202.58,7.56,755.73,4.8,479.79,3.63,363.06,8.43,843.48,8.31,830.79,12.38,1238.49,9.62,961.83,30.1,3010.32,51.21,5121.36,15.38,1537.92,19.18,1917.81,24.47,2446.83,15.65,1564.83,6.23,622.8,4.76,475.83,3.56,356.4,309.95,0.42,426.26,0.58,2,3,3
PO1000006246,"2021,2020",J.A. WATTIE (JAWA),KINTAP JAYA WATTINDO,KINTAP JAYA WATTINDO,Not RSPO Certified,,3/31/23,-3.9,115.21,"-3.898528, 115.205067",IDN,Indonesia,Kalimantan Selatan,Tanah Laut,2-High Confidence,,60.31,6030.9,165.04,385.58,38558.16,3.45,344.97,1.31,130.68,1.56,155.61,7.39,739.35,2.56,256.5,5.1,509.85,1.06,106.02,2,199.62,1.84,184.05,4.04,404.28,3.42,341.82,3.44,344.07,1.73,173.43,4.13,413.01,2.02,202.14,1.41,140.58,0.74,73.71,0.75,75.24,1.14,114.48,1.07,106.83,0.93,92.52,0.34,34.2,51.43,0.85,8.88,0.15,3,5,2
PO1000006247,2021,UNKNOWN,KENCANA INTI PERKASA,AEK NOPAN,Not RSPO Certified,,3/31/23,2.57,99.58,"2.567509, 99.578451",IDN,Indonesia,Sumatera Utara,Labuhanbatu Utara,1-Fully Verified,,428.66,42866.37,428.13,881.02,88102.35,3.85,384.84,2.38,238.05,2.07,206.82,5.28,528.39,3.05,304.83,3.81,381.42,2.27,226.89,2,200.07,6.68,668.07,4.42,442.35,6.3,629.55,11.03,1102.77,3.9,390.42,9.82,982.26,4.36,435.69,7.65,765.36,9.63,962.82,11.93,1193.31,8.73,873.18,12.62,1262.34,8.89,888.75,4.38,438.39,135.07,0.32,293.6,0.68,3,2,3
PO1000006249,2021,SINAR ALAM,CITRA PUTRA KEBUN ASRI,JORONG FACTORY,Not RSPO Certified,,3/31/23,-3.94,114.95,"-3.943611, 114.953333",IDN,Indonesia,Kalimantan Selatan,Tanah Laut,1-Fully Verified,,83.3,8330.22,280.02,641.27,64127.25,0.8,79.65,1.08,108.18,1.01,101.43,5.74,574.11,1.89,189.45,8.41,841.5,1.11,110.52,0.47,46.62,3.91,390.6,4.61,460.62,5.03,503.01,6.23,623.16,12.91,1291.32,9.99,998.55,5.01,500.76,4.72,471.6,1.05,104.58,1.33,132.57,4.1,409.86,2.03,203.04,2.92,292.41,2.24,224.46,83.3,1,0,0,4,5,2
PO1000006264,"2021,2020",PTPN III,PERKEBUNAN NUSANTARA III,HAPESONG,RSPO Certified,"RSPO Certified, MB",3/31/23,1.45,99.07,"1.4519833, 99.068467",IDN,Indonesia,Sumatera Utara,Tapanuli Selatan,1-Fully Verified,,2746.86,274686.12,2864.36,5613.57,561356.91,6.35,635.49,7.9,790.11,4.73,473.4,12.28,1228.5,13.7,1370.16,13.21,1321.47,9.01,901.17,15.43,1542.69,23.81,2381.4,11.95,1194.93,23.52,2352.33,21.48,2148.21,13.58,1358.46,17.26,1725.84,12.71,1271.43,18.11,1810.53,29.62,2962.44,21.06,2105.55,17.6,1759.5,15.26,1526.4,17.09,1709.1,14.78,1477.62,340.47,0.12,2406.39,0.88,2,1,3
PO1000006268,2020,FIRST RESOURCES,PANCASURYA AGRINDO,TAMBUSAI,Not RSPO Certified,,3/31/23,1.16,100.51,"1.157186, 100.508333",IDN,Indonesia,Riau,Rokan Hulu,1-Fully Verified,,31.27,3127.41,76.59,171.16,17115.66,0.27,27.18,7.06,706.32,3.3,330.3,3.8,380.25,2.65,264.96,0.43,42.93,0.07,6.75,0.04,4.23,0.16,15.57,0.18,18.45,0.21,21.42,0.24,24.12,0.53,52.56,0.42,42.21,0.05,5.31,0.09,9.27,0.32,31.5,0.6,60.12,0.55,55.44,0.02,1.53,0.01,1.44,0.06,5.94,21.08,0.67,10.2,0.33,1,4,2
PO1000006310,2021,UNKNOWN,MEGA HIJAU LESTARI,MEGA HIJAU LESTARI,Not RSPO Certified,,3/31/23,-1.24,116.64,"-1.24075, 116.645",IDN,Indonesia,Kalimantan Timur,Penajam Paser Utara,1-Fully Verified,,1031.8,103179.51,1012.67,1823.68,182367.81,5.28,527.85,5.59,558.63,5.24,524.25,5.84,584.19,9.27,926.55,9,899.55,7.89,788.67,8.25,824.94,26.7,2670.21,4.27,427.05,15.85,1585.35,41.32,4131.63,8.05,804.6,20.31,2030.85,36.98,3697.65,39.5,3950.46,10.81,1081.35,14.07,1406.52,19.15,1915.02,16.82,1681.56,13.19,1318.95,6.85,684.72,330.21,0.32,701.59,0.68,3,2,3
PO1000006329,2017,NBPOL,KULA PALM OIL LTD - HIGATURU OIL PALMS,SUMBERIPA,Not RSPO Certified,,3/31/23,-8.77,148.16,"-8.769184, 148.160793",PNG,Papua New Guinea,Oro,Sohe,1-Fully Verified,,4657.18,465717.87,4404.33,6791.58,679158.09,15.6,1559.61,6.24,623.97,4.75,475.2,10.06,1006.2,2.23,222.66,10.12,1011.69,12.78,1278.18,66.07,6607.17,6.67,667.26,8.72,872.37,11.03,1102.95,13.49,1348.92,10.03,1003.41,16.01,1600.92,12.25,1225.08,10.48,1047.6,15.91,1591.47,12.82,1282.5,12.17,1216.71,12.49,1248.75,15,1499.76,24.79,2478.51,309.71,0.07,4347.47,0.93,2,1,3
PO1000006340,2021,PTPN III,PERKEBUNAN NUSANTARA VII,UNIT BETUNG,RSPO Certified,"RSPO Certified, MB",3/31/23,-2.85,104.16,"-2.848944, 104.1649",IDN,Indonesia,Sumatera Selatan,Banyu Asin,1-Fully Verified,,404.02,40402.08,493.67,926.12,92612.34,3.72,372.06,5.94,594.27,3.86,386.19,16.5,1649.61,7.63,763.2,9.53,953.19,11.5,1149.57,11.87,1187.01,13.4,1339.83,7.5,750.42,3.07,307.17,18.94,1894.05,5.62,561.78,6.96,696.15,5.28,527.67,14.93,1492.83,5.79,578.7,5.75,575.01,4.44,444.33,7.26,725.76,3.84,383.94,4.75,474.84,178.08,0.44,225.94,0.56,3,3,3
PO1000006353,2020,RISDA ESTATES SDN BHD,RISDA ESTATES SDN BHD,RISDA DURIAN MAS,Not RSPO Certified,,3/31/23,4.6,103.2,"4.595091, 103.202805",MYS,Malaysia,Trengganu,Dungun,2-High Confidence,,2536.12,253611.9,2352.92,3722.87,372287.34,15.8,1580.4,11.62,1162.26,8.96,896.04,17.2,1720.17,8.17,817.38,9.08,907.65,8.85,885.42,11.4,1139.94,13.92,1391.58,15.37,1537.2,20.67,2066.76,21.4,2140.02,21.49,2149.47,21.96,2196,19.49,1949.4,10.03,1002.51,16.85,1684.98,15.38,1538.28,6.52,651.96,9.91,990.54,8.22,821.97,10.85,1085.13,303.15,0.12,2232.97,0.88,2,1,3
PO1000006356,"2021,2020",NBPOL,KULA PALM OIL LTD - HIGATURU OIL PALMS,SANGARA,RSPO Certified,"RSPO Certified, IP",3/31/23,-8.74,148.2,"-8.743386, 148.198705",PNG,Papua New Guinea,Oro,Ijivitari,1-Fully Verified,,1882.09,188208.72,1949.23,4747.14,474714.27,9.07,907.02,10.07,1007.1,3.8,379.62,15.15,1515.42,1.9,189.63,5.09,509.13,8.12,812.07,23.89,2389.23,5.61,561.33,3.91,391.05,7.47,746.82,13.74,1373.85,7.07,707.4,12.71,1271.07,12.85,1284.66,7.98,797.94,12.43,1242.63,10.72,1071.54,20.18,2018.16,9.64,964.26,7.07,707.49,17.8,1779.66,226.27,0.12,1655.82,0.88,2,1,3
PO1000006365,"2021,2020",SAMPOERNA AGRO,USAHA AGRO INDONESIA,USAHA AGRO INDONESIA,RSPO Certified,"RSPO Certified, MB",3/31/23,-2.68,110.98,"-2.683161, 110.975442",IDN,Indonesia,Kalimantan Barat,Ketapang,1-Fully Verified,,355.5,35550.27,441.54,667.56,66755.97,2.09,208.53,6.66,665.82,0.42,42.48,7.18,717.93,3,299.79,12.8,1280.16,12.89,1288.53,10.53,1053.45,14.12,1412.01,9.47,947.16,11.93,1193.13,13.2,1319.85,16.32,1631.97,23.1,2309.67,18.17,1817.28,36.49,3649.05,5.79,578.79,11.05,1105.2,30.76,3075.57,3.79,378.54,2.92,291.69,1.85,184.59,254.51,0.72,100.99,0.28,2,4,2
PO1000006366,2021,ANJ AGRO,KAYUNG AGRO LESTARI,KAYUNG AGRO LESTARI,RSPO Certified,"RSPO Certified, MB",3/31/23,-1.45,110.23,"-1.45051, 110.232027",IDN,Indonesia,Kalimantan Barat,Ketapang,2-High Confidence,,2016.34,201634.02,1973.74,4125.48,412548.12,6.5,650.07,5.93,593.37,4.49,449.28,14.97,1496.52,6.07,607.32,16.88,1687.5,15.47,1546.74,17.14,1713.51,37.88,3788.01,19.02,1901.7,61.53,6152.85,79.94,7994.34,43,4299.84,34.41,3440.7,106.89,10689.3,69.76,6976.26,15.71,1570.86,10.61,1060.92,45.87,4586.85,24,2399.76,7.54,753.93,13.25,1325.43,656.85,0.33,1359.49,0.67,2,2,3
PO1000006376,2020,SOUTHERN ACIDS BERHAD,WANASARI NUSANTARA,WANASARI NUSANTARA,Not RSPO Certified,,3/31/23,-0.29,101.47,"-0.287, 101.4718",IDN,Indonesia,Riau,Kuantan Singingi,1-Fully Verified,,88.03,8802.72,122.19,142.05,14204.52,0.79,79.29,4.01,401.4,0.25,25.11,1.92,191.61,5.8,580.23,2.81,281.34,3.46,346.32,2.22,222.21,1.54,153.63,1.59,159.3,1.56,156.33,0.74,74.43,3.07,307.35,4.23,422.55,7.83,782.64,3.98,398.07,0.82,81.99,0.47,46.89,2.47,247.05,24.18,2417.94,9.72,972.45,3.3,329.67,86.78,0.99,1.25,0.01,5,5,3
PO1000006389,"2020,2021,2018",BOUSTEAD PLANTATIONS BERHAD,BOUSTEAD PLANTATIONS BHD,TRONG OIL MILL,RSPO Certified,"RSPO Certified, IP",3/31/23,4.67,100.71,"4.67356, 100.708154",MYS,Malaysia,Perak,Larut and Matang,1-Fully Verified,,72.66,7266.15,78.54,157.53,15753.15,0.77,76.59,1.58,158.22,0.72,72.45,1.29,129.15,0.52,52.47,0.36,36.45,0.18,17.55,0.96,95.76,1.16,115.83,0.67,66.69,1.43,142.65,0.8,80.19,0.53,52.83,0.98,97.92,1.43,142.65,2.4,239.85,2.6,260.37,2.05,205.29,1.63,163.17,1.85,184.59,0.94,94.41,0.19,19.17,25.04,0.34,47.62,0.66,2,2,3
PO1000006505,"2020,2019",MUSIM MAS,GUNTUNG IDAMAN NUSA,GUNTUNG IDAMAN NUSA 2,RSPO Certified,"RSPO Certified, IP",3/31/23,0.05,103.21,"0.0530444, 103.20761",IDN,Indonesia,Riau,Indragiri Hilir,1-Fully Verified,,374.57,37457.37,413.96,517.1,51710.04,6.84,683.73,17.88,1787.67,4.19,418.59,26.57,2656.71,20.19,2018.61,11.74,1173.87,17.65,1765.08,30.96,3096.09,8.09,809.46,9.03,902.97,5.72,571.77,10.59,1059.48,4.25,424.89,23.25,2324.97,6.02,601.56,6.28,628.47,4.21,421.2,6.15,615.06,5.82,582.03,4.92,492.3,1.84,183.87,1.19,118.62,233.37,0.62,141.2,0.38,2,3,2
PO1000006652,2021,MP EVANS,GUNUNG PELAWAN LESTARI,TENGKALAT,RSPO Certified,"RSPO Certified, MB",3/31/23,-1.62,105.99,"-1.62363, 105.988565",IDN,Indonesia,Bangka Belitung,Bangka,1-Fully Verified,,538.57,53857.35,863.03,1202.9,120290.4,5.99,599.04,9.9,989.73,2.27,227.07,12.95,1295.1,10.86,1086.21,13.65,1364.58,27.92,2792.43,7.03,702.54,27.7,2769.75,5.68,567.81,37.13,3712.86,33.68,3367.71,23.07,2307.42,34.48,3448.44,47.09,4708.71,39.7,3969.99,16.79,1679.13,16.06,1605.69,15.53,1553.4,16.74,1673.55,12.39,1239.03,13.81,1381.14,430.41,0.8,108.16,0.2,4,4,3
PO1000006977,"2021,2020",SINAR MAS,SINAR KENCANA INTI PERKASA,KASUARI,Not RSPO Certified,,3/31/23,-2.97,140.03,"-2.973111, 140.029917",IDN,Indonesia,Papua,Jayapura,1-Fully Verified,,7814.69,781469.28,7133.86,10589.27,1058926.86,3.82,381.6,2.92,291.6,3.13,313.29,3.17,317.16,15.55,1554.93,7.12,711.54,6.56,655.56,9.23,922.59,10.99,1099.08,10.31,1031.49,5.75,574.92,7.69,769.14,3.74,374.04,5.94,594.18,5.31,530.91,9.85,984.78,8.04,803.61,7.55,754.56,17.62,1762.02,22.25,2224.8,23.15,2314.89,38.45,3845.25,228.12,0.03,7586.57,0.97,2,1,3
PO1000006984,"2020,2021",SINAR MAS,AGROLESTARI SENTOSA,JALEMO,Not RSPO Certified,,3/31/23,-1.35,113.5,"-1.3482 , 113.5022",IDN,Indonesia,Kalimantan Tengah,Gunung Mas,1-Fully Verified,,66.55,6654.69,62.38,53.3,5330.34,0.54,54.45,0.11,10.98,0.14,13.5,0.66,66.15,0.12,12.15,0.38,38.25,2.13,212.94,26.08,2608.2,7.86,785.79,5.15,514.89,4.47,447.39,4.26,426.33,3.02,302.31,2.55,254.79,0.13,12.87,0.4,39.51,0.16,15.84,0.07,7.38,0.03,2.88,0.04,4.5,0.28,28.08,0.23,23.04,58.82,0.88,7.72,0.12,2,5,1
PO1000006989,2020,FGV HOLDINGS BERHAD,FGV PALM INDUSTRIES SDN BHD,KECHAU B,RSPO Certified,"RSPO Certified, MB",3/31/23,4.24,102.11,"4.2391667, 102.106667",MYS,Malaysia,Pahang,Lipis,1-Fully Verified,,612.17,61216.83,652.99,1118.51,111851.37,5.35,535.23,5.81,581.31,4.65,465.03,3.47,347.04,11.09,1108.89,7.74,774.45,4.65,465.12,4.74,474.03,19.53,1953.09,10.6,1060.11,11.21,1121.04,21.89,2189.34,9.28,927.72,22.26,2225.79,27.12,2712.06,40.07,4006.53,22.83,2282.67,17.78,1777.86,18.22,1821.69,12.44,1243.89,7.53,753.12,6.47,646.56,294.73,0.48,317.44,0.52,3,3,3
PO1000006998,2020,FGV HOLDINGS BERHAD,FGV PALM INDUSTRIES SDN BHD,SERTING HILIR,RSPO Certified,"RSPO Certified, MB",3/31/23,3,102.48,"2.997778, 102.4780556",MYS,Malaysia,Negeri Sembilan,Jempol,1-Fully Verified,,247.89,24788.61,289.27,314.96,31496.13,4.01,400.77,6.81,681.3,1.21,121.5,4.13,412.92,11,1099.62,9.16,916.11,12.27,1226.7,4.84,483.75,23.44,2343.69,2.58,258.48,12.57,1257.12,38.23,3822.66,30.32,3031.92,14.53,1452.78,7.25,725.49,7.87,786.6,8.57,857.16,10.47,1046.97,10.62,1062.18,1.25,125.46,1.72,172.35,3.31,330.84,226.16,0.91,21.72,0.09,3,5,2
PO1000007305,"2020,2021",UNKNOWN,KH REGIONAL GROUP INC.,NACIONAL AGRO INDUSTRIAL S.A.,RSPO Certified,"RSPO Certified, IP",3/31/23,16.23,-90.15,"16.227913, -90.152902",GTM,Guatemala,Petén,Sayaxché,1-Fully Verified,,544.92,54492.03,860.38,1405.95,140595.12,14.52,1452.42,23.87,2387.34,13.63,1362.6,14.53,1453.32,18.46,1846.08,11.05,1104.84,24.69,2468.97,23.52,2351.61,17.97,1796.67,15.33,1532.61,9.1,910.17,9.47,946.62,7.18,718.47,7.87,786.78,7.58,758.25,13.76,1376.1,11.65,1165.05,7.23,723.33,15.9,1590.39,9.28,927.99,7.21,720.9,5.48,548.37,289.29,0.53,255.63,0.47,3,3,3
PO1000007396,2020,MUSIM MAS,MULTI PERSADA GATRA MEGAH,MULTI PERSADA GATRA MEGAH,RSPO Certified,"RSPO Certified, MB",3/31/23,-0.77,114.74,"-0.770833, 114.741222",IDN,Indonesia,Kalimantan Tengah,Barito Utara,1-Fully Verified,,220.32,22031.55,221.44,455.7,45570.24,1.43,143.28,1.77,177.21,0.76,76.23,0.51,51.39,4.85,485.1,0.85,84.78,0.97,97.02,6.2,620.28,9.76,976.5,12.47,1246.95,2.55,255.24,1.95,194.67,2.07,207.18,4.4,439.74,2.61,261.45,4.88,488.07,2.09,208.98,2.12,212.22,0.83,82.98,1.43,142.74,1.11,111.42,1.78,178.02,67.41,0.31,152.9,0.69,2,2,3
PO1000007437,2020,MUSIM MAS,SINAR AGRO RAYA,SINAR AGRO RAYA,Not RSPO Certified,,3/31/23,0.42,101.76,"0.419917, 101.756389",IDN,Indonesia,Riau,Pelalawan,2-High Confidence,,11.53,1152.54,16.03,27.34,2733.84,0.12,11.52,0.15,15.48,0.02,1.98,0.21,20.7,0.72,71.55,0.01,0.54,0.4,39.87,0.08,8.46,0.32,32.22,0.15,14.76,0.15,14.67,0.15,15.48,0,0.36,0.05,4.68,0.07,7.38,0.17,16.65,0.16,16.11,0.84,83.97,0.82,81.81,0.96,95.94,1.16,116.01,0.94,94.14,7.64,0.66,3.88,0.34,5,4,5
PO1000007463,"2020,2021",UNKNOWN,KALIMANTAN AGRO PUSAKA,SUNGAI SEPETI,Not RSPO Certified,,3/31/23,-0.83,109.89,"-0.829001, 109.88604",IDN,Indonesia,Kalimantan Barat,Kayong Utara,1-Fully Verified,,2045.98,204597.54,2072.53,4343.73,434372.76,3.89,388.8,16.15,1615.05,3.05,305.37,14.23,1423.44,9.5,950.13,31.78,3178.08,19.88,1987.74,21.04,2103.66,67.98,6798.06,33.43,3342.69,30.39,3038.67,95.05,9504.54,57.09,5708.52,37.71,3770.73,118.21,11821.05,58.61,5860.98,22.64,2263.86,12.62,1261.8,25.31,2530.8,14.21,1420.56,16.33,1632.87,48.07,4806.9,757.14,0.37,1288.83,0.63,3,3,3
PO1000007464,2020,UNKNOWN,MITRASARI PRIMA,MITRASARI PRIMA,Not RSPO Certified,,3/31/23,0.14,101.71,"0.136306, 101.705028",IDN,Indonesia,Riau,Pelalawan,1-Fully Verified,,17.03,1702.53,36.99,62.74,6273.9,1.23,123.3,0.21,20.7,0.01,1.26,0.82,82.44,1.04,104.31,0.05,5.04,1.8,180.27,0.21,21.06,1.21,121.32,1.7,169.92,1.98,198,0.53,52.65,0.06,6.21,0.16,16.29,0.08,7.65,0.13,13.41,0.1,9.54,0.31,31.23,0.19,19.17,0.05,4.59,0.08,8.19,0.22,22.05,12.19,0.72,4.84,0.28,3,4,3
PO1000007467,"2020,2021",BIMA PALMA,BIMA AGRI SAWIT,MUARA BULAN,Not RSPO Certified,,3/31/23,1.26,117.6,"1.263417, 117.602556",IDN,Indonesia,Kalimantan Timur,Kutai Timur,1-Fully Verified,,2951.08,295107.57,2886.04,5650.31,565031.43,5.72,571.77,4.49,448.65,3.73,373.41,11.45,1144.89,12.75,1275.03,9.17,917.1,6.9,689.76,0.5,49.86,17.69,1768.86,27.08,2707.65,70.24,7023.78,38.01,3800.7,26.52,2652.03,27.22,2721.87,11.38,1138.5,32.78,3278.43,11.41,1140.57,9.25,925.11,14.32,1431.72,9.33,932.76,4.47,447.03,9.41,941.04,363.81,0.12,2587.27,0.88,1,1,3
PO1000007469,"2021,2020",UNKNOWN,SURYA GEMILANG AGRO MANDIRI,SURYA GEMILANG AGRO MANDIRI,Not RSPO Certified,,3/31/23,-1.27,103.81,"-1.271232, 103.814442",IDN,Indonesia,Jambi,Tanjung Jabung T,1-Fully Verified,,1053.57,105357.42,1545.1,2400.13,240013.26,1.81,181.17,5.89,589.41,2.32,231.66,12.05,1205.1,15.85,1585.44,12.73,1272.69,24.37,2436.57,20.59,2058.75,28.4,2839.77,2.78,278.37,0.18,18,33.84,3384.18,11.07,1107.27,32.76,3276.18,21.12,2112.21,86.35,8634.51,41.86,4186.44,38.04,3804.21,19.65,1965.24,33.36,3336.21,27.14,2713.68,26.27,2626.56,498.44,0.47,555.14,0.53,4,3,3
PO1000007477,"2020,2021",PTPN III,PERKEBUNAN NUSANTARA VII,BEKRI,Not RSPO Certified,,3/31/23,-5.07,105.13,"-5.073927, 105.134545",IDN,Indonesia,Lampung,Lampung Tengah,1-Fully Verified,,76.17,7616.79,381.75,664.28,66427.65,5.67,567.27,5.62,561.69,1.23,122.85,4.28,427.86,4.13,412.65,0.39,39.06,1.15,114.93,0.27,27.45,0.7,70.29,0.89,89.28,1.58,158.4,2.88,288.09,0.18,18,4.29,428.76,9.61,960.66,4.72,471.87,1.83,183.06,1.95,195.48,2.41,240.84,2.92,291.87,2.67,266.67,1.3,130.05,60.67,0.8,15.5,0.2,4,4,3
PO1000007478,"2018,2021,2020,2017,2019",NBPOL,NEW BRITAIN PALM OIL,NUMUNDO,RSPO Certified,"RSPO Certified, IP",3/31/23,-5.52,150.03,"-5.523764, 150.0344",PNG,Papua New Guinea,West New Britain,Talasea,1-Fully Verified,,2463.93,246393.45,2234.93,4269.16,426916.08,11.55,1155.24,18.06,1806.03,13.5,1349.73,7.16,715.59,3.14,314.46,5.14,513.63,3.32,331.56,4.84,483.84,8.17,817.29,7.56,755.73,11.17,1116.81,12.56,1255.68,7.44,744.48,5.54,553.95,53.01,5300.55,16.32,1632.24,7.91,790.56,10.71,1070.64,15.63,1563.39,9.31,930.69,12.89,1288.89,15.18,1517.58,260.09,0.11,2203.85,0.89,2,1,3
PO1000007481,"2020,2021",SUPERVENTURE,BINA MITRA MAKMUR,BINA MITRA MAKMUR,Not RSPO Certified,,3/31/23,-1.5,102.24,"-1.49723, 102.240672",IDN,Indonesia,Jambi,Bungo,1-Fully Verified,,236.19,23618.88,288.38,599.9,59990.49,1.55,155.25,2.79,278.64,0.88,87.57,4.27,426.96,2.38,238.14,13.26,1326.33,6.66,665.64,2.96,296.1,8.99,899.01,1.73,172.89,2.77,277.2,6.03,603.09,3.37,337.14,4.2,419.58,3.66,365.76,4.86,485.73,5.74,573.93,5.6,560.16,9.44,943.74,6.45,644.94,11.39,1139.04,7.1,709.65,116.06,0.49,120.12,0.51,5,3,4
PO1000007496,"2021,2020",UNKNOWN,DHARMASRAYA SAWIT LESTARI,DHARMASRAYA SAWIT LESTARI,Not RSPO Certified,,3/31/23,-1.15,101.74,"-1.149817, 101.740183",IDN,Indonesia,Sumatera Barat,Dharmasraya,1-Fully Verified,,381.92,38191.59,473.79,836.01,83600.64,13.83,1382.67,3.62,361.98,2.04,203.76,6.22,621.72,7.07,706.95,35.98,3598.02,12.18,1217.7,8.82,882.27,14.6,1460.16,6.87,687.06,11.3,1129.77,24.5,2449.71,6.55,655.47,6.31,630.72,7.61,760.59,9.57,956.7,15.77,1577.16,6.04,604.17,10.14,1014.21,7.09,708.84,6.38,638.46,9.64,964.35,232.12,0.61,149.79,0.39,3,3,3
PO1000007505,2020,SOUTHERN GROUP,SOUTHERN REALTY (MALAYA) SDN BHD,FERMANAGH,Not RSPO Certified,,3/31/23,2.65,101.66,"2.650057, 101.658622",MYS,Malaysia,Selangor,Sepang,1-Fully Verified,,123.97,12397.32,166.43,305.48,30547.89,14.88,1488.42,3.12,311.67,0.43,43.2,2.87,287.28,5.04,504.45,1.58,157.68,2.15,215.46,2.1,209.97,2.64,263.79,7.64,764.28,2.01,201.24,3.84,383.85,1.72,172.35,8.38,837.9,2.42,242.37,4.14,414.27,2.34,233.55,2.64,263.61,2.23,223.47,1.6,160.11,3.31,330.84,0.97,96.93,78.07,0.63,45.91,0.37,3,3,3
PO1000007509,2021,UNKNOWN,GOLDEN OILINDO NUSANTARA,GOLDEN OILINDO NUSANTARA,Not RSPO Certified,,3/31/23,-3.12,104.69,"-3.1192, 104.694516",IDN,Indonesia,Sumatera Selatan,Ogan Ilir,1-Fully Verified,,136.97,13697.37,547.43,1018.97,101896.56,0.48,47.97,0.61,60.93,0.12,11.61,1.73,172.71,0.5,49.5,1.61,160.65,2.24,224.1,0.91,90.9,4.64,464.49,1.5,149.85,0.3,30.33,6.01,601.02,0.82,82.26,3.71,371.16,1.26,126.09,2.4,239.58,4.89,489.33,4.68,467.73,10.66,1065.96,1.84,184.05,2.4,240.48,0.94,94.5,54.25,0.4,82.72,0.6,3,3,3
PO1000007511,"2021,2020",SARIMAS,TRI BAKTI SARIMAS,IBUL,Not RSPO Certified,,3/31/23,-0.86,101.75,"-0.860278, 101.750833",IDN,Indonesia,Riau,Kuantan Singingi,1-Fully Verified,,592.04,59204.07,757.87,1245.67,124567.47,48.72,4871.79,16.88,1687.95,1.48,147.96,7.93,793.17,6.93,693.09,11.47,1146.51,22.31,2231.1,30.95,3094.56,20.47,2047.41,11.03,1103.04,18.8,1879.92,49.23,4922.64,29.1,2909.97,46.94,4694.22,38.75,3874.77,26.56,2655.81,33.08,3307.86,16.42,1641.6,14.15,1415.07,13.19,1319.22,14.24,1423.53,23.19,2318.67,501.8,0.85,90.24,0.15,4,5,3
PO1000007522,"2020,2021",NBPOL,NEW BRITAIN PALM OIL,WARASTON,RSPO Certified,"RSPO Certified, IP",3/31/23,-5.49,150.09,"-5.4857, 150.0853",PNG,Papua New Guinea,West New Britain,Talasea,1-Fully Verified,,601.55,60154.83,603.7,2495.43,249543,1.55,155.34,8.78,877.59,6.14,614.25,9.79,978.93,5.14,513.63,10.95,1094.58,3.36,336.24,2.67,266.94,1.53,153.27,4.09,408.96,1.09,108.81,1.39,139.05,1.24,124.11,1.69,169.02,38.48,3847.77,2,200.07,2.84,283.5,5.26,526.23,3.81,381.15,2.46,245.97,1.15,115.38,6.41,640.53,121.81,0.2,479.74,0.8,2,1,3
PO1000007523,"2021,2020",SUNGAI BUDI,TUNAS BARU LAMPUNG,PKS 8,Not RSPO Certified,,3/31/23,0.48,101.6,"0.478069, 101.600256",IDN,Indonesia,Riau,Pelalawan,1-Fully Verified,,40.98,4097.61,103.79,231.64,23164.29,1.21,121.32,0.48,47.79,0.46,45.72,1.68,167.85,2.62,261.99,0.88,87.93,1.31,131.49,1.39,139.14,1.46,145.62,1.47,147.24,0.88,88.47,0.59,59.31,0.71,70.92,1.25,124.92,1.28,127.98,1.27,127.08,2.07,207.27,1.08,107.82,4.27,427.23,7.36,735.57,9.26,926.1,4.33,433.35,40.98,1,0,0,5,5,4
PO1000007526,2020,JUGRA PALM OIL MILL SDN BHD,JUGRA PALM OIL MILL SDN BHD,"JUGRA ",Not RSPO Certified,,3/31/23,2.85,101.47,"2.845865, 101.467214",MYS,Malaysia,Selangor,Kuala Langat,1-Fully Verified,,73.3,7330.41,101.18,167.74,16774.47,0.25,25.38,1.63,162.9,0.55,54.99,0.99,98.82,1.49,148.86,1.28,128.07,0.94,94.23,1.8,180.36,1.79,179.1,2.2,219.78,1.88,187.83,1.38,137.97,0.33,33.03,3.31,330.93,1.39,139.23,1.84,183.51,1.51,151.11,1.75,175.41,1.76,176.4,0.9,90,2.06,205.56,1.22,122.04,32.26,0.44,41.05,0.56,3,3,3
PO1000007527,2020,FELCRA BERHAD,FELCRA JAYAPUTRA SDN BHD,JAYAPUTRA,Not RSPO Certified,,3/31/23,3.98,102.22,"3.982938, 102.222483",MYS,Malaysia,Pahang,Jerantut,1-Fully Verified,,928.33,92832.57,902.29,1821.06,182105.55,2.7,269.55,10.96,1096.47,5.96,596.25,5.36,535.95,14.54,1454.04,5.32,532.17,6.26,625.68,7.15,715.32,15.66,1565.73,8.39,838.89,5.44,544.32,20.64,2064.42,12.41,1241.46,27.76,2776.05,29.34,2934.09,23.37,2336.76,22.49,2249.19,16.58,1657.71,10.88,1088.28,6.75,675.09,7.15,714.96,5.71,571.05,270.83,0.29,657.49,0.71,2,2,3
PO1000007528,"2020,2021",KENCANA AGRI,AGRI EASTBORNEO KENCANA,AGRI EASTBORNEO KENCANA,Not RSPO Certified,,3/31/23,0.13,116.92,"0.134167, 116.9161",IDN,Indonesia,Kalimantan Timur,Kutai Kartanegara,1-Fully Verified,,865.8,86580.36,1124.48,1778.16,177816.24,3.6,360.09,12.03,1203.12,1.74,174.24,2.93,292.59,3.18,317.88,31.11,3111.48,77.63,7763.04,89.69,8969.04,80.78,8078.4,75.29,7529.13,43.1,4310.46,64.46,6445.89,40.84,4083.66,48.5,4850.46,43.06,4305.78,68.84,6884.37,10.3,1030.05,28.26,2826.18,26.65,2665.26,19.88,1988.28,1.38,138.33,1.25,124.83,774.53,0.89,91.28,0.11,1,5,1
PO1000007529,"2021,2020",UNKNOWN,VAREM SAWIT CEMERLANG,VAREM SAWIT CEMERLANG,Not RSPO Certified,,3/31/23,2.67,99.67,"2.665007, 99.667418",IDN,Indonesia,Sumatera Utara,Asahan,1-Fully Verified,,155.15,15515.19,157.33,211.51,21150.9,4.28,427.77,0.67,66.87,3.33,332.64,24.01,2401.38,15.25,1524.87,2.97,296.91,2.39,238.59,1.61,160.56,1.42,142.02,4.51,450.9,3.47,347.4,4.01,400.68,0.21,21.15,2.83,283.41,1.13,112.86,2.52,252.36,7,700.29,2.16,216.36,1.46,145.8,3.2,320.13,3.87,386.91,0.52,51.84,92.82,0.6,62.33,0.4,3,3,3
PO1000007530,2020,KILANG KELAPA SAWIT JERANTUT SDN BHD,KILANG KELAPA SAWIT JERANTUT SDN BHD,JERANTUT,Not RSPO Certified,,3/31/23,3.86,102.35,"3.862045, 102.345482",MYS,Malaysia,Pahang,Jerantut,1-Fully Verified,,698.51,69851.16,764.41,1759.33,175932.81,16.9,1690.29,18.18,1818.27,7.01,701.46,10.72,1071.72,15.98,1597.95,6.21,621.36,6.15,614.79,9.71,970.92,14.48,1447.56,7.05,705.06,6.12,611.55,15.41,1541.25,14.15,1414.62,15.4,1540.44,18.61,1861.47,28.53,2852.64,19.78,1978.38,20.91,2091.06,18.08,1807.56,12.07,1207.35,9.49,948.96,9.56,955.71,300.5,0.43,398.01,0.57,3,3,3
PO1000007533,2020,GAMA PLANTATIONS,WAWASAN KEBUN NUSANTARA,SUNGAI KUMBAH,Not RSPO Certified,,3/31/23,1.27,109.82,"1.26689, 109.817139",IDN,Indonesia,Kalimantan Barat,Bengkayang,1-Fully Verified,,1369.01,136900.89,1338.07,2225.06,222505.65,15.31,1531.44,10.12,1012.5,10.06,1006.2,27.42,2741.94,20.16,2015.64,9.56,955.62,28.2,2819.61,31.95,3194.82,25.59,2558.52,5.92,591.57,26.83,2682.99,22.28,2227.5,27.7,2770.2,41.57,4156.74,20.24,2024.01,42.93,4293.45,32.11,3210.93,27.42,2741.58,24.06,2406.42,28.83,2882.79,22.54,2254.32,19.56,1956.06,520.35,0.38,848.66,0.62,3,3,3
PO1000007534,"2020,2021",LYMAN AGRO,KALIMANTAN SANGGAR PUSAKA,KALIMANTAN SANGGAR PUSAKA,Not RSPO Certified,,3/31/23,0.08,111.19,"0.08311, 111.19205",IDN,Indonesia,Kalimantan Barat,Sekadau,1-Fully Verified,,296.57,29657.07,398.47,741.86,74186.1,1.93,192.6,3.33,333,1.85,184.77,3.79,379.44,2.75,275.4,6.83,683.01,6.76,675.81,9.59,958.95,8.02,801.54,4.2,420.21,7.12,712.44,14.57,1456.92,5.09,509.04,6.9,690.03,6.95,694.62,13.68,1368.27,7.71,770.58,9.76,976.05,8.3,830.43,5.21,521.28,3.08,307.62,4.23,423.45,141.65,0.48,154.92,0.52,3,3,3
PO1000007536,2020,SIN HUAT HIN,SIN HUAT HIN,SIN HUAT HIN PALM OIL MILL (KUALA SELANGOR) SDN BHD,Not RSPO Certified,,3/31/23,3.34,101.29,"3.344606, 101.291608",MYS,Malaysia,Selangor,Kuala Selangor,1-Fully Verified,KAMPUNG KUANTAN BHD,415.7,41570.01,582.57,1470.55,147054.78,2.54,254.43,3.41,340.56,1.88,188.19,3.02,302.4,2.08,208.26,1.97,197.46,4.67,466.74,2.13,212.58,9.5,949.86,6,599.67,1.05,105.12,4.2,419.85,2.59,258.75,6.11,611.37,1.75,175.23,9.56,956.07,6.75,675.09,4.64,464.4,10.08,1007.91,3.92,392.31,7.94,793.98,3.12,312.39,98.93,0.24,316.77,0.76,3,1,3
PO1000007537,"2020,2021",UNKNOWN,CAHAYA INTI SAWIT,CAHAYA INTI SAWIT,Not RSPO Certified,,3/31/23,1.44,100.29,"1.440833, 100.291111",IDN,Indonesia,Sumatera Utara,Padang Lawas Utara,1-Fully Verified,,18.01,1801.17,85.77,148.58,14858.19,1.43,143.46,4.84,484.2,0.22,21.78,2.6,259.83,1.5,149.58,0.29,29.16,0.07,6.93,0.44,43.65,0.86,85.95,2.23,222.93,0.23,22.59,0.14,14.49,0.05,5.4,0.08,8.1,0.48,48.15,0.32,32.04,0.47,47.25,0.05,4.86,0.09,8.64,0.16,15.66,0.18,18.27,0.05,5.13,16.78,0.93,1.23,0.07,2,5,1
PO1000007539,"2021,2020",NBPOL,NEW BRITAIN PALM OIL,KAPIURA,RSPO Certified,"RSPO Certified, IP",3/31/23,-5.62,150.68,"-5.624083, 150.6847",PNG,Papua New Guinea,West New Britain,Talasea,1-Fully Verified,,3755.59,375558.57,3417.1,5967.06,596706.3,3.55,354.6,6.99,698.76,8.01,800.55,18.49,1849.41,14.74,1473.66,29.87,2986.92,23.73,2372.85,26.55,2654.55,12.73,1273.05,14.28,1428.21,9.77,976.77,16.83,1682.73,10.95,1095.3,15.66,1566.18,28.4,2840.22,16.77,1677.06,10.94,1093.77,17.53,1752.57,10.07,1007.46,10.81,1080.9,12.58,1258.02,32.12,3211.92,351.35,0.09,3404.23,0.91,2,1,3
PO1000007540,2020,UNKNOWN,PALUTA INTI SAWIT,PALUTA INTI SAWIT,Not RSPO Certified,,3/31/23,1.55,99.84,"1.55403, 99.835694",IDN,Indonesia,Sumatera Utara,Padang Lawas Utara,1-Fully Verified,,446.21,44621.19,660.72,1579.74,157974.48,3.46,346.5,5.6,559.98,2.37,236.97,5.05,505.08,8.37,837.45,9.89,988.74,5.12,511.92,13.72,1371.69,11.72,1172.25,4.66,465.75,14.61,1461.24,5.26,526.23,5.4,539.64,6.78,677.88,3.32,331.65,7.84,784.17,9.71,970.92,7.54,753.75,5.18,517.86,6.48,647.55,7.01,701.28,7.55,755.1,156.64,0.35,289.58,0.65,3,2,3
PO1000007541,2020,UNKNOWN,GRUTI LESTARI PRATAMA,GRUTI LESTARI PRATAMA,Not RSPO Certified,,3/31/23,0.51,99.27,"0.51375, 99.271329",IDN,Indonesia,Sumatera Utara,Mandailing Natal,1-Fully Verified,,101.8,10180.17,130.37,276.04,27603.81,0.96,96.03,1.05,105.3,1.2,119.7,1.49,148.68,1.41,141.3,2.31,230.58,1.87,187.11,3.45,344.97,2.68,267.57,1.02,101.61,1.96,195.66,1.13,113.13,3.59,358.65,3.35,334.53,3.32,331.83,2.97,297.27,3.2,320.13,4.2,420.39,2.92,292.14,1.48,147.69,3.96,395.55,2.45,244.8,51.95,0.51,49.86,0.49,4,3,4
PO1000007546,"2020,2021",SUPERVENTURE,KARYA INDORATA PERSADA,KARYA INDORATA PERSADA,Not RSPO Certified,,3/31/23,0.11,101.24,"0.113361, 101.2356",IDN,Indonesia,Riau,Kampar,1-Fully Verified,,210.71,21070.62,235.89,380.49,38049.21,1.4,139.5,5.49,549.27,0.66,65.52,1.08,108.27,8.14,814.41,25.93,2593.08,40.25,4024.98,17.75,1775.25,11.42,1141.56,17.76,1775.52,7.56,756.09,18.69,1868.85,5.59,559.44,3.7,370.35,3.68,368.19,4.97,496.53,7.12,711.63,2.92,292.5,1.61,160.65,2.51,251.28,4.99,498.87,2.69,268.65,195.9,0.93,14.8,0.07,3,5,2
PO1000007548,2020,MUSIM MAS,INDOMAKMUR SAWIT BERJAYA,INDOMAKMUR SAWIT BERJAYA,Not RSPO Certified,,3/31/23,0.93,100.35,"0.93491, 100.351975",IDN,Indonesia,Riau,Rokan Hulu,1-Fully Verified,,477.55,47754.9,588.91,1050.13,105012.9,5.34,534.15,7.31,731.25,3.26,325.71,8.15,814.86,14.39,1439.19,7.14,713.88,8.91,890.73,10.85,1085.4,26.36,2636.46,8.09,809.19,2.92,291.96,5.86,586.26,5.17,517.23,9.25,925.11,4.5,449.73,11.9,1189.98,12.9,1290.24,7.8,780.12,6.92,692.19,10.69,1068.57,13.21,1321.02,13.98,1397.97,204.91,0.43,272.64,0.57,4,3,4
PO1000007561,"2020,2021",CT AGRO,KUTAI AGRO LESTARI,KUTAI AGRO LESTARI,Not RSPO Certified,,3/31/23,-0.64,115.74,"-0.642833, 115.7388",IDN,Indonesia,Kalimantan Timur,Kutai Barat,1-Fully Verified,,2389.03,238902.66,2312.61,3202.95,320294.97,10.66,1065.96,20.36,2035.98,18,1799.64,18.6,1859.85,8.61,860.67,41.54,4153.5,22.79,2278.71,14.9,1490.13,47.39,4738.59,38.62,3862.17,28.64,2863.89,77.37,7736.76,66.83,6682.59,54.23,5422.77,100.93,10092.96,137.34,13733.55,45.59,4558.86,131.35,13135.14,113.2,11319.66,62.26,6226.47,27.67,2767.14,16.45,1644.93,1103.3,0.46,1285.73,0.54,3,3,3
PO1000007566,"2021,2020",UNKNOWN,KENCANA PERMATA NUSANTARA,KENCANA PERMATA NUSANTARA,Not RSPO Certified,,3/31/23,3.45,98.7,"3.45222, 98.698611",IDN,Indonesia,Sumatera Utara,Deli Serdang,1-Fully Verified,,303.47,30346.92,519.91,1263.61,126361.17,2.55,254.52,1.06,106.02,3.63,363.33,1.18,117.63,1.13,113.13,1.93,192.96,6.09,608.67,1.57,157.05,7.54,754.2,4.01,400.86,1.8,180,8.03,803.43,0.3,29.88,1.79,179.19,0.83,82.62,2.22,221.85,1.7,170.19,2.62,261.72,2.14,214.11,1.61,160.56,2.6,260.46,2.07,207.09,58.39,0.19,245.07,0.81,2,1,3
PO1000007567,"2020,2021",UNKNOWN,LANGGAK INTI LESTARI,LANGGAK INTI LESTARI,Not RSPO Certified,,3/31/23,0.63,100.59,"0.634917, 100.591778",IDN,Indonesia,Riau,Rokan Hulu,1-Fully Verified,,62.19,6218.55,68.51,92.13,9213.48,0.22,21.69,0.22,22.41,0.11,10.89,4.62,462.42,3.38,337.59,2.45,245.07,0.05,5.13,0.25,24.57,10.05,1005.48,0.55,55.35,0.51,51.48,2.78,278.46,2.36,236.43,9.71,971.37,0.12,12.15,0.51,51.03,0.54,54.27,0.32,32.4,2.19,218.88,4.59,459.09,0.17,16.56,0.41,41.4,46.14,0.74,16.04,0.26,2,4,2
PO1000007572,"2020,2021",UNKNOWN,RAJA MARGA,RAJA MARGA,Not RSPO Certified,,3/31/23,3.99,96.63,"3.98547, 96.627139",IDN,Indonesia,Aceh,Nagan Raya,1-Fully Verified,,113.83,11382.66,118.99,288.86,28886.4,0.76,75.78,0.75,74.61,1.67,167.31,0.62,61.83,0.45,44.64,0.76,75.51,1.53,153,0.44,44.19,2.84,283.86,3.69,369.36,2.33,232.92,0.86,85.95,1.64,164.34,3.36,336.15,1.77,176.67,1.5,149.67,2.79,279.09,4.98,497.52,1.99,199.26,1.47,146.61,2.13,212.94,1.82,182.07,40.13,0.35,73.69,0.65,3,2,3
PO1000007577,2020,UNKNOWN,RAUB MINING & DEVELOPMENT COMPANY SDN BHD,RAUB,Not RSPO Certified,,3/31/23,3.84,101.86,"3.84332, 101.85549",MYS,Malaysia,Pahang,Raub,1-Fully Verified,,1078.7,107869.68,1081.7,2184.98,218498.31,4.56,456.03,10.37,1036.89,1.93,192.78,2.72,271.8,9.22,921.78,9.14,914.04,11.07,1107,11.99,1198.98,21.24,2124.27,11.76,1175.76,2.87,286.74,13.06,1305.81,6.8,679.95,17.94,1794.33,8.53,853.02,30.31,3030.93,18.25,1824.75,16.92,1692.09,27,2699.55,8.77,877.05,13.58,1358.1,6.17,617.49,264.19,0.24,814.51,0.76,3,1,3
PO1000007579,2020,BELL GROUP,BELL-KSL SDN BHD,BELL-KSL,Not RSPO Certified,,3/31/23,2.47,101.99,"2.468325, 101.993762",MYS,Malaysia,Negeri Sembilan,Port Dickson,1-Fully Verified,,271.28,27128.16,369.06,527.22,52722.18,14.28,1428.21,5.9,590.4,3.48,348.39,4.29,429.3,15.32,1532.25,7.99,798.84,10.3,1029.96,6.74,674.28,9.53,953.46,5.14,514.44,9.94,994.14,11.05,1105.38,4.78,478.26,12.95,1294.83,9.97,997.2,16.92,1692.27,13.18,1317.96,11.98,1197.54,9.54,954,8.59,858.87,6.5,649.53,9.52,951.75,207.91,0.77,63.37,0.23,4,4,3
PO1000007582,"2020,2021,2018,2019",NBPOL,NEW BRITAIN PALM OIL,KUMBANGO,RSPO Certified,"RSPO Certified, IP",3/31/23,-5.59,150.21,"-5.591861, 150.2128",PNG,Papua New Guinea,West New Britain,Talasea,1-Fully Verified,,1023.11,102311.19,972.58,1948.36,194836.14,6.09,608.94,26.63,2662.56,6.01,600.93,23.03,2303.46,17.52,1751.58,18.19,1819.35,10.44,1044.45,12.18,1217.97,5.94,594.27,6.68,667.71,4.67,466.56,4.69,469.35,3.93,392.94,9.07,906.84,57.52,5752.44,13.65,1365.03,9.86,986.04,11.47,1147.32,3.5,350.01,3.47,346.59,2.83,282.69,11.01,1101.15,268.38,0.26,754.73,0.74,2,2,3
PO1000007585,"2021,2020",PTPN III,PERKEBUNAN NUSANTARA II,KWALA SAWIT,Not RSPO Certified,,3/31/23,3.69,98.15,"3.69194, 98.153056",IDN,Indonesia,Sumatera Utara,Langkat,1-Fully Verified,PADANG TUALANG UNIT - KWALA SAWIT MILL,726.6,72659.97,688.71,1362.11,136211.49,0.83,83.25,0.59,58.86,0.36,36.36,4.89,489.24,5.96,595.53,0.18,17.82,1.65,164.52,9.36,935.73,14.45,1444.77,1.69,169.47,30.09,3009.06,29.85,2984.67,3.88,387.63,4.05,404.55,1.28,127.8,3.12,311.76,1.07,106.74,4.63,462.6,1.95,194.85,1.55,155.07,4.6,460.08,5.31,531.45,131.32,0.18,595.28,0.82,2,1,3
PO1000007586,2020,PTPN III,PERKEBUNAN NUSANTARA XIII,KEBUN RIMBA BELIAN,Not RSPO Certified,,3/31/23,-0.03,110.45,"-0.02874, 110.454143",IDN,Indonesia,Kalimantan Barat,Sanggau,1-Fully Verified,,315.33,31533.3,394.06,558.88,55887.75,5.37,536.76,8.19,819.18,3.35,334.89,6.41,640.89,5.31,530.73,3.01,300.87,2.34,234.36,11.59,1159.29,12.65,1264.95,5.45,545.13,17.65,1765.44,5.97,596.88,11.35,1134.99,7.25,725.49,5.08,507.51,8.79,879.03,14.18,1418.13,18.17,1817.01,3.85,385.2,2.34,234.09,5.39,539.37,4.6,460.08,168.3,0.53,147.03,0.47,3,3,3
PO1000007587,"2020,2021",MULTI PRIMA ENTAKAI,PERMATA HIJAU SARANA,SERARAS,Not RSPO Certified,,3/31/23,0.04,111.03,"0.044667, 111.0251",IDN,Indonesia,Kalimantan Barat,Sekadau,1-Fully Verified,,433.53,43352.55,563.4,1114.99,111499.2,2.37,236.7,5.65,565.02,3.26,325.98,6.88,687.6,9.93,992.79,6.65,665.01,3.17,316.8,7.97,797.4,4.82,482.4,9.22,922.41,6.54,654.48,21.18,2117.97,9.23,922.86,10.17,1017.09,13.97,1397.07,21.34,2134.44,9.92,991.71,14.6,1460.07,5.88,587.7,8.66,866.25,5.83,582.93,11.29,1128.51,198.53,0.46,234.99,0.54,3,3,3
PO1000007589,"2021,2020",UNKNOWN,RIMBO PANJANG SUMBER MAKMUR,RIMBO PANJANG SUMBER MAKMUR,Not RSPO Certified,,3/31/23,-0.03,100,"-0.02709, 100.002981",IDN,Indonesia,Sumatera Barat,Pasaman Barat,1-Fully Verified,,11.25,1124.55,15.94,36.75,3674.97,0.09,8.73,0.06,6.12,0.19,19.08,0.1,9.9,0.37,37.26,0.2,20.16,0.29,28.8,0.2,19.62,0.48,48.42,0.1,9.72,0.16,15.93,0.06,6.12,0.05,4.59,0.04,4.23,0.03,2.52,0.06,5.58,0.03,2.7,0.1,9.99,0.06,6.48,0.07,6.84,0.09,9.27,0.17,17.37,2.99,0.27,8.25,0.73,3,2,3
PO1000007594,"2021,2020",UNKNOWN,SARI BUAH SAWIT,SARI BUAH SAWIT,Not RSPO Certified,,3/31/23,-0.05,99.88,"-0.049639, 99.883139",IDN,Indonesia,Sumatera Barat,Pasaman Barat,1-Fully Verified,,90.96,9096.39,160.76,370.54,37054.26,1.7,169.92,0.68,67.77,0.53,53.19,4.17,416.79,1.02,102.06,1.07,107.01,2,199.98,2.81,280.71,4.37,436.59,8.03,802.71,5.54,554.31,7.27,726.84,2.08,208.08,1.02,101.61,0.25,25.29,0.58,57.96,2.14,214.38,2.36,235.89,3.33,333.18,3.68,368.28,1.45,145.35,1.09,108.54,57.16,0.63,33.8,0.37,3,3,3
PO1000007595,2020,UNKNOWN,SEBANGA MULTI SAWIT,SEBANGA MULTI SAWIT,Not RSPO Certified,,3/31/23,1.26,101.29,"1.255978, 101.28869",IDN,Indonesia,Riau,Bengkalis,1-Fully Verified,,377.69,37768.86,506.89,922.17,92216.79,10.28,1027.71,17.77,1777.23,3.46,345.6,31.04,3104.01,12.46,1246.05,18.95,1895.04,12.23,1223.37,9.26,926.1,17.18,1718.1,19.3,1929.51,5.18,517.5,8.64,864.36,5.83,583.38,10.31,1031.22,0.86,85.77,4.61,461.25,3.81,381.33,4.36,436.5,4.31,431.19,3.25,325.35,2.35,235.35,4.19,419.13,209.65,0.56,168.04,0.44,3,3,3
PO1000007596,"2020,2021",ASTRA AGRO LESTARI,SARI LEMBAH SUBUR,SARI LEMBAH SUBUR 2,Not RSPO Certified,,3/31/23,0,102.2,"-0.002078, 102.196417",IDN,Indonesia,Riau,Pelalawan,1-Fully Verified,,72.09,7209.18,78.46,161.37,16137.45,1.31,131.31,1.41,141.48,0.03,2.97,1.76,176.49,1.78,178.38,0.1,10.44,0.31,30.6,2.57,257.13,0.29,28.71,2.44,243.99,0.62,62.19,2.11,211.5,1.63,163.26,2.2,219.69,0.15,14.58,4.15,414.9,3.2,320.04,4.88,487.53,11.88,1187.82,2.71,270.63,1.59,159.48,0.42,42.03,47.55,0.66,24.54,0.34,3,4,3
PO1000007599,2021,TSANI HUTANI ABADI (THA),KRUING LESTARI JAYA,SUNGAI PERAK,Not RSPO Certified,,3/31/23,-0.66,115.59,"-0.66144, 115.58972",IDN,Indonesia,Kalimantan Timur,Kutai Barat,1-Fully Verified,,1777.36,177736.23,1639.11,3321.63,332162.73,7.39,738.63,6.33,632.97,10.07,1007.28,18.83,1882.71,6.46,646.47,14.76,1476.45,10.33,1033.11,13.99,1398.6,13.42,1342.26,17.93,1793.34,26.17,2616.66,56.51,5651.37,45.3,4530.15,77.55,7754.85,56.47,5647.05,46.42,4642.47,22.24,2223.63,38.67,3866.58,27.45,2744.82,10.06,1006.02,8.06,805.68,4.94,494.19,539.35,0.3,1238.01,0.7,1,2,3
PO1000007601,2020,NG CHIN SIU & SONS GROUP,KILANG MINYAK KELAPA SAWIT LUM SDN BHD,LUM,Not RSPO Certified,,3/31/23,2.74,102.94,"2.74357, 102.938817",MYS,Malaysia,Pahang,Rompin,1-Fully Verified,,12.54,1253.88,11.88,10.57,1056.69,1.06,106.02,1.2,120.42,0,0,0,0,0.37,37.08,0,0,0.58,57.87,0.1,10.26,0.71,71.46,0.38,37.8,4.45,444.51,0.51,50.76,0.99,99.18,0.1,10.26,0.17,17.01,0.65,65.25,1.91,190.8,0.02,1.98,0,0,0,0,0,0.09,0,0,12.54,1,0,0,1,5,1
PO1000007602,"2020,2021",SINAR MAS,SAWITA KARYA MANUNGGUL,SAWITA,Not RSPO Certified,,3/31/23,-2.55,116.14,"-2.546639, 116.140667",IDN,Indonesia,Kalimantan Selatan,Kota Baru,1-Fully Verified,,468.47,46846.8,460.29,1035.78,103578.21,1.97,196.83,10.8,1080.18,3.72,372.15,10.86,1086.3,3.66,366.12,28.33,2833.29,14.24,1423.71,6,600.12,18.43,1843.29,2.16,215.73,8.4,839.79,7.17,717.3,9.33,933.3,13.44,1343.88,11.21,1120.95,29.23,2922.75,2.31,231.21,3.91,390.78,9.43,943.29,6.4,640.35,5.34,534.42,2.88,288.09,209.24,0.45,259.23,0.55,3,3,3
PO1000007604,"2021,2020",PTPN III,PERKEBUNAN NUSANTARA V,SUNGAI GALUH,RSPO Certified,"RSPO Certified, MB",3/31/23,0.55,101.23,"0.546917, 101.2291",IDN,Indonesia,Riau,Kampar,1-Fully Verified,,99.03,9902.97,120.91,176.8,17680.14,0.45,45.45,0.57,56.7,0.65,64.98,0.47,46.53,2.31,230.94,0.53,53.37,1.37,136.98,0.79,79.11,1.13,113.04,1.09,108.99,0.86,85.77,0.77,77.31,6.85,684.63,1.69,169.47,0.66,65.88,4.51,450.81,4.86,486.18,2.63,263.07,2.51,250.74,2.14,213.84,11.59,1158.93,6.34,634.5,54.77,0.55,44.26,0.45,5,3,5
PO1000007605,"2020,2021",PTPN III,PERKEBUNAN NUSANTARA V,SEI GARO,RSPO Certified,"RSPO Certified, MB",3/31/23,0.64,101.11,"0.644016, 101.1097",IDN,Indonesia,Riau,Kampar,1-Fully Verified,,99.63,9963.45,137.34,315.23,31523.4,0.5,49.5,0.63,62.64,0.39,39.06,0.71,70.92,0.42,42.12,0.36,35.91,0.11,11.07,0.05,4.77,0.49,49.14,0.28,27.72,0.15,15.3,0.28,28.17,0.29,29.07,0.54,54.36,0.39,39.06,3.82,382.41,3.81,381.42,11.03,1103.31,0.41,41.31,1.36,135.99,5.55,554.76,2.41,241.2,33.99,0.34,65.64,0.66,5,2,4
PO1000007612,2020,SERI ULU LANGAT PALM OIL MILL SDN BHD,SERI LANGAT PALM OIL MILL SDN BHD,SERI LANGAT,Not RSPO Certified,,3/31/23,2.86,101.51,"2.863792, 101.512812",MYS,Malaysia,Selangor,Kuala Langat,1-Fully Verified,,99.37,9937.17,131.21,202.91,20290.77,4.55,455.31,1.67,166.86,0.44,44.1,1.72,171.54,1.18,118.08,0.74,73.62,1.44,143.55,0.82,82.08,3.89,389.25,5.35,534.96,1.06,106.29,2.18,217.98,0.55,54.54,5.78,577.8,2.55,254.52,5.1,510.12,5.27,527.13,4.63,463.23,2.58,257.94,2.49,249.12,3.66,365.76,1.41,140.85,59.05,0.59,40.33,0.41,4,3,3
PO1000007619,2021,PTPN III,PERKEBUNAN NUSANTARA VI,AUR GADING,RSPO Certified,"RSPO Certified, MB",3/31/23,-1.86,103.02,"-1.8627, 103.0207",IDN,Indonesia,Jambi,Batang Hari,1-Fully Verified,,345.32,34532.28,383.81,908.08,90808.11,1.08,107.91,2.89,289.26,0.44,44.28,8.32,831.96,4.91,491.22,12.62,1261.8,25.31,2531.25,14.01,1401.03,14.43,1443.06,0,0,4.01,401.22,15.17,1516.77,3.97,396.81,8.65,864.54,5.34,534.33,17.87,1787.49,7.94,794.43,5.07,507.42,9.33,933.21,5.44,544.5,7.81,781.2,12.37,1237.32,187.01,0.54,158.31,0.46,4,3,3
PO1000007622,"2021,2020",TOBA BARA,PERKEBUNAN KALTIM UTAMA I,PERKEBUNAN KALTIM UTAMA I,Not RSPO Certified,,3/31/23,-0.73,117.19,"-0.728455, 117.185481",IDN,Indonesia,Kalimantan Timur,Kutai Kartanegara,1-Fully Verified,,1130.02,113001.84,1951.68,4724.8,472480.02,15.72,1572.48,18.64,1864.44,10.15,1014.84,18.26,1826.37,12.69,1268.64,7.82,782.1,19.31,1930.59,9.68,968.4,47.78,4777.65,11.48,1148.31,21.53,2152.62,89.23,8923.32,23.94,2394.27,38.97,3897.45,39.14,3913.56,70.12,7011.81,43.43,4342.95,39.57,3956.76,37.88,3788.19,33.35,3335.49,22.8,2279.7,20.23,2023.2,651.73,0.58,478.29,0.42,3,3,3
PO1000007626,"2021,2020",SINAR MAS,ADITUNGGAL MAHAJAYA,SAKO,Not RSPO Certified,,3/31/23,-2.04,112.24,"-2.0356, 112.2387",IDN,Indonesia,Kalimantan Tengah,Seruyan,1-Fully Verified,,138.65,13864.68,138.07,139.76,13976.01,0.72,72,0.98,97.65,0.37,36.63,2.64,263.79,8.52,852.39,14.33,1432.53,19.24,1924.38,26.95,2694.6,12.3,1230.3,8.21,820.89,8.15,814.68,5.92,592.11,4.36,436.23,2.76,276.03,0.82,81.63,1.15,115.11,0.25,24.75,0.16,16.11,0.12,12.33,0.23,22.68,0.65,64.98,0.78,77.76,119.6,0.86,19.05,0.14,2,5,1
PO1000007627,2021,ANGLO-EASTERN PLANTATION (AEP),SAWIT GRAHA MANUNGGAL,SAWIT GRAHA MANUNGGAL,Not RSPO Certified,,3/31/23,-2.07,115.07,"-2.07272, 115.06854",IDN,Indonesia,Kalimantan Tengah,Barito Timur,1-Fully Verified,,2801.01,280100.7,3150.69,6461.71,646171.29,18.51,1850.94,19.83,1982.79,27.41,2740.59,25.24,2523.96,21.24,2124,47.01,4700.97,80.04,8003.61,12.64,1263.51,67.89,6789.33,56.14,5613.75,46.67,4666.86,72.98,7297.83,32.1,3209.67,47.48,4747.95,91.1,9110.07,240.68,24068.25,31.96,3196.44,36.54,3654.45,44.05,4405.05,23.67,2367.09,19.41,1940.58,9.68,968.22,1072.26,0.38,1728.75,0.62,2,3,3
PO1000007628,"2021,2020",UNKNOWN,BINAKARYA ERAMANDIRI,MANGSANG,Not RSPO Certified,,3/31/23,-2.17,103.99,"-2.173, 103.987",IDN,Indonesia,Sumatera Selatan,Musi Banyuasin,1-Fully Verified,,97,9699.93,150.99,232.59,23258.52,3.55,355.32,10.75,1075.05,0.21,21.33,3.86,385.74,4.6,459.99,5.12,512.01,2.09,208.89,8.78,877.5,4.71,470.79,1.37,137.25,2.43,243,7.89,788.76,2.6,260.46,3.95,395.01,3.45,344.97,2.78,278.01,7.15,714.51,3.21,321.3,0.98,98.19,0.51,50.76,0.43,42.93,3.25,324.81,83.67,0.86,13.33,0.14,3,5,3
PO1000007629,"2020,2021",ADIMULIA,SURYA AGROLIKA REKSA,SURYA AGROLIKA REKSA 2,Not RSPO Certified,,3/31/23,-0.21,101.32,"-0.20561, 101.318944",IDN,Indonesia,Riau,Kuantan Singingi,1-Fully Verified,,1235.03,123502.77,1149.61,3095.13,309513.15,2.8,280.26,16.54,1653.93,3.17,316.62,28.55,2854.62,14.42,1442.43,12.57,1257.39,19.66,1965.96,25.19,2519.28,36.59,3658.86,26,2600.37,14.31,1431.45,19.52,1951.92,9.46,945.54,12.5,1250.46,11.48,1147.77,7.77,777.24,7.41,740.61,5.07,507.33,3.93,393.48,3.66,366.12,7.55,755.28,4.9,489.69,293.07,0.24,941.96,0.76,2,1,3
PO1000007638,"2021,2020",CHELLAM PLANTATIONS,KUTAI BALIAN NAULI,KUTAI BALIAN NAULI,Not RSPO Certified,,3/31/23,0.75,117.35,"0.75, 117.35",IDN,Indonesia,Kalimantan Timur,Kutai Timur,1-Fully Verified,,9.08,907.92,8.92,9.01,900.63,0.14,13.95,0,0.09,0,0.27,0.05,5.49,0.01,0.81,0,0,0.02,2.43,0,0,5.67,567.45,1.54,153.99,1.03,103.23,0.11,10.98,0.04,3.78,0.03,3.24,0.05,4.86,0.23,22.95,0.02,1.89,0.01,0.81,0,0.18,0.01,1.17,0,0,0,0,8.98,0.99,0.1,0.01,1,5,1
PO1000007641,"2020,2021",UNKNOWN,TASMA PUJA,BATANG CENAKU,Not RSPO Certified,,3/31/23,-0.81,102.19,"-0.814667, 102.19",IDN,Indonesia,Riau,Indragiri Hulu,1-Fully Verified,,1203.37,120336.84,1159.99,1920.77,192077.01,48.45,4845.33,16.91,1691.46,4.46,445.59,13.25,1324.71,26.71,2670.57,44.7,4469.94,31.52,3151.98,30.04,3004.38,144.37,14436.9,43.7,4370.49,31.31,3131.46,154.73,15473.34,75.76,7575.75,84.67,8467.11,74.39,7439.22,50.22,5022.09,40.54,4054.5,18.36,1836.36,24.18,2418.12,12.96,1295.64,10.49,1048.68,25.25,2525.49,1006.99,0.84,196.38,0.16,3,5,2
PO1000007642,"2021,2020",LYMAN AGRO,BONTI PERMAI JAYA,BONTI PERMAI JAYA,Not RSPO Certified,,3/31/23,0.21,111.55,"0.214933, 111.54985",IDN,Indonesia,Kalimantan Barat,Sintang,1-Fully Verified,,254.67,25467.03,384.05,646.32,64631.61,1.75,174.78,2.12,212.4,2.47,246.51,6.28,627.84,7.15,714.51,5.77,576.63,9.68,968.49,17.96,1795.86,14.13,1412.73,3.27,327.15,2.02,202.5,9.29,928.8,7.61,761.22,11.21,1121.31,10.4,1039.5,15.41,1540.62,11.13,1112.58,15.16,1515.51,5.95,594.99,8.02,801.81,3.59,359.37,4.63,462.6,174.98,0.69,79.69,0.31,3,4,3
PO1000007658,2021,EAGLE HIGH PLANTATIONS,ARRTU PLANTATION,KELAMPAI,Not RSPO Certified,,3/31/23,-1.93,110.49,"-1.93485, 110.49413",IDN,Indonesia,Kalimantan Barat,Ketapang,1-Fully Verified,,260.75,26074.89,351.32,558.63,55863,2.14,214.47,3.24,324.45,0.38,38.43,2.2,219.69,1.9,190.26,1.88,187.74,1.03,102.87,1.55,154.53,15.92,1591.56,3.71,370.89,9.52,952.29,21.24,2124.27,5.54,554.49,12.08,1208.16,5.98,598.5,6,600.03,10.55,1054.98,6.1,609.75,4.21,420.66,7.23,723.24,8.85,884.7,6.26,626.22,137.52,0.53,123.23,0.47,4,3,3
PO1000007660,"2021,2020",UNKNOWN,MULTI PERKASA SEJAHTERA,MULTI PERKASA SEJAHTERA,Not RSPO Certified,,3/31/23,0.36,109.97,"0.35656, 109.97425",IDN,Indonesia,Kalimantan Barat,Landak,1-Fully Verified,,337.18,33718.05,369,653.38,65338.2,3.42,342.45,6.48,648.36,1.66,165.6,5,500.4,6,600.12,5.88,588.06,3.11,311.31,8.37,837.36,18.01,1800.9,3.75,375.48,8.14,813.51,23.62,2362.23,9.15,915.03,14.3,1430.46,7.05,705.15,10.16,1015.74,9.86,986.4,6.66,666.18,4.76,476.28,3.75,374.58,8.41,841.5,7.77,777.42,175.35,0.52,161.84,0.48,4,3,3
PO1000007661,2020,UNKNOWN,MUSTIKA AGUNG SARANA SEJAHTERA,MUSTIKA AGUNG SARANA SEJAHTERA,Not RSPO Certified,,3/31/23,1.75,100.93,"1.75, 100.933333",IDN,Indonesia,Riau,Rokan Hilir,1-Fully Verified,,127.66,12765.51,180.48,421.47,42147.18,3.88,387.54,6.57,657,1.62,161.91,3.18,318.42,12.64,1263.87,22.04,2204.28,7.33,732.6,2.3,229.68,7.75,774.63,4.97,496.53,2.08,208.08,2.74,274.05,0.69,68.67,1.28,128.16,1.11,111.06,2,200.07,1.63,163.08,2.17,216.63,1.6,159.93,2.03,202.86,1.59,159.3,1.02,102.15,92.2,0.72,35.45,0.28,3,4,3
PO1000007662,"2020,2021",UNKNOWN,MUTIARA NUSA AGRO SEJAHTERA,MUTIARANUSA AGRO SEJAHTERA,Not RSPO Certified,,3/31/23,2.27,99.77,"2.26924, 99.767917",IDN,Indonesia,Sumatera Utara,Labuhanbatu Utara,1-Fully Verified,,139.15,13914.99,137.92,453.77,45376.83,1.46,146.34,2.39,238.68,3.58,358.38,4.43,442.71,4.3,429.57,4.25,425.16,0.8,80.28,0.42,42.21,5.59,558.72,1.06,106.11,1.2,119.61,3.58,358.11,1.64,163.89,2.2,219.96,0.8,80.1,2.22,221.67,3.79,378.72,3.65,365.4,1.42,142.29,1.68,168.48,3.8,380.43,1.05,105.39,55.32,0.4,83.83,0.6,3,3,3
PO1000007667,"2021,2020",UNKNOWN,OLEAGINOSAS SAN MARCOS LTDA,OLEAGINOSAS SAN MARCOS LTDA,RSPO Certified,"RSPO Certified, IP, MB",3/31/23,3.73,-73.34,"3.733154, -73.341972",COL,Colombia,Meta,San Carlos de Guaroa,2-High Confidence,,164.82,16481.97,479.48,1242.04,124203.87,1.11,111.42,1.17,117.36,1.61,160.83,1.79,178.83,1.76,176.31,3.94,394.47,5.46,546.39,2.26,226.08,1.68,167.67,2.18,217.62,0.96,96.39,1.56,156.42,0.9,89.82,0.55,54.72,0.18,18.45,1.75,175.32,3.48,348.03,1.54,153.63,1.14,114.39,3.35,334.53,3.94,394.11,2.68,268.02,45.01,0.27,119.81,0.73,3,2,4
PO1000007673,2020,MUSIM MAS,SARANA ESA CITA,SARANA ESA CITA,RSPO Certified,"RSPO Certified, MB",3/31/23,1.36,109.38,"1.358028, 109.383631",IDN,Indonesia,Kalimantan Barat,Sambas,1-Fully Verified,,1388.06,138806.19,1856.71,4104.8,410479.65,10.47,1047.42,12.25,1225.08,1.86,185.94,19.11,1911.33,16.62,1661.85,14.52,1452.33,13.65,1365.3,7.79,778.59,132.27,13227.48,24.59,2458.98,16.55,1655.28,35.03,3503.16,20.42,2042.19,131.01,13100.67,33.04,3303.9,31.95,3195.45,23.49,2349,14.34,1434.15,8.62,862.47,12.52,1252.26,13.95,1395.09,24.85,2485.17,618.93,0.45,769.13,0.55,3,3,3
PO1000007798,"2020,2021",LAM SOON (M) BERHAD,LAM SOON PLANTATIONS SDN BHD,DARA LAM SOON SDN.BHD,RSPO Certified,"RSPO Certified, IP",3/31/23,3.16,103.16,"3.1570167, 103.16363333",MYS,Malaysia,Pahang,Pekan,1-Fully Verified,,368.01,36800.64,355.71,520.09,52008.84,10.23,1023.03,10.58,1058.4,3.28,327.96,16.18,1618.2,16.09,1608.57,6.44,643.77,13.95,1395.09,8.53,852.93,10.48,1047.69,11.74,1173.69,6.47,646.74,9.36,935.91,3.29,328.59,8.64,863.91,7.18,717.84,9.09,909.45,10.95,1095.12,17.06,1706.31,11.87,1187.46,11,1100.16,15.76,1575.81,12.5,1250.37,230.67,0.63,137.34,0.37,5,3,4
PO1000008074,"2021,2020",PTPN III,PERKEBUNAN NUSANTARA V,SEI TAPUNG,RSPO Certified,"RSPO Certified, MB",3/31/23,0.6,100.62,"0.598976, 100.618965",IDN,Indonesia,Riau,Rokan Hulu,1-Fully Verified,,279.87,27987.21,302.95,865.57,86556.78,5.62,562.32,2.08,207.99,1.97,197.1,20.5,2049.93,23.22,2321.55,15.28,1527.75,15,1499.76,5.12,512.1,14.68,1468.44,6.7,669.51,5.77,576.9,22.88,2287.62,18.96,1895.67,6.62,662.22,2.14,213.93,3.36,335.52,4.4,440.01,2.46,245.52,12.2,1220.31,5.71,570.6,4.46,446.4,5.21,521.19,204.32,0.73,75.55,0.27,3,4,3
PO1000008128,"2021,2020",KENCANA AGRI,SAWIT KALTIM LESTARI,SAWIT KALTIM LESTARI,Not RSPO Certified,,3/31/23,-0.07,116.83,"-0.065995, 116.83066",IDN,Indonesia,Kalimantan Timur,Kutai Kartanegara,1-Fully Verified,,474.42,47441.52,712.3,1457.96,145795.86,1.99,198.9,1.79,178.56,0.98,98.01,1.52,151.74,1.03,103.14,31.91,3190.59,17.78,1777.59,7.32,732.24,9.6,960.21,10.18,1017.99,15.54,1554.12,9.39,939.24,2.39,238.59,8.63,863.28,6.53,652.59,22.44,2244.06,10.82,1082.43,5.88,588.42,3.37,337.14,2.49,248.67,4.64,464.13,5.83,583.2,182.05,0.38,292.37,0.62,3,3,3
PO1000008132,"2020,2021",CIPUTRA,CIPTAMAS BUMISELARAS,CIPTAMAS BUMISELARAS,Not RSPO Certified,,3/31/23,-4.87,103.53,"-4.866889, 103.534242",IDN,Indonesia,Bengkulu,Kaur,1-Fully Verified,,2835.38,283537.8,2952,6228.16,622816.11,17.61,1760.67,16.86,1686.24,11.84,1184.22,25.3,2529.72,18.48,1847.52,26.06,2606.22,11.03,1102.86,29.96,2995.56,27.91,2790.72,14.21,1421.19,20.95,2095.11,42.06,4205.61,13.71,1370.79,40.65,4065.48,47.57,4756.59,37.25,3724.56,32.98,3298.32,28.55,2855.25,25.26,2525.76,15.76,1576.35,10.95,1094.67,12.77,1277.28,527.71,0.19,2307.67,0.81,2,1,3
PO1000008135,2021,AMS-GANDA,PERKEBUNAN HASIL MUSI LESTARI,PERKEBUNAN HASIL MUSI LESTARI,Not RSPO Certified,,3/31/23,-3.25,103.24,"-3.254244, 103.237956",IDN,Indonesia,Sumatera Selatan,Musi Rawas,1-Fully Verified,,1327.04,132704.19,1503.62,2344.1,234409.95,26.94,2694.15,18.78,1877.58,7.13,712.71,53.22,5321.61,32.87,3287.25,53.9,5390.19,12.32,1232.1,56.73,5673.42,52.31,5231.16,36.9,3689.73,54.78,5477.58,106.97,10697.22,25.3,2530.44,39.37,3936.78,31.57,3157.47,67.67,6766.92,27.36,2736,30.1,3010.41,15.21,1521.18,25.77,2576.61,24.38,2437.56,39.96,3996.09,839.54,0.63,487.5,0.37,4,3,3
PO1000008137,2021,INDAH,SUN SAWIT,SUN SAWIT,Not RSPO Certified,,3/31/23,-3.17,104.89,"-3.168331, 104.891994",IDN,Indonesia,Sumatera Selatan,Ogan Komering Ilir,1-Fully Verified,,1469.33,146933.1,2155.97,2620.47,262047.15,6.64,664.11,16.05,1605.24,6.58,658.35,28.32,2832.3,13.8,1379.88,29.42,2942.28,56.78,5678.19,32.8,3280.32,95.22,9522.09,24.66,2466.36,28.57,2856.69,41.9,4190.13,14.58,1458.09,37.34,3734.01,38.06,3805.65,89.95,8994.69,31.7,3169.71,42.92,4292.46,81.07,8106.93,79.38,7937.55,16.23,1623.15,9.39,938.79,821.37,0.56,647.96,0.44,3,3,3
PO1000008138,2020,UNKNOWN,GANDA BUANINDO,GANDA BUANINDO,Not RSPO Certified,,3/31/23,0.01,101.24,"0.006217, 101.237517",IDN,Indonesia,Riau,Kampar,1-Fully Verified,,76.47,7647.21,109.2,185.44,18544.41,1.71,171.45,1.87,187.47,0.76,76.41,6.29,629.46,5.41,540.81,4.06,406.17,1.97,197.28,1.56,155.7,5.75,574.92,1.96,196.29,4.84,484.47,2.88,288.09,0.59,58.59,0.74,73.98,0.75,75.42,1.11,111.15,1.28,127.71,0.67,66.69,0.68,68.22,0.65,64.71,0.81,80.64,0.49,48.6,46.84,0.61,29.63,0.39,3,3,3
PO1000008141,"2020,2021",UNKNOWN,SAWIT MAS NUSANTARA,SAWIT MAS NUSANTARA,Not RSPO Certified,,3/31/23,0.16,101.72,"0.160211, 101.720728",IDN,Indonesia,Riau,Pelalawan,2-High Confidence,,136.5,13650.03,154.92,251.51,25150.86,4.86,486,6.37,637.02,0.51,51.48,11.32,1131.57,4.32,431.55,0.47,46.8,4.46,445.77,2.07,207.18,5.58,558,8.2,819.63,7.71,770.76,15,1499.85,7.29,728.82,10.51,1050.66,1.04,103.95,5.69,568.98,1.7,170.1,2.55,255.24,2.09,208.89,1.16,116.1,1.8,180.18,2.34,234.18,107.03,0.78,29.47,0.22,3,4,3
PO1000008145,2021,TIANJIN JULONG,PALMINA UTAMA,PALMINA UTAMA,Not RSPO Certified,,3/31/23,-3.05,114.87,"-3.054863, 114.871385",IDN,Indonesia,Kalimantan Selatan,Banjar,1-Fully Verified,,2.51,250.83,3.72,3.54,354.33,0,0,0,0.09,0.1,9.54,0.13,12.69,0.09,8.91,0.05,4.86,0,0,0,0,0.05,4.86,0.01,0.54,0,0,0.02,1.89,0,0.36,0.82,81.81,1.2,120.33,0.47,46.53,0.12,11.88,0.16,15.93,0.01,1.08,0,0.09,0,0,0.01,1.08,2.51,1,0,0,1,5,1
PO1000008148,"2020,2021",MULTI PRIMA ENTAKAI,SINTANG AGRO MANDIRI,SIMBA,Not RSPO Certified,,3/31/23,0.14,111.48,"0.14111, 111.485",IDN,Indonesia,Kalimantan Barat,Sintang,1-Fully Verified,,661.42,66141.54,811.99,2222.78,222278.04,8.1,809.55,9.46,945.99,5.13,512.73,5.67,567.36,7.51,750.6,10.53,1053.27,15.91,1590.66,49.6,4960.08,38.27,3827.43,21,2099.52,26.06,2605.5,35.39,3539.16,14.33,1432.71,13.81,1381.32,16.71,1670.67,28.51,2850.93,10.71,1070.55,13.14,1314.18,6.85,685.26,7.76,776.07,4.4,440.19,8.59,858.69,357.42,0.54,303.99,0.46,3,3,3
PO1000008151,"2021,2020",DUTA MARGA,BENUA LAWAS LESTARI,BENUA LAWAS LESTARI,Not RSPO Certified,,3/31/23,-3,115.96,"-2.998194, 115.956777",IDN,Indonesia,Kalimantan Selatan,Kota Baru,1-Fully Verified,,29.76,2976.3,33.91,62.11,6211.35,0.32,32.22,1.43,143.1,0.41,40.77,0.17,17.19,0.22,22.14,0.61,61.47,0.1,9.63,0.07,7.11,0.26,26.19,0.11,10.89,0.38,37.8,0.16,16.29,0.53,52.83,0.93,92.52,0.49,48.96,1.21,120.96,0.33,32.76,0.19,19.35,0.26,26.19,0.13,13.14,0.17,16.74,0.19,19.08,8.67,0.29,21.09,0.71,2,2,3
PO1000008152,"2020,2021",UNKNOWN,LINGGA TIGA SAWIT,LINGGA TIGA SAWIT,Not RSPO Certified,,3/31/23,2.01,99.88,"2.014435, 99.879679",IDN,Indonesia,Sumatera Utara,Labuhanbatu,1-Fully Verified,,1318.16,131816.07,1318.97,2776.76,277676.1,8.54,854.46,18.66,1866.33,5.25,525.15,17.45,1744.74,14.44,1444.41,17.14,1713.78,9.18,918,17.64,1763.82,19.06,1905.75,9.13,912.87,21.72,2172.24,13.93,1392.84,13.76,1376.01,22.78,2277.9,14.44,1443.69,25.43,2543.22,15.9,1589.67,16.5,1649.79,14.58,1458.09,19.58,1957.77,17.29,1728.81,14.84,1484.28,347.24,0.26,970.92,0.74,3,2,3
PO1000008153,"2021,2020",SYNTHESIS AGRO,FAJAR AGRO SEJAHTERA,CANTUNG,Not RSPO Certified,,3/31/23,-2.97,115.96,"-2.970028, 115.955028",IDN,Indonesia,Kalimantan Selatan,Kota Baru,1-Fully Verified,,73.86,7386.03,75.24,106.36,10636.29,0.35,35.46,0.46,46.17,0.28,27.72,0.58,57.51,0.27,26.55,0.71,71.46,0.24,24.39,0.28,27.99,1.1,109.53,0.42,42.03,1.72,171.9,1.16,116.46,0.86,86.22,5.69,568.89,2.42,242.19,4.47,447.12,0.47,47.07,0.75,75.06,0.87,87.48,0.22,22.05,0.47,46.71,0.37,36.99,24.17,0.33,49.69,0.67,2,2,3
PO1000008154,"2020,2021",SUMBER TANI HARAPAN (STH),ABDI BUDI MULIA,ABDI BUDI MULIA 2,Not RSPO Certified,,3/31/23,2.11,100.27,"2.11272, 100.27311",IDN,Indonesia,Sumatera Utara,Labuhanbatu Selatan,1-Fully Verified,,603.18,60318.09,718.98,1278.49,127849.41,8.65,865.35,27.5,2749.77,6.44,643.59,19.29,1928.97,99.65,9965.16,35.5,3549.69,35.53,3553.2,6.22,621.72,126.08,12607.74,67.21,6721.29,49.89,4988.52,59.69,5968.71,7.11,710.73,14.19,1419.3,2.69,268.83,6.24,624.33,6.58,657.63,8.7,870.21,3.83,383.49,6.18,617.76,12.31,1231.02,10.07,1007.46,603.18,1,0,0,3,5,1
PO1000008156,"2021,2020",J.A. WATTIE (JAWA),AGRI BUMI SENTOSA,AGRI BUMI SENTOSA,Not RSPO Certified,,3/31/23,-2.96,114.71,"-2.96285, 114.711301",IDN,Indonesia,Kalimantan Selatan,Barito Kuala,1-Fully Verified,,1296.78,129677.76,2742.21,5161.99,516198.69,7.79,779.22,8.1,810.45,15.34,1534.32,26.79,2679.3,12.24,1223.55,31.06,3105.99,18.18,1817.91,22.02,2201.67,53.84,5383.8,21.95,2194.74,32.21,3221.1,69.43,6942.69,23.46,2346.39,53.95,5395.23,77.06,7706.07,53.02,5301.54,14.75,1474.74,16.96,1696.41,27.96,2796.3,12.08,1207.62,9.79,978.57,14.13,1412.55,622.1,0.48,674.68,0.52,3,3,3
PO1000008159,2020,PTPN III,PERKEBUNAN NUSANTARA XIII,PARINDU,Not RSPO Certified,,3/31/23,0.25,110.3,"0.250556, 110.303889",IDN,Indonesia,Kalimantan Barat,Sanggau,1-Fully Verified,,264.9,26489.61,314.68,461.47,46146.51,3.6,360.09,6.88,687.6,0.65,64.89,5.29,529.29,4.01,401.4,2.31,231.21,0.85,84.96,9.3,929.52,9.44,944.37,1.98,198.45,8.88,888.48,4.48,448.38,3.66,366.3,7.33,732.96,5.44,543.78,15.07,1507.14,12.36,1236.06,5.07,506.7,6.75,674.64,5.66,565.56,6.07,606.69,5.88,588.42,130.97,0.49,133.93,0.51,3,3,3
PO1000008165,"2020,2021",UNKNOWN,PRIMA JAYA LESTARI UTAMA,PRIMA JAYA LESTARI UTAMA,Not RSPO Certified,,3/31/23,2.32,99.73,"2.323844, 99.73444",IDN,Indonesia,Sumatera Utara,Labuhanbatu Utara,1-Fully Verified,,147.21,14720.76,164.34,478.96,47895.84,1.32,131.85,2.25,224.82,2.92,292.14,5.95,595.26,5.45,544.59,0.96,96.48,2.19,219.42,1.93,192.51,2.71,270.63,4.66,466.2,4.37,436.59,0.92,91.89,0.45,45.36,1.24,123.66,1.29,128.61,3.57,356.58,0.9,90.36,1.98,198.09,1.53,153.27,2.32,231.75,2.01,200.88,2.85,284.58,53.76,0.37,93.45,0.63,3,3,3
PO1000008171,2020,INDAH,BANGUN TENERA RIAU,BANGUN TENERA RIAU,Not RSPO Certified,,3/31/23,0.29,101.42,"0.289167, 101.416944",IDN,Indonesia,Riau,Kampar,1-Fully Verified,,356,35600.49,407.33,811.73,81172.98,2.11,211.23,2.2,219.51,1.81,181.26,14.41,1441.44,21.78,2177.82,16.09,1609.02,19.52,1952.28,8.88,888.39,18.04,1804.32,19.33,1933.02,7.77,777.33,20.77,2077.38,8.42,842.4,5.57,556.74,8.42,842.04,13.38,1337.67,8.45,845.37,6.24,624.42,5.46,546.39,7.46,745.92,7.75,774.72,2.83,282.51,226.71,0.64,129.29,0.36,3,4,3
PO1000008178,2021,INDAH,BASTIAN OLAH SAWIT,BASTIAN OLAH SAWIT,Not RSPO Certified,,3/31/23,-2.35,103.91,"-2.35175, 103.914111",IDN,Indonesia,Sumatera Selatan,Musi Banyuasin,2-High Confidence,,492.66,49265.73,666.2,1187.49,118748.7,10.92,1091.61,8.74,873.63,4.67,466.56,25.7,2569.86,28.48,2847.51,50.89,5089.32,25.64,2564.1,47.96,4795.74,18.89,1889.28,5.74,574.2,7.72,771.93,33.14,3313.53,12.71,1270.62,15.38,1537.83,7.76,775.53,11.25,1124.64,7.33,732.96,24.82,2481.57,5.44,544.23,10.97,1097.37,8.12,812.25,16.43,1643.04,388.67,0.79,103.98,0.21,4,4,3
PO1000008180,2020,BUMITAMA GUNAJAYA AGRO (BGA),KARYA BAKTI AGRO SEJAHTERA,SUNGAI RASAU,Not RSPO Certified,,3/31/23,-2.28,110.5,"-2.283611, 110.503333",IDN,Indonesia,Kalimantan Barat,Ketapang,1-Fully Verified,KARYA BAKTI AGRO SEJAHTERA,188.1,18809.64,254.05,369.75,36974.61,0.9,89.82,3.77,377.37,1.22,122.22,1.48,148.41,0.68,68.22,7.71,771.39,17.1,1709.55,1.57,157.14,3.3,329.76,20.28,2027.7,32.63,3263.49,14.92,1491.93,5.03,503.19,14.71,1471.41,13.97,1397.16,6.13,613.35,9.9,990.36,5.04,503.91,4.04,404.01,0.93,92.79,0.7,70.02,1.4,140.22,167.43,0.89,20.66,0.11,2,5,1
PO1000008185,2021,UNKNOWN,TIMURJAYA INDOMAKMUR,KOROLA,Not RSPO Certified,,3/31/23,-2.08,121.02,"-2.084444, 121.023056",IDN,Indonesia,Sulawesi Tengah,Morowali,1-Fully Verified,,356.3,35630.19,361.94,525.64,52563.96,0.07,7.47,0.32,31.77,0.04,4.32,0.32,32.4,0.03,2.52,0.22,21.96,0.13,13.41,0.03,3.06,0.56,56.07,10.49,1048.59,6.68,668.07,2.06,206.01,1.65,164.61,6.81,681.12,0.58,58.32,0.29,28.8,0.28,27.81,0.7,70.2,0.51,51.39,0.3,30.15,0.39,39.33,0.2,20.16,32.68,0.09,323.63,0.91,1,1,3
PO1000008186,2020,AMS-GANDA,ASIATIC PERSADA,SEI KANDANG,Not RSPO Certified,,3/31/23,-2.04,103.35,"-2.042944, 103.345333",IDN,Indonesia,Jambi,Batang Hari,1-Fully Verified,,887.61,88760.7,897.22,1452.47,145247.13,4.72,471.78,9.3,930.15,3.7,370.44,14.07,1406.61,21.75,2174.76,39.21,3920.85,50.47,5046.84,37.07,3707.1,23.3,2329.74,7.06,705.6,28.49,2849.04,110.91,11090.52,10.98,1098,17.74,1774.26,13.51,1351.08,60.29,6029.01,11.21,1121.13,15.83,1583.1,10.16,1015.92,14.95,1495.17,11.49,1149.03,13.56,1355.94,529.76,0.6,357.85,0.4,3,3,3
PO1000008191,2020,SERI MORIB PALM OIL MILL SDN BHD,SERI MORIB PALM OIL MILL SDN BHD,SERI MORIB,Not RSPO Certified,,3/31/23,2.72,101.49,"2.721359, 101.491296",MYS,Malaysia,Selangor,Kuala Langat,1-Fully Verified,,141.86,14186.25,161.81,261.06,26106.3,1.12,111.87,4.05,405.27,0.86,86.49,1.93,192.6,4.6,460.08,3.23,322.92,2.65,265.05,2.06,206.01,4.25,425.16,4.23,422.82,1.26,126.09,1.5,150.12,1.08,107.73,9.4,940.41,4.2,420.48,7.45,745.2,4.72,471.6,3.49,349.2,2.96,296.37,2.04,204.3,3.3,329.85,1.77,177.48,72.17,0.51,69.69,0.49,3,3,3
PO1000008193,"2020,2021",TENERA LESTARI,ENSEM LESTARI,ENSEM LESTARI,Not RSPO Certified,,3/31/23,2.46,98.07,"2.456777, 98.06502",IDN,Indonesia,Aceh,Aceh Singkil,1-Fully Verified,,194.76,19476.09,200.57,406.44,40644.45,4.64,464.49,1.29,128.88,2.27,227.16,2.66,265.68,2.84,283.5,4.51,450.9,3.9,389.88,11.11,1111.23,11.07,1107.27,7.58,757.71,5.41,541.17,5.81,580.59,4.04,403.83,3.23,322.65,2.06,205.83,2.41,240.57,2.07,207,5.01,501.03,1.98,198,2.19,218.79,1.61,161.37,2.69,269.37,90.37,0.46,104.39,0.54,3,3,3
PO1000008195,2020,SERI ULU LANGAT PALM OIL MILL SDN BHD,SERI ULU LANGAT PALM OIL MILL SDN BHD,SERI ULU LANGAT,Not RSPO Certified,,3/31/23,2.85,101.65,"2.851693, 101.650118",MYS,Malaysia,Selangor,Sepang,1-Fully Verified,,586.42,58641.66,1017.57,2581,258100.2,9.18,918.18,10.62,1061.64,4.12,412.2,13.66,1366.11,10.33,1033.38,7.14,714.06,12.48,1247.67,8.73,873.09,22.93,2293.2,13.82,1382.4,6.87,686.61,9.21,920.7,6.19,618.57,35.58,3558.15,11.41,1140.75,16.33,1633.14,15.19,1518.84,11.52,1152.09,14.1,1409.85,8.81,880.74,13.08,1308.33,8.9,890.1,270.2,0.46,316.22,0.54,3,3,3
PO1000008199,2021,PTPN III,PERKEBUNAN NUSANTARA VI,BUNUT,RSPO Certified,"RSPO Certified, MB",3/31/23,-1.91,103.4,"-1.9109, 103.4034",IDN,Indonesia,Jambi,Muaro Jambi,1-Fully Verified,,87.34,8734.05,110.53,167.51,16750.98,0.42,42.39,0.76,76.32,0.14,13.68,1.8,179.64,2.29,228.6,0.56,55.62,3.08,308.43,1.41,141.39,1.24,124.02,0,0,0.13,13.23,1.84,183.69,3.33,333.36,7.87,786.78,4.85,484.74,5.74,573.75,0.79,78.84,2.1,210.33,0.23,23.04,0.44,43.92,2.15,215.46,1.23,122.94,42.4,0.49,44.94,0.51,3,3,3
PO1000008202,"2021,2020",MEWAH,ANGSO DUO SAWIT,ANGSO DUO SAWIT,Not RSPO Certified,,3/31/23,-1.78,103.49,"-1.782611, 103.494722",IDN,Indonesia,Jambi,Muaro Jambi,1-Fully Verified,,363.07,36306.54,382.98,535.76,53576.46,3.5,349.92,4.21,420.93,0.66,65.79,5.41,541.44,5.47,546.66,3.55,355.14,13.76,1376.28,12.79,1278.63,14.85,1485.18,0,0,0.46,45.63,11.32,1131.93,7.1,710.19,8.99,899.28,9.88,987.93,14.69,1469.43,15.96,1595.52,19.56,1955.97,10.35,1035.27,12.78,1277.91,22.03,2203.2,24.63,2462.76,221.95,0.61,141.12,0.39,5,3,4
PO1000008205,2020,FGV HOLDINGS BERHAD,FGV PALM INDUSTRIES SDN BHD,PASOH,Not RSPO Certified,,3/31/23,3.01,102.29,"3.014078, 102.286233",MYS,Malaysia,Negeri Sembilan,Jelebu,1-Fully Verified,,1206.65,120664.71,1214.47,1962.78,196277.76,17.08,1707.75,40.66,4066.2,3.99,399.15,12.15,1214.91,11.3,1130.04,8.43,843.12,7.24,723.51,8.71,871.38,15.87,1586.7,16.87,1687.05,17.04,1704.24,36.61,3660.75,18.54,1853.82,29.47,2946.78,16.17,1616.94,20.07,2006.82,23.47,2347.2,24.76,2476.35,16.57,1656.72,14.13,1412.73,14.08,1408.23,12.73,1273.41,385.94,0.32,820.71,0.68,3,2,3
PO1000008206,"2020,2021",UNKNOWN,SAWITA PASAMAN JAYA,SAWITA PASAMAN JAYA,Not RSPO Certified,,3/31/23,0.32,99.45,"0.324644, 99.452233",IDN,Indonesia,Sumatera Barat,Pasaman Barat,1-Fully Verified,,432.77,43277.49,422.32,797.02,79701.75,3.77,376.56,3.22,322.02,2.13,213.03,5.24,523.53,5.36,535.95,6.73,672.75,9,900.09,4.47,446.67,11.95,1194.93,2.92,292.41,11.81,1181.16,6.03,602.82,6.81,680.76,6.17,616.59,4.39,438.84,7.79,779.04,6.83,682.83,5.67,566.73,3.58,357.84,3,300.42,5.76,575.91,8.53,852.84,131.14,0.3,301.64,0.7,3,2,3
PO1000008215,"2021,2020",PANCA EKA,AGRO ABADI,AGRO ABADI,Not RSPO Certified,,3/31/23,0.35,101.48,"0.346002, 101.475229",IDN,Indonesia,Riau,Kampar,1-Fully Verified,,258.7,25869.51,315.53,459.51,45951.39,16.74,1673.55,15.04,1503.9,2.73,272.52,19.38,1937.97,16.72,1671.66,13.99,1399.32,12.73,1272.96,19.09,1909.26,9.96,995.58,14.93,1493.01,4.08,407.7,5.24,524.07,4.35,434.97,5.96,595.62,1.57,157.05,2.13,213.3,2.64,264.42,2.75,274.77,1.01,100.71,1.85,184.86,3.68,367.56,2.67,266.85,179.22,0.69,79.48,0.31,3,4,3
PO1000008216,"2020,2021",UNKNOWN,BUNGO LIMBUR,BUNGO LIMBUR,Not RSPO Certified,,3/31/23,-1.38,101.89,"-1.375067, 101.891894",IDN,Indonesia,Jambi,Bungo,2-High Confidence,,739.06,73905.66,820.56,1279.09,127908.63,3.65,365.04,3.63,362.52,6.9,690.21,14.18,1417.59,11.6,1160.28,31.93,3192.66,17.28,1728,10.59,1059.21,25.15,2515.05,8.96,895.95,12.35,1234.62,11.08,1107.81,5.94,593.64,9.31,931.05,7.76,775.53,8.96,895.77,11.63,1163.25,10.23,1023.21,13.16,1316.43,9.31,931.41,14.89,1488.6,22.21,2220.84,270.69,0.37,468.37,0.63,4,3,4
PO1000008217,"2021,2020",UNKNOWN,BUANA SAWIT INDAH,BUANA SAWIT INDAH,Not RSPO Certified,,3/31/23,3.14,99.51,"3.14258, 99.51103",IDN,Indonesia,Sumatera Utara,Batu Bara,1-Fully Verified,,28.64,2863.89,39.98,84.02,8401.95,1.1,109.53,0.41,40.68,0.02,1.8,0.61,61.47,0.07,7.02,0.31,31.14,0.18,17.55,0.03,3.33,1.9,190.17,1.47,146.88,0.04,3.6,0.29,28.71,3.19,319.23,4.92,491.76,0.07,6.66,0.45,44.73,0.02,2.16,0.55,54.63,0.6,60.39,0.5,49.86,0.15,14.76,0.2,19.71,17.06,0.6,11.58,0.4,2,3,3
PO1000008224,"2020,2021",UNKNOWN,GUNA SETIA PRATAMA,GUNA SETIA PRATAMA,Not RSPO Certified,,3/31/23,0.43,101.6,"0.428068, 101.596593",IDN,Indonesia,Riau,Pelalawan,1-Fully Verified,,4.15,415.08,4.52,7.05,704.79,0,0,0.03,2.52,0,0,0.15,14.76,0.05,4.86,0.01,0.63,0,0,0.01,0.72,0.02,1.8,0.11,10.8,0,0.36,0.02,1.62,0.11,10.71,0.06,5.85,0.06,5.67,0,0.18,0.24,23.58,0.48,47.97,0.04,4.41,0.25,25.11,0,0,0.45,44.91,2.06,0.5,2.09,0.5,5,3,5
PO1000008226,"2021,2020",UNKNOWN,MULTI GUNA LESTARI ABADI,MULTI GUNA LESTARI ABADI,Not RSPO Certified,,3/31/23,-0.96,102.75,"-0.959629, 102.748735",IDN,Indonesia,Riau,Indragiri Hilir,1-Fully Verified,,235.42,23541.93,225.34,402.21,40221.09,2.31,230.94,3.32,332.01,0.68,68.13,5.37,537.48,2.66,265.5,5.64,564.3,2.3,229.86,9.03,902.79,5.2,519.75,1.4,139.86,1.68,167.67,3.14,314.28,0.95,94.68,1.25,125.1,4.59,459.45,8.99,899.1,3.3,330.39,4.6,460.35,3.47,346.95,1.99,199.44,1.74,174.24,2.21,221.4,75.84,0.32,159.58,0.68,2,2,3
PO1000008227,2020,PTPN III,PERKEBUNAN NUSANTARA XIII,KEMBAYAN,Not RSPO Certified,,3/31/23,0.46,110.38,"0.46439, 110.37579",IDN,Indonesia,Kalimantan Barat,Sanggau,1-Fully Verified,,165.07,16506.72,214.34,433.63,43362.99,1.93,192.78,2.46,246.33,0.21,20.61,2.49,248.76,3.06,306.09,1.54,154.26,0.65,64.71,8.02,801.81,6.2,619.65,0.91,90.81,3.42,342.27,2.26,225.54,3.96,395.73,5.38,538.47,3.12,311.67,9.42,942.12,3.91,390.87,3.51,350.73,3.63,362.61,3.63,362.7,5.66,566.01,2.48,248.04,77.83,0.47,87.24,0.53,4,3,3
PO1000008228,"2020,2021",KALIMANTAN SAWIT KUSUMA (KSK),FAJAR SAUDARA LESTARI,FAJAR SAUDARA LESTARI,Not RSPO Certified,,3/31/23,-0.87,109.63,"-0.868056, 109.628056",IDN,Indonesia,Kalimantan Barat,Kubu Raya,1-Fully Verified,,1288.47,128847.24,1276.92,2194.4,219439.89,1.03,102.87,4.16,416.16,1.5,150.3,4.8,479.7,3.02,302.4,6.84,684,8.15,815.4,16.42,1641.87,18.98,1898.37,18.04,1804.32,29.04,2904.39,30.6,3059.82,12.62,1262.16,25.8,2579.76,41.78,4178.07,40.55,4055.22,5.85,584.73,5.02,501.57,14.33,1432.98,4.24,423.72,3.28,328.41,3.44,344.34,299.51,0.23,988.97,0.77,1,1,3
PO1000008230,2020,UNKNOWN,TAYAN BUKIT SAWIT,TAYAN BUKIT SAWIT,Not RSPO Certified,,3/31/23,0.54,110.42,"0.543489, 110.423819",IDN,Indonesia,Kalimantan Barat,Sanggau,1-Fully Verified,,1472.77,147277.08,1610.6,4246.96,424696.32,10.6,1060.38,16.63,1663.11,5.55,555.12,23.89,2389.32,20.8,2080.17,12.27,1226.61,8.72,872.46,35.97,3597.39,69.46,6945.66,22.63,2262.78,40.71,4071.42,23.91,2391.21,29.36,2936.25,42.65,4265.46,28.69,2869.38,59.06,5905.89,36.62,3661.92,24.61,2461.05,29.43,2942.91,14.83,1482.84,40.75,4075.02,22.79,2278.53,619.95,0.42,852.82,0.58,3,3,3
PO1000008231,"2020,2021",UNKNOWN,KHARISMA AGRO SEJAHTERA,KHARISMA AGRO SEJAHTERA,Not RSPO Certified,,3/31/23,-0.75,102.24,"-0.752306, 102.244639",IDN,Indonesia,Riau,Indragiri Hulu,1-Fully Verified,,725.35,72534.51,724.64,1481.62,148162.5,28.56,2855.7,10.88,1088.28,2.85,285.3,11.36,1135.71,15.38,1537.65,18.18,1818.18,15.45,1544.67,17.59,1758.51,33.35,3335.31,9.02,901.89,15.23,1523.34,31.35,3134.97,9.96,995.76,17.97,1796.67,17.86,1786.5,29.43,2942.55,14.48,1447.83,7.18,718.02,7.69,768.6,6.84,684.09,9.04,904.14,18.09,1808.55,347.72,0.48,377.62,0.52,3,3,3
PO1000008233,"2021,2020",UNKNOWN,NIAGA MAS GEMILANG,NIAGA MAS GEMILANG,Not RSPO Certified,,3/31/23,-0.59,116.82,"-0.592333, 116.8225",IDN,Indonesia,Kalimantan Timur,Kutai Kartanegara,1-Fully Verified,,8.67,866.7,10.09,9.71,970.74,0.01,0.63,0.03,2.79,0,0,0.04,4.14,0.05,4.95,0.01,0.72,0.07,7.47,0.06,5.94,0.12,11.7,0,0.18,0.39,39.42,0.29,28.71,0.72,71.55,5.06,506.34,1.48,148.14,0.76,76.5,0.15,14.94,0.1,9.54,0.01,0.72,0.02,2.25,0,0.36,0.02,2.25,8.67,1,0,0,1,5,1
PO1000008234,"2020,2021",SAGO NAULI,TRI BAHTERA SRIKANDI,PATILUBAN MUDIK,Not RSPO Certified,,3/31/23,0.57,99.2,"0.567528, 99.203306",IDN,Indonesia,Sumatera Utara,Mandailing Natal,1-Fully Verified,,81.89,8189.28,97.91,125.33,12533.31,5.35,534.51,7.54,754.02,2.08,207.9,11.13,1112.58,7.53,752.58,5.57,556.92,4.25,425.43,3.66,366.39,2.53,252.72,3.23,322.56,4.37,437.04,1.18,117.81,4.14,413.55,3.38,338.13,1.54,154.17,1.16,115.92,1.69,169.38,1.04,104.04,0.33,33.48,0.5,50.13,1.05,104.58,0.57,56.79,73.81,0.9,8.09,0.1,3,5,2
PO1000008239,"2021,2020",UNKNOWN,LEOMAS ANUGERAH BERSAUDARA,LEOMAS ANUGERAH BERSAUDARA,Not RSPO Certified,,3/31/23,3.41,98.73,"3.412431, 98.734644",IDN,Indonesia,Sumatera Utara,Deli Serdang,1-Fully Verified,,169.13,16913.43,199.54,780.38,78038.46,2.3,229.68,0.7,70.47,1.14,114.48,0.47,47.07,0.43,42.75,2.47,246.87,1.14,113.58,1.41,140.58,2.82,282.06,1.44,143.91,0.84,83.79,2.5,249.75,0.7,70.11,3.36,335.7,1.93,193.14,1.73,173.43,1.42,141.75,2.75,275.04,2.39,238.86,1.44,143.91,2.7,269.55,1.47,146.88,37.53,0.22,131.6,0.78,3,1,3
PO1000008246,2020,UNKNOWN,YAPUTRA ALFA PALMINDO,YAPUTRA ALFA PALMINDO,Not RSPO Certified,,3/31/23,3.72,98.2,"3.72105, 98.198962",IDN,Indonesia,Sumatera Utara,Langkat,1-Fully Verified,,41.12,4111.74,47.97,112.56,11256.12,0.12,12.33,0.04,3.96,0.01,1.26,1.22,122.13,0.13,13.41,0.15,14.58,0.17,17.37,0.2,19.98,0.06,6.12,0.05,5.4,0.77,76.77,1.29,129.15,0.27,27.09,1.29,129.15,0.3,29.52,0.28,28.44,1.55,155.25,0.6,59.76,2.04,204.48,0.59,59.49,0.78,78.03,2.16,215.73,14.09,0.34,27.02,0.66,5,2,4
PO1000008251,2020,FGV HOLDINGS BERHAD,FGV PALM INDUSTRIES SDN BHD,JENGKA 8,Not RSPO Certified,,3/31/23,3.82,102.51,"3.823056, 102.506944",MYS,Malaysia,Pahang,Maran,1-Fully Verified,,170.82,17082.27,231.86,503.54,50354.28,26.82,2682.09,9.79,978.57,2.13,213.39,1.78,177.84,4.27,426.6,1.11,110.61,0.35,34.74,0.92,91.53,2,200.43,1.45,144.99,1.01,101.16,1.42,142.02,3,300.15,4.02,402.3,4.31,431.1,5.72,571.59,7.79,778.95,4.83,482.76,2.57,256.68,3.09,308.52,1.1,110.25,1.19,118.62,90.65,0.53,80.17,0.47,2,3,3
PO1000008261,2020,UNKNOWN,SRI GANDA OIL MILL SDN BHD,SRI GANDA OIL MILL SDN BHD,Not RSPO Certified,,3/31/23,4.15,101.15,"4.15411, 101.14653",MYS,Malaysia,Perak,Batang Padang,1-Fully Verified,,245.32,24531.93,355.52,606.55,60654.96,2.25,225.09,11.86,1185.66,2.13,212.94,3.34,333.99,4.04,403.83,2.64,264.06,3.07,306.72,2.49,249.39,8.4,840.42,9.1,909.9,5.98,598.32,8.56,856.17,5.91,591.39,11.36,1135.53,3.42,342.18,8.19,819.27,7.87,787.05,6.88,688.32,4.74,473.94,4.51,451.35,7.66,765.99,3.82,382.41,128.24,0.52,117.08,0.48,3,3,3
PO1000008266,2020,UNKNOWN,TEGUH KARSA WANALESTARI,KANDIS,Not RSPO Certified,,3/31/23,0.9,101.38,"0.90045, 101.37966",IDN,Indonesia,Riau,Siak,1-Fully Verified,,1.95,195.48,3.04,3.17,316.62,0,0.27,0.02,2.34,0.01,0.54,0.33,32.67,0.19,19.35,0,0.27,0.16,16.38,0.02,2.43,0.07,7.02,0.05,4.77,0,0,0,0.27,0,0,0.01,0.72,0.04,4.41,0.01,0.99,0.02,1.53,0.25,25.02,0.42,42.48,0.05,4.59,0.12,12.15,0.19,18.54,1.95,1,0,0,5,5,3
PO1000008271,2021,FAIRCO,FAIRCO AGRO MANDIRI,KAUBUN,Not RSPO Certified,,3/31/23,0.97,117.79,"0.966702, 117.7919",IDN,Indonesia,Kalimantan Timur,Kutai Timur,1-Fully Verified,,601.91,60191.19,678.96,999.08,99908.1,5.26,526.14,5.4,539.55,2.87,287.19,11.78,1178.01,5.74,573.66,7.27,727.02,15.13,1512.54,5.6,560.43,25.24,2524.23,22.05,2205.27,20.54,2054.43,28.16,2816.28,11.85,1185.48,24.91,2491.02,16.64,1664.46,31.99,3199.5,16.95,1694.79,19.08,1907.82,11.65,1165.14,9.92,991.71,7.38,738.45,3.88,388.08,309.31,0.51,292.6,0.49,3,3,3
PO1000008273,"2021,2020",AEK NATIO,DIAN ANGGARA PERSADA,MUTIARA SAM-SAM KANDIS,Not RSPO Certified,,3/31/23,0.98,101.05,"0.979111, 101.045278",IDN,Indonesia,Riau,Siak,1-Fully Verified,,277.35,27735.12,298.55,338.43,33843.33,3.92,392.49,2.28,228.42,2.42,242.1,39.37,3936.6,36.9,3689.55,24.22,2421.99,26.25,2624.67,23.24,2323.53,37.58,3757.86,17.42,1742.31,3.74,373.5,13.25,1325.34,4,400.5,7.35,735.21,0.31,30.87,0.27,26.55,0.4,40.14,0.39,38.97,0.47,46.98,0.61,60.66,0.54,53.82,1.49,148.77,246.41,0.89,30.94,0.11,1,5,1
PO1000008278,"2020,2021",UNKNOWN,SEMUNAI SAWIT PERKASA,SEMUNAI SAWIT PERKASA,Not RSPO Certified,,3/31/23,1.16,101.28,"1.163592, 101.27829",IDN,Indonesia,Riau,Bengkalis,1-Fully Verified,,107.14,10713.51,162.44,425.08,42507.99,2.03,202.95,5.26,525.96,0.97,96.93,3.44,343.98,4.64,464.31,9.82,981.9,5.43,543.33,2.6,260.46,2.73,272.79,3.03,302.67,1.84,184.14,3.03,303.3,5.41,541.17,8.48,848.43,4.54,453.87,5.25,525.42,1.3,130.23,0.86,86.31,1.97,197.28,0.98,97.56,0.53,52.74,1,99.63,75.15,0.7,31.98,0.3,2,4,2
PO1000008279,2020,UNKNOWN,ARYA RAMA PRAKASA,ARYA RAMA PRAKASA,Not RSPO Certified,,3/31/23,1.22,100.38,"1.222161, 100.384187",IDN,Indonesia,Riau,Rokan Hulu,1-Fully Verified,,63.98,6398.19,142.98,267.18,26718.21,1.66,165.51,3.19,318.87,0.23,23.22,3.27,327.42,3.99,399.42,1.02,101.61,0.5,50.04,0.38,37.62,0.64,63.81,0.42,41.76,0.18,17.64,0.34,33.84,0.1,10.08,0.28,27.81,0.26,26.37,0.77,77.22,1.3,130.5,1.78,177.66,0.55,55.44,0.76,75.51,0.82,81.9,0.71,71.28,23.15,0.36,40.84,0.64,3,3,3
PO1000008287,"2020,2021",UNKNOWN,KARYA ABADI SAMA SEJATI,KARYA ABADI SAMA SEJATI,Not RSPO Certified,,3/31/23,1.48,100.6,"1.475833, 100.598806",IDN,Indonesia,Riau,Rokan Hilir,1-Fully Verified,,184.63,18463.41,241.48,443.73,44373.06,2.64,264.42,6.53,652.68,3.38,337.95,2.87,286.83,5.17,516.87,3.22,321.66,2.01,200.52,4.22,422.19,7.81,781.47,12.39,1239.3,3.79,379.17,16.23,1622.88,11.54,1154.16,4.3,430.29,5.72,571.68,10.33,1032.75,7.69,768.96,7.11,710.64,2.47,246.6,2.71,270.9,2.57,257.04,3.11,311.31,127.8,0.69,56.83,0.31,3,4,3
PO1000008291,"2021,2020",UNKNOWN,SUMBER SAWIT NUSANTARA,SUMBER SAWIT NUSANTARA,Not RSPO Certified,,3/31/23,1.55,99.96,"1.5501, 99.9559",IDN,Indonesia,Sumatera Utara,Padang Lawas Utara,1-Fully Verified,,128.44,12843.72,240.81,445.55,44555.49,1.73,172.53,1.36,135.54,0.21,20.52,2.29,228.51,1.31,130.68,3.78,378.36,0.69,68.76,1.27,127.08,4.9,490.23,1.86,186.3,5.61,561.24,1.07,107.46,1.52,151.92,3.24,323.91,3.76,375.93,1.36,135.99,5.06,506.43,6.44,643.77,9.21,920.7,7.25,725.13,7.62,761.67,2.5,249.84,74.03,0.58,54.41,0.42,5,3,4
PO1000008312,2020,KUMPULAN PERLADANGAN PKINK BHD,LADANG TAPIS SDN BHD (LTSB),KILANG SAWIT TAPIS,Not RSPO Certified,,3/31/23,5.51,101.94,"5.5075, 101.935778",MYS,Malaysia,Kelantan,Jeli,2-High Confidence,,3024.44,302444.28,2902.58,5158.6,515859.66,4.63,462.51,4.22,421.83,7.23,722.88,8.86,885.6,12.55,1255.14,19.88,1987.74,74.07,7407,16.7,1670.4,64.04,6403.5,46.19,4619.16,25.18,2518.2,38.77,3876.66,22.75,2275.29,36.48,3647.97,27.13,2713.14,31.11,3111.3,21.5,2149.92,29.66,2966.13,24.64,2464.38,18.74,1874.34,21.26,2125.89,20.51,2051.46,576.1,0.19,2448.34,0.81,2,1,3
PO1000008343,2021,GOZCO PLANTATIONS,SURYABUMI AGROLANGGENG,SURYA BUMI AGROLANGGENG,Not RSPO Certified,,3/31/23,-3.36,103.88,"-3.3609, 103.8837",IDN,Indonesia,Sumatera Selatan,Muara Enim,1-Fully Verified,,1427.68,142767.54,1597.53,2886.2,288620.1,54.03,5403.33,30.98,3098.43,13.58,1358.46,53.5,5350.32,36.72,3672.36,58.19,5818.68,44.05,4404.87,83.37,8336.88,75.83,7583.31,42.94,4293.9,39.15,3914.64,107.07,10706.85,40.79,4079.07,49.87,4987.26,31.69,3169.08,54.56,5455.89,36.57,3656.88,28.27,2827.08,18.32,1832.22,28.35,2834.64,20.2,2020.14,28.36,2835.63,976.4,0.68,451.28,0.32,3,4,3
PO1000008345,"2021,2020",UNKNOWN,KEDATON MULIA PRIMAS,KEDATON MULIA PRIMAS,Not RSPO Certified,,3/31/23,-1.91,103.01,"-1.907167, 103.0136",IDN,Indonesia,Jambi,Batang Hari,1-Fully Verified,,446.71,44670.87,496.45,1103.95,110395.17,2.51,251.46,4.22,422.1,0.71,70.92,3.87,387.27,3.95,395.28,7.97,796.59,13.97,1396.89,14.32,1432.35,15.84,1584.27,0.92,92.16,7.21,720.9,32.3,3229.56,7.95,794.88,10.03,1003.23,6.53,653.4,20.72,2072.07,10.74,1073.52,13.49,1348.92,17.52,1752.03,13.93,1393.47,10.53,1052.64,14.1,1409.76,233.34,0.52,213.37,0.48,4,3,3
PO1000008384,2020,KILANG MINYAK SAWIT MERU SDN BHD,KILANG MINYAK SAWIT MERU SDN BHD,MERU,Not RSPO Certified,,3/31/23,3.01,101.5,"3.009114, 101.496835",MYS,Malaysia,Selangor,Klang,1-Fully Verified,,383.02,38302.38,964.89,2831,283100.13,6.29,628.74,7.03,702.9,2.28,228.33,8.91,891.18,5.49,549,3.51,351.27,4.93,493.2,2.48,248.4,7.39,738.63,6.6,660.15,3.21,320.76,6.01,600.75,1.1,110.07,9.79,979.29,7.81,780.84,9.86,985.5,9.89,989.46,6.88,688.23,4.3,430.47,4,399.69,5.59,558.9,2.49,249.21,125.85,0.33,257.17,0.67,3,2,3
PO1000008385,"2020,2021",AGROPECUARIA SANTAMARIA S.A,AGROPECUARIA SANTA MARIA S.A.,PLANTA EXTRACTORA ACEITES CIMARRONES S.A.S ZFPEA,RSPO Certified,"RSPO Certified, MB",3/31/23,3.04,-73.11,"3.036639, -73.111456",COL,Colombia,Meta,Puerto Rico,1-Fully Verified,,3475.15,347514.84,6750.67,10226.7,1022670.27,41.85,4185,33.4,3340.26,10.34,1034.28,43.25,4325.31,22.48,2247.75,38.94,3894.39,23.12,2312.28,26.42,2642.4,38.85,3884.85,33.27,3327.3,25.53,2553.21,19.61,1960.83,25,2500.2,28.88,2887.83,18.66,1866.33,37.1,3710.16,68.31,6830.91,73.41,7341.21,54.27,5426.64,54.22,5422.5,41.92,4191.75,39.98,3998.43,798.84,0.23,2676.31,0.77,3,1,3
PO1000008386,"2021,2020",UNKNOWN,AGRO WIJAYA INDUSTRI,AGRO WIJAYA INDUSTRI,Not RSPO Certified,,3/31/23,-1.76,102.24,"-1.76147222, 102.244",IDN,Indonesia,Jambi,Merangin,1-Fully Verified,,108.34,10833.57,118.88,246.27,24627.42,2.95,295.38,1.59,158.76,0.04,4.23,2.1,210.42,0.57,56.7,1.44,143.73,1.37,136.98,0.21,20.61,2.29,229.32,2.23,222.75,1.46,145.62,2.12,212.49,0.95,94.95,1.47,147.15,2,199.71,4.04,404.01,5.93,593.46,4.83,483.21,5.2,520.38,6.27,627.21,8.41,840.69,6.93,693.18,64.41,0.59,43.93,0.41,5,3,5
PO1000008397,"2020,2021",MAKIN,PERSADA HARAPAN KAHURIPAN,RENGAS,Not RSPO Certified,,3/31/23,-1.6,102.72,"-1.595308, 102.720025",IDN,Indonesia,Jambi,Tebo,1-Fully Verified,,92.11,9211.14,98.06,163.5,16350.39,0.36,35.82,0.83,82.53,0.4,39.6,3.66,366.12,4.29,428.94,15.45,1545.03,13.27,1327.23,4.44,443.52,4.53,452.97,0.91,90.63,2,199.53,3.56,355.86,2.45,244.62,4.27,427.41,1.83,183.42,2.13,212.58,1.58,158.49,1.54,154.44,1.36,136.44,1.21,120.6,1.15,115.11,1.37,137.34,72.58,0.79,19.53,0.21,3,4,3
PO1000008400,"2021,2020",SOUTHERN ACIDS BERHAD,MUSTIKA AGRO SARI,MUSTIKA AGRO SARI,Not RSPO Certified,,3/31/23,-0.11,101.29,"-0.11333, 101.29334",IDN,Indonesia,Riau,Kuantan Singingi,1-Fully Verified,,5.07,506.52,13.22,15.45,1544.94,0.09,9.18,0.06,6.48,0.01,1.35,0.01,1.44,1.42,141.75,0.48,48.15,3.75,375.39,0.69,69.21,0.13,13.14,0.05,4.68,0.06,6.03,0.1,10.08,0.7,69.66,0.17,16.83,0,0,0.03,3.15,0.18,18.27,0.05,4.86,0.01,0.54,0,0.18,0,0,0,0.27,5.07,1,0,0,1,5,1
PO1000008411,"2020,2021",ORIENTAL HOLDINGS BERHAD,BUMI SAWIT SUKSES PRATAMA,BUMI SAWIT SUKSES PRATAMA,Not RSPO Certified,,3/31/23,-2.54,106.03,"-2.54389, 106.02932",IDN,Indonesia,Bangka Belitung,Bangka Selatan,1-Fully Verified,,627.67,62767.17,741.56,984.18,98417.61,6.11,610.92,7.62,761.94,4.65,465.12,9.64,963.54,11.07,1107.09,5.1,509.67,12.29,1228.95,11.64,1163.88,35.06,3505.86,30.85,3084.84,13.68,1368.36,17.02,1702.44,9.46,945.72,18.17,1816.83,23.47,2347.11,70.71,7070.94,22.71,2271.15,15.04,1504.35,16.21,1621.08,20.42,2041.92,25.05,2505.15,25.92,2591.73,411.89,0.66,215.79,0.34,5,4,3
PO1000008412,2020,UNKNOWN,CAKRA ALAM SEJATI,CAKRA ALAM SEJATI,Not RSPO Certified,,3/31/23,0.18,102.05,"0.1754722, 102.051417",IDN,Indonesia,Riau,Pelalawan,2-High Confidence,,148.16,14815.62,169.74,273.47,27347.04,10.6,1060.02,5.87,587.34,0.8,79.65,9.37,937.44,8.7,869.85,2.46,246.42,7.57,757.44,5.78,578.43,2.11,211.05,10.41,1040.67,9.76,976.05,2.2,219.51,4.02,402.21,7.03,703.17,1.39,139.05,6.56,655.92,4.55,455.31,5.21,521.1,6.52,652.32,3.72,372.33,4.56,456.3,5.29,529.38,124.51,0.84,23.65,0.16,4,5,3
PO1000008421,"2020,2021",PEPUTRA,PEPUTRA SUPRA JAYA,PEPUTRA SUPRA JAYA,Not RSPO Certified,,3/31/23,0.16,101.78,"0.1583, 101.7816",IDN,Indonesia,Riau,Pelalawan,2-High Confidence,,590.5,59049.81,677.26,723.11,72311.04,48.06,4806,8.72,871.74,5.38,537.84,43.56,4356.27,49.39,4939.29,5.31,531.45,27.16,2716.29,46.16,4615.92,23.46,2345.58,93.05,9305.37,85.49,8548.65,47.56,4755.78,23.11,2310.66,28.71,2870.91,7.11,711.18,25.53,2553.12,9.47,946.89,8.42,841.77,3.48,347.94,13.02,1302.12,4.41,441.18,4.95,494.91,590.5,1,0,0,2,5,1
PO1000008422,2021,ASTRA AGRO LESTARI,PERKEBUNAN LEMBAH BHAKTI,PERKEBUNAN LEMBAH BHAKTI 2,Not RSPO Certified,,3/31/23,2.56,97.95,"2.56063, 97.94867",IDN,Indonesia,Aceh,Aceh Singkil,1-Fully Verified,,1.16,116.37,1.06,2.25,224.55,0,0,0,0,0,0,0,0,0,0,0,0,0,0.09,0,0,0.12,12.06,0.03,2.61,0.06,5.85,0.26,26.01,0.32,32.31,0.02,2.34,0.05,4.77,0.02,2.16,0.01,0.72,0.07,7.2,0.01,0.9,0,0.36,0.02,2.43,0.13,12.6,1.12,0.97,0.04,0.03,5,5,3
PO1000008423,2021,UNKNOWN,CITRA SAWIT LESTARI,CITRA SAWIT LESTARI,Not RSPO Certified,,3/31/23,2.92,117.26,"2.92199, 117.26464",IDN,Indonesia,Kalimantan Timur,Bulungan,2-High Confidence,,3496.92,349692.48,3864.21,7935.4,793539.99,53.11,5310.54,56.06,5606.28,29.23,2922.84,50.9,5090.31,19.23,1922.67,43.19,4318.56,75.58,7557.66,51.51,5150.79,74.01,7401.42,50.17,5017.23,71.1,7110.18,62.4,6240.42,30.5,3049.92,47.7,4769.73,43.16,4315.5,63.8,6379.92,40.25,4024.53,40.1,4010.31,29.83,2983.05,35.29,3529.08,25.84,2583.99,15.06,1505.88,1008.01,0.29,2488.92,0.71,2,2,3
PO1000008425,2020,UNKNOWN,SRI INDRAPURA SAWIT LESTARI,SRI INDRAPURA SAWIT LESTARI,Not RSPO Certified,,3/31/23,0.46,101.74,"0.46424, 101.7365",IDN,Indonesia,Riau,Siak,2-High Confidence,,21.05,2105.01,33.08,52.05,5205.42,0.59,58.59,0.29,29.25,0.15,14.58,0.66,65.97,0.37,37.08,0.27,26.82,0.15,14.94,0.04,3.51,0.09,9.27,0.25,24.93,0.76,76.41,0.6,59.76,0.07,6.57,1.05,105.39,1.38,138.33,1.24,124.29,1.77,177.39,2.29,228.51,1.58,157.5,1.03,102.87,0.34,33.75,0.96,95.67,15.91,0.76,5.14,0.24,4,4,3
PO1000008429,"2020,2021",SINAR MAS,BAHANA KARYA SEMESTA,SUNGAI AIR JERNIH,Not RSPO Certified,,3/31/23,-2.09,102.8,"-2.086512, 102.801493",IDN,Indonesia,Jambi,Sarolangun,1-Fully Verified,,2267.21,226721.07,2317.39,3539.95,353995.2,25.46,2545.92,27.9,2790.18,15,1500.3,31.7,3169.62,24.34,2433.96,78.33,7832.79,51.63,5162.67,98.43,9842.85,52.48,5247.9,19.35,1935.27,22.34,2233.89,168.85,16885.26,48.1,4810.23,105.63,10562.67,67.68,6767.55,112.14,11213.64,70.36,7036.2,51.47,5146.56,60.06,6005.7,38.18,3818.34,24.53,2453.04,39.01,3901.14,1232.96,0.54,1034.25,0.46,3,3,3
PO1000008433,2020,NEGRI SEMBILAN OIL PALMS BOARD,TIMOR OIL PALM PLANTATION BHD,TIMOR / LADANG MARAN,Not RSPO Certified,,3/31/23,3.63,102.77,"3.634379, 102.76598",MYS,Malaysia,Pahang,Maran,1-Fully Verified,,287.69,28768.59,325.37,537.95,53795.25,4.09,408.78,4.12,412.47,3.22,322.38,5.84,584.01,3.8,380.43,7.15,715.05,6.11,611.28,5.12,512.28,4.02,402.48,8.38,838.35,2.74,273.69,10.98,1098.36,2.72,271.89,10.22,1021.59,9.4,940.14,10.98,1098.18,16.16,1615.5,17.4,1739.52,7.81,781.2,6.25,625.41,7.25,725.22,5.3,529.92,159.08,0.55,128.6,0.45,3,3,3
PO1000008435,"2020,2021",UNKNOWN,KARYA TEKNIK PLANTATION,KARYA TEKNIK PLANTATION,Not RSPO Certified,,3/31/23,-0.15,117.01,"-0.15434, 117.01007",IDN,Indonesia,Kalimantan Timur,Kutai Kartanegara,1-Fully Verified,,1587.37,158736.96,2071.73,5141.7,514169.64,5.7,569.52,14.3,1430.46,5.77,576.81,16.24,1624.05,43.47,4347.27,21.06,2106.27,82.47,8246.97,38.3,3829.5,87.3,8729.73,41.27,4126.59,41.63,4162.77,140.69,14068.98,50.43,5043.42,62.71,6271.47,61.45,6145.02,100.26,10025.55,65.11,6510.78,60.32,6031.62,25.2,2519.73,47.74,4774.41,21.74,2174.13,22.77,2276.64,1055.92,0.67,531.45,0.33,3,4,3
PO1000008529,"2021,2020",PTPN III,PERKEBUNAN NUSANTARA V,TANJUNG MEDANG,RSPO Certified,"RSPO Certified, MB",3/31/23,1.58,100.59,"1.584567, 100.589",IDN,Indonesia,Riau,Rokan Hilir,1-Fully Verified,,30.23,3023.19,32.22,57.78,5778.45,0.18,18.18,0.07,7.29,0,0.45,0.47,47.16,3.04,304.47,1.23,123.39,0.19,18.54,0.19,18.99,0.4,40.05,0.16,15.66,0.05,4.86,5.96,596.16,1.93,193.41,0.13,13.41,10.95,1095.03,2.88,288.45,0.45,45.36,0.68,67.77,0.06,5.67,0.01,0.72,0.01,1.35,0.02,1.62,29.08,0.96,1.15,0.04,1,5,1
PO1000008566,2020,DHARMA AGUNG WIJAYA (DAW),SASMITA BUMI WIJAYA,SASMITA BUMI WIJAYA,Not RSPO Certified,,3/31/23,0.3,110.3,"0.303139, 110.301222",IDN,Indonesia,Kalimantan Barat,Sanggau,1-Fully Verified,,82.43,8242.74,111.29,187.2,18720,0.78,78.12,0.98,97.83,0.3,30.15,2.63,262.62,1.57,157.41,0.84,84.42,1.07,106.56,7.19,719.1,4.97,496.98,0.81,80.73,3.11,310.95,1.86,185.85,1.19,118.62,2.51,251.37,1.7,170.46,3.75,375.21,2.34,233.64,2.18,217.8,1.46,145.71,1.1,109.71,3.32,331.56,3.97,397.17,49.62,0.6,32.81,0.4,5,3,4
PO1000008580,"2020,2021",AGRINA,AGRINA SAWIT PERDANA,AGRINA SAWIT PERDANA,Not RSPO Certified,,3/31/23,0.07,110.7,"0.069911, 110.696437",IDN,Indonesia,Kalimantan Barat,Sanggau,1-Fully Verified,,316.53,31653.45,388.24,611.19,61119.27,6.88,687.6,7.44,744.3,1.91,191.16,7.5,749.52,4.65,464.85,7.45,745.11,18.91,1890.54,20.1,2010.24,11.09,1109.25,4.48,448.2,9.81,981.09,9.63,963.09,7.44,744.3,10.69,1068.75,5.72,572.4,8.5,850.5,10.58,1058.49,5.57,557.1,6.65,664.83,2.91,290.61,7.26,726.3,7.42,741.87,182.6,0.58,133.93,0.42,3,3,3
PO1000008583,2021,UNKNOWN,BUMI DAYA AGROTAMAS,BUMI DAYA AGROTAMAS,Not RSPO Certified,,3/31/23,2.58,97.85,"2.583222, 97.854167",IDN,Indonesia,Aceh,Subulussalam,1-Fully Verified,,308.1,30809.52,314.34,406.73,40673.16,0.68,68.04,0.19,18.54,0.91,91.26,1.65,164.97,1.25,125.19,4.66,466.2,2.89,289.35,15.37,1536.84,22.89,2288.52,14.03,1402.92,13.76,1376.19,21.79,2179.26,5.73,573.21,10.23,1023.3,2.69,269.46,1.98,197.82,2.9,290.43,6.34,633.78,0.91,90.81,2.89,289.17,3.05,304.65,3.44,344.43,140.24,0.46,167.85,0.54,3,3,3
PO1000008584,"2021,2020",UNKNOWN,SYAUKATH AGRO,SYAUKATH AGRO,Not RSPO Certified,,3/31/23,4.58,95.7,"4.575389, 95.705",IDN,Indonesia,Aceh,Aceh Jaya,1-Fully Verified,,3.45,344.52,3.47,5.24,523.62,0,0.09,0,0.45,0,0,0.01,1.08,0.01,0.99,0,0,0,0,0.33,32.94,0.11,11.16,0.04,3.69,0.11,10.71,0.03,2.97,0.05,5.13,0.13,13.05,0.15,15.39,0.09,8.82,0.13,12.51,0.13,12.69,0.04,3.69,0.1,10.08,0.03,3.42,0.08,7.92,1.57,0.46,1.88,0.54,3,3,3
PO1000008589,2020,UNKNOWN,SUMBER SAWIT SEJAHTERA,SUMBER SAWIT SEJAHTERA,Not RSPO Certified,,3/31/23,0.25,101.98,"0.248611, 101.976667",IDN,Indonesia,Riau,Pelalawan,1-Fully Verified,,149.45,14945.22,176.6,349.29,34928.64,3.64,363.69,1.52,152.1,0.39,38.52,4.19,419.49,19.55,1955.34,3.73,373.32,14.12,1412.01,6.66,665.82,3.85,384.75,9.01,900.81,13.89,1388.88,16.7,1669.77,2.37,236.7,3.41,341.19,0.74,74.16,3.19,319.41,5.03,502.83,1.7,170.46,0.68,68.22,2.27,226.89,1.85,185.04,3.14,313.74,121.63,0.81,27.82,0.19,3,5,3
PO1000008596,2021,UNKNOWN,WAIMUSI AGRO INDAH,WAIMUSI AGRO INDAH,Not RSPO Certified,,3/31/23,-3.67,105.07,"-3.671662, 105.067917",IDN,Indonesia,Sumatera Selatan,Ogan Komering Ilir,1-Fully Verified,,39.27,3926.52,57.68,112.65,11265.3,0.82,81.9,0.51,51.03,0.43,42.66,1.55,155.07,0.15,14.58,0.1,9.9,1.29,129.33,0.71,71.37,1.69,168.66,0.13,13.32,1.85,185.49,3.23,322.65,0.42,42.48,0.68,68.13,0.06,5.94,0.15,15.48,2.27,227.07,1.97,197.28,1.53,152.82,0.88,88.38,3.97,396.99,11.55,1154.97,35.96,0.92,3.31,0.08,5,5,5
PO1000008607,"2021,2020",SRIWIJAYA PALM OIL,SELATAN AGRO MAKMUR LESTARI,SAML,Not RSPO Certified,,3/31/23,-2.69,105.22,"-2.690647, 105.219822",IDN,Indonesia,Sumatera Selatan,Ogan Komering Ilir,1-Fully Verified,,2239.93,223993.26,3239.25,3001.91,300190.68,1.39,138.96,33.22,3322.35,4.63,462.96,27.9,2790.09,39.88,3988.44,320.09,32008.59,365.82,36582.39,222.29,22228.92,101.78,10178.46,42.17,4217.49,32.56,3255.84,238.37,23836.95,55.61,5561.19,86.42,8641.53,169.78,16978.32,308.75,30875.49,65.46,6545.88,39.82,3982.14,42.85,4285.26,45.87,4587.39,55.92,5591.88,37.78,3777.75,2239.93,1,0,0,3,5,1
PO1000008611,"2020,2021",UNKNOWN,HUTAN ALAM LESTARI,HUTAN ALAM LESTARI,Not RSPO Certified,,3/31/23,-1.61,103.34,"-1.610917, 103.342417",IDN,Indonesia,Jambi,Batang Hari,1-Fully Verified,,394.14,39414.33,473.8,894.83,89483.04,2.61,260.91,5.44,543.78,0.93,92.61,10.43,1043.28,8.8,880.38,10.92,1091.52,20.3,2029.77,18.48,1848.33,19.23,1923.21,0,0,7.34,734.4,20.27,2026.89,3.62,362.07,9.79,978.66,11.39,1138.86,18.53,1852.56,12.09,1209.33,9.44,943.56,5.62,561.78,7.46,745.56,9.11,911.25,9.5,949.68,221.28,0.56,172.86,0.44,3,3,3
PO1000008613,2020,CANDI MAS,CANDI ARTHA,CANDI ARTHA,Not RSPO Certified,,3/31/23,-3.94,114.82,"-3.94174, 114.816068",IDN,Indonesia,Kalimantan Selatan,Tanah Laut,1-Fully Verified,,232.92,23292.09,811.18,1259.35,125935.47,1.69,169.11,7.98,797.58,2.75,274.95,5.77,576.54,2.29,229.14,12.71,1271.16,1.93,193.05,0.49,49.32,5.36,535.5,13.9,1389.87,8.01,800.82,20.74,2074.23,3.75,375.3,14.43,1442.7,11.16,1116.27,10.24,1024.11,5.14,514.44,5.56,555.57,8.58,857.88,3.51,351.09,5.75,574.65,3.77,376.65,155.5,0.67,77.42,0.33,3,4,3
PO1000008618,"2020,2021",UNKNOWN,PERSADA ALAM JAYA,PERSADA ALAM JAYA,Not RSPO Certified,,3/31/23,-1.04,102.89,"-1.043886, 102.887223",IDN,Indonesia,Jambi,Tanjung Jabung B,1-Fully Verified,,669.93,66992.85,728.94,2745.85,274585.14,31.13,3112.83,15.95,1594.53,14.4,1440,46.95,4695.03,18.4,1840.5,32.65,3265.2,35.31,3530.52,64.84,6484.5,40.66,4065.57,10.03,1002.69,5.75,574.83,41.72,4171.77,23.53,2352.6,22.82,2281.86,25.48,2547.9,29.74,2974.5,22.56,2256.12,11.08,1107.72,9.02,901.8,9.35,934.74,6.42,642.33,7.26,725.76,525.03,0.78,144.9,0.22,3,4,2
PO1000008641,"2021,2020",KUALA LUMPUR KEPONG (KLK),PT LANGKAT NUSANTARA KEPONG,TANJUNG KELILING PALM OIL MILL,RSPO Certified,"RSPO Certified, IP, MB",3/31/23,3.51,98.31,"3.511241, 98.305888",IDN,Indonesia,Sumatera Utara,Langkat,1-Fully Verified,FAJAR AGRO SAWIT,53.48,5348.25,58.66,110.62,11061.99,0.61,61.02,0.69,69.21,0.09,8.73,0.51,50.67,0.11,10.53,0.31,30.78,0.14,14.4,0.37,37.08,0.3,30.06,0.33,33.39,2.64,264.15,0.44,44.28,0.07,7.11,1.74,173.79,0.09,8.82,2.47,247.41,0.58,57.69,0.64,64.08,0.54,54.27,1.1,110.16,0.57,56.61,0.32,31.77,14.66,0.27,38.82,0.73,2,2,3
PO1000008656,2021,UNKNOWN,SENTOSA KALIMANTAN JAYA,SENTOSA KALIMANTAN JAYA,Not RSPO Certified,,3/31/23,2.34,118.06,"2.340188, 118.061892",IDN,Indonesia,Kalimantan Timur,Berau,1-Fully Verified,,1331,133100.46,1338.17,2935.94,293594.4,14.26,1426.5,10.25,1025.1,12.7,1269.54,13.71,1370.52,6.75,675.18,3.28,327.51,4.18,417.96,0.94,93.78,5.72,571.77,12.32,1232.46,32.45,3244.77,56.16,5616.36,14.04,1403.82,36.89,3688.74,48.27,4827.42,84.74,8474.13,28.42,2841.66,31.95,3194.82,15.61,1561.41,23.96,2395.53,33.76,3376.08,34.2,3419.82,524.55,0.39,806.46,0.61,4,3,4
PO1000008658,"2021,2020",SAMPOERNA AGRO,LANANG AGRO BERSATU,LANANG AGRO BERSATU,Not RSPO Certified,,3/31/23,-1.21,110.52,"-1.21353800, 110.52338",IDN,Indonesia,Kalimantan Barat,Ketapang,2-High Confidence,,2906.03,290603.25,2726.68,6166.62,616661.55,12.47,1247.04,9.47,946.98,3.62,361.62,19.04,1904.04,14.04,1404.27,12.61,1261.26,6.4,639.72,22.35,2235.15,45.06,4506.3,14.6,1460.07,30.38,3037.5,63.18,6318.27,49.71,4971.42,71.59,7159.32,65.62,6562.08,68.76,6876.36,29.61,2960.91,37.69,3769.02,44.08,4407.93,51.32,5132.07,23.1,2309.67,51.65,5164.65,746.36,0.26,2159.68,0.74,3,2,3
PO1000008811,2019,AGROPALMA,AGROPALMA,AMAPALMA,Not RSPO Certified,,3/31/23,-2.52,-48.8,"-2.524553, -48.797564",BRA,Brazil,Pará,Tailândia,1-Fully Verified,,1347.16,134715.78,1311.73,2277.31,227731.14,31.7,3169.89,16.22,1622.43,5.67,567.18,21.91,2190.69,23.8,2380.5,20.1,2009.97,22.86,2286,21.14,2113.83,19.18,1917.54,22.77,2276.55,16.46,1646.1,15.46,1545.66,32.68,3268.08,15.66,1566.27,10.55,1055.34,37.53,3752.55,50.67,5067,69.23,6922.71,22.36,2236.41,17.29,1729.26,13.36,1335.96,28.81,2881.26,535.41,0.4,811.75,0.6,3,3,3
PO1000009019,"2020,2021",TENERA LESTARI,ENSEM SAWITA,ENSEM SAWITA,Not RSPO Certified,,3/31/23,4.57,97.92,"4.566009, 97.9166",IDN,Indonesia,Aceh,Aceh Timur,1-Fully Verified,,197.75,19775.34,309.03,678.87,67886.73,0.49,48.69,1.08,107.55,0.65,65.07,1.3,129.51,0.79,78.57,0.54,53.73,0.89,89.37,1.69,169.29,5.35,535.32,7.39,739.26,4.03,403.29,5.63,563.22,3.95,395.19,4.48,447.66,4.99,499.41,10.07,1007.1,9.22,921.6,7.47,746.91,2.9,290.25,2.07,207.09,2.76,276.48,1.82,181.62,79.56,0.4,118.19,0.6,3,3,3
PO1000009020,"2021,2020",UNKNOWN,MULIA TANI JAYA,MULIA TANI JAYA,Not RSPO Certified,,3/31/23,3.87,98.35,"3.8665, 98.3549",IDN,Indonesia,Sumatera Utara,Langkat,1-Fully Verified,,20.72,2071.71,38.46,66.82,6682.14,0.06,6.39,0.36,36.36,0.32,32.4,0.04,4.14,0.04,3.51,0.15,15.3,0.06,5.58,0.01,1.08,0.77,77.22,0.39,39.33,0.11,10.8,0.35,34.83,0.51,50.85,0.43,42.57,0.12,12.24,0.98,97.92,0.51,50.94,0.58,58.41,1.07,107.01,0.13,12.69,0.25,24.84,1.36,135.81,8.6,0.42,12.11,0.58,5,3,4
PO1000009021,"2020,2021",AMARA PLANTATION,KHARISMA ALAM PERSADA,KHARISMA ALAM PERSADA,Not RSPO Certified,,3/31/23,-2.93,114.95,"-2.9288 , 114.9514",IDN,Indonesia,Kalimantan Selatan,Tapin,1-Fully Verified,,939.47,93947.49,1634.34,2755.78,275578.02,3.68,367.65,4.22,422.28,4.17,416.7,8.72,872.19,5.15,515.34,13.03,1303.47,13.22,1321.74,7.34,734.4,25.53,2553.12,6.62,662.22,13.51,1351.26,15.65,1565.19,7.23,723.42,33.52,3352.14,17.39,1738.98,17.03,1703.43,13.95,1394.82,16.62,1662.3,21.5,2149.65,6.92,691.65,10.34,1033.56,8.48,848.34,273.84,0.29,665.64,0.71,3,2,3
PO1000009068,"2021,2020",CARGILL,HINDOLI,TANJUNG DALAM,RSPO Certified,"RSPO Certified, MB",3/31/23,-2.55,103.94,"-2.549600, 103.944000",IDN,Indonesia,Sumatera Selatan,Musi Banyuasin,2-High Confidence,,203.54,20354.22,292.12,440.17,44017.02,9.51,951.39,6.52,651.51,2.83,283.14,7.56,755.55,4.02,401.67,6.56,656.01,3.58,358.47,7.99,799.11,4.46,445.86,2.64,263.88,3.06,306.18,10.7,1070.46,2.71,270.9,6.33,632.7,3.29,328.95,4.37,437.31,3.63,362.52,35.36,3535.74,20.76,2075.67,31.99,3199.23,3.15,315.45,4.1,410.4,185.12,0.91,18.42,0.09,3,5,2
PO1000009242,2021,"BRADEN GROUP, S.A.","BRADEN GROUP, S.A.",AGROINDUSTRIA PALMERA SAN ROMÁN S.A.,RSPO Certified,"RSPO Certified, IP",3/31/23,16.18,-90.42,"16.183143, -90.422729",GTM,Guatemala,Petén,Sayaxché,2-High Confidence,,256.63,25663.41,368.21,600.86,60085.71,5.33,532.98,10.96,1095.84,6.94,693.54,9.39,938.52,22.38,2237.67,11.72,1172.43,18.58,1857.69,25.19,2518.65,13.55,1355.13,14.36,1435.86,2.1,210.24,4.97,496.89,3.27,326.88,2.91,290.79,5.27,526.68,5.82,582.39,3.76,375.93,3.64,364.14,7.09,709.02,2.7,269.64,1.32,131.76,1.59,158.58,182.81,0.71,73.82,0.29,2,4,2
PO1000009356,"2021,2020",SINAR MAS,KRESNA DUTA AGROINDO,RANTAU PANJANG,Not RSPO Certified,,3/31/23,0.97,116.83,"0.97045, 116.828096",IDN,Indonesia,Kalimantan Timur,Kutai Timur,1-Fully Verified,,91.01,9100.98,114.98,128.74,12873.69,0.37,37.17,0.89,88.74,0.42,41.76,3.12,312.21,1.03,103.05,30.67,3066.75,19.79,1978.92,6.18,618.03,7.46,746.37,2.97,297.18,5.64,564.03,0.7,70.38,1,99.72,2.32,232.47,1.28,128.07,3,299.97,0.37,36.81,0.32,31.95,0.56,55.62,0.3,29.88,0.25,24.93,0.14,13.68,88.78,0.98,2.23,0.02,1,5,1
PO1000009358,2021,UNKNOWN,CIPTA FUTURA,CIPTA FUTURA,Not RSPO Certified,,3/31/23,-3.51,103.7,"-3.507414, 103.702225",IDN,Indonesia,Sumatera Selatan,Muara Enim,1-Fully Verified,,906.15,90615.06,1016.12,1452.81,145281.42,15.11,1510.74,23.85,2384.73,10.12,1011.69,40.44,4044.06,18.73,1873.35,35,3499.92,19.78,1977.66,64.75,6474.69,69.97,6997.32,53.04,5303.7,36.64,3663.81,130.86,13086.18,42.65,4265.19,55.1,5509.62,21.02,2101.77,47.31,4731.48,25.95,2595.15,30.65,3065.04,29.81,2980.89,21.88,2188.26,27.04,2703.69,21.84,2184.3,841.53,0.93,64.62,0.07,4,5,3
PO1000009559,2020,UNKNOWN,KURNIA BATANG HARI BERJAYA,KURNIA BATANG HARI BERJAYA,Not RSPO Certified,,3/31/23,-1.79,103.08,"-1.788731, 103.079706",IDN,Indonesia,Jambi,Batang Hari,1-Fully Verified,,397.34,39733.65,446.39,614.57,61457.22,0.37,36.81,2.38,237.69,1.26,126.18,6.8,679.68,8.4,840.42,13.24,1323.99,25.49,2548.62,13.46,1346.31,17.65,1764.99,0,0,7.28,727.83,11.05,1104.93,6.84,683.91,13.68,1368.36,9.76,976.32,24.76,2475.9,11.78,1177.92,10.85,1084.77,9.73,972.99,7.16,716.13,14.86,1485.72,15.29,1529.01,232.08,0.58,165.25,0.42,5,3,4
PO1000009561,"2020,2021",UNKNOWN,TEUPIN LADA,TEUPIN LADA,Not RSPO Certified,,3/31/23,5.05,97.57,"5.051111, 97.569722",IDN,Indonesia,Aceh,Aceh Timur,2-High Confidence,,194.11,19411.47,738.13,1862.1,186210.36,0.27,26.64,1.02,101.97,0.25,24.93,0.54,53.73,0.57,56.7,0.71,70.92,0.39,39.24,0.76,76.32,3.26,325.71,1.93,192.87,2.28,228.06,4.41,440.64,1.68,168.12,7.4,739.53,3.34,334.35,6.71,670.77,5.03,503.1,5.85,585.27,2.73,273.24,3.11,311.49,5.13,512.64,3.46,345.6,60.82,0.31,133.3,0.69,3,2,4
PO1000009566,"2021,2020",BUMITAMA GUNAJAYA AGRO (BGA),SENTOSA PRIMA AGRO,BUKIT BELABAN JAYA,Not RSPO Certified,,3/31/23,-1.75,110.49,"-1.7511, 110.491483",IDN,Indonesia,Kalimantan Barat,Ketapang,1-Fully Verified,,781.66,78165.99,993.98,1944.45,194445.18,3.57,356.76,9.36,936.27,2.62,262.26,8.14,813.78,4.25,425.25,5,499.95,3.27,326.61,7.08,708.21,16.89,1689.03,19.63,1963.17,35.79,3578.94,24.18,2417.76,15.86,1586.25,46.68,4667.76,44.96,4496.04,25.26,2525.58,53.47,5347.08,18.78,1877.94,14.66,1466.37,14.18,1417.77,10.25,1025.46,16.14,1613.88,400.02,0.51,381.64,0.49,3,3,3
PO1000009567,"2020,2021",UNKNOWN,SAWIT INTI PRIMA PERKASA,SAWIT INTI PRIMA PERKASA,Not RSPO Certified,,3/31/23,1.25,101.15,"1.254767, 101.153567",IDN,Indonesia,Riau,Bengkalis,1-Fully Verified,,407.84,40783.86,568.04,720.33,72033.03,3.08,307.8,5.53,553.23,3.3,329.67,5.98,597.51,22.59,2259,34.94,3494.34,20.91,2091.24,46.21,4621.05,37.87,3786.93,31.62,3162.33,14.14,1414.35,49.32,4932.36,19.62,1961.73,8.42,842.4,3.33,333.45,7.05,705.06,6.97,696.78,7.6,759.96,5.63,563.13,3.56,355.68,5.66,566.28,3.98,397.89,347.32,0.85,60.52,0.15,3,5,2
PO1000009568,2020,PERTUBUHAN PELADANG NEGERI PERAK (PPNP),PERTUBUHAN PELADANG NEGERI PERAK (PPNP),PERTUBUHAN PELADANG NEGERI PERAK (PPNP),Not RSPO Certified,,3/31/23,4.46,100.77,"4.458306, 100.770444",MYS,Malaysia,Perak,Manjung,1-Fully Verified,,410.57,41056.83,459.36,1025.95,102595.05,10.3,1029.51,6.28,627.75,4.87,486.72,14.09,1408.86,14.88,1487.7,3.61,360.72,4.14,414.18,8.25,825.39,11.56,1156.05,8.33,832.68,3.63,363.06,8.8,880.11,7.45,745.47,17.37,1737.27,7.27,727.2,14.14,1414.17,16.42,1642.5,14,1399.95,5.08,507.78,5.35,534.96,10.91,1090.8,7.96,796.23,204.69,0.5,205.88,0.5,3,3,3
PO1000009960,2021,SIPEF,SIPEFCI,BOLO,RSPO Certified,"RSPO Certified, IP",3/31/23,5.3,-6.04,"5.302021, -6.037097",CIV,Côte d'Ivoire,Bas-Sassandra,Gbôkle,1-Fully Verified,,2835.64,283563.9,5120.88,8409.07,840906.63,205.72,20571.93,111.02,11102.13,146.92,14692.5,85.55,8555.31,29.8,2980.44,68.78,6878.16,105.96,10596.33,29.94,2994.48,35.63,3563.46,56.01,5600.61,100.83,10083.15,11.48,1147.59,69.88,6988.14,121.64,12163.86,29.08,2907.99,50.43,5043.15,160.37,16037.37,62.02,6201.72,70.1,7009.56,71.93,7192.53,68.09,6808.59,50.66,5065.74,1741.85,0.61,1093.79,0.39,3,3,3
PO1000010010,2021,UNKNOWN,PRIMANUSA GLOBAL LESTARI,PRIMANUSA GLOBAL LESTARI,Not RSPO Certified,,3/31/23,-1.99,119.32,"-1.989722222, 119.3202222",IDN,Indonesia,Sulawesi Barat,Mamuju,2-High Confidence,,245.25,24525,246.39,455.48,45548.28,5.14,514.26,2.2,219.78,1.76,176.22,8.57,856.98,4.87,486.9,5.35,535.14,1.91,190.8,9.6,959.76,6.17,616.68,2.41,241.29,13.84,1383.84,7.18,718.02,6.67,666.99,7.11,711.09,7.15,715.5,5.32,532.17,2.99,298.89,2.28,228.15,1.99,198.72,2.03,203.49,9.74,974.43,5.35,535.05,119.64,0.49,125.61,0.51,4,3,4
PO1000010012,2021,UNKNOWN,BERKAT SAWIT SUKAMAJU,BERKAT SAWIT SUKAMAJU,Not RSPO Certified,,3/31/23,-2.67,104.08,"-2.674508, 104.07935",IDN,Indonesia,Sumatera Selatan,Musi Banyuasin,1-Fully Verified,,254.21,25421.22,350.94,630.2,63019.89,2.82,282.33,3.87,387.27,3.57,357.03,7.84,783.9,5.61,560.7,7.33,733.05,5.98,598.23,11.6,1160.46,8.99,899.46,5.69,569.25,4.23,422.64,21.81,2180.79,4.28,427.95,13.25,1324.62,14.66,1466.28,8.09,809.46,8.55,855,7.06,706.14,6.61,661.05,8.37,836.64,5.48,547.83,4.47,446.67,170.17,0.67,84.04,0.33,3,4,3
PO1000010013,2020,JAWA POS,DHARMASRAYA PALMA SEJAHTERA,DHARMASRAYA PALMA SEJAHTERA,Not RSPO Certified,,3/31/23,-1.65,102.93,"-1.648528, 102.925472",IDN,Indonesia,Jambi,Batang Hari,1-Fully Verified,,631.48,63148.23,660.35,1502.73,150272.82,1.94,193.77,5.44,544.41,5.58,557.55,10.62,1062,19.78,1977.57,37.13,3712.68,93.56,9356.04,51.04,5104.08,40.56,4056.48,5.51,550.53,10.28,1027.53,45.46,4545.72,23.33,2332.8,13.63,1362.87,7.55,755.01,46.1,4610.07,42.6,4260.42,12.71,1271.25,21.88,2187.54,10.69,1069.2,16.51,1651.41,13.34,1334.25,535.23,0.85,96.25,0.15,3,5,3
PO1000010015,"2020,2021",UNKNOWN,SURYA SUMBER SAWIT ABADI,SURYA SUMBER SAWIT ABADI,Not RSPO Certified,,3/31/23,-1.47,102.62,"-1.471122, 102.62099",IDN,Indonesia,Jambi,Tebo,1-Fully Verified,,764.05,76405.23,779.56,1406.66,140665.5,21.35,2134.8,13.53,1352.52,2.64,263.61,36.35,3634.92,12.97,1297.35,46.71,4670.55,44.36,4435.65,66.1,6610.23,66.67,6667.11,12.34,1234.44,13.48,1347.93,74.56,7456.14,20.27,2026.89,16.94,1693.8,8.8,880.11,18.4,1839.96,12.95,1294.56,8.54,853.65,6.4,639.99,4.54,454.5,6.46,646.11,7.2,720.18,521.55,0.68,242.5,0.32,3,4,3
PO1000010016,2020,UNKNOWN,PALMA GEMILANG KENCANA,PALMA GEMILANG KENCANA,Not RSPO Certified,,3/31/23,-1.3,103.49,"-1.29917637, 103.486580",IDN,Indonesia,Jambi,Tanjung Jabung T,1-Fully Verified,,1149.77,114976.8,1286.03,1889.01,188900.91,23.62,2361.87,37.96,3796.11,19.02,1901.52,51.3,5130.36,36.61,3661.47,65.2,6520.14,76.27,7626.87,115.71,11570.67,64.6,6460.38,20.14,2014.11,4.06,406.35,70.89,7088.67,23.12,2312.19,30.07,3006.72,14.81,1481.31,72.93,7293.24,33.97,3396.69,18.63,1863.36,18.94,1893.69,15.12,1511.82,16.48,1647.54,8.79,879.21,838.24,0.73,311.53,0.27,3,4,3
PO1000010028,2020,UNKNOWN,BALAM SAWIT SEJAHTERA,BALAM SAWIT SEJAHTERA,Not RSPO Certified,,3/31/23,1.7,100.68,"1.697444444, 100.684667",IDN,Indonesia,Riau,Rokan Hilir,1-Fully Verified,,55.71,5571.45,74.69,180.75,18075.06,0.45,44.91,0.36,36,0.08,8.37,0.42,42.39,1.33,133.2,1.73,172.8,0.39,38.52,0.33,33.48,2.41,240.75,1.25,124.74,0.62,61.65,0.63,63.09,0.38,38.43,0.51,51.12,0.52,51.84,1.95,195.03,1.73,172.62,1.83,183.06,2.6,260.46,1.82,181.53,1.8,179.73,0.98,97.92,24.12,0.43,31.6,0.57,4,3,4
PO1000010042,2021,UNKNOWN,SELATAN AGUNG SEJAHTERA,SELATAN AGUNG SEJAHTERA,Not RSPO Certified,,3/31/23,-3.17,103.11,"-3.168996, 103.10575",IDN,Indonesia,Sumatera Selatan,Musi Rawas,1-Fully Verified,,1711.24,171123.66,1929.74,6163.12,616312.17,26.1,2609.91,13.58,1357.74,0.82,82.35,27.16,2716.11,9.39,938.52,31.06,3105.81,6.88,687.69,46.44,4644.45,25.96,2596.14,24.65,2465.19,17.73,1772.73,55.61,5561.37,21.92,2192.04,37.61,3760.65,28.91,2891.34,62.28,6228.18,46.55,4654.89,60.6,6060.24,37.07,3707.46,35.2,3520.26,21.01,2100.69,39.34,3934.35,675.88,0.39,1035.36,0.61,3,3,3
PO1000010052,"2021,2020",UNKNOWN,PRIMA MAS LESTARI,PRIMA MAS LESTARI,Not RSPO Certified,,3/31/23,-1.71,102.16,"-1.707144, 102.160727",IDN,Indonesia,Jambi,Bungo,1-Fully Verified,,67.03,6703.02,91.08,156.27,15626.88,1.14,114.21,2.37,236.61,0.2,19.8,2.81,281.16,0.6,60.48,1.25,124.56,1.52,152.28,0.17,17.37,0.94,93.69,0.4,39.6,1.39,138.78,1.17,117.45,1.06,105.57,2.31,230.67,1.25,125.28,2.46,245.97,3.74,374.04,2.53,253.17,2.42,242.19,1.69,169.02,3.94,393.75,3.18,317.97,38.54,0.57,28.49,0.43,5,3,4
PO1000010064,"2020,2021",PARASAWITA,PARASAWITA,PARASAWITA,Not RSPO Certified,,3/31/23,4.36,98.15,"4.355038, 98.152376",IDN,Indonesia,Aceh,Aceh Tamiang,1-Fully Verified,,98.05,9805.23,206.59,372.05,37204.74,0.45,44.91,0.33,33.48,0.05,5.13,0.43,42.75,0.46,46.26,2.28,228.33,0.95,94.77,0.43,42.57,1.5,149.67,0.35,35.19,2.69,268.65,2.19,218.97,2.83,282.78,3.24,323.55,2.27,226.62,3.29,329.04,2.49,249.3,3.05,304.83,2.87,287.1,2.88,287.73,2.85,284.58,1.46,145.53,39.32,0.4,58.73,0.6,3,3,3
PO1000010065,2020,SUMBER TANI AGUNG,KARYA AGUNG SAWITA,PAPASO,Not RSPO Certified,,3/31/23,0.9,100.11,"0.896, 100.108222",IDN,Indonesia,Sumatera Utara,Padang Lawas,2-High Confidence,,501.21,50120.55,506.87,1045.87,104586.84,2.97,296.55,9.43,942.57,2.18,217.89,7.85,785.34,8.97,897.39,6.95,694.62,11.67,1167.21,8.3,829.89,9.35,934.65,5.11,510.66,6.71,671.04,4.7,469.62,3.13,312.57,5.82,581.58,3.42,342.36,9.64,964.08,8.66,865.98,3.55,354.6,1.94,194.4,17.46,1745.55,10.59,1059.48,9.02,901.71,157.4,0.31,343.81,0.69,3,2,4
PO1000010075,2021,SIN TEK HUAT,GLOBALINDO AGRO LESTARI,GLOBALINDO AGRO LESTARI,Not RSPO Certified,,3/31/23,-6.63,105.63,"-6.628, 105.625250",IDN,Indonesia,Banten,Pandeglang,1-Fully Verified,,1215.76,121575.69,1494.3,5438.37,543836.88,4.25,424.98,8.33,833.4,0.37,36.54,5.06,505.98,0.77,77.13,8.02,801.63,2.38,237.6,5.06,505.98,10.64,1063.53,3.18,317.61,9.17,916.92,6.23,622.98,5.67,567.27,8.27,827.19,13.8,1380.33,3.65,365.31,8.53,852.66,14.19,1419.39,30.55,3054.6,4.91,490.86,3.41,341.01,2.01,200.61,158.44,0.13,1057.32,0.87,1,1,3
PO1000010249,"2021,2020",SINAR MAS,KRESNA DUTA AGROINDO,GUNUNG KOMBENG,Not RSPO Certified,,3/31/23,1.11,117.02,"1.112055, 117.02188",IDN,Indonesia,Kalimantan Timur,Kutai Timur,1-Fully Verified,,134.07,13407.39,230.25,714.26,71426.43,2.84,283.5,3.45,345.42,0.97,97.02,2.15,215.28,0.87,87.21,2,200.16,1.88,187.83,3.34,333.99,9.71,971.37,6.39,639.36,3.37,336.51,2.27,227.34,3.87,387.36,10.47,1046.97,8.61,861.21,14.53,1453.32,3.13,313.47,3.27,326.7,2.5,249.84,1.64,164.25,1.72,171.63,1.55,155.43,90.55,0.68,43.52,0.32,3,4,3
PO1000010257,"2020,2021",ADIMULIA,ADIMULIA PALMO LESTARI,ADIMULIA PALMO LESTARI,Not RSPO Certified,,3/31/23,-1.71,102.78,"-1.706087, 102.782404",IDN,Indonesia,Jambi,Batang Hari,1-Fully Verified,,152.4,15240.24,145.95,112.12,11212.02,0.37,36.63,1.83,182.79,1.14,114.48,1.74,174.42,2.41,241.38,2.78,277.56,4.38,437.76,8.59,859.14,7.25,725.04,5.11,511.38,1.72,171.63,9.94,993.6,5.97,596.79,5.61,560.7,8.1,810.36,15.13,1512.9,6.06,606.42,3.61,361.26,2.92,292.14,2.04,204.48,1.48,147.96,2.04,204.12,100.23,0.66,52.17,0.34,3,4,3
PO1000010258,2021,BUANA SRIWIJAYA SEJAHTERA (BSS),SRI ANDAL LESTARI,SRI ANDAL LESTARI,Not RSPO Certified,,3/31/23,-2.79,104.36,"-2.785727, 104.362489",IDN,Indonesia,Sumatera Selatan,Banyu Asin,1-Fully Verified,,152.37,15236.82,190.8,231.89,23188.59,0.8,80.01,1.1,110.25,1.5,150.03,1.95,195.12,0.81,81.27,2.01,201.33,2.24,223.56,1.77,176.76,2.22,221.76,0.97,97.47,1.97,196.92,30.03,3002.67,9.52,952.47,20.23,2023.47,31.43,3142.89,16.78,1678.14,4.55,454.86,2.98,298.08,6.98,697.68,3.55,354.96,4.29,428.67,4.11,411.12,151.79,1,0.57,0,4,5,2
PO1000010262,"2021,2020",TENERA LESTARI,ENSEM LESTARI,PKS NAGAN RAYA,Not RSPO Certified,,3/31/23,4.03,96.48,"4.03408462, 96.4750225",IDN,Indonesia,Aceh,Nagan Raya,1-Fully Verified,,91.68,9168.3,121.86,374.32,37431.63,3.7,369.9,0.68,68.4,0.73,73.17,1.11,110.52,1.65,164.79,1.46,146.07,2.24,224.19,1.33,133.47,10.98,1098.36,5.11,511.29,9.18,918,3.4,340.02,5.24,523.89,3.93,393.48,1.36,135.72,3.31,331.29,4.71,470.97,1.68,168.21,0.74,73.89,1.32,132.12,2.55,254.7,1.14,114.12,67.57,0.74,24.12,0.26,3,4,3
PO1000010713,2021,UNKNOWN,MUSIM MAS HOLDINGS PTE LTD,GLOBALINDO ALAM PERKASA PALM OIL MILL,RSPO Certified,"RSPO Certified, IP",3/31/23,-2.67,112.77,"-2.667978, 112.772158",IDN,Indonesia,Kalimantan Tengah,Kotawaringin Timur,2-High Confidence,,81.8,8180.28,89.87,100.18,10017.54,0.18,17.55,0.31,31.14,0.55,54.63,0.6,59.94,0.19,19.17,4.48,447.75,11.49,1149.39,1.97,197.01,0.31,30.51,0.05,4.86,2.6,260.37,0.62,61.74,0.03,3.15,4.95,494.64,9.71,970.83,21.63,2163.42,2.43,242.91,0.7,70.02,3.37,336.96,0.13,12.87,0.04,3.96,0.08,7.74,66.41,0.81,15.4,0.19,1,5,1
PO1000010791,2021,BENGKULU SAWIT LESTARI,BENGKULU SAWIT LESTARI,AWANA SAWIT LESTARI,Not RSPO Certified,,3/31/23,-1.7,119.31,"-1.704823, 119.309324",IDN,Indonesia,Sulawesi Barat,Mamuju Utara,2-High Confidence,,54.41,5441.22,66.53,168.37,16836.75,3.47,347.49,2.3,229.59,1.18,117.54,2.15,215.1,1.02,101.61,1,100.44,0.21,21.06,1.19,118.62,1.08,107.64,0.79,78.93,1.78,177.84,2.06,205.74,1.36,136.17,2.36,235.8,0.99,98.73,1.16,116.37,1.02,101.79,0.82,82.17,0.74,73.98,0.22,21.51,0.26,25.92,0.26,25.56,27.4,0.5,27.02,0.5,2,3,3
PO1000010793,"2021,2020",UNKNOWN,UNKNOWN,IKA BINA AGRO WISESA,Not RSPO Certified,,3/31/23,5.13,97.09,"5.132978, 97.090864",IDN,Indonesia,Aceh,Aceh Utara,1-Fully Verified,,622.68,62268.21,1024.41,3461.1,346110.03,1.35,134.82,0.59,59.31,0.34,34.02,1.83,183.15,1.74,174.33,3.46,345.6,2.65,264.96,2.61,260.82,5.83,583.47,6.19,619.11,4.03,403.11,2.94,293.94,2.98,298.44,9.35,935.46,9.17,916.92,29.05,2904.84,16.63,1663.11,18.03,1802.79,8.47,847.44,8.48,847.53,7.24,723.69,3.23,323.37,146.2,0.23,476.48,0.77,2,1,3
PO1000010794,"2020,2021",UNKNOWN,UNKNOWN,KHARISMA WIRAJAYA PALMA,Not RSPO Certified,,3/31/23,0.83,100.92,"0.826015, 100.916237",IDN,Indonesia,Riau,Kampar,2-High Confidence,,50.89,5089.14,56.97,72.95,7294.68,7.1,710.37,0.94,94.5,0.24,23.94,14.19,1419.21,7.75,774.9,11.78,1178.19,2.15,214.92,0.62,62.37,0.92,91.98,0.3,30.42,0.13,12.87,0.75,75.33,0.03,3.33,0.14,13.95,0.14,14.04,0.25,25.38,0.31,31.32,0.28,28.35,0.12,11.88,0.1,9.99,0.09,9.27,0.09,9.36,48.46,0.95,2.43,0.05,1,5,1
PO1000010798,2020,SIKAPAS,SUMBER TANI AGUNG,SIKAPAS,Not RSPO Certified,,3/31/23,1.22,98.88,"1.221083, 98.882",IDN,Indonesia,Sumatera Utara,Mandailing Natal,1-Fully Verified,,499.25,49924.8,484.18,1153.27,115326.99,0.7,70.47,1.29,128.52,3.14,314.19,3.04,304.29,5.06,505.71,2.57,257.49,6.59,658.53,22.37,2237.31,24.79,2479.32,25.46,2546.46,35.22,3521.61,24.87,2487.42,25.9,2590.2,46.7,4670.1,11.92,1192.05,7.36,736.29,7.66,766.44,5.3,530.46,10.27,1026.99,2.12,211.95,4.23,422.64,6.99,699.3,283.58,0.57,215.67,0.43,3,3,3
PO1000010802,"2020,2021",DHARMA SATYA NUSANTARA (DSN),DHARMA SATYA NUSANTARA,DHARMA SATYA NUSANTARA MILL 8 (AGRO ANDALAN),Not RSPO Certified,,3/31/23,-0.1,111.03,"-0.102824, 111.029149",IDN,Indonesia,Kalimantan Barat,Sekadau,1-Fully Verified,,1697.52,169751.52,1711.92,2356.46,235645.83,10.43,1043.19,11.52,1152.09,11.48,1147.95,12.32,1231.56,17.3,1729.62,20.45,2045.07,11.23,1123.02,36.21,3621.06,19.43,1942.65,21.88,2188.26,23.43,2343.06,40.73,4073.04,29.67,2966.76,39.4,3940.11,50.79,5079.24,60.06,6005.97,34.75,3474.54,39.2,3919.86,24.25,2424.78,25.58,2557.89,18.38,1838.07,29.89,2988.9,588.37,0.35,1109.15,0.65,3,2,3
PO1000010805,2021,KARYA HEVEA INDONESIA,KARYA HEVEA INDONESIA,KARYA HEVEA INDONESIA,Not RSPO Certified,,3/31/23,3.37,99.02,"3.374417, 99.02",IDN,Indonesia,Sumatera Utara,Serdang Bedagai,2-High Confidence,,95.52,9552.42,157.17,248.66,24865.92,4.28,428.49,2.24,224.37,1.63,162.63,0.53,53.1,0.47,47.25,2.87,287.01,3.96,395.91,2.95,294.84,3.17,316.89,0.64,63.72,1.35,134.64,0.9,90.18,1.22,121.68,1.53,153.27,3.21,320.76,5.26,526.14,6.87,686.97,8.98,897.66,5.95,595.08,7.12,711.72,5.31,530.64,5.7,570.33,76.13,0.8,19.39,0.2,5,4,4
PO1000010811,"2021,2020",SAGO,SAGO,ANGGOLI,Not RSPO Certified,,3/31/23,1.54,98.98,"1.538639, 98.984611",IDN,Indonesia,Sumatera Utara,Tapanuli Tengah,1-Fully Verified,,177.52,17752.05,167.16,354.07,35407.44,1.32,131.94,1.73,173.25,1.23,122.85,1.45,144.81,1.41,141.3,1.05,105.3,1.26,126.18,0.32,32.22,1.67,167.04,1.08,107.64,0.52,52.29,0.41,40.59,0.34,33.93,0.74,74.43,0.44,44.37,0.76,76.23,1.11,110.52,0.57,57.15,0.4,40.41,0.44,43.65,0.66,66.33,0.4,40.05,19.32,0.11,158.2,0.89,1,1,3
PO1000010944,2020,KPN,KPN,GRAHA AGRO NUSANTRA,Not RSPO Certified,,3/31/23,-0.08,109.7,"-0.083509, 109.702795",IDN,Indonesia,Kalimantan Barat,Kubu Raya,1-Fully Verified,,1460.99,146099.07,1378.35,2386.62,238662,2.88,288.09,10.95,1094.85,2.81,280.98,6.63,662.94,4.77,477,14.11,1410.66,8.88,887.58,12.74,1273.5,24.45,2445.12,23.7,2370.24,107.01,10701.27,56.46,5646.42,80.26,8025.57,114.36,11436.21,141.93,14192.55,59.74,5973.84,67.75,6774.75,24.57,2457.36,17.04,1703.97,9.33,933.12,8.1,809.55,7.54,753.84,805.99,0.55,655,0.45,2,3,3
PO1000011169,2020,UNKNOWN,TZEN PLANTATION,LIGURIA OIL MILL,Not RSPO Certified,,3/31/23,-4.96,151.96,"-4.956151, 151.957441",PNG,Papua New Guinea,East New Britain,Pomio,1-Fully verified,,3803.88,380387.88,3461.89,6870.94,687094.11,3.04,304.38,2.84,283.68,9.47,947.07,7.33,733.23,4.33,432.9,8.72,871.65,7.19,719.37,11.7,1169.73,10.21,1021.14,31.2,3120.39,29.84,2984.22,13.89,1388.7,14.74,1473.84,22.75,2275.38,83.96,8395.74,19.84,1983.87,40.75,4074.57,45.62,4561.92,27.59,2759.4,26.29,2629.17,21.89,2188.53,17.38,1738.17,460.57,0.12,3343.31,0.88,2,1,3
PO1000011179,2021,UNKNOWN,SUMBER TANI AGUNG,MADINA AGRO LESTARI (SIKAPAS),Not RSPO Certified,,3/31/23,1.22,98.9,"1.2171944, 98.895722",IDN,Indonesia,Sumatera Utara,Mandailing Natal,2-High Confidence,,49.66,4966.11,45.59,79.47,7947,0,0,0,0.27,0,0.09,0,0.45,0.14,13.86,0.08,8.19,0.27,26.73,0.14,13.77,4.95,495.36,3.17,316.53,8.41,841.32,1.86,185.85,0.31,30.51,1.62,161.55,0.44,44.28,0.23,23.31,0.56,56.34,0.11,11.07,0.19,18.72,0.21,20.79,0.24,24.21,0.41,41.4,23.35,0.47,26.32,0.53,2,3,3
PO1000011182,2020,UNKNOWN,MUSTIKA AGUNG SAWIT GEMILANG,MUSTIKA AGUNG SAWIT GEMILANG,Not RSPO Certified,,3/31/23,-0.53,101.99,"-0.525278, 101.993389",IDN,Indonesia,Riau,Indragiri Hulu,2-High Confidence,,253.32,25332.39,284.34,517.61,51760.53,24.04,2403.9,7.02,702.09,1.2,120.06,4.63,462.69,6.29,629.46,0.25,25.47,3.65,364.77,21.7,2169.81,0.55,54.9,12.57,1257.48,3.93,393.03,17.05,1704.51,5.85,584.55,5.54,554.31,2.66,265.68,8.5,850.41,12.38,1238.22,4.17,417.33,7.8,780.12,5.09,509.49,9.71,971.19,7.84,784.26,172.44,0.68,80.89,0.32,5,4,3
PO1000011306,2021,DHARMA AGUNG WIJAYA,PT HANUSENTRA AGRO LESTARI,PT HANUSENTRA AGRO LESTARI,Not RSPO Certified,,3/31/23,1.18,117.9,"1.177671, 117.902178",IDN,Indonesia,Kalimantan Timur,Kutai Timur,2-High Confidence,,354.84,35484.39,333.64,395.57,39556.71,1.12,112.5,2.61,260.55,1.22,122.22,1.76,176.04,1.05,104.76,0.83,83.25,4.38,437.76,7.75,775.26,5.1,509.85,3.5,349.92,5.95,594.72,11.13,1112.58,23.78,2378.16,46.4,4640.13,20.28,2028.15,28.35,2835.45,25.87,2586.69,15.38,1537.56,13.05,1304.82,0.92,91.71,0.31,30.69,0.41,41.22,221.14,0.62,133.7,0.38,1,3,2
PO1000011478,2021,UNKNOWN,SINDORA SERAYA,SINDORA SERAYA,Not RSPO Certified,,3/31/23,1.89,100.95,"1.89136, 100.95264",IDN,Indonesia,Riau,Rokan Hilir,2-High Confidence,,1449.44,144944.37,1481.17,2083.44,208343.7,9.39,939.15,18.24,1823.85,2.3,229.59,6.66,665.64,23.19,2318.85,27.26,2726.01,18.67,1866.51,17.83,1782.81,21.83,2183.49,54.02,5402.25,40.7,4069.53,92.94,9294.12,34.04,3403.71,74.44,7444.35,34.75,3474.63,36.04,3603.69,38.16,3815.91,35.19,3519.36,13.89,1388.61,16.37,1637.19,21.47,2146.86,26.45,2645.19,663.81,0.46,785.63,0.54,3,3,3
PO1000011552,2021,UNKNOWN,PARENTNAME IS MILLNAME,LANGKAT MAKMUR JAYA SAWITA,Not RSPO Certified,,3/31/23,3.88,98.34,"3.8779, 98.340547",IDN,Indonesia,Sumatera Utara,Langkat,1-Fully verified,,65.18,6517.89,74.49,151.27,15127.38,0.33,33.12,0.45,45.18,1.65,164.7,0.37,36.72,0.24,24.48,0.28,28.44,0.39,38.52,1.46,145.98,4.54,453.69,2.13,212.94,0.3,29.7,0.55,54.9,0.93,93.24,1.79,178.92,1.83,183.15,2.28,227.97,0.56,55.62,3.2,320.13,3.34,333.54,1.06,105.66,2.13,212.76,1.9,190.26,31.7,0.49,33.48,0.51,4,3,4
PO1000011553,2021,UNKNOWN,DUPONT & LEOSK ENTERPRISES SDN BHD,GASING SAWIT ABADI,Not RSPO Certified,,3/31/23,-2.56,104.77,"-2.555194, 104.767111",IDN,Indonesia,Sumatera Selatan,Banyu Asin,1-Fully verified,,499.83,49982.67,1005.48,2042.2,204219.99,1.93,192.69,0.84,83.52,1.82,182.34,3.31,331.11,4.52,452.34,8.28,828.36,25.21,2521.35,6.73,673.47,7.68,767.52,5.15,515.34,6.94,694.35,34,3399.84,4.81,481.41,15.84,1583.82,27.8,2780.46,40.84,4083.93,31.68,3168,37.02,3702.15,27.74,2773.89,15.37,1537.38,12.75,1274.85,6.16,616.14,326.44,0.65,173.38,0.35,3,4,3
PO1000011916,2020,UNKNOWN,NEW BRITAIN PALM OIL,NARANGIT,Not RSPO Certified,,3/31/23,-4.36,151.95,"-4.3625, 151.951944",PNG,Papua New Guinea,East new britain,Vunapaladig,1-Fully verified,,4709.08,470907.99,4382.17,7957.21,795721.14,4.39,438.75,8.57,856.53,7,700.11,13.47,1346.94,8.89,888.66,10.41,1041.12,18.9,1889.64,43.87,4387.32,8.79,879.21,39.58,3957.84,19.78,1977.93,26.1,2609.82,29.5,2949.57,76.98,7698.42,72.89,7289.46,41.68,4168.08,51.88,5187.78,65.33,6532.83,45.5,4549.5,64.47,6446.97,72.07,7207.11,314.43,31443.39,1044.47,0.22,3664.61,0.78,5,1,5