UML ID,years,Group Name,Parent Company,Mill Name,RSPO Status,RSPO Type,Date RSPO Certification Status,Latitude,Longitude,GPS coordinates,ISO,Country,Province,District,Confidence level,Alternative name,km_forest_area_00,ha_forest_area_00,km_area,km_0,ha_0,treeloss_km_2001,treeloss_ha_2001,treeloss_km_2002,treeloss_ha_2002,treeloss_km_2003,treeloss_ha_2003,treeloss_km_2004,treeloss_ha_2004,treeloss_km_2005,treeloss_ha_2005,treeloss_km_2006,treeloss_ha_2006,treeloss_km_2007,treeloss_ha_2007,treeloss_km_2008,treeloss_ha_2008,treeloss_km_2009,treeloss_ha_2009,treeloss_km_2010,treeloss_ha_2010,treeloss_km_2011,treeloss_ha_2011,treeloss_km_2012,treeloss_ha_2012,treeloss_km_2013,treeloss_ha_2013,treeloss_km_2014,treeloss_ha_2014,treeloss_km_2015,treeloss_ha_2015,treeloss_km_2016,treeloss_ha_2016,treeloss_km_2017,treeloss_ha_2017,treeloss_km_2018,treeloss_ha_2018,treeloss_km_2019,treeloss_ha_2019,treeloss_km_2020,treeloss_ha_2020,treeloss_km_2021,treeloss_ha_2021,treeloss_km_2022,treeloss_ha_2022,sum_of_treeloss_km,treeloss_sum_proportion_of_forest,remaining_forest_km,remaining_proportion_of_forest,Current Deforestation Score,Past Deforestation Score,Future Risk Score
PO1000000017,2021,AGROPALMA,AGROPALMA,CPA,Not RSPO Certified,,3/31/23,-2.25,-48.59,"-2.253539, -48.58567",BRA,Brazil,Pará,Acará,1-Fully Verified,,389.44,38943.99,388.45,650.07,65007.27,9.75,975.33,2.37,237.42,0.55,54.72,1.82,182.43,3.03,302.85,2.44,243.9,2.28,227.97,2.72,272.16,2.78,278.1,4.76,476.46,7.56,755.82,1.21,121.05,4.69,468.54,1.58,158.13,12.22,1221.57,9.96,996.48,9.78,978.03,10.2,1020.24,6.45,644.58,4.15,414.54,2.15,214.92,2.11,210.6,104.56,0.27,284.88,0.73,2,2,3
PO1000000052,2021,IOI CORPORATION,PAMOL ESTATES (SABAH) SDN BHD,PAMOL SABAH,RSPO Certified,"RSPO Certified, IP",3/31/23,6,117.4,"6.002431, 117.398389",MYS,Malaysia,Sabah,Beluran,1-Fully Verified,,308.27,30826.89,362.13,1390.24,139023.54,18.55,1854.81,12.21,1221.39,0.86,85.5,4.86,485.55,2.82,281.79,5.1,510.39,2.04,204.21,5.13,512.73,5.11,510.66,23.95,2394.54,7.4,739.62,8.29,829.08,9.24,924.12,36.57,3656.61,11.51,1151.37,25.91,2591.46,14.37,1436.58,13.53,1352.79,11.6,1159.83,12.73,1273.05,2.65,265.32,4.37,436.59,238.78,0.77,69.49,0.23,3,4,2
PO1000000053,2021,SIPEF,HARGY OIL PALM LTD,HARGY MILL,RSPO Certified,"RSPO Certified, IP",3/31/23,-5.31,151.01,"-5.311111, 151.01097",PNG,Papua New Guinea,West New Britain,Talasea,1-Fully Verified,,1140.83,114082.92,1083.3,2538.68,253867.68,3.37,337.23,4.95,495.18,3.22,321.75,3.7,369.72,3.19,319.14,3.41,341.37,2.27,227.43,3.09,309.42,1.35,135,4.59,459.36,1.71,170.55,2.08,207.54,2.47,246.78,2.72,271.89,8.33,833.13,2.93,293.31,8.74,874.26,8.47,847.26,4.97,497.07,4.67,466.65,6.4,640.08,14.17,1416.78,100.81,0.09,1040.02,0.91,3,1,3
PO1000000054,2021,MUSIM MAS,MUSIM MAS HOLDINGS PTE LTD,BATANG KULIM,RSPO Certified,"RSPO Certified, IP",3/31/23,0.08,102.03,"0.077043, 102.030838",IDN,Indonesia,Riau,Pelalawan,1-Fully Verified,,269.21,26921.07,301.76,580.02,58002.21,18.71,1870.65,6.7,670.05,1.32,131.58,26.77,2677.41,10.76,1076.31,0.83,83.34,5.95,594.9,16.44,1644.3,7.88,788.31,12.27,1226.7,13.08,1307.7,11.36,1135.98,11.83,1183.41,10.13,1012.68,2.5,250.38,13.61,1360.53,3.26,325.53,8.23,823.23,16.6,1660.05,13.62,1362.33,5.11,511.47,9.88,987.75,226.85,0.84,42.36,0.16,4,5,3
PO1000000058,2021,CARGILL,HINDOLI,SUNGAI LILIN,RSPO Certified,"RSPO Certified, IP",3/31/23,-2.61,104.13,"-2.612778, 104.128242",IDN,Indonesia,Sumatera Selatan,Musi Banyuasin,2-High Confidence,,68.87,6886.89,124.11,220.17,22016.7,0.6,59.76,1.03,102.87,0.65,65.34,2.83,283.14,1.15,114.66,1.99,198.54,1.69,169.02,3.07,306.63,1.52,151.83,0.61,61.29,2.39,238.95,7.22,722.07,0.73,72.9,3.95,394.56,3.75,374.67,3.47,346.68,2.07,207.09,2.58,257.94,2.51,250.65,1.66,165.51,1.61,161.01,2.63,263.07,49.68,0.72,19.19,0.28,4,4,3
PO1000000063,"2021,2020",SIME DARBY,SIME DARBY PLANTATION BHD,BINUANG (SOU 28),RSPO Certified,"RSPO Certified, IP",3/31/23,4.7,118.06,"4.704457, 118.060186",MYS,Malaysia,Sabah,Kunak,1-Fully Verified,,211.54,21154.32,206.7,291.34,29133.72,0.73,73.08,7.24,724.5,0.79,78.84,2.64,264.42,7.55,755.37,1.87,187.2,6.57,657.36,6.45,645.21,5.63,562.68,6.67,667.08,1.92,191.7,3,299.88,2.16,216.27,7.79,778.86,10.64,1063.62,6.28,628.11,5.11,511.02,7.19,718.83,3.69,369,4.16,415.98,2.62,261.54,2.49,248.85,103.19,0.49,108.35,0.51,3,3,3
PO1000000092,2021,MUSIM MAS,AGRO WIRATAMA,AGROWIRATAMA,RSPO Certified,"RSPO Certified, IP",3/31/23,0.2,99.63,"0.198958, 99.626589",IDN,Indonesia,Sumatera Barat,Pasaman Barat,1-Fully Verified,,302.23,30222.54,384.31,775.35,77534.64,9.32,932.4,11.3,1130.22,2.01,201.42,11.3,1130.49,14.39,1439.28,6.08,607.59,6.24,624.42,7.7,770.4,12.3,1230.3,4.33,432.54,13.43,1342.8,4.36,436.23,11.36,1135.53,15.05,1505.16,6.33,633.42,5.86,586.44,11.08,1108.17,15.27,1527.39,15.48,1548.18,21.46,2145.87,18.84,1883.88,7.98,798.03,231.5,0.77,70.72,0.23,5,4,3
PO1000000094,"2021,2020",IOI CORPORATION,IOI CORPORATION BHD,GOMALI,RSPO Certified,"RSPO Certified, IP",3/31/23,2.61,102.68,"2.611826, 102.678656",MYS,Malaysia,Johor,Segamat,1-Fully Verified,,151.74,15173.91,203.67,307.7,30769.74,19.05,1904.85,9.88,988.02,0.86,86.22,3.41,341.1,7.93,792.63,5.19,518.94,9.4,939.51,1.43,143.19,5.01,501.21,0.03,2.79,13.62,1361.7,8.68,867.51,4.87,486.81,7.61,760.77,2.74,274.32,10.65,1064.61,6.37,637.29,6.53,652.59,5.45,544.95,3.34,334.08,3.04,304.47,3.75,374.76,138.82,0.91,12.92,0.09,3,5,2
PO1000000105,2021,SIPEF,HARGY OIL PALM LTD,NAVO MILL,RSPO Certified,"RSPO Certified, IP",3/31/23,-5.09,151.22,"-5.094109, 151.224494",PNG,Papua New Guinea,West New Britain,Talasea,1-Fully Verified,,2673.53,267353.01,2452.61,3934.2,393419.7,4.86,486.09,9.52,952.38,6.7,669.69,13.5,1350,7.78,777.78,13.66,1366.2,12.15,1214.64,6.05,604.71,5.1,509.94,22.17,2217.06,20.44,2044.26,35.66,3566.43,34.53,3453.12,33.27,3327.48,48.79,4878.99,29.28,2928.06,23.17,2317.41,16.17,1617.39,11.81,1181.07,9.38,937.62,15.47,1546.65,32.65,3265.29,412.12,0.15,2261.41,0.85,3,1,3
PO1000000106,2021,MUSIM MAS,SUKAJADI SAWIT MEKAR,SUKAJADI SAWIT MEKAR 1,RSPO Certified,"RSPO Certified, IP",3/31/23,-2.38,112.54,"-2.381111, 112.539722",IDN,Indonesia,Kalimantan Tengah,Kotawaringin Timur,1-Fully Verified,,161.07,16106.67,249.19,283.78,28377.63,4.2,420.21,29.84,2983.77,4.64,463.68,18.26,1825.56,9.42,941.67,42.56,4256.1,8.78,878.04,6.83,683.28,1.93,192.96,1.51,151.29,5.81,581.22,4.33,433.17,1.48,148.14,3.09,308.61,3.98,397.8,4.09,409.05,2.04,203.76,0.9,90.09,2.51,250.65,0.96,95.58,1.72,171.81,1.83,182.61,160.69,1,0.38,0,3,5,1
PO1000000109,"2021,2020",IOI CORPORATION,IOI CORPORATION BHD,PAMOL KLUANG,RSPO Certified,"RSPO Certified, IP",3/31/23,2.11,103.39,"2.110445, 103.392307",MYS,Malaysia,Johor,Keluang,1-Fully Verified,,144.73,14472.81,172.74,319.41,31941.36,5.45,545.49,3.01,300.87,5.83,582.93,15.51,1550.7,3.41,341.01,2.84,284.04,1.39,139.05,0.76,75.87,7.4,740.16,2.39,238.59,9.02,901.8,10.85,1084.86,1.9,190.26,9.57,956.97,8.05,805.14,7.12,712.35,7.04,703.62,5.71,570.51,2.83,282.69,1.14,114.39,4.25,424.89,1.79,179.01,117.25,0.81,27.48,0.19,3,5,3
PO1000000110,"2020,2021",IOI CORPORATION,IOI CORPORATION BHD,SAKILAN,RSPO Certified,"RSPO Certified, IP",3/31/23,5.84,117.84,"5.839281, 117.8437",MYS,Malaysia,Sabah,Sandakan,1-Fully Verified,,87.36,8736.12,108.69,239.05,23904.63,1.78,177.93,2.27,226.53,0.82,82.44,1.06,106.38,1.03,102.51,1.28,127.8,1.02,102.42,1.93,192.96,1.9,189.72,2.62,262.26,1.31,130.68,1.51,150.75,2.06,205.56,1.54,153.9,5.45,545.22,4.57,456.66,3.16,315.63,4.05,404.91,2.95,295.29,1.91,190.89,1.82,181.89,2.13,213.48,48.16,0.55,39.2,0.45,3,3,3
PO1000000118,2021,IOI CORPORATION,IOI CORPORATION BHD,BATURONG,RSPO Certified,"RSPO Certified, IP",3/31/23,4.76,118.09,"4.7553, 118.0886",MYS,Malaysia,Sabah,Kunak,2-High Confidence,,64.65,6465.33,66.49,68.26,6825.51,0.05,4.77,0.07,6.93,0.02,1.53,0.26,25.56,0.13,12.78,0.11,11.34,0.05,4.86,3.25,325.35,0.14,13.5,3.37,336.87,0.06,5.67,5.18,517.5,4.01,401.4,7.56,756,5.73,573.12,4.07,407.25,0.87,87.12,6.24,623.7,10.18,1017.99,6.85,684.72,1.22,121.68,3.89,389.25,63.29,0.98,1.36,0.02,5,5,3
PO1000000120,2021,IOI CORPORATION,IOI CORPORATION BHD,BUKIT LEELAU,RSPO Certified,"RSPO Certified, IP",3/31/23,3.3,103.14,"3.30273, 103.137889",MYS,Malaysia,Pahang,Pekan,1-Fully Verified,,540.79,54078.93,527.71,1249.34,124933.59,6.09,609.12,28.52,2852.46,3.19,319.05,6.57,656.82,10.91,1091.07,1.67,167.13,4.73,472.95,6.15,615.24,19.67,1966.86,18.22,1821.69,11.33,1133.1,23,2299.86,5.5,549.9,30.26,3025.53,15.63,1562.58,26.96,2695.77,8.92,891.81,11.13,1112.58,19.27,1927.35,6.48,647.73,8.22,822.33,4.22,421.56,276.62,0.51,264.16,0.49,3,3,3
PO1000000122,2021,IOI CORPORATION,IOI CORPORATION BHD,MAYVIN,RSPO Certified,"RSPO Certified, IP",3/31/23,5.56,117.23,"5.5553, 117.226439",MYS,Malaysia,Sabah,Beluran,1-Fully Verified,,2144.63,214462.98,2055.22,3681.53,368153.01,7.49,748.53,5.3,529.56,4.97,496.62,27.87,2787.3,24.58,2457.63,38.31,3830.76,27.02,2702.25,36.3,3630.24,26.59,2658.51,27.69,2768.58,11.57,1157.04,21.9,2189.97,10.33,1033.47,22.14,2213.64,14.54,1454.31,13.19,1318.68,9.62,961.65,14.22,1421.91,14.44,1444.23,9.73,972.54,7.3,729.81,7.2,720,382.27,0.18,1762.36,0.82,1,1,3
PO1000000123,2020,DAABON GROUP,C.I. TEQUENDAMA S.A.S.,EXTRACTORA TEQUENDAMA,RSPO Certified,"RSPO Certified, IP",3/31/23,10.55,-74.18,"10.5485472, -74.181286",COL,Colombia,Magdalena,Aracataca,1-Fully Verified,,1443.35,144335.34,3276.02,7750.93,775093.05,6.3,630.45,3.38,337.95,11.15,1115.37,9.16,915.66,4.82,482.13,6.14,613.53,5.09,509.04,13.63,1362.69,13.75,1374.93,5.14,514.35,6.26,626.49,15.16,1515.6,4.19,418.86,13.54,1353.6,11.78,1178.28,41.12,4112.37,53.1,5310.09,28.65,2865.42,19.59,1958.67,30.37,3036.6,25.07,2506.95,27.41,2741.4,354.8,0.25,1088.55,0.75,3,1,4
PO1000000128,2021,JC CHANG (PTE) LTD,CAROTINO SDN BHD,CAROTINO,RSPO Certified,"RSPO Certified, IP",3/31/23,3.82,102.82,"3.816627, 102.818213",MYS,Malaysia,Pahang,Kuantan,1-Fully Verified,,292.43,29243.25,285.08,424.02,42401.79,14.43,1442.97,4.61,460.71,1.52,151.56,9.86,986.04,5.17,517.23,18.7,1870.02,5.44,544.32,10.13,1013.22,6.98,698.49,7.9,790.29,13.94,1394.37,26.53,2653.11,10.18,1017.72,9.2,920.16,12.04,1204.47,5.83,582.57,1.77,176.85,3.72,372.15,2.29,228.78,1.83,182.79,0.61,60.84,0.96,96.21,173.65,0.59,118.78,0.41,1,3,2
PO1000000134,2021,MUSIM MAS,SUKAJADI SAWIT MEKAR,SUKAJADI SAWIT MEKAR 2,RSPO Certified,"RSPO Certified, IP",3/31/23,-2.37,112.6,"-2.37025, 112.6026111",IDN,Indonesia,Kalimantan Tengah,Kotawaringin Timur,1-Fully Verified,,245.79,24579.18,268.3,381.57,38156.94,0.41,41.13,1.7,170.01,0.78,78.39,14.87,1487.16,16.65,1665,41.64,4163.58,29.05,2905.47,12.47,1246.86,1.29,129.06,2,199.98,1.61,161.46,1.39,138.96,3.24,323.73,6.79,679.14,15.48,1548.27,20.16,2015.82,0.99,98.73,0.21,21.06,1.56,156.06,0.46,46.17,0.78,77.58,1.09,108.63,174.62,0.71,71.17,0.29,2,4,2
PO1000000143,2020,REA HOLDINGS,REA KALTIM,PERDANA PALM OIL MILL,RSPO Certified,"RSPO Certified, MB",3/31/23,0.26,116.15,"0.25854, 116.149918",IDN,Indonesia,Kalimantan Timur,Kutai Kartanegara,1-Fully Verified,REA KALTIM PLANTATION PERDANA,2113,211300.2,2111.08,4424.46,442446.03,8.27,827.46,11.92,1191.6,11.67,1166.85,14.74,1474.47,11.04,1104.39,26.67,2667.33,12.28,1227.69,17.88,1787.67,34.02,3401.55,14.93,1492.92,24.24,2424.33,33.96,3395.79,53.71,5371.02,64.77,6477.3,34.24,3423.69,99.67,9966.96,33.44,3343.5,59.79,5979.42,31.33,3133.08,13.75,1374.84,7.99,799.2,5.31,530.91,625.62,0.3,1487.38,0.7,1,2,3
PO1000000170,2021,MUSIM MAS,MAJU ANEKA SAWIT,MAJU ANEKA SAWIT,RSPO Certified,"RSPO Certified, IP",3/31/23,-2.48,112.65,"-2.478167, 112.647611",IDN,Indonesia,Kalimantan Tengah,Kotawaringin Timur,1-Fully Verified,,153.53,15352.56,195.16,240.72,24071.58,0.48,48.24,1.9,190.35,0.26,26.19,1.21,120.96,2.17,217.08,61.18,6118.2,20.86,2085.75,4.38,438.21,2.16,216.36,1.05,104.85,1.81,181.08,2.1,209.79,2.52,252.36,4.94,494.28,10.97,1097.01,3.56,356.22,0.85,85.05,0.32,31.95,1.22,122.49,0.73,72.81,0.65,64.53,0.64,64.44,125.98,0.82,27.54,0.18,2,5,2
PO1000000180,2021,MUSIM MAS,BERKAT SAWIT SEJATI,BERKAT SAWIT SEJATI,RSPO Certified,"RSPO Certified, IP",3/31/23,-2.32,103.71,"-2.3192778, 103.7116389",IDN,Indonesia,Sumatera Selatan,Musi Banyuasin,1-Fully Verified,,1192.39,119239.11,1277.11,2082.31,208231.47,21.44,2144.34,10.44,1044.27,3.7,370.17,30.59,3059.46,24.42,2442.42,61.6,6159.51,45.21,4520.88,85.57,8556.75,22.88,2288.07,17.76,1775.52,38.97,3897.18,107.9,10790.46,33.31,3330.54,46.43,4643.19,34.1,3409.74,33.86,3386.16,21.46,2145.96,27.87,2787.48,18.28,1827.54,22.81,2280.6,17.82,1781.82,27.03,2702.79,753.45,0.63,438.94,0.37,3,3,3
PO1000000185,2021,HAP SENG PLANTATIONS HOLDINGS BERHAD,HAP SENG PLANTATIONS (RIVER ESTATES) SDN BHD,BUKIT MAS,RSPO Certified,"RSPO Certified, IP",3/31/23,5.34,118.47,"5.3373003, 118.47364",MYS,Malaysia,Sabah,Kinabatangan,1-Fully Verified,,140.63,14063.22,151.34,285.81,28580.58,2.17,217.08,1.08,107.64,0.13,12.78,4.29,429.39,0.8,80.19,2.88,288.36,2.99,298.8,3.92,391.86,0.32,31.77,4.13,413.01,2.87,287.28,7.32,731.61,3.8,380.43,3.54,354.24,1.07,107.37,5.35,534.69,5.29,529.2,1.15,115.11,5.05,505.35,6.35,634.59,2.36,236.25,4.4,440.1,71.27,0.51,69.36,0.49,4,3,3
PO1000000193,2021,SIME DARBY,SIME DARBY PLANTATION BHD,SERI INTAN (SOU 5),RSPO Certified,"RSPO Certified, IP",3/31/23,3.97,100.99,"3.969228, 100.985558",MYS,Malaysia,Perak,Hilir Perak,1-Fully Verified,,129.65,12965.49,236.93,504.3,50429.97,4.69,468.81,3.81,381.24,2.25,225.27,2.91,290.61,5.42,541.53,2.63,262.62,2.19,219.42,1.77,176.94,3.74,374.49,6.51,650.7,1.84,184.05,2.74,274.32,3.41,340.74,4.96,495.54,4.64,463.86,12.8,1279.8,11.68,1168.47,8.66,866.07,6.1,610.38,4.51,450.72,5.86,585.99,7.9,789.93,111.02,0.86,18.64,0.14,5,5,3
PO1000000199,2021,IOI CORPORATION,SYARIKAT PUKIN LADANG KELAPA SAWIT SDN BHD,PUKIN,RSPO Certified,"RSPO Certified, IP",3/31/23,2.72,102.91,"2.72235, 102.911",MYS,Malaysia,Pahang,Rompin,1-Fully Verified,,121.79,12178.98,145.31,183.52,18351.99,4.31,431.01,3.09,308.79,0.09,8.91,4.79,478.71,19.04,1903.68,9.3,929.79,4.57,456.75,5.84,584.37,11.99,1198.62,0.83,82.89,28.6,2860.11,2.68,267.84,5.53,553.32,11.19,1119.06,2.49,248.94,1.54,154.08,3.1,309.6,0.64,63.63,3.39,339.48,0.72,71.73,0.1,10.44,0.2,20.34,121.79,1,0,0,1,5,1
PO1000000201,2020,KUALA LUMPUR KEPONG (KLK),KUALA LUMPUR KEPONG BHD,KEKAYAAN PALM OIL MILL,RSPO Certified,"RSPO Certified, IP",3/31/23,2.2,103.27,"2.204546, 103.270394",MYS,Malaysia,Johor,Keluang,1-Fully Verified,,104.57,10456.56,133.79,174.51,17451.36,16.73,1673.46,10.01,1001.16,4.79,478.8,3.67,366.84,1.92,192.06,2.6,260.1,3.78,378,2.22,222.3,4.56,455.58,1.41,141.21,4.54,454.5,1.66,166.41,1.64,164.16,2.32,231.75,2.33,233.28,3.07,306.99,3.94,394.38,1.97,197.37,3.97,396.63,2.64,263.88,1.43,142.65,6.37,637.29,87.59,0.84,16.98,0.16,5,5,3
PO1000000238,"2020,2021",UNITED PLANTATIONS,UNITED PLANTATIONS BHD,JENDARATA,RSPO Certified,"RSPO Certified, IP",3/31/23,3.85,100.97,"3.853889, 100.968333",MYS,Malaysia,Perak,Hilir Perak,1-Fully Verified,,52.91,5290.74,84.58,236.96,23695.92,2.65,264.69,1.24,124.11,0.89,88.83,0.43,42.66,0.52,51.93,0.76,76.23,0.64,63.63,0.79,78.75,2.13,212.94,1.9,189.72,0.4,39.87,1.16,116.37,1.53,153.36,6.89,688.86,4.67,466.56,3.59,359.19,10.46,1045.98,4.64,463.95,3.95,395.37,1.15,114.66,1.18,118.26,0.74,74.07,52.3,0.99,0.61,0.01,3,5,1
PO1000000240,"2021,2020",UNITED PLANTATIONS,UNITED PLANTATIONS BHD,ULU BASIR,RSPO Certified,"RSPO Certified, IP",3/31/23,3.72,101.26,"3.724444, 101.255833",MYS,Malaysia,Perak,Batang Padang,1-Fully Verified,,376.81,37680.66,382.31,798.15,79814.7,8.7,869.76,6.09,608.85,2.71,270.81,6.73,673.11,3.57,357.48,1.95,194.94,6.44,644.4,8.66,866.43,13.19,1319.13,10.62,1061.73,3.95,395.01,4.15,415.17,11.52,1151.91,9.43,943.38,3.14,314.37,5.48,548.1,2.77,277.02,4.76,476.01,7.63,762.66,1.5,149.85,3.37,337.41,1.33,132.57,127.7,0.34,249.11,0.66,2,2,3
PO1000000242,2021,UNITED PLANTATIONS,UNITED PLANTATIONS BHD,ULU BERNAM,RSPO Certified,"RSPO Certified, IP",3/31/23,3.75,101.15,"3.745278, 101.146111",MYS,Malaysia,Perak,Hilir Perak,1-Fully Verified,,78.99,7898.76,92.55,121.16,12115.8,5.11,510.93,4.63,463.05,0.79,79.11,3.36,336.33,4.69,469.44,1.2,119.88,3.45,344.52,4.08,408.33,5.72,572.13,2.19,219.15,0.96,95.85,2.74,274.41,1.71,170.55,7.73,772.74,4.75,475.02,6.59,658.89,9.88,987.57,1.62,162.45,0.47,47.16,0.41,41.04,1.79,178.92,1.2,120.33,75.08,0.95,3.91,0.05,3,5,2
PO1000000243,2021,UNITED PLANTATIONS,UNITED INTERNATIONAL ENTERPRISES (M) SDN BHD,UIE,RSPO Certified,"RSPO Certified, IP",3/31/23,4.44,100.72,"4.443889, 100.722778",MYS,Malaysia,Perak,Manjung,1-Fully Verified,,82.57,8257.41,104.73,141.79,14179.14,0.42,41.85,0.78,77.94,0.34,33.93,0.28,27.72,0.47,47.43,0.28,28.35,0.96,95.58,0.19,19.35,1.81,180.99,5.1,509.58,5.74,573.84,5.19,518.58,11.88,1187.55,10.48,1047.69,8.49,849.33,8.39,838.98,4.96,495.99,1.95,195.48,1.42,141.84,0.53,53.1,0.9,89.73,0.51,50.67,71.06,0.86,11.52,0.14,3,5,2
PO1000000280,"2021,2020",KUALA LUMPUR KEPONG (KLK),KUALA LUMPUR KEPONG BHD,JERAM PADANG,RSPO Certified,"RSPO Certified, IP",3/31/23,2.74,102.41,"2.735111, 102.4085",MYS,Malaysia,Negeri Sembilan,Jempol,1-Fully Verified,,532.71,53271.18,660.94,1495.97,149597.46,14.07,1406.52,19.25,1925.19,13.98,1398.15,8.05,804.96,18.88,1887.66,10.66,1066.23,13.77,1376.73,8.78,877.77,22.82,2281.86,1.66,166.14,19.3,1930.5,28.87,2887.47,5.33,533.43,21.16,2115.99,7.03,703.26,21.23,2122.74,18.96,1896.12,18.5,1849.5,22.57,2256.75,14.24,1423.8,12.82,1281.6,7.77,776.61,329.69,0.62,203.02,0.38,3,3,3
PO1000000286,2021,MUSIM MAS,UNGGUL LESTARI,UNGGUL LESTARI,RSPO Certified,"RSPO Certified, IP",3/31/23,-1.6,112.6,"-1.5958444, 112.598831",IDN,Indonesia,Kalimantan Tengah,Kotawaringin Timur,1-Fully Verified,,18.38,1838.16,17.3,22.22,2222.46,0.03,3.24,0.13,13.14,0.01,1.08,0.2,20.07,0.03,3.33,0.15,15.39,0.21,21.24,2.23,222.66,3.36,335.52,5.3,530.01,0.51,51.39,0.36,36.36,0.06,5.94,0.24,23.85,0.34,34.02,0.6,60.48,0.23,22.95,0.11,10.8,0.08,8.1,0.03,2.88,0.01,0.63,0.04,3.51,14.27,0.78,4.12,0.22,1,4,1
PO1000000338,"2021,2020",BOUSTEAD PLANTATIONS BERHAD,BOUSTEAD PLANTATIONS BHD,SUNGAI JERNIH,RSPO Certified,"RSPO Certified, IP",3/31/23,3.34,103.1,"3.337, 103.099972",MYS,Malaysia,Pahang,Pekan,1-Fully Verified,,35.02,3501.72,35.26,48.2,4820.22,0.07,6.93,0.05,5.4,0.4,40.32,0.04,3.96,0.32,31.95,0.17,16.74,3.13,312.84,2.3,230.13,3.9,389.97,8.55,855,3.4,339.84,0.73,73.08,0.93,92.7,1.71,170.55,0.29,29.07,0.37,36.54,0.09,8.55,0.6,60.03,0.78,78.39,0.51,51.12,1.12,112.05,0.15,15.03,29.6,0.85,5.42,0.15,3,5,3
PO1000000352,"2020,2021",SOCFIN,SOCFIN INDONESIA,TANAH GAMBUS,RSPO Certified,"RSPO Certified, IP",3/31/23,3.2,99.4,"3.204167, 99.403889",IDN,Indonesia,Sumatera Utara,Batu Bara,1-Fully Verified,,78.31,7831.44,158.12,335.73,33572.88,5.68,567.99,1.08,107.91,1.63,163.44,3.39,338.58,3.31,330.57,3.3,330.21,1.93,192.6,1.07,107.01,7.6,759.87,6.78,677.7,2.79,279.27,3.25,324.99,1.65,164.61,1.91,190.89,3.72,371.52,3.6,359.82,2.59,259.29,6.81,680.58,1.73,172.62,1.55,155.07,0.81,81.45,1.25,125.46,67.41,0.86,10.9,0.14,3,5,2
PO1000000355,2021,MUSIM MAS,MUSIM MAS HOLDINGS PTE LTD,PANGKALAN LESUNG,RSPO Certified,"RSPO Certified, IP",3/31/23,-0.05,102.08,"-0.05, 102.075",IDN,Indonesia,Riau,Pelalawan,2-High Confidence,,123.56,12356.28,220.83,289.6,28960.02,12.5,1249.56,2.2,220.5,0.05,4.95,10.03,1003.14,2.74,274.32,0,0.09,1.45,145.44,1.78,177.57,0.3,29.88,2.89,288.63,3.29,328.59,0.98,98.46,11.48,1148.04,14.1,1410.12,10.89,1088.55,21.75,2175.03,8.13,813.15,6.6,659.61,3.48,348.03,1.7,169.92,9.83,982.8,8.45,844.56,123.56,1,0,0,5,5,3
PO1000000411,2021,KUALA LUMPUR KEPONG (KLK),ADEI PLANTATION AND INDUSTRY,MANDAU,RSPO Certified,"RSPO Certified, IP, MB",3/31/23,1.08,101.33,"1.081944, 101.333361",IDN,Indonesia,Riau,Bengkalis,1-Fully Verified,,949.5,94950.18,1022.67,1553.81,155381.04,16.97,1697.22,31.02,3102.12,11.12,1112.13,49.7,4969.53,35.83,3582.99,48.84,4883.76,40.05,4004.64,57.11,5710.95,63.63,6362.91,44.47,4446.63,22.44,2244.42,38.41,3841.02,27.88,2788.29,41.33,4132.53,15.18,1517.67,16.06,1606.05,11.57,1156.59,9.54,953.55,7.47,747.27,6.03,602.82,7.87,787.41,5.12,512.46,607.63,0.64,341.87,0.36,2,4,3
PO1000000438,2020,LAM SOON (THAILAND),LAM SOON (THAILAND),TRANG PLANT,RSPO Certified,"RSPO Certified, IP, MB",3/31/23,7.71,99.32,"7.71, 99.3205",THA,Thailand,Trang,Sikao,1-Fully Verified,,144.34,14433.93,204.42,369.89,36988.92,1.07,107.37,2.2,219.69,2.47,246.96,4.31,431.01,3.56,356.4,3.93,393.39,2.54,253.89,5.89,589.41,5.88,587.52,3.2,319.68,2.26,226.08,2.1,209.97,3.64,364.32,6.1,610.02,5.16,515.97,5.69,568.62,7.52,752.4,5.01,500.58,5.25,525.33,4.33,433.35,3.04,303.66,3.21,321.21,88.37,0.61,55.97,0.39,3,3,3
PO1000000451,"2020,2021",SOCFIN,SOCFIN INDONESIA,BANGUN BANDAR MILL,RSPO Certified,"RSPO Certified, IP",3/31/23,3.33,99.04,"3.33166, 99.043333",IDN,Indonesia,Sumatera Utara,Serdang Bedagai,1-Fully Verified,,82.1,8210.34,133.8,292.07,29207.34,4.72,472.5,1.58,158.31,2.17,216.81,4.02,402.21,1.16,115.74,2.24,223.92,1.29,128.52,1.63,163.35,4.71,470.88,2.51,250.65,1.69,169.11,3.52,352.35,2.57,256.86,3.9,390.24,4.93,492.57,4.5,449.55,3.77,377.19,5.34,533.52,3.71,370.53,4.1,410.22,4.17,417.24,2.55,254.88,70.77,0.86,11.33,0.14,5,5,3
PO1000000505,2020,KECK SENG (M) BERHAD,KECK SENG (M) BHD,MASAI,RSPO Certified,"RSPO Certified, MB",3/31/23,1.54,103.96,"1.540525, 103.964953",MYS,Malaysia,Johor,Johor Baharu,1-Fully Verified,,177.34,17733.87,342.28,777.86,77786.28,1.7,169.92,6.19,619.2,2.19,218.52,5.57,557.46,6.98,698.13,8.96,895.59,2.49,249.12,3.06,305.73,13.02,1302.3,7.12,712.17,1.74,174.24,4.26,426.06,1.79,179.37,7.19,718.92,5.61,561.06,7.09,708.93,8.83,882.9,8.62,862.02,12.74,1274.04,2.43,242.73,3.41,340.74,0.71,71.01,121.7,0.69,55.64,0.31,3,4,3
PO1000000540,2021,IOI CORPORATION,SYARIMO SDN BHD,SYARIMO,RSPO Certified,"RSPO Certified, IP",3/31/23,5.33,117.78,"5.334037, 117.781334",MYS,Malaysia,Sabah,Kinabatangan,1-Fully Verified,,224.41,22441.32,280.87,785.55,78554.52,13.12,1312.11,0.87,87.48,1.28,128.25,3.47,347.22,0.73,73.44,1.13,112.86,0.42,41.85,0.85,84.78,1.27,126.99,0.6,59.94,0.45,45.45,0.96,95.58,1.93,193.14,3.34,334.35,1.73,172.98,1.79,179.37,6.03,603.45,11.46,1145.88,15.77,1577.34,4.97,497.25,3.34,334.17,13.74,1373.76,89.28,0.4,135.14,0.6,5,3,4
PO1000000541,2021,IOI CORPORATION,LADANG SABAH SDN BHD,LADANG SABAH,RSPO Certified,"RSPO Certified, IP",3/31/23,5.73,117.58,"5.729989, 117.57775",MYS,Malaysia,Sabah,Beluran,1-Fully Verified,,80.91,8091.45,95.36,119.34,11934.18,0.15,15.21,0.17,16.74,0.12,12.24,0.33,33.12,0.13,13.23,0.54,54.27,0.11,10.71,0.08,7.92,0.19,19.35,0.36,36.36,0.06,5.85,0.21,20.61,1.72,172.08,4.3,430.29,7.76,775.53,6.76,676.08,6.97,696.51,7.43,743.49,10.38,1038.33,9.91,991.35,2.24,223.74,8.17,817.38,68.1,0.84,12.81,0.16,5,5,4
PO1000000706,2021,SIME DARBY,PERKASA SUBUR SAKTI,BLANG SIMPO,RSPO Certified,"RSPO Certified, MB",3/31/23,4.71,97.84,"4.70789, 97.838433",IDN,Indonesia,Aceh,Aceh Timur,1-Fully Verified,,250.96,25096.32,402.1,865.91,86590.8,1.58,157.86,0.54,53.82,0.23,22.59,0.79,78.84,0.78,78.03,0.42,42.03,0.96,96.12,0.34,34.2,2.87,287.28,3.42,341.91,3.47,346.68,13.62,1361.88,11.06,1106.01,16.76,1675.8,14.56,1456.38,10.65,1065.06,10.64,1063.89,10.9,1089.81,4.64,463.86,5.45,544.77,2.43,243.18,3.92,392.4,120.02,0.48,130.94,0.52,3,3,3
PO1000000892,2020,KUALA LUMPUR KEPONG (KLK),KUALA LUMPUR KEPONG BHD,TANJONG MALIM,RSPO Certified,"RSPO Certified, MB",3/31/23,3.7,101.49,"3.695, 101.485667",MYS,Malaysia,Selangor,Hulu Selangor,1-Fully Verified,,1059.37,105936.66,1106.41,2393.1,239310.45,12.8,1280.34,14.26,1425.87,5.89,589.41,9.77,977.49,14.82,1481.94,5.29,529.29,13.98,1397.88,13.78,1378.17,19.81,1980.72,16.85,1685.07,8.17,817.38,10.62,1061.73,5.11,511.11,13.69,1369.08,5.92,592.11,16.49,1648.62,14.99,1499.4,9.98,998.37,9.74,973.53,9.2,920.07,14.82,1481.85,9.87,986.85,255.86,0.24,803.5,0.76,3,1,3
PO1000000894,2021,KUALA LUMPUR KEPONG (KLK),KUALA LUMPUR KEPONG BHD,BATU LINTANG,RSPO Certified,"RSPO Certified, IP",3/31/23,5.19,100.63,"5.193591, 100.62843",MYS,Malaysia,Kedah,Bandar Baharu,1-Fully Verified,,109.53,10953.36,136.73,213.2,21320.1,0.67,66.6,3.36,335.52,1.54,153.63,2.56,256.32,3.15,315.18,2.34,233.64,2.04,204.12,0.61,60.93,4.01,400.95,6.09,609.39,1.28,127.71,3.76,376.38,2.74,274.41,5.07,507.15,1.85,185.31,2.67,266.94,2.2,220.5,3.35,334.8,5.12,511.92,5.07,506.88,4.28,427.68,3.79,378.99,67.55,0.62,41.98,0.38,5,3,3
PO1000000896,2021,KUALA LUMPUR KEPONG (KLK),KUALA LUMPUR KEPONG BHD,CHANGKAT CHERMIN,RSPO Certified,"RSPO Certified, IP",3/31/23,4.28,100.78,"4.27527, 100.78498",MYS,Malaysia,Perak,Manjung,1-Fully Verified,,158.57,15857.19,269.44,678.31,67830.93,0.72,71.73,2.47,247.32,2.3,229.95,1.61,160.83,5.14,513.81,2.69,268.74,5.42,541.71,2.31,231.21,8.98,898.2,7.22,722.34,3.15,315.45,3.87,386.73,2.35,235.08,6.22,622.08,10.86,1085.76,8.28,827.91,13.43,1342.62,6.22,621.54,6.77,676.98,6.3,630.27,3.52,351.72,5.01,500.94,114.83,0.72,43.74,0.28,4,4,3
PO1000000936,2021,HAP SENG PLANTATIONS HOLDINGS BERHAD,JEROCO PLANTATIONS SDN BHD,JEROCO 1,RSPO Certified,"RSPO Certified, IP",3/31/23,5.43,118.42,"5.431112, 118.417224",MYS,Malaysia,Sabah,Kinabatangan,1-Fully Verified,,57.15,5714.82,66.91,82.94,8293.68,0.18,18.18,0.08,7.56,0.06,5.58,2.48,248.04,0.08,8.46,2.39,238.59,0.74,73.98,0.8,80.01,0.02,1.8,1.27,127.44,2.01,200.88,0.77,76.86,0.04,4.5,3.21,321.21,1.88,188.1,5.59,558.99,3.36,335.79,5.42,541.62,1.02,102.15,1.29,128.52,4.94,494.1,3.07,306.54,40.69,0.71,16.46,0.29,5,4,4
PO1000000939,2020,DHARMA SATYA NUSANTARA (DSN),DHARMA SATYA NUSANTARA,PT DHARMA SATYA NUSANTARA,RSPO Certified,"RSPO Certified, IP",3/31/23,1.25,116.73,"1.250806, 116.728917",IDN,Indonesia,Kalimantan Timur,Kutai Timur,1-Fully Verified,,1270.68,127068.48,1176.42,3149.52,314951.94,2.17,217.26,3,299.61,0.5,50.22,4.16,416.34,8.13,812.79,18.73,1872.99,1.72,172.44,18.2,1820.16,8.72,871.74,11.92,1192.5,3.24,323.64,1.6,160.11,4.23,422.82,3.07,307.08,2.04,204.21,31.39,3138.57,1.75,175.41,1.92,192.33,2.81,280.8,2.93,293.13,1.85,185.13,3.27,327.42,137.37,0.11,1133.32,0.89,1,1,3
PO1000001053,2021,TDM BERHAD,TDM PLANTATION SDN BHD,KEMAMAN,RSPO Certified,"RSPO Certified, IP",3/31/23,4.4,103.25,"4.403, 103.248",MYS,Malaysia,Trengganu,Kemaman,1-Fully Verified,,541.36,54135.54,542.48,973.26,97326.36,8.82,881.64,11.64,1163.61,2.88,288.27,21.17,2117.16,11.1,1110.33,9.06,906.3,1.84,184.41,6.54,654.3,9.18,918.18,2.37,236.7,4.63,463.32,5.25,525.06,7.33,733.14,5.98,597.87,7.28,727.83,14.68,1468.17,12.42,1242.36,7.95,795.24,25.69,2569.23,8.22,821.79,10.1,1010.07,14.15,1415.16,208.3,0.38,333.05,0.62,3,3,4
PO1000001094,2021,IOI CORPORATION,IOI CORPORATION BHD,LEEPANG,RSPO Certified,"RSPO Certified, IP",3/31/23,5.55,118.44,"5.549056, 118.437595",MYS,Malaysia,Sabah,Kinabatangan,1-Fully Verified,,338.4,33840,364.79,677.7,67770.18,0.57,56.88,0.3,29.7,0.13,12.78,0.47,46.8,0.42,41.58,0.47,47.34,2.7,269.55,2.03,203.4,0.1,9.99,1.48,147.6,0.65,64.71,1.2,120.24,1.41,141.03,3.82,381.6,4.15,414.81,3.18,318.24,0.11,10.53,0.28,28.17,22.54,2253.87,17.99,1799.46,7.64,763.83,12.22,1221.75,83.84,0.25,254.56,0.75,4,1,4
PO1000001207,2021,CARGILL,AYU SAWIT LESTARI,PAKU JUANG,RSPO Certified,"RSPO Certified, IP",3/31/23,-2.43,110.82,"-2.433267, 110.817511",IDN,Indonesia,Kalimantan Barat,Ketapang,1-Fully Verified,,1469.33,146933.37,2050.85,4446.44,444643.83,13.79,1378.71,39.39,3938.67,8.5,850.41,19.54,1954.35,15.37,1536.84,46.23,4623.21,46.39,4638.51,4.87,487.35,42.89,4289.22,4.68,467.91,7.57,756.9,39.74,3973.95,4.39,438.75,83.8,8379.63,94.63,9463.14,150.91,15090.75,7.21,721.08,23.98,2398.14,16.39,1638.81,12.62,1261.89,26,2600.01,17.29,1729.35,726.18,0.49,743.16,0.51,3,3,3
PO1000001208,2021,CARGILL,HARAPAN SAWIT LESTARI,MANIS MATA,RSPO Certified,"RSPO Certified, MB",3/31/23,-2.48,111.02,"-2.483162, 111.018391",IDN,Indonesia,Kalimantan Barat,Ketapang,1-Fully Verified,,105.76,10575.63,171.87,246.25,24624.54,5.4,540.18,0.94,94.14,0.26,25.92,1.14,113.85,0.38,38.07,1.49,148.68,0.98,98.46,0.43,43.11,2.21,220.68,0.22,21.87,0.28,28.35,1.95,194.67,0.67,67.23,3.07,306.72,1.82,181.98,4.63,463.05,2.14,214.38,3.24,323.82,2.4,239.58,2.61,261,10.32,1032.12,18.61,1861.02,65.19,0.62,40.57,0.38,5,3,5
PO1000001250,"2021,2020",SOCFIN,SOCFIN INDONESIA,NEGERI LAMA,RSPO Certified,"RSPO Certified, IP",3/31/23,2.32,100.07,"2.31725, 100.070169",IDN,Indonesia,Sumatera Utara,Labuhanbatu,1-Fully Verified,,107.26,10726.38,162.89,229.32,22931.64,0.9,90.18,3.63,363.33,0.08,8.1,1.6,160.29,2.91,290.79,1.79,178.65,1.31,131.49,0.16,16.2,1.38,137.7,3.7,369.63,10.04,1003.59,3,299.52,4.56,456.3,5.84,583.74,7.17,717.03,5.71,571.41,2.48,247.59,5.68,567.72,4.06,405.54,2.97,296.55,3.6,360.09,3.92,392.4,76.48,0.71,30.79,0.29,5,4,3
PO1000001251,2021,SOCFIN,SOCFIN INDONESIA,SUNGAI LIPUT,RSPO Certified,"RSPO Certified, IP",3/31/23,4.23,98.06,"4.2319, 98.0594",IDN,Indonesia,Aceh,Aceh Tamiang,1-Fully Verified,,61.03,6102.72,72.18,151.93,15192.9,0.57,56.79,0.16,16.02,0.89,89.37,0.61,61.29,0.11,11.16,0.44,44.28,1.06,105.57,1.64,163.62,3.12,311.94,1.67,166.77,0.11,10.71,1.16,115.92,0.71,70.83,2.28,228.24,1.85,184.59,2.8,280.17,0.87,86.94,4.35,435.42,0.53,52.65,0.88,88.29,0.7,70.29,0.7,69.84,27.21,0.45,33.82,0.55,3,3,3
PO1000001252,2021,SOCFIN,SOCFIN INDONESIA,AEK LOBA,RSPO Certified,"RSPO Certified, IP",3/31/23,2.65,99.62,"2.651389, 99.617778",IDN,Indonesia,Sumatera Utara,Asahan,1-Fully Verified,,83.51,8351.28,85.72,104.71,10471.23,2.05,205.47,3.03,302.76,3.92,391.5,3.79,378.72,3.47,347.04,4.13,413.46,3.1,309.6,0.41,40.77,3.01,301.14,2.83,282.69,2.23,223.47,1.26,126.27,1.05,104.58,2.86,286.02,1.02,101.79,2.48,247.68,1.24,123.84,2.02,201.69,2.85,284.85,2.58,258.12,1.41,140.94,3.87,387.09,54.59,0.65,28.92,0.35,4,4,3
PO1000001256,2021,SOCFIN,SOCFIN INDONESIA,MATA PAO MILL,RSPO Certified,"RSPO Certified, IP",3/31/23,3.53,99.09,"3.530833, 99.091944",IDN,Indonesia,Sumatera Utara,Serdang Bedagai,1-Fully Verified,,71.48,7148.07,176.89,280.57,28056.96,2.8,280.35,1.39,138.51,2.16,215.91,1.99,198.81,0.88,87.66,3.8,379.98,1.38,138.24,3.38,337.95,2.95,295.29,1.37,137.34,3.17,316.8,2.56,256.5,0.58,58.14,2.74,274.41,2.03,203.31,4.92,492.39,9.83,983.34,11.74,1174.23,4.43,443.34,1.18,118.26,2.02,202.14,0.95,95.22,68.28,0.96,3.2,0.04,3,5,2
PO1000001263,2021,KULIM (MALAYSIA) BERHAD,EPA MANAGEMENT SDN BHD,TEREH,RSPO Certified,"RSPO Certified, IP",3/31/23,2.22,103.35,"2.217023, 103.352357",MYS,Malaysia,Johor,Keluang,1-Fully Verified,,106.84,10683.81,125,178.88,17887.86,11.09,1108.53,7.68,767.52,6.77,677.25,5.52,552.15,7.09,709.29,9.62,961.74,9.67,966.87,2.16,215.73,7.14,714.06,0.97,97.47,7.62,761.76,3.23,323.19,1.63,163.26,2.6,259.65,0.4,40.41,1.53,152.91,5.23,523.26,0.52,52.02,4.42,442.26,2.62,261.54,5.42,542.07,6.61,661.32,106.84,1,0,0,5,5,3
PO1000001265,2021,KULIM (MALAYSIA) BERHAD,MAHAMURNI PLANTATIONS SDN BHD,PALONG COCOA,RSPO Certified,"RSPO Certified, IP",3/31/23,2.71,102.79,"2.7064, 102.785012",MYS,Malaysia,Johor,Segamat,1-Fully Verified,,110.66,11066.22,129.71,235.69,23569.11,1.41,141.39,2.67,266.94,0.27,26.82,4.08,408.15,7.38,737.91,3.65,365.22,4.98,498.24,4.69,469.26,9.15,915.3,0.37,37.26,15.29,1529.1,13.34,1334.43,0.97,96.75,1.45,145.44,1.87,186.84,3.77,377.01,2.12,212.49,1.5,150.12,1.66,165.78,1,100.26,1.64,164.07,4.77,477.18,88.06,0.8,22.6,0.2,4,4,3
PO1000001418,2021,KUALA LUMPUR KEPONG (KLK),ADEI PLANTATION AND INDUSTRY,NILO 2,RSPO Certified,"RSPO Certified, IP, MB",3/31/23,0.35,102.09,"0.3525, 102.094722",IDN,Indonesia,Riau,Pelalawan,1-Fully Verified,,1779.24,177923.61,1733.74,1912.41,191241.09,96.92,9691.83,35.13,3512.97,1.25,124.83,208,20800.26,110.11,11010.51,5.6,559.62,67.32,6732,80.46,8045.73,24.67,2467.17,159.26,15925.59,130.2,13019.67,67.67,6767.28,53.75,5374.98,67.91,6790.68,14.25,1424.52,27.88,2788.2,18.36,1836.36,15.66,1566.09,22.34,2234.25,21.72,2172.24,17.01,1700.91,17.31,1731.42,1262.77,0.71,516.46,0.29,3,4,3
PO1000001431,2021,AGROAMERICA,EXTRACTORA LA FRANCIA / AGROCARIBE,EXTRACTORA DEL ATLANTICO,RSPO Certified,"RSPO Certified, IP",3/31/23,15.58,-88.56,"15.582959, -88.559814",GTM,Guatemala,Izabal,Morales,1-Fully Verified,,3014.01,301401.18,3760.88,7782.94,778293.54,14.15,1414.62,39.5,3950.37,19.78,1978.2,21.37,2136.69,43.01,4301.28,16.18,1618.2,59.46,5946.48,24.94,2493.9,28.72,2871.99,41.68,4168.17,26,2600.1,32.29,3229.2,29.81,2981.07,31.03,3103.11,22.67,2266.92,94.15,9415.44,52.05,5204.7,37.64,3763.89,44.77,4476.87,59.62,5962.23,30.3,3030.3,21.08,2107.53,790.21,0.26,2223.8,0.74,3,2,3
PO1000001655,2021,SIPEF,HARGY OIL PALM LTD,BAREMA PALM OIL MILL,RSPO Certified,"RSPO Certified, IP",3/31/23,-5.21,151.13,"-5.210444, 151.129872",PNG,Papua New Guinea,West New Britain,Talasea,1-Fully Verified,,394.78,39478.41,362.43,979.89,97988.94,0.41,41.13,0.87,86.94,0.92,91.98,2.26,226.26,3.91,390.69,9.25,925.47,13.67,1367.28,5.64,564.39,4.63,462.6,3.69,368.73,1.44,143.73,1.86,185.94,1.57,156.87,1.18,117.54,1.72,171.9,1.49,148.59,1.13,113.13,1.31,130.86,1.29,128.88,0.73,73.35,1.51,151.02,2.76,276.39,63.24,0.16,331.55,0.84,2,1,3
PO1000001777,2021,SOCFIN,SOCFIN INDONESIA,SEUMANYAM,RSPO Certified,"RSPO Certified, IP",3/31/23,3.97,96.57,"3.965278, 96.565278",IDN,Indonesia,Aceh,Nagan Raya,1-Fully Verified,,380.5,38050.2,416,1598.68,159868.44,4.43,442.62,2.78,278.19,3.95,395.19,3.55,355.05,3.82,381.87,3.07,307.44,2.75,275.13,2.02,201.96,6.23,623.25,4.17,416.97,7.08,708.12,2.96,295.83,4.83,482.67,6.42,642.06,4.78,477.63,5.15,515.34,4.3,430.11,3.36,336.24,2.35,234.54,3.68,368.1,7.68,768.24,3.93,393.48,93.3,0.25,287.2,0.75,3,1,3
PO1000002415,2020,UNKNOWN,"THAI TALLOW AND OIL CO, LTD",THAITALLOW AND OIL CO.LTD (SITE 1),RSPO Certified,"RSPO Certified, IP, MB",3/31/23,8.53,99.1,"8.5336472, 99.104283",THA,Thailand,Surat Thani,Prasaeng,1-Fully Verified,,210.44,21043.8,276.56,475.4,47539.89,2.34,234,2.72,271.98,3.95,394.65,3.89,388.8,3.14,314.46,6.78,677.88,2.68,268.2,3.57,357.21,5.26,526.23,7.54,754.47,4.35,435.06,4.17,417.33,5.46,546.39,10.94,1094.49,9.14,913.95,11.49,1148.76,21.68,2168.19,12.24,1224,9.67,967.32,9.3,930.06,11.49,1148.58,9.01,900.9,160.83,0.76,49.61,0.24,5,4,3
PO1000002439,"2020,2021",GENTING PLANTATIONS,GENTING PLANTATIONS BERHAD,GENTING AYER ITEM,RSPO Certified,"RSPO Certified, IP",3/31/23,1.86,103.21,"1.856092, 103.209291",MYS,Malaysia,Johor,Keluang,1-Fully Verified,,573.33,57332.52,716.98,1582.9,158289.93,13.03,1303.2,8.49,848.52,4.03,403.02,10.27,1026.72,11.69,1169.1,6.8,680.13,16.91,1691.19,4.78,478.08,13.72,1372.32,6.17,617.13,13.88,1387.53,9.39,939.15,5.14,513.72,13.57,1356.75,12.73,1272.87,22,2200.05,22.16,2215.89,14.63,1462.77,19.45,1944.63,13.18,1318.05,17.98,1797.93,9.22,922.32,269.21,0.47,304.11,0.53,3,3,3
PO1000002459,2021,UNKNOWN,ACEITES Y DERIVADOS S.A.,ACEITES Y DERIVADOS S.A. (ACEYDESA),RSPO Certified,"RSPO Certified, IP",3/31/23,15.82,-85.9,"15.8244028, -85.896528",HND,Honduras,Colón,Trujillo,1-Fully Verified,,209.28,20928.24,283.97,531.11,53111.34,2.35,234.72,5.12,512.46,6.01,600.75,1.32,131.76,2.21,221.31,1.48,148.05,4.32,431.73,2.6,260.37,1.75,174.87,0.96,95.94,0.71,70.83,6.71,671.22,2.51,250.83,4.27,427.14,1.74,174.15,3.13,312.84,2.42,242.19,2.76,275.85,3.11,311.31,1.91,191.16,1.33,133.11,0.67,67.23,59.4,0.28,149.88,0.72,2,2,3
PO1000002490,2020,UNKNOWN,"SRIJAROEN PALM OIL CO.,LTD","SRIJAROEN PALM OIL CO.,LTD.",RSPO Certified,"RSPO Certified, IP, MB",3/31/23,8.29,99.06,"8.290611, 99.055194",THA,Thailand,Krabi,Khao Phanom,1-Fully Verified,,151.41,15140.7,218.02,379.98,37997.55,2.69,269.46,3.67,367.38,4.16,415.53,4.46,446.49,3.14,314.1,3.68,368.1,2.3,230.49,3.18,317.79,5.01,500.85,4.95,494.82,3.42,342.36,3.2,320.13,3.86,386.37,7.85,785.43,5.75,575.28,8.37,837.27,10.28,1027.62,7.77,776.79,6.12,612.36,5.36,535.86,5.55,555.03,5.19,519.03,109.99,0.73,41.42,0.27,5,4,3
PO1000002746,2021,GRUPO NUMAR,COMPAÑÍA INDUSTRIAL ACEITERA COTO 54 S.A.,"COTO 54 GUAYCARA, COTO MILL",RSPO Certified,"RSPO Certified, IP",3/31/23,8.63,-83,"8.629799, -83.002992",CRI,Costa Rica,Puntarenas,Golfito,1-Fully Verified,,3535.58,353558.07,4038.36,8264.35,826435.08,7.1,710.19,10.4,1040.13,6.86,685.62,5.76,576,23.5,2349.9,9.49,949.41,18.18,1817.64,34.18,3417.84,32.21,3220.65,8.32,831.51,10.84,1084.23,21.58,2157.93,9.87,987.21,17.18,1718.28,6.4,640.26,10.45,1045.35,27.94,2794.5,16.51,1651.41,21.29,2129.22,14.38,1437.93,12.01,1201.32,11.39,1139.13,335.86,0.09,3199.72,0.91,1,1,3
PO1000002767,2021,GRUPO NUMAR,COMPAÑÍA INDUSTRIAL ACEITERA COTO 54 S.A.,"COTO 54 AGUIRRE, NARANJO MILL",RSPO Certified,"RSPO Certified, IP",3/31/23,9.41,-84.09,"9.40719, -84.085971",CRI,Costa Rica,Puntarenas,Aguirre,1-Fully Verified,,2387.34,238733.82,2642.73,4696.9,469690.47,10.64,1063.53,11.94,1193.94,3.65,365.13,3.94,393.66,6.34,634.5,10.95,1095.12,3.82,381.69,5.48,547.56,24.72,2472.12,2.12,212.04,5,499.68,13.52,1351.89,1.94,193.5,2.7,269.55,1.03,102.6,3.43,343.35,10.87,1087.2,8.58,858.06,4.57,457.02,4.2,419.76,3.1,309.96,2.79,279.45,145.31,0.06,2242.03,0.94,1,1,3
PO1000002872,2021,NATURACEITES S.A.,NATURACEITES S.A.,PATAXTE,RSPO Certified,"RSPO Certified, IP",3/31/23,15.34,-89.29,"15.3448, -89.2918",GTM,Guatemala,Izabal,El Estor,1-Fully Verified,,1843.97,184396.95,2807.16,6324.96,632496.06,9.26,925.74,11.92,1191.87,5.56,556.11,4.76,476.28,8.97,897.12,4.42,441.9,11.1,1109.88,6.54,654.03,6.12,612.36,9.97,997.47,7.68,767.79,9.69,968.58,10.96,1096.02,10.21,1020.69,7.69,769.14,47.1,4710.06,16.35,1635.3,23.11,2311.47,23.13,2313.27,17.89,1789.2,18.16,1816.47,10.68,1068.21,281.29,0.15,1562.68,0.85,2,1,3
PO1000003031,"2021,2020",UNKNOWN,PALMERAS DE LA COSTA S.A.,PALMERAS DE LA COSTA,RSPO Certified,"RSPO Certified, IP",3/31/23,10.1,-74.01,"10.101325, -74.0101",COL,Colombia,Cesar,El Copey,1-Fully Verified,,1896.15,189614.97,5328.36,10413.16,1041316.2,28.91,2890.53,16.54,1653.93,60.47,6047.19,18.47,1846.98,16.14,1614.15,17.4,1740.15,21.81,2181.06,27.65,2765.43,17.71,1771.2,14.12,1411.56,8.58,858.06,22.04,2203.74,7.68,768.33,13.1,1310.49,21.57,2157.48,43.07,4307.22,50.81,5080.59,39.06,3906.27,31.66,3165.75,22.72,2272.23,17.33,1733.49,28.04,2804.13,544.9,0.29,1351.25,0.71,3,2,3
PO1000003116,2021,GRUPO JAREMAR,COMPAÑÍA AGRICOLA INDUSTRIAL CEIBEÑA S.A.  (CAICESA),COMPAÑÍA AGRICOLA INDUSTRIAL CEIBEÑA S.A.  (CAICESA),RSPO Certified,"RSPO Certified, MB",3/31/23,15.69,-87.07,"15.6887222, -87.065111",HND,Honduras,Atlántida,San Francisco,1-Fully Verified,,2337.1,233709.93,2844.26,7300.3,730029.87,4.46,445.68,5.24,523.98,4.86,486,7.6,759.6,4.11,411.48,10.06,1005.93,13.91,1391.31,6.97,697.32,9.68,968.31,5.73,572.76,9.05,905.49,6.34,633.6,14.22,1421.64,14.61,1460.52,14.96,1495.89,32.44,3243.78,47.99,4798.98,31.15,3115.44,30.04,3003.84,35.35,3535.29,30.88,3087.54,26.88,2688.03,366.52,0.16,1970.58,0.84,3,1,3
PO1000003254,2021,CARGILL,HINDOLI,MUKUT,RSPO Certified,"RSPO Certified, IP",3/31/23,-2.44,104.42,"-2.441389, 104.419444",IDN,Indonesia,Sumatera Selatan,Musi Banyuasin,1-Fully Verified,,994.61,99460.8,1541.4,3440.78,344078.19,3.67,366.84,2.73,272.88,2.49,249.21,5.45,545.31,1.42,141.66,10.07,1006.83,42.42,4241.61,26.97,2697.39,21.79,2178.54,24.2,2420.46,93.98,9397.53,107.84,10783.98,35.84,3583.89,33.75,3375.09,69.32,6931.71,24.64,2464.38,23.86,2385.54,20.28,2027.7,15.74,1573.65,12.01,1201.23,11.86,1185.66,10.91,1090.62,601.22,0.6,393.39,0.4,3,3,3
PO1000003324,2021,OLEOFLORES,GRUPO OLEOFLORES,OLEOFLORES,RSPO Certified,"RSPO Certified, MB",3/31/23,10.1,-73.24,"10.097972, -73.235556",COL,Colombia,Cesar,La Paz,1-Fully Verified,,2248.97,224897.49,4398.54,7966.95,796695.48,9.87,987.3,17.28,1728.36,28.17,2817.09,8.39,839.07,11.11,1110.96,11.58,1158.48,21.51,2151.36,10.64,1063.62,10.99,1099.17,6.36,635.67,10.73,1072.71,11.64,1163.52,10.78,1078.02,9.97,996.84,7.52,752.4,17.23,1723.32,21.91,2191.05,16.31,1631.43,8.2,820.26,10.39,1039.14,9.89,989.37,13.67,1367.1,284.16,0.13,1964.81,0.87,2,1,3
PO1000003496,2021,KRETAM HOLDINGS BERHAD,SYARIKAT KRETAM MILL SDN BHD,KRETAM,RSPO Certified,"RSPO Certified, IP",3/31/23,5.66,117.84,"5.657167, 117.837528",MYS,Malaysia,Sabah,Sandakan,1-Fully Verified,,80.85,8084.88,84.67,199.49,19949.13,1.44,143.73,0.83,83.07,0.14,14.31,4.92,491.76,2.92,292.5,1.33,133.29,3.17,317.43,0.91,90.72,1.95,194.67,3.46,345.6,7.03,702.99,3.75,375.21,2.63,263.07,3.86,386.1,2.39,239.4,5.39,538.74,3.23,323.19,3.5,350.1,1.66,166.32,0.16,16.29,3.52,352.26,0.17,17.28,58.38,0.72,22.47,0.28,3,4,3
PO1000003666,2020,UNKNOWN,PITAK PALM OIL CO.,PITAK PALM OIL CO.,RSPO Certified,"RSPO Certified, IP, MB",3/31/23,7.74,99.31,"7.74324, 99.309558",THA,Thailand,Trang,Sikao,1-Fully Verified,,361.48,36148.5,500.2,944.35,94435.29,2.06,205.65,4.37,436.86,6.57,657,11.49,1149.03,9.62,961.56,7.77,777.15,2.55,254.88,8.46,845.55,11.68,1168.02,5.18,518.31,6.29,628.56,4.62,462.33,7.47,746.55,11.32,1132.02,10.75,1074.69,15.17,1516.68,17.26,1725.75,12.9,1289.7,11.5,1150.29,9.08,908.46,7.43,742.95,5.65,565.02,189.17,0.52,172.31,0.48,3,3,3
PO1000003713,2020,ACHI JAYA PLANTATIONS SDN BHD,ACHI JAYA PLANTATIONS SDN BHD,JOHOR LABIS,Not RSPO Certified,,3/31/23,2.25,103.05,"2.251472, 103.051306",MYS,Malaysia,Johor,Segamat,2-High Confidence,,231.45,23144.76,258.53,301.37,30137.4,10.58,1057.95,2.69,269.1,2.64,263.79,5.79,579.33,6.24,623.97,4.23,423.18,6.65,665.28,2.36,235.53,12.83,1282.77,1.89,189.27,17.87,1786.95,12.43,1242.99,6.53,653.49,11.93,1193.49,8.44,844.2,11.56,1156.41,13.53,1353.33,11.77,1176.75,11.88,1188,9.04,903.87,8.97,897.21,10.08,1007.55,189.94,0.82,41.5,0.18,5,5,3
PO1000003715,2020,ARAH KAWASAN SDN BHD,ARAH KAWASAN SDN BHD,ARAH KAWASAN,Not RSPO Certified,,3/31/23,5.28,100.69,"5.278791, 100.686093",MYS,Malaysia,Kedah,Bandar Baharu,1-Fully Verified,,235.79,23578.74,259.43,719.6,71959.86,0.99,98.91,3.46,346.32,1.26,125.82,2.2,220.5,2.2,220.32,1.83,183.06,2.59,258.93,3.36,335.52,5.5,550.08,6.87,686.97,2.18,218.16,5.77,576.81,3.61,361.08,5.69,568.8,7.9,789.93,6.36,635.58,6.94,693.72,5.65,564.93,4.01,401.04,5.83,582.84,4.43,442.62,4.61,460.53,93.22,0.4,142.56,0.6,3,3,3
PO1000003718,2020,BAN DUNG PALM OIL INDUSTRIES SDN BHD,BAN DUNG PALM OIL INDUSTRIES SDN BHD,BAN DUNG,Not RSPO Certified,,3/31/23,2.05,102.88,"2.045553, 102.879797",MYS,Malaysia,Johor,Batu Pahat,1-Fully Verified,,348,34800.03,394.96,743.72,74371.5,9.16,915.75,6.1,609.84,1.59,158.94,6.82,681.93,4.23,422.55,4.89,488.79,3.81,380.79,2.09,208.71,7.28,727.65,1.68,167.76,6.62,662.31,5.44,543.69,3.01,300.78,6.72,671.76,4.07,407.34,9.02,901.71,9.39,938.88,5.7,570.33,7.77,777.15,8.2,819.63,5.76,575.82,3.93,393.39,123.25,0.35,224.75,0.65,3,2,3
PO1000003725,2020,BORNEO AGRO-RESOURCES SDN BHD,BORNEO AGRO-RESOURCES SDN BHD,BORNEO AGRO-RESOURCES,Not RSPO Certified,,3/31/23,3.28,113.43,"3.276304, 113.426606",MYS,Malaysia,Sarawak,Bintulu,1-Fully Verified,,5.9,589.86,5.32,3.63,362.61,0,0,0,0.27,0,0.18,0.41,41.13,3.08,307.8,0.62,62.46,0.05,4.77,0.02,1.71,0.04,4.5,0.05,4.95,0.25,25.2,0.09,9.45,0.06,5.67,0,0,0,0,0,0.36,0,0,0.09,9.36,0.07,7.47,0.02,2.16,0.02,1.8,0.03,2.61,4.92,0.83,0.98,0.17,2,5,1
PO1000003726,2020,SAWIT KINABALU SDN BHD,SAWIT KINABALU SDN BHD,APAS BALUNG,Not RSPO Certified,,3/31/23,4.37,118.1,"4.371767, 118.101486",MYS,Malaysia,Sabah,Tawau,1-Fully Verified,,652.49,65249.01,763.7,1332.18,133218.09,8.05,805.32,14.34,1433.61,3.01,300.87,24.97,2497.14,11.58,1157.67,10.24,1023.93,4.85,484.92,16.71,1670.58,3.56,355.95,19.32,1932.12,9.77,977.31,10.16,1015.74,6.52,651.69,12.18,1217.79,6.81,681.39,12.8,1280.25,7.21,721.17,11.23,1122.75,10.78,1078.11,7.32,731.88,7.62,761.58,6.9,690.3,225.92,0.35,426.57,0.65,3,2,3
PO1000003728,2020,SAWIT KINABALU SDN BHD,SAWIT KINABALU SDN BHD,LANGKON,Not RSPO Certified,,3/31/23,6.57,116.71,"6.571735, 116.708337",MYS,Malaysia,Sabah,Kota Marudu,2-High Confidence,,3234.93,323493.03,3639.07,8591.3,859129.56,42.63,4263.03,39.1,3909.69,14.95,1494.9,40.35,4034.61,51.27,5126.58,44.16,4416.12,43.34,4334.04,27.96,2796.39,53.15,5314.86,45.22,4522.41,55.32,5532.3,47.81,4780.71,37.73,3772.53,84.1,8409.96,69.39,6939.36,67.13,6713.28,45.74,4574.25,47.35,4735.17,51.96,5195.7,36.35,3635.28,34,3399.84,24.49,2449.35,1003.5,0.31,2231.43,0.69,3,2,3
PO1000003739,2020,KILANG KELAPA SAWIT SELUMPUR SDN BHD,KILANG KELAPA SAWIT SELUMPUR SDN BHD,SELUMPUR,Not RSPO Certified,,3/31/23,2.67,102.81,"2.6663, 102.807",MYS,Malaysia,Johor,Segamat,1-Fully Verified,,22.14,2214,25.99,27.16,2715.75,2.46,245.7,1.47,146.88,0.2,20.43,2.24,223.74,3,299.97,2.69,269.28,1.15,115.29,0.21,21.33,3.44,344.25,0,0.45,0.26,25.74,1.07,107.28,0.18,17.91,0.18,17.82,0.26,25.92,0.92,91.71,0.23,22.77,0.61,61.29,0.56,55.53,0.08,7.65,0.18,17.55,0.11,10.62,21.49,0.97,0.65,0.03,2,5,1
PO1000003743,2020,CLASSIC PALM OIL MILL SDN BHD,CLASSIC PALM OIL MILL SDN BHD,CLASSIC,Not RSPO Certified,,3/31/23,2.6,102.62,"2.600889, 102.624639",MYS,Malaysia,Negeri Sembilan,Tampin,1-Fully Verified,,185.81,18580.59,221.5,331.62,33162.39,23.51,2351.16,21.07,2107.17,8.65,865.44,12.51,1251.09,18.63,1862.91,13.04,1304.19,4.97,497.25,2.7,269.91,6.35,635.4,0.01,1.44,8.76,875.61,5.83,583.29,0.64,63.72,4.06,405.54,2.77,277.47,10.73,1073.43,7.5,750.24,2.33,233.01,2.63,263.43,2.25,225,4.07,406.53,3.3,329.58,166.33,0.9,19.48,0.1,3,5,2
PO1000003746,2020,DUPONT & LEOSK ENTERPRISES,DUPONT & LEOSK ENTERPRISES SDN BHD,GEDOK MAS,Not RSPO Certified,,3/31/23,2.58,102.42,"2.577947, 102.423929",MYS,Malaysia,Negeri Sembilan,Tampin,1-Fully Verified,,336.51,33650.82,422.64,747.29,74728.89,13.88,1387.98,19.69,1969.47,3.06,306.45,1.64,163.98,9.82,982.08,8.95,894.87,7.9,790.38,7.01,700.65,17.76,1775.7,1.34,133.92,10.33,1033.29,10.05,1004.67,4.73,472.59,26.2,2620.35,13.56,1355.76,17.73,1772.55,19.82,1981.62,12.68,1267.92,11.82,1181.52,8.84,884.25,8.95,895.05,6.73,673.2,242.48,0.72,94.03,0.28,3,4,3
PO1000003749,2020,RISDA ESTATES SDN BHD,RISDA ESTATES SDN BHD,RISDA SG AMBAT,Not RSPO Certified,,3/31/23,2.19,103.88,"2.194746, 103.87798",MYS,Malaysia,Johor,Mersing,1-Fully Verified,,673.81,67381.38,713.4,2367.05,236705.4,12.03,1203.12,8.36,835.92,1.2,119.61,5.98,598.23,6.48,648.18,12.66,1265.58,14.62,1462.41,2.98,298.26,10.22,1021.77,32.74,3273.75,34.96,3496.23,26.5,2650.32,24.18,2418.3,32.99,3299.4,16.43,1642.77,14.57,1457.01,20.6,2060.28,15.69,1569.15,7.2,719.82,2.5,250.2,5.31,531.45,1.78,178.2,310,0.46,363.81,0.54,2,3,3
PO1000003750,2020,RISDA ESTATES SDN BHD,RISDA ESTATES SDN BHD,RISDA ULU KERATONG,Not RSPO Certified,,3/31/23,2.74,102.91,"2.737472, 102.910556",MYS,Malaysia,Pahang,Rompin,1-Fully Verified,,114.75,11474.64,136.23,153.22,15322.23,0.86,86.22,7.73,772.56,3.8,379.98,13.6,1360.44,3.73,372.87,5.08,508.14,7.08,708.3,0.93,92.52,12.46,1245.6,0.94,93.78,45.49,4549.32,4.89,489.33,3.95,395.19,5.1,510.12,0.17,17.37,2.65,265.32,2.12,212.31,0.88,88.11,1.55,155.34,0.83,83.25,0.56,55.62,0.45,45.36,114.75,1,0,0,2,5,1
PO1000003770,2020,FOONG LEE SAWI MINYAK SDN BHD,FOONG LEE SAWI MINYAK SDN BHD,FOONG LEE SAWI MINYAK,Not RSPO Certified,,3/31/23,4.92,101.11,"4.924211, 101.105208",MYS,Malaysia,Perak,Kuala Kangsar,1-Fully Verified,,2199.84,219984.21,2062.11,4452.07,445206.78,9.85,985.41,15.19,1519.38,6.7,669.87,4.48,448.02,7.02,702.27,5.95,594.72,9.22,922.14,10.33,1032.75,14.59,1459.17,17.15,1715.31,16.42,1642.41,23.8,2380.5,9.47,946.53,34.59,3458.52,39.49,3949.02,45.14,4513.5,28.25,2825.28,16.87,1687.05,12.39,1238.94,10.77,1076.58,12.02,1202.49,5.85,585.45,355.55,0.16,1844.29,0.84,2,1,3
PO1000003781,2020,GLOBAL ENTERPRISE OIL MILL SDN BHD,GLOBAL ENTERPRISE OIL MILL SDN BHD,GLOBAL ENTERPRISE,Not RSPO Certified,,3/31/23,5.49,117.99,"5.490111, 117.988556",MYS,Malaysia,Sabah,Kinabatangan,1-Fully Verified,,133,13299.84,176.07,256.69,25668.63,1.2,119.88,1.59,159.3,0.62,61.92,3.27,326.52,5.32,531.63,6.51,650.97,2.86,286.38,1.67,167.31,0.73,73.35,4.05,404.82,0.7,70.47,2.14,213.75,0.85,84.96,1.68,167.85,2.53,252.81,1.94,193.77,3.18,318.33,2.26,225.54,1,99.99,1.12,111.96,2.25,225.36,3.32,332.1,50.79,0.38,82.21,0.62,3,3,3
PO1000003804,2020,JENG HUAT (BAHAU) REALTY SDN BHD,JENG HUAT (BAHAU) REALTY SDN BHD,JENG HUAT,Not RSPO Certified,,3/31/23,3.1,102.46,"3.103806, 102.458083",MYS,Malaysia,Pahang,Bera,1-Fully Verified,,158.9,15889.68,185.79,338.33,33832.53,14.06,1406.34,4.77,476.91,0.23,23.13,1.44,144.09,3.63,362.79,0.51,51.39,1.66,165.69,2.9,290.34,9.85,985.14,4.88,487.98,8.07,807.21,8.6,860.49,14.56,1455.93,8.68,867.6,8.19,819.18,15.82,1581.66,4.23,423,9.49,949.41,6.44,644.04,1.48,148.23,4.09,409.05,5.38,537.75,138.97,0.87,19.92,0.13,4,5,3
PO1000003811,2020,KIAN HOE PLANTATIONS BHD,KIAN HOE PLANTATIONS BHD,CORONATION,Not RSPO Certified,,3/31/23,2.02,103.27,"2.022778, 103.267194",MYS,Malaysia,Johor,Keluang,1-Fully Verified,,144.47,14446.62,203.75,297.12,29711.7,10.81,1080.54,4.32,432.09,0.86,86.22,4.59,459.45,5.23,523.17,2.83,283.32,5.86,585.99,2.17,216.54,8.08,808.11,2.88,288.09,6.72,671.94,3.63,363.24,4.07,406.8,5.93,592.56,6.39,638.64,9.2,920.16,7.98,797.67,6.69,669.24,9.23,922.95,5.08,507.78,6.5,650.07,2.28,228.33,121.33,0.84,23.14,0.16,4,5,3
PO1000003816,2020,FELCRA BERHAD,FELCRA BHD,SELAMA,Not RSPO Certified,,3/31/23,5.18,100.72,"5.178291, 100.716671",MYS,Malaysia,Perak,Kampar,1-Fully Verified,,422.62,42262.29,414.93,896.97,89696.97,2.04,204.3,3.15,315.18,1.52,151.74,6.18,617.67,5.03,503.01,6.25,624.51,2.4,239.58,7.59,758.97,3.91,390.69,5.43,543.06,4.36,436.14,9.62,961.83,3.87,387.45,5.44,544.14,2.98,297.81,6.69,668.97,6.47,646.74,5.17,517.23,8.8,879.93,3.07,307.08,2.91,290.79,2.26,226.17,105.13,0.25,317.49,0.75,2,1,3
PO1000003818,2020,KILANG MINYAK SAWIT TG TUALANG (1997) SDN BHD,KILANG MINYAK SAWIT TG TUALANG (1997) SDN BHD,TG TUALANG,Not RSPO Certified,,3/31/23,4.31,101.04,"4.305207, 101.039023",MYS,Malaysia,Perak,Kinta,1-Fully Verified,,888.82,88881.75,1242.86,2435.06,243505.53,6.46,645.57,6.71,670.86,7.12,711.54,7.37,736.92,6.43,642.69,6.3,630.36,6.98,697.59,6.01,600.75,10.01,1000.98,7.93,793.26,5.54,553.5,9.55,954.72,6.72,671.85,9.62,961.74,6.67,666.54,17.75,1775.16,16.84,1684.35,14.81,1481.31,10.28,1027.71,10.27,1027.44,14.71,1470.69,8.4,840.33,202.46,0.23,686.36,0.77,3,1,3
PO1000003821,2020,KILANG SAWIT MUAR BHD,KILANG SAWIT MUAR BHD,MUAR,Not RSPO Certified,,3/31/23,2.01,102.68,"2.009418, 102.679904",MYS,Malaysia,Johor,Muar,1-Fully Verified,,313.95,31394.79,412.31,657.66,65765.7,3.95,395.1,2.88,287.64,2.25,224.82,7.29,728.55,5.22,521.73,4.6,459.54,11.73,1173.42,3.36,336.15,8.41,840.78,3.09,308.7,6.95,694.71,5.4,539.91,2.58,258.48,11.84,1183.59,5.5,549.72,12.69,1268.55,9.61,961.11,9.88,987.84,8.97,896.58,7.02,701.91,5.83,583.2,5.71,571.41,144.73,0.46,169.21,0.54,3,3,3
PO1000003831,2020,KUANTAN TRADING OIL MILL SDN BHD,KUANTAN TRADING OIL MILL SDN BHD,KUANTAN TRADING,Not RSPO Certified,,3/31/23,2.73,102.94,"2.729528, 102.940028",MYS,Malaysia,Pahang,Rompin,1-Fully Verified,,17.04,1704.15,16.03,7.88,788.04,0,0.09,0.01,0.72,0,0,0,0.18,0,0.36,0,0.18,0.01,1.44,0.57,56.97,0.91,91.08,0.28,28.17,6.57,656.82,3.79,379.17,2,200.07,2.15,215.01,1.02,102.06,0.08,8.37,0.01,0.54,0.04,3.87,0.03,3.33,0,0.09,0.01,0.81,0.01,0.9,17.04,1,0,0,1,5,1
PO1000003834,2020,LADANG TAI TAK (KOTA TINGGI) SDN BHD,LADANG TAI TAK (KOTA TINGGI) SDN BHD,TAI TAK,Not RSPO Certified,,3/31/23,1.69,103.86,"1.693889, 103.858611",MYS,Malaysia,Johor,Kota Tinggi,1-Fully Verified,,283.18,28318.23,462.32,951.4,95140.17,3.11,310.95,4.15,415.44,2.44,244.17,9.44,943.74,7.53,753.39,10.54,1053.63,4.24,424.44,4.34,434.16,6.88,687.51,6.01,600.57,8.44,843.84,11.08,1108.17,11.97,1196.82,15.26,1525.95,9.33,933.48,12.46,1245.78,10.91,1090.89,10.14,1014.3,9.87,986.67,8.39,838.53,12.35,1235.25,4.25,424.71,183.12,0.65,100.06,0.35,4,4,3
PO1000003836,2020,LENGA PALMOIL INDUSTRIES SDN BHD,LENGA PALMOIL INDUSTRIES SDN BHD,LENGA,Not RSPO Certified,,3/31/23,2.23,102.57,"2.226357, 102.569333",MYS,Malaysia,Johor,Ledang,1-Fully Verified,,320.52,32052.06,418.4,657.94,65794.14,10.56,1056.15,7.5,749.52,4.62,462.15,5.08,507.78,9.9,989.91,4.85,484.83,10.15,1014.84,5.69,568.8,11.16,1116,2.25,224.91,7.85,785.07,7.65,765.36,3.38,338.31,8.29,828.72,7.11,711.18,13.17,1316.52,12.81,1280.52,8.53,853.38,11.29,1128.87,10.37,1037.16,8.37,836.64,6.39,638.55,176.95,0.55,143.57,0.45,3,3,3
PO1000003839,2020,LIZIZ PLANTATION SDN BHD,LIZIZ PLANTATION SDN BHD,LIZIZ,Not RSPO Certified,,3/31/23,4.87,101.81,"4.871817, 101.805583",MYS,Malaysia,Kelantan,Gua Musang,1-Fully Verified,,3.25,324.99,3.34,5.15,514.8,0.01,0.54,0,0.09,0.04,4.23,0.02,2.07,1.65,165.15,0.69,68.67,0.18,17.73,0,0.45,0.01,0.81,0,0,0.01,0.63,0.09,8.55,0.01,0.81,0.02,1.98,0,0.18,0.01,1.08,0.25,25.29,0.01,1.26,0,0,0.02,1.71,0.03,3.06,0,0.09,3.04,0.94,0.21,0.06,2,5,1
PO1000003840,2020,LKPP CORPORATION SDN BHD,LKPP CORPORATION SDN BHD,LCSB LEPAR,Not RSPO Certified,,3/31/23,3.59,103.08,"3.592639, 103.083",MYS,Malaysia,Pahang,Pekan,2-High Confidence,,901.86,90185.85,1025.7,1848.17,184817.07,8.96,895.86,26.88,2688.3,2.73,273.15,23.3,2330.1,23.95,2394.9,20.77,2077.38,17,1699.56,4.4,439.92,11.26,1125.9,24.49,2449.35,16.83,1683,37.96,3795.84,9.62,962.1,41.04,4104,32.49,3249.27,54.83,5482.71,15.62,1561.5,20.84,2083.86,35.22,3522.33,17.37,1736.91,13.04,1303.74,9.62,961.92,468.22,0.52,433.64,0.48,3,3,3
PO1000003842,2020,MALMAJU BINA SDN BHD,MALMAJU BINA SDN BHD,MALMAJU BINA,Not RSPO Certified,,3/31/23,5.17,100.67,"5.1748, 100.6741",MYS,Malaysia,Perak,Kampar,1-Fully Verified,,664.48,66448.44,673.99,2811.83,281183.13,2.86,286.47,5.51,551.43,2.49,249.48,4.27,427.41,9.1,910.08,5.18,517.77,3.87,387.27,11.5,1150.02,11.44,1143.63,22.58,2257.92,12.24,1224.09,8.61,860.85,7.99,799.29,13.97,1396.89,8.83,882.9,9.71,971.46,8.3,830.16,9.67,967.14,8.09,809.46,6.92,691.56,8.72,872.37,9.89,989.37,191.77,0.29,472.71,0.71,3,2,3
PO1000003843,2020,MALPOM INDUSTRIES BHD,MALPOM INDUSTRIES BHD,MALPOM INDUSTRIES,Not RSPO Certified,,3/31/23,5.21,100.48,"5.207778, 100.483889",MYS,Malaysia,Pulau Pinang,Seberang Perai Selatan,1-Fully Verified,,339.39,33938.73,678.78,1833.06,183306.33,0.43,42.84,3.48,348.48,1.11,110.7,3.21,321.21,3.48,347.58,2.71,270.72,2.66,265.68,2.49,249.3,4.85,485.46,5.91,590.76,5.81,581.22,5.47,546.93,2.45,245.07,9.46,946.44,6.26,626.22,8.05,805.32,6.73,672.75,4.89,488.61,6.1,610.2,5.32,531.81,5.81,580.77,3.71,370.98,100.39,0.3,239,0.7,3,2,3
PO1000003844,2020,MALSA CORPORATION SDN BHD,MALSA CORPORATION SDN BHD,MALSA,Not RSPO Certified,,3/31/23,5.78,117.66,"5.781927, 117.657208",MYS,Malaysia,Sabah,Beluran,1-Fully Verified,,365.88,36588.06,413.82,953.79,95378.58,1.11,110.88,1.03,103.5,1.61,161.1,3.19,319.23,1.56,155.88,1.66,165.78,1.93,193.32,3.33,333.09,1.93,193.41,2.19,219.06,1.44,143.91,3.32,332.01,3.39,339.03,7.97,797.31,6.73,672.57,6.6,659.7,9.82,981.72,6.71,671.13,8.23,822.51,7.27,726.93,5.31,530.73,3.85,385.02,90.18,0.25,275.7,0.75,3,1,3
PO1000003849,2020,MINSAWI INDUSTRIES (KUALA KANGSAR) SDN BHD,MINSAWI INDUSTRIES (KUALA KANGSAR) SDN BHD,MINSAWI,Not RSPO Certified,,3/31/23,4.9,100.91,"4.903604, 100.906978",MYS,Malaysia,Perak,Kuala Kangsar,1-Fully Verified,,1477.41,147740.67,1503.6,3881.53,388153.17,12.06,1206.27,16.87,1687.41,7.88,788.4,11.25,1124.91,16.52,1652.31,16.04,1604.43,18.4,1840.14,14.52,1452.33,18.01,1800.81,27.47,2746.71,40.95,4094.91,18.17,1817.46,11.73,1172.88,29.48,2948.04,17.71,1771.2,27.4,2739.78,24.49,2448.81,22.31,2231.37,19.59,1958.76,22.54,2254.41,27.78,2777.67,17.53,1753.02,438.72,0.3,1038.69,0.7,3,2,3
PO1000003857,2020,PANTAI REMIS PALM OIL MILL SDN BHD,PANTAI REMIS PALM OIL MILL SDN BHD,PANTAI REMIS,Not RSPO Certified,,3/31/23,4.37,100.7,"4.367164, 100.696154",MYS,Malaysia,Perak,Manjung,1-Fully Verified,,193.49,19348.65,315.94,454.31,45430.83,1.97,196.56,4.18,417.6,3.51,351.18,7.38,737.73,3.86,386.1,3.58,358.11,4.68,468.27,3.49,349.38,5.11,510.93,1.83,182.88,6.82,682.47,5.22,522.45,4.74,473.94,6.33,632.7,6.41,640.89,4.95,494.82,7.5,750.42,6.82,681.66,9.92,992.34,6.84,684.27,5.99,599.49,5.61,560.7,116.75,0.6,76.74,0.4,4,3,3
PO1000003858,2020,PEMBANGUNAN LADANG HASSAN SDN BHD,PEMBANGUNAN LADANG HASSAN SDN BHD,LADANG HASSAN,Not RSPO Certified,,3/31/23,5.78,117.7,"5.78435, 117.700146",MYS,Malaysia,Sabah,Sandakan,1-Fully Verified,,196.75,19674.54,223.69,360.25,36025.11,3.98,398.25,6.48,647.64,2.56,256.32,3.07,307.08,2.35,235.08,1.62,161.82,1.32,131.94,3.41,341.01,4.63,463.23,3.53,352.8,1.33,132.57,3.21,320.76,6.41,641.25,4.64,464.49,5.59,558.81,8.87,887.13,3.65,365.13,9.95,994.86,17.17,1717.11,8.79,879.39,2.04,204.3,3.66,365.76,108.27,0.55,88.48,0.45,3,3,3
PO1000003860,2020,PERAK MOTOR COMPANY SDN BHD,PERAK MOTOR COMPANY SDN BHD,PERAK MOTOR,Not RSPO Certified,,3/31/23,3.96,101.18,"3.964975, 101.178389",MYS,Malaysia,Perak,Hilir Perak,1-Fully Verified,,8.64,864.27,9.31,7.93,793.08,0.25,24.93,1.61,160.56,0,0,0,0,0.12,11.97,0.02,1.98,1.94,194.22,0.9,90.18,2.54,253.62,0.08,8.01,0.04,3.87,0.06,5.67,0.01,0.9,0,0.36,0,0,0,0.45,0.01,0.99,0.01,1.44,0.01,1.44,0.55,55.17,0.02,2.16,0,0,8.18,0.95,0.46,0.05,1,5,1
PO1000003861,2020,PERTUBUHAN PELADANG NEGERI JOHOR (PPNJ),PERTUBUHAN PELADANG NEGERI JOHOR (PPNJ),PPNJ BUKIT BUJANG,Not RSPO Certified,,3/31/23,2.8,102.76,"2.799894, 102.758411",MYS,Malaysia,Johor,Segamat,1-Fully Verified,,49.73,4972.59,47.69,39.18,3918.15,2.42,242.1,5.87,587.34,0.05,4.77,1.15,115.47,6.98,697.95,3.02,301.59,3.25,324.99,1.87,187.29,3.95,395.46,0.79,78.66,0.86,86.13,2.01,201.15,0.65,65.34,5.25,524.97,0.21,20.52,2.51,251.19,0.97,96.57,4.07,407.34,1.89,188.82,0.76,76.5,0.28,27.63,0.02,2.07,48.84,0.98,0.89,0.02,1,5,1
PO1000003862,2020,PERTUBUHAN PELADANG NEGERI JOHOR (PPNJ),PERTUBUHAN PELADANG NEGERI JOHOR (PPNJ),PPNJ KAHANG,Not RSPO Certified,,3/31/23,2.17,103.48,"2.1714, 103.4796",MYS,Malaysia,Johor,Keluang,1-Fully Verified,,200.7,20069.73,247.41,409.63,40962.6,2.43,242.91,3.6,359.91,2.04,204.12,10.26,1025.82,6.85,685.44,3.1,310.14,2.59,259.2,2.06,205.92,4.8,480.24,7.49,748.8,7.19,719.19,5.23,522.99,1.98,197.55,4.7,469.98,1.78,177.93,4.59,459.45,6.02,601.65,4.94,493.83,4.66,465.75,2.95,294.84,5.71,571.41,1.86,185.58,96.83,0.48,103.87,0.52,3,3,3
PO1000003876,2020,QL RESOURCES,QL PLANTATION SDN BHD,QL MILL 1,Not RSPO Certified,,3/31/23,4.48,118.2,"4.476456, 118.198075",MYS,Malaysia,Sabah,Tawau,1-Fully Verified,,69.07,6906.96,74.97,130.79,13078.62,0.46,45.99,1.33,133.02,0.47,46.89,1.26,125.55,2.5,250.2,1.83,183.24,1.48,147.96,4.8,480.33,1.75,174.69,3.9,390.33,2.28,228.42,6.6,659.79,3.89,388.8,2.48,248.22,2.16,216,0.77,77.04,1.22,122.04,3.58,358.38,0.59,58.77,1.19,119.07,2.15,214.92,3.89,389.07,50.59,0.73,18.48,0.27,5,4,3
PO1000003889,2020,SARAWAK OIL PALMS BERHAD,SARAWAK OIL PALMS BHD,GALASAH,Not RSPO Certified,,3/31/23,3.61,113.66,"3.611044, 113.661384",MYS,Malaysia,Sarawak,Miri,1-Fully Verified,,292.18,29218.05,316.93,453.78,45378.18,4.16,415.98,1.69,168.75,3.1,309.78,5.44,543.87,11.11,1111.32,4.33,432.54,7.3,730.08,15.32,1532.07,18.51,1850.76,8.45,845.1,25.96,2596.23,20.29,2028.87,10.44,1043.64,13.15,1315.44,19.43,1943.37,23.21,2320.56,20.75,2075.31,22.49,2249.37,7.69,769.14,7.22,721.53,2.21,220.77,3.1,310.14,255.35,0.87,36.83,0.13,3,5,2
PO1000003890,2020,SEONG THYE PLANTATIONS SDN BHD,SEONG THYE PLANTATIONS SDN BHD,LADANG PADANG KAHANG,Not RSPO Certified,,3/31/23,2.31,103.53,"2.309604, 103.529202",MYS,Malaysia,Johor,Keluang,2-High Confidence,,354.82,35481.69,376.41,900.83,90083.07,15.55,1555.11,9.93,992.97,4.61,460.62,12.69,1269.27,6.85,685.08,9.55,954.81,10.68,1068.39,6.11,610.65,9.89,989.1,12.18,1217.61,6.58,658.35,6.15,615.24,9.64,963.63,12.9,1289.61,4.17,416.52,4.8,480.33,10,1000.35,7.51,751.32,5.6,559.8,6.3,629.91,1.81,181.35,4.15,415.17,177.65,0.5,177.16,0.5,2,3,3
PO1000003891,2020,SETIA KAWAN KILANG KELAPA SAWIT SDN BHD,SETIA KAWAN KILANG KELAPA SAWIT SDN BHD,SETIA KAWAN,Not RSPO Certified,,3/31/23,5.44,100.63,"5.441292, 100.627419",MYS,Malaysia,Kedah,Kulim,1-Fully Verified,,194.99,19498.95,337.73,888.06,88806.33,3.97,397.44,4.32,432.09,2,200.07,5.07,507.33,3.03,303.3,5.31,531.09,2.26,225.72,4.51,450.9,4.27,427.32,6.21,620.73,2.84,283.68,5.26,525.87,3.5,350.28,8.39,839.43,5.7,570.06,6.12,611.64,12.38,1238.13,8.49,848.79,10.08,1007.91,7.81,781.02,10.36,1036.08,7.72,771.84,129.61,0.66,65.38,0.34,5,4,4
PO1000003892,2020,SOLID ORIENT HOLDINGS SDN BHD,SOLID ORIENT HOLDINGS SDN BHD,SOLID ORIENT,Not RSPO Certified,,3/31/23,5.57,100.7,"5.5699, 100.699263",MYS,Malaysia,Kedah,Baling,1-Fully Verified,,3221.9,322190.01,3489.5,5378.72,537872.31,24.04,2403.63,66.98,6698.43,30.82,3081.69,37.75,3775.14,45,4500.18,38.44,3843.81,34.7,3469.86,47.73,4773.42,45.07,4506.57,78.06,7806.24,53.58,5357.7,56.44,5644.08,47.26,4725.72,111.4,11140.11,70.14,7013.61,88.89,8889.21,111.2,11120.22,85.51,8550.9,62.85,6284.52,56.55,5654.7,51.99,5199.03,42.55,4255.02,1286.94,0.4,1934.96,0.6,3,3,3
PO1000003894,2020,CHELLAM PLANTATIONS,CHELLAM PLANTATIONS (SABAH) SDN BHD,SOOK OIL MILL,Not RSPO Certified,,3/31/23,5.33,116.36,"5.334363, 116.362612",MYS,Malaysia,Sabah,Keningau,1-Fully Verified,,1182.75,118275.12,1262.81,1993.69,199369.08,8.44,844.02,9.41,941.04,2.32,231.84,9.34,933.57,11.64,1163.52,10.32,1032.3,13.74,1374.3,20.07,2006.55,35.24,3523.5,21.22,2122.2,26.78,2678.13,45.55,4554.63,29.01,2900.61,58.36,5836.5,41.88,4188.15,89.78,8977.77,12.76,1276.38,12.97,1296.99,8.28,827.73,9.92,992.25,7.84,783.9,6.37,636.75,491.23,0.42,691.52,0.58,2,3,3
PO1000003895,2020,SOUTHERN KERATONG PLANTATIONS SDN BHD,SOUTHERN KERATONG PLANTATIONS SDN BHD,BUKIT BEREMBUN,Not RSPO Certified,,3/31/23,3.08,102.77,"3.075403, 102.766156",MYS,Malaysia,Pahang,Rompin,1-Fully Verified,,118.66,11866.14,147.77,141.77,14176.62,1.24,123.66,0.07,6.57,1.86,186.48,2.35,235.44,0.88,87.93,0.02,1.8,0.06,6.21,0.32,32.13,0.7,69.93,1.21,121.5,0.74,74.16,9.62,962.37,10.37,1036.8,11.07,1106.64,10.23,1022.85,1.97,197.37,7.85,785.16,7.11,711.18,7.67,767.34,3.84,384.21,7.29,729.09,10.41,1041.21,96.9,0.82,21.76,0.18,5,5,4
PO1000003901,2020,SUBURBAN PROPERTIES SDN BHD,SUBURBAN PROPERTIES SDN BHD,SUBURBAN PROPERTIES,Not RSPO Certified,,3/31/23,2.75,102.99,"2.748994, 102.989292",MYS,Malaysia,Pahang,Rompin,1-Fully Verified,,196.8,19680.03,187.02,209.25,20925.27,13.87,1387.44,4.79,479.07,0.28,28.26,4.86,486.36,5.8,579.6,3.68,368.46,0.13,13.41,0.43,42.57,2.44,244.35,0.41,40.59,13,1299.51,4.28,427.68,2.4,239.85,9.68,967.86,18.3,1829.61,24.97,2496.51,8.19,819.45,3.2,319.77,1.12,112.5,0.9,89.73,0.97,96.66,0.35,35.01,124.04,0.63,72.76,0.37,1,3,2
PO1000003902,2020,SUNGAI KERANG DEVELOPMENT SDN BHD,SUNGAI KERANG DEVELOPMENT SDN BHD,SUNGAI KERANG,Not RSPO Certified,,3/31/23,4.4,100.84,"4.403481, 100.835955",MYS,Malaysia,Perak,Perak Tengah,1-Fully Verified,,147.94,14794.47,216.67,362.79,36278.73,5.65,565.38,3.12,311.58,0.77,76.77,1.59,159.48,2.65,264.87,3.29,328.86,1.53,153.09,1.07,107.01,7.12,712.35,7.94,793.53,6.16,615.6,3.71,370.89,3.19,318.78,7.16,716.31,7.2,720.18,15.34,1534.05,10.98,1098.36,10.05,1004.67,5.88,588.15,3.65,365.13,3.81,381.15,1.63,162.63,113.49,0.77,34.46,0.23,3,4,3
PO1000003906,2020,SYARIKAT PELADANG & PERUSAHAAN MINYAK SDN BHD,SYARIKAT PELADANG & PERUSAHAAN MINYAK SDN BHD,SYARIKAT PELADANG & PERUSAHAAN MINYAK,Not RSPO Certified,,3/31/23,3.98,100.99,"3.979658, 100.990561",MYS,Malaysia,Perak,Hilir Perak,1-Fully Verified,,23.26,2325.6,50.66,107.29,10729.44,0.13,12.6,0.85,84.96,0.32,31.68,0.24,24.21,0.09,9.36,0.23,22.95,0.39,39.06,0.49,49.23,1.4,139.86,1.35,135.27,0.75,75.33,1.59,158.85,1.04,104.31,1.34,133.65,0.21,21.33,0.54,53.64,0.7,69.93,1.08,108.18,2.82,281.88,1.81,180.9,0.32,31.95,0.68,67.95,18.37,0.79,4.89,0.21,3,4,3
PO1000003909,2020,TACLICO COMPANY SDN BHD,TACLICO COMPANY SDN BHD,TACLICO,Not RSPO Certified,,3/31/23,5.51,100.6,"5.507567, 100.599592",MYS,Malaysia,Kedah,Kulim,1-Fully Verified,,586.8,58679.82,1394.5,2619.22,261921.78,6.86,685.71,18.78,1878.3,4.77,477.09,11.5,1150.2,9.54,953.64,10.59,1058.67,5.05,505.26,9.29,928.62,13.36,1335.96,17.2,1720.08,10.53,1052.64,11.74,1174.32,19.24,1924.29,27.84,2783.52,15.9,1590.12,18.35,1834.65,22.69,2269.44,25.74,2574,19.85,1985.4,15.48,1547.82,18.23,1822.77,14.89,1489.32,327.42,0.56,259.38,0.44,4,3,3
PO1000003911,2020,TAMACO PLANTATION SDN BHD,TAMACO OIL MILL SDN BHD,TAMACO 2,Not RSPO Certified,,3/31/23,5.15,118.23,"5.154061, 118.228475",MYS,Malaysia,Sabah,Lahad Datu,1-Fully Verified,,148.91,14891.49,183.49,298.62,29861.91,0.78,78.21,0.43,42.66,0.02,1.8,0.54,53.73,0.87,86.94,1.15,114.84,0.38,38.25,0.48,48.42,0.04,4.5,6.27,626.76,4.45,445.23,3.81,380.7,7.33,733.05,3.82,381.96,7.34,734.13,10.77,1077.39,9.51,951.03,16.64,1664.28,9.73,972.9,8.46,846,13.6,1359.72,3.33,332.55,109.75,0.74,39.16,0.26,5,4,4
PO1000003912,2020,TACLICO COMPANY SDN BHD,TACLICO COMPANY SDN BHD,TANJUNG PANJANG,Not RSPO Certified,,3/31/23,5.64,118.33,"5.644344, 118.333054",MYS,Malaysia,Sabah,Kinabatangan,1-Fully Verified,,196.72,19671.93,226.22,484.56,48455.82,0.05,5.13,0.13,12.69,0.03,2.79,0.79,78.84,0.52,51.93,0.15,14.76,0.39,38.97,0.38,37.71,0.1,9.54,0.3,29.79,0.34,34.38,0.43,42.57,0.27,27.45,0.63,63.18,0.69,68.58,1.04,103.59,0.28,27.54,0.05,4.95,0.65,65.43,0.32,32.4,0.28,28.44,1.02,102.15,8.83,0.04,187.89,0.96,1,1,3
PO1000003922,2020,TEE TEH SDN BHD,TEE TEH SDN BHD,TEE TEH,Not RSPO Certified,,3/31/23,2.84,102.87,"2.840728, 102.865883",MYS,Malaysia,Pahang,Rompin,1-Fully Verified,,4.3,430.2,6.69,9.63,962.55,0.08,8.37,0.44,43.56,0.55,54.63,1.3,130.41,0.07,6.66,0.1,10.26,0.31,31.41,0.04,4.14,0.46,45.63,0,0.27,0.08,8.01,0.03,2.61,0.1,9.72,0.01,0.99,0,0,0.1,9.81,0.03,2.88,0,0.18,0,0,0,0,0,0,0,0.36,3.7,0.86,0.6,0.14,1,5,1
PO1000003924,2020,TH PLANTATIONS BERHAD,TH PLANTATIONS BHD,BUKIT LAWIANG,Not RSPO Certified,,3/31/23,1.97,103.43,"1.965939, 103.434303",MYS,Malaysia,Johor,Keluang,1-Fully Verified,,33.54,3354.48,35.86,46.41,4640.58,0.15,14.85,0.86,86.31,0.12,11.7,0.68,68.22,0.3,29.61,1.07,107.37,0.26,25.92,0.13,12.87,0.85,84.69,3.4,339.57,1.49,149.49,3.24,323.91,0.19,19.17,7.23,723.06,0.65,65.34,1.31,130.68,8.86,886.5,1.11,111.24,1.19,119.43,0.37,37.44,0.69,68.76,0.04,4.41,33.54,1,0,0,3,5,1
PO1000003925,2020,TH PLANTATIONS BERHAD,TH PLANTATIONS BHD,PASIR BESAR,Not RSPO Certified,,3/31/23,2.62,102.51,"2.619444, 102.511667",MYS,Malaysia,Negeri Sembilan,Tampin,1-Fully Verified,,203.97,20396.61,257.11,552.19,55218.51,52.58,5257.53,43.89,4388.76,11.39,1138.68,4.15,414.81,9.72,972.36,2.69,268.56,5.77,576.81,6.7,670.41,17.3,1729.71,0.01,1.44,1.46,145.89,1.87,187.29,1.29,129.06,3.72,371.79,13.66,1366.38,20.89,2088.72,2.73,273.15,0.99,99.27,1.01,101.07,2.63,263.16,4.85,484.92,2.15,215.28,203.97,1,0,0,3,5,1
PO1000003948,2020,UNIQUE PALM OIL MILL SDN BHD,UNIQUE PALM OIL MILL SDN BHD,UNIQUE,Not RSPO Certified,,3/31/23,2.78,112.29,"2.781783, 112.290967",MYS,Malaysia,Sarawak,Mukah,2-High Confidence,,230.01,23000.58,226.29,267.33,26732.79,1.13,113.49,5.96,596.43,0.22,21.69,1.75,174.6,2.87,287.28,11.36,1136.25,7.09,709.29,0.56,55.98,64.15,6415.11,23.34,2333.52,1.98,197.55,37.48,3747.87,6.68,668.43,8.54,853.74,6.52,652.32,2.8,280.08,2.74,273.69,3.23,323.28,2.63,262.62,4.5,449.55,0.66,65.61,2,199.53,198.18,0.86,31.83,0.14,2,5,2
PO1000003953,2020,VICTORY ENGHOE PLANTATIONS SDN BHD,VICTORY ENGHOE PLANTATIONS SDN BHD,SOUTHERN MALAY,Not RSPO Certified,,3/31/23,1.79,103.36,"1.791003, 103.362557",MYS,Malaysia,Johor,Keluang,1-Fully Verified,,475.9,47590.11,584.33,839.32,83931.84,10.56,1056.33,10.42,1042.2,2.74,274.5,7.91,790.92,13.07,1306.8,11.63,1162.89,15.96,1596.24,6.4,639.81,16.7,1669.95,10.07,1007.19,16.06,1605.69,12.54,1254.42,12.94,1293.84,12.94,1294.02,14.13,1412.82,22.77,2277.27,21.64,2163.78,12.7,1269.54,19.75,1974.69,14.89,1489.14,12.45,1244.88,9.63,963,287.9,0.6,188,0.4,3,3,3
PO1000003954,2020,VILA SUTERA SDN BHD,VILA SUTERA SDN BHD,BUKIT KAPAH,Not RSPO Certified,,3/31/23,5.11,102.9,"5.109417, 102.897",MYS,Malaysia,Trengganu,Hulu Terengganu,1-Fully Verified,,943.86,94385.7,1154.87,3413.84,341384.49,11.21,1120.77,12.36,1235.79,2.71,271.26,6.12,611.82,6.66,665.82,5.22,522.18,14.88,1487.88,8.14,813.87,9.13,913.05,12.08,1208.07,4.8,479.88,14.11,1411.2,10.35,1034.73,10.65,1065.33,14.22,1421.91,17.78,1777.86,16.87,1686.6,14.69,1469.07,7.86,785.52,8.65,865.17,9.23,923.49,21.26,2125.89,238.97,0.25,704.89,0.75,3,2,3
PO1000003956,2020,WINSOME HARVEST PALM OIL MILL SDN BHD,WINSOME HARVEST PALM OIL MILL SDN BHD,WINSOME HARVEST,Not RSPO Certified,,3/31/23,4.55,118.36,"4.553317, 118.358978",MYS,Malaysia,Sabah,Semporna,1-Fully Verified,,36.94,3694.5,47.14,64.33,6433.29,0.42,41.76,0.73,72.99,0.16,15.93,2.23,223.2,0.62,62.1,0.52,51.57,0.17,16.92,0.15,14.67,0.08,7.65,1.44,143.64,0.82,81.99,2.29,229.32,0.91,91.44,0.45,45.45,0.24,23.85,0.7,70.38,0.9,90.09,0.65,65.07,0.83,83.43,1.36,136.08,1.49,148.68,2.4,240.3,19.57,0.53,17.38,0.47,5,3,4
PO1000003964,2020,YPJ PLANTATIONS SDN BHD,YPJ PLANTATIONS SDN BHD,ALAF,Not RSPO Certified,,3/31/23,1.72,103.78,"1.718682, 103.782365",MYS,Malaysia,Johor,Kota Tinggi,1-Fully Verified,,140.15,14015.16,179.33,501.84,50184.18,2.63,263.34,1.64,163.89,0.46,46.44,2.57,256.77,4.04,403.56,3.23,323.01,1.1,110.16,0.31,30.51,1.19,118.8,0.72,72.45,0.99,99,2.25,225.27,3.81,381.33,10.26,1026,7.36,736.47,8.71,871.2,9.02,901.98,7.33,733.14,4.2,420.48,10.48,1047.69,9.21,920.7,1.04,104.13,92.56,0.66,47.59,0.34,5,4,3
PO1000003979,2021,UNKNOWN,AGROPECUARIA SANTA MARIA S.A.,ACEITES CIMARRONES SAS,Not RSPO Certified,,3/31/23,10.57,-74.21,"10.570139, -74.208778",COL,Colombia,Magdalena,Aracataca,1-Fully Verified,ACEITES LA UNION,409.64,40963.68,1285.96,3725.83,372583.35,0.61,60.66,0.24,24.3,0.67,66.51,1.73,173.07,0.94,94.5,0.49,48.78,1.02,101.88,3.79,379.44,2.86,285.84,0.22,22.23,2.52,252.09,1.49,148.86,1.89,188.55,2.87,286.74,4.19,418.86,5.3,529.74,34.71,3471.48,11.53,1153.44,7.95,794.61,11.12,1112.49,12.47,1247.22,18.46,1846.44,127.08,0.31,282.56,0.69,5,2,4
PO1000003983,2021,UNKNOWN,ENTREPALMAS S.A.S.,ENTREPALMAS S.A.S.,RSPO Certified,"RSPO Certified, IP",3/31/23,3.56,-73.58,"3.564583, -73.579412",COL,Colombia,Meta,San Martín,1-Fully Verified,,251.96,25196.13,846.29,1708.31,170830.89,2.01,200.7,1.05,104.76,1.91,191.25,2.9,289.89,1.38,137.88,2.75,274.59,1.29,129.15,2.36,235.71,0.78,78.3,2.74,274.05,0.6,60.12,2.64,263.7,1.88,187.83,1.74,174.42,0.4,39.96,0.95,95.04,3.66,366.48,2.03,203.49,2.56,256.41,0.57,57.06,1.28,128.16,5.85,585.36,43.34,0.17,208.62,0.83,3,1,4
PO1000003984,2020,UNKNOWN,PALMATEC CORPORATION DE COSTA RICA S.A.,PALMATEC CORPORATION DE COSTA RICA S.A.,Not RSPO Certified,,3/31/23,8.42,-82.97,"8.4212, -82.9686",CRI,Costa Rica,Puntarenas,Corredores,2-High Confidence,,345.12,34512.39,429.1,751,75099.78,1.23,123.3,0.91,91.17,1.5,150.21,0.49,49.14,4.34,433.53,2.34,234.09,1.89,189,3.47,347.13,4.56,455.67,1.57,156.51,2.6,259.92,1.57,156.6,2.12,211.95,2.54,253.53,1.68,167.76,2.18,218.16,3.49,349.11,2.17,216.72,2.78,277.65,2.72,271.98,2.02,201.51,1.96,196.47,50.11,0.15,295.01,0.85,2,1,3
PO1000003992,2021,UNKNOWN,ALIANZA ORIENTAL S.A.,ALIANZA ORIENTAL S.A.,RSPO Certified,"RSPO Certified, IP",3/31/23,4,-73.58,"3.995075, -73.58075",COL,Colombia,Meta,Villavicencio,2-High Confidence,,60.3,6030.45,275.89,575.56,57556.08,0.45,44.82,0.22,22.32,0.06,6.21,0.69,69.12,1.39,138.87,0.18,17.73,0.23,23.31,0.54,54.36,0.32,31.86,1.24,123.57,0.91,90.54,0.78,78.12,0.02,2.07,0.46,46.26,0.35,34.83,0.31,31.23,0.27,27,0.22,21.69,0.15,14.94,0.18,18.36,0.76,75.69,0.88,88.02,10.61,0.18,49.7,0.82,3,1,4
PO1000003997,2021,AGROAMERICA,EXTRACTORA LA FRANCIA / AGROCARIBE,EXTRACTORA LA FRANCIA,RSPO Certified,"RSPO Certified, IP",3/31/23,15.47,-88.81,"15.468472, -88.809417",GTM,Guatemala,Izabal,Morales,1-Fully Verified,,3128.82,312881.94,4822.17,8494.82,849482.19,20.32,2032.11,40.61,4060.53,15.74,1574.28,13.45,1344.51,32.82,3281.85,14.61,1460.52,39.93,3993.39,27.12,2712.24,27.87,2787.21,36.56,3656.34,32.95,3294.72,35.67,3566.52,45.9,4590.36,41.41,4140.9,30.31,3030.66,101.36,10135.53,49.17,4917.06,48.62,4861.53,53.09,5308.65,55.36,5535.81,39.65,3965.31,24.16,2415.78,826.66,0.26,2302.16,0.74,3,2,3
PO1000004013,2020,UNKNOWN,SPO AGRO INDUSTRIES,SPO AGRO INDUSTRIES,Not RSPO Certified,,3/31/23,8.52,99.23,"8.5199, 99.228",THA,Thailand,Surat Thani,Prasaeng,1-Fully Verified,,1157.26,115726.14,1559.09,2442.39,244238.76,10.79,1078.65,14.22,1422.27,14.54,1454.4,18.29,1828.53,20.12,2011.77,26.71,2671.11,11.14,1114.47,14.38,1437.84,29.31,2930.94,35.57,3557.16,11.9,1189.98,13.44,1344.06,16.2,1620.45,27.51,2751.39,28.43,2842.74,41.2,4120.38,70.91,7090.65,50.02,5001.84,40.96,4095.9,40.97,4097.07,41.58,4157.64,39.28,3927.96,617.47,0.53,539.79,0.47,5,3,4
PO1000004015,2020,UNKNOWN,SAENGSIRI AGRO‐INDUSTRIES CO. LTD,SAENGSIRI AGRO‐INDUSTRIES CO. LTD,Not RSPO Certified,,3/31/23,9.08,99.43,"9.0844, 99.4285",THA,Thailand,Surat Thani,Kanchanadit,1-Fully Verified,,1412.1,141209.73,1982.65,3334.88,333488.07,13.61,1361.43,13.28,1327.68,12.57,1257.12,18.19,1818.63,14.23,1422.99,19.71,1970.82,8.88,888.39,24.11,2411.01,22.5,2249.91,27.06,2705.58,17.92,1791.9,18.64,1863.99,15.7,1569.96,36.7,3669.84,36.42,3641.76,51.49,5148.63,71.9,7190.19,46.4,4640.04,42.05,4204.62,42.91,4291.38,49.25,4924.89,35.84,3583.89,639.35,0.45,772.75,0.55,4,3,4
PO1000004026,2021,UNKNOWN,EXTRACTORA SICARARE LTDA,EXTRACTORA SICARARE LTDA,RSPO Certified,"RSPO Certified, IP, MB",3/31/23,9.93,-73.26,"9.931944, -73.262494",COL,Colombia,Cesar,Agustín Codazzi,1-Fully Verified,,951.87,95187.24,1135.01,2237.67,223766.64,1.94,193.59,0.9,90.09,4.36,435.69,1.07,107.28,1.38,138.06,1.21,121.41,3.7,369.81,1.59,158.85,1.39,139.41,2.09,209.07,1.42,142.02,1.25,125.46,0.53,53.28,1.71,170.73,1.36,136.17,8.07,806.58,17.96,1795.68,3.32,331.92,1.39,138.6,2.68,267.84,1.79,178.74,2.8,279.72,63.9,0.07,887.97,0.93,1,1,3
PO1000004029,2021,UNKNOWN,PALMACEITE S.A.,PALMACEITE S.A.,Not RSPO Certified,,3/31/23,10.62,-74.17,"10.6189, -74.1689",COL,Colombia,Magdalena,Ciénaga,1-Fully Verified,,448.96,44896.05,519.41,1109.91,110990.52,0.33,32.58,0.36,36.36,0.92,91.62,0.66,66.33,1.12,112.23,0.97,96.84,1.88,188.19,4.82,482.49,2,199.62,0.93,92.61,1.93,193.32,3.72,371.7,1.06,105.57,2.26,225.72,2.28,227.97,5.34,533.7,16.02,1602.27,10.56,1056.06,5.24,523.62,7.66,765.63,7.23,722.7,6.8,679.95,84.07,0.19,364.89,0.81,3,1,4
PO1000004063,2020,UNKNOWN,SURYA UTAMA NABATI,SURYA UTAMA NABATI,Not RSPO Certified,,3/31/23,-4.19,105.22,"-4.188889, 105.220556",IDN,Indonesia,Lampung,Tulang Bawang Barat,1-Fully Verified,,275.74,27574.47,970.69,1507.67,150767.37,9.77,977.49,4.73,473.49,3.52,352.17,6.09,609.48,8.55,855.36,9.66,965.97,15.7,1570.32,13,1300.5,22.19,2219.22,7.24,724.23,18.68,1867.77,14.03,1402.83,2.3,230.22,12.46,1245.78,31.76,3175.83,44.76,4475.97,8.46,846,19.08,1907.82,26.35,2635.38,7.55,755.37,15.11,1510.83,14.45,1445.4,275.74,1,0,0,5,5,2
PO1000004066,2020,PTPN III,PERKEBUNAN NUSANTARA XIII,PELAIHARI,Not RSPO Certified,,3/31/23,-3.73,114.79,"-3.725467, 114.786267",IDN,Indonesia,Kalimantan Selatan,Tanah Laut,1-Fully Verified,,1198.01,119801.07,3237.58,6550.96,655096.14,9.38,937.8,8.01,800.82,15.67,1567.08,16,1599.93,10.15,1014.66,29.02,2901.87,17.39,1738.98,11.14,1113.84,23.25,2324.97,13.17,1317.42,22.12,2211.93,38.18,3818.43,17.61,1760.58,38.24,3824.19,36.45,3644.91,42.84,4283.91,20.29,2028.87,17.08,1707.66,15.36,1536.03,10.39,1038.6,17.12,1712.43,13.68,1368.09,442.53,0.37,755.48,0.63,3,3,3
PO1000004067,2020,UNKNOWN,SAWIT MULIA,SAWIT MULIA,Not RSPO Certified,,3/31/23,-3.63,102.21,"-3.634526, 102.212235",IDN,Indonesia,Bengkulu,Bengkulu Tengah,1-Fully Verified,,599.69,59969.25,641.68,1452.87,145287.18,5.38,537.66,3.3,329.76,2.1,209.52,5.08,508.32,4.23,423.27,9.6,960.48,6.48,648.36,10.55,1055.07,11.63,1162.71,10.24,1023.57,15.26,1525.59,15.68,1568.16,9.94,994.05,12.88,1288.17,9.2,920.07,14.23,1422.63,17.89,1788.84,16.32,1632.06,11.94,1194.3,9.24,923.67,8.76,876.33,14.51,1450.98,224.44,0.37,375.26,0.63,3,3,3
PO1000004072,2020,UNKNOWN,AGRICINAL,AGRICINAL,Not RSPO Certified,,3/31/23,-3.2,101.63,"-3.200972, 101.630139",IDN,Indonesia,Bengkulu,Bengkulu Utara,1-Fully Verified,,206.16,20616.03,288.8,510.86,51086.16,3.57,357.12,1.36,135.9,1.35,134.55,2.43,243.36,0.48,47.97,2.94,294.03,4.72,471.51,1.55,154.8,1.34,133.92,0.63,62.91,2.59,259.29,1.01,100.62,1.05,105.48,2.86,285.84,0.79,79.2,1.4,139.68,3.41,341.46,3.88,388.08,1.64,163.71,1.69,169.02,3.65,364.59,13.97,1396.8,58.3,0.28,147.86,0.72,5,2,5
PO1000004082,2020,GAMA PLANTATIONS,SWADAYA INDOPALMA,SWADAYA INDOPALMA,Not RSPO Certified,,3/31/23,-2.77,104.63,"-2.765881, 104.63151",IDN,Indonesia,Sumatera Selatan,Banyu Asin,1-Fully Verified,,228.97,22896.54,344.45,533.04,53304.39,0.97,96.57,0.59,59.31,1.43,143.1,3.06,306.09,5.77,576.81,8.94,893.61,13.63,1362.51,13.36,1335.51,14.71,1471.05,9.74,973.98,13.85,1385.1,35.82,3582.09,5.92,591.75,6.11,610.65,18.3,1830.15,11.22,1122.3,8.75,874.8,7.7,770.13,10.06,1006.2,4.94,494.1,4.97,496.71,1.96,196.29,201.79,0.88,27.18,0.12,3,5,2
PO1000004084,2020,CAPELLA,SWARNA NUSA SENTOSA,SWARNA NUSA SENTOSA,Not RSPO Certified,,3/31/23,-2.48,106.08,"-2.482539, 106.076744",IDN,Indonesia,Bangka Belitung,Bangka Tengah,1-Fully Verified,,211.45,21144.87,270.21,377.89,37789.38,2.48,248.31,1.31,131.4,2.04,203.58,2.55,255.33,8.94,893.52,3.01,300.87,6.11,611.28,6.31,631.35,14.38,1437.57,8.13,813.33,5.18,518.31,4.05,404.73,1.3,129.69,5.75,574.83,8.35,835.29,13.1,1310.31,10.5,1050.39,11.25,1124.82,7.34,733.86,6.55,655.38,9.68,968.31,10.22,1022.4,148.55,0.7,62.9,0.3,5,4,4
PO1000004119,2020,SARIMAS,TRI BAKTI SARIMAS,BUKIT PAYUNG,Not RSPO Certified,,3/31/23,-0.73,101.64,"-0.7282, 101.6399",IDN,Indonesia,Riau,Kuantan Singingi,2-High Confidence,,53.09,5308.56,70.33,68.55,6855.39,5.23,523.35,0.09,9.45,0,0,0.01,1.17,0.06,5.67,6.39,638.64,13.52,1352.16,6.56,656.28,0.1,9.54,0.42,42.39,1.52,152.1,5.54,553.86,1.46,146.07,3.59,359.19,7.23,723.15,4.09,408.51,0.27,26.55,0.25,24.84,0.43,42.66,0,0.09,0.44,44.01,0.49,49.23,53.09,1,0,0,3,5,1
PO1000004125,2020,UNKNOWN,PRIMA PALM LATEX INDUSTRI,PRIMA PALM LATEX INDUSTRI,Not RSPO Certified,,3/31/23,2.78,99.25,"2.78305, 99.253967",IDN,Indonesia,Sumatera Utara,Asahan,1-Fully Verified,,119.52,11952.36,124.15,445.23,44523.18,1.46,145.62,0.88,87.57,0.22,22.05,1.23,122.76,1.31,130.68,1.04,104.13,0.28,28.44,1.02,102.33,1.72,171.99,3.84,384.21,2.8,280.17,2.5,249.57,3.04,304.29,4.43,443.34,2.38,238.05,1.23,123.3,5.07,506.97,0.52,51.84,0.98,98.28,0.58,57.6,1.17,116.91,1.66,165.6,39.36,0.33,80.17,0.67,3,2,3
PO1000004130,2020,UNKNOWN,SWAKARSA SAWIT RAYA,SWAKARSA SAWIT RAYA,Not RSPO Certified,,3/31/23,-0.49,102.48,"-0.48911, 102.479086",IDN,Indonesia,Riau,Indragiri Hulu,1-Fully Verified,,68.61,6861.06,86.28,95.37,9536.85,4.49,449.1,1.1,110.34,0.71,70.83,0.4,39.96,0.6,60.48,0.07,7.29,0.44,44.37,3.86,386.28,1.73,172.98,7.05,704.7,1.67,166.95,2.4,239.67,2.71,270.81,5.22,522.36,1.12,111.51,1.44,143.55,1,100.35,0.64,63.9,1.9,190.26,1.48,147.78,1.99,198.9,2.61,260.82,44.63,0.65,23.98,0.35,4,4,3
PO1000004134,2020,PTPN III,PERKEBUNAN NUSANTARA IV,BERANGIR,RSPO Certified,"RSPO Certified, MB",3/31/23,2.22,99.76,"2.2247222, 99.760278",IDN,Indonesia,Sumatera Utara,Labuhanbatu Utara,1-Fully Verified,,437.93,43792.92,436.93,953.66,95365.98,3.72,371.79,7.93,793.08,8.24,824.13,13.78,1377.99,13.83,1382.67,15.56,1555.83,4.08,407.52,1.66,165.96,12.55,1255.41,3.51,350.82,4.17,416.52,5.63,563.49,2.06,205.65,4.01,400.77,1.59,159.3,5.55,555.3,5.92,591.66,6.01,601.47,8.2,819.63,6.39,638.91,7.07,707.13,2.78,277.65,144.23,0.33,293.7,0.67,3,2,3
PO1000004137,2020,SUNGAI BUDI,SERBA HUTA JAYA,SERBA HUTA JAYA,Not RSPO Certified,,3/31/23,2.22,99.93,"2.222889, 99.934639",IDN,Indonesia,Sumatera Utara,Labuhanbatu Utara,1-Fully Verified,,98.58,9858.06,106.28,197.87,19787.4,0.63,62.64,0.49,49.23,0.14,14.22,1.21,120.78,0.61,61.02,0.23,23.4,0.18,17.64,0.01,1.26,0.81,81.27,0.64,64.44,0.71,70.56,0.7,70.47,0.55,54.99,0.91,91.08,3.47,346.86,4.55,455.4,7.86,786.33,5.27,526.77,1.98,198.27,1.14,114.3,3.1,310.5,1.26,126.45,36.48,0.37,62.1,0.63,3,3,4
PO1000004139,2020,UNKNOWN,KARYA SAWIT LESTARI,KARYA SAWIT LESTARI,Not RSPO Certified,,3/31/23,-2.85,104.27,"-2.848567, 104.26545",IDN,Indonesia,Sumatera Selatan,Banyu Asin,1-Fully Verified,,220,22000.14,258.72,410.79,41079.42,1.23,122.67,3.05,305.01,2.96,295.83,3.4,339.66,2.58,257.67,5.46,546.03,5.96,595.53,3.91,390.51,28.37,2836.8,15.75,1575,5.73,573.03,30.39,3038.94,4.27,427.41,3.6,360.09,4.07,406.53,5.95,595.26,6.47,647.1,5.18,518.13,6.78,678.06,2.94,294.48,2.67,266.85,1.73,172.8,152.43,0.69,67.57,0.31,3,4,3
PO1000004141,2020,UMADA,UMADA,UMADA,Not RSPO Certified,,3/31/23,2.23,99.79,"2.23425, 99.789117",IDN,Indonesia,Sumatera Utara,Labuhanbatu Utara,1-Fully Verified,,98.7,9869.67,101.67,153.36,15335.55,1.13,113.49,1.79,178.65,0.7,69.57,6.69,668.7,5.21,521.01,4.58,458.37,1.08,107.82,0.08,7.74,2.06,205.56,4.6,460.08,1.09,108.81,0.34,34.2,1.86,185.67,0.98,98.19,3.33,332.82,3.07,306.9,2.54,254.25,2.3,229.68,4.67,466.92,1.32,132.3,0.65,64.8,0.48,47.52,50.53,0.51,48.17,0.49,2,3,3
PO1000004153,2020,CISADANE RAYA,CISADANE SAWIT RAYA,CISADANE SAWIT RAYA,Not RSPO Certified,,3/31/23,2.24,100.19,"2.242982, 100.191747",IDN,Indonesia,Sumatera Utara,Labuhanbatu,1-Fully Verified,,74.54,7454.16,143.89,212.67,21266.55,5.21,520.65,0.96,96.39,0.54,54.36,1.86,186.21,0.6,59.58,0.45,45.18,1.19,119.07,0.06,6.39,4.85,484.65,3.67,367.2,0.44,44.1,0.6,59.85,2.4,240.48,6.16,615.51,2.73,272.97,5.86,586.35,1.97,196.74,0.13,13.41,4.19,418.59,2.39,239.49,2.11,210.78,6.38,638.1,54.76,0.73,19.78,0.27,5,4,4
PO1000004159,2020,UNKNOWN,SURYA BRATASENA PLANTATION,SEI NILO,Not RSPO Certified,,3/31/23,0.15,101.98,"0.1510556, 101.975056",IDN,Indonesia,Riau,Pelalawan,2-High Confidence,,118.04,11803.68,135.86,234.49,23449.14,2.3,230.49,0.99,99.18,0.27,27.36,5.53,553.32,4.67,467.19,3.4,339.75,2.99,299.34,2.19,218.52,0.64,64.35,10.59,1058.76,5.93,592.56,2.46,245.7,1.23,123.3,1.35,134.91,0.73,73.44,3.71,371.07,4.37,436.77,3.92,391.68,2.78,277.65,4.48,447.57,2.8,280.44,9.87,986.85,77.2,0.65,40.83,0.35,5,4,4
PO1000004163,2020,KALIMANTAN SAWIT KUSUMA (KSK),KALIMANTAN SAWIT KUSUMA,KALIMANTAN SAWIT KUSUMA,Not RSPO Certified,,3/31/23,-2.29,111.17,"-2.293505, 111.166972",IDN,Indonesia,Kalimantan Tengah,Sukamara,1-Fully Verified,,497.58,49758.03,665.81,1626.15,162614.61,8.58,857.97,28.17,2816.91,3.6,359.64,26.68,2668.14,14.87,1487.43,19.38,1937.7,11,1099.98,7.22,722.25,27.83,2783.34,13.44,1344.15,10.96,1095.84,29.11,2911.23,12.33,1233.09,23.87,2387.16,20.44,2043.72,12.34,1234.17,17.71,1770.75,14.17,1416.96,9.16,916.38,10.95,1095.48,8.6,860.31,19.38,1938.24,349.81,0.7,147.77,0.3,4,4,3
PO1000004168,2020,PADASA ENAM UTAMA,PADASA ENAM UTAMA,KOTO KAMPAR,Not RSPO Certified,,3/31/23,0.4,100.61,"0.39647222, 100.613167",IDN,Indonesia,Riau,Kampar,1-Fully Verified,,590.23,59023.26,707.62,1179.25,117925.29,18.42,1841.85,8.29,829.44,25.64,2563.83,15.62,1561.95,22.56,2255.94,12.21,1220.94,11.95,1194.66,12,1199.88,16.98,1697.58,16.7,1670.49,7.28,727.92,14.17,1416.96,11.9,1189.89,18.19,1818.72,9.88,987.75,15.9,1589.85,24.76,2475.63,20.12,2012.22,8.59,858.96,9.29,928.8,27.04,2704.23,15.3,1530.18,342.78,0.58,247.46,0.42,5,3,4
PO1000004195,2020,PADASA ENAM UTAMA,PADASA ENAM UTAMA,KALIANTA 2,Not RSPO Certified,,3/31/23,0.53,100.78,"0.529028, 100.776972",IDN,Indonesia,Riau,Kampar,1-Fully Verified,,125.68,12567.87,154.68,501.98,50198.13,2.45,244.62,2.52,252.45,0.58,57.69,4.13,412.83,12.62,1261.8,10.7,1069.74,3.77,376.92,3.09,308.7,6.29,629.01,2.51,251.1,3.55,355.23,4.04,404.46,2.62,262.26,6.82,681.93,3.04,304.11,2.11,210.6,1.16,115.56,0.84,84.33,0.52,52.29,0.39,38.97,0.94,93.69,0.88,88.2,75.56,0.6,50.11,0.4,2,3,3
PO1000004203,2020,UNKNOWN,HARKAT SEJAHTERA,HARKAT SEJAHTERA,RSPO Certified,"RSPO Certified, MB",3/31/23,3.07,99.43,"3.065017, 99.428267",IDN,Indonesia,Sumatera Utara,Simalungun,1-Fully Verified,,107.74,10774.17,121.79,222.47,22246.65,4.73,472.95,0.68,67.68,1.27,126.54,1.37,136.62,0.8,80.46,1.73,173.34,0.98,97.56,0.63,62.73,8.14,814.41,6.85,685.44,4.59,459.18,1.92,191.97,0.18,18.36,2.44,244.26,7.72,772.2,0.73,72.99,0.6,60.03,0.23,22.95,0.89,89.37,0.81,80.55,0.35,35.01,0.44,43.83,48.08,0.45,59.66,0.55,1,3,3
PO1000004207,2020,UNKNOWN,MUTIARA ALAM LESTARI,MUTIARA ALAM LESTARI,Not RSPO Certified,,3/31/23,-2.49,106.36,"-2.492167, 106.364317",IDN,Indonesia,Bangka Belitung,Bangka Tengah,1-Fully Verified,,392.78,39277.71,644.42,2356.31,235630.53,4.24,423.9,2.21,221.31,2.19,218.97,5.17,517.41,12.92,1292.31,8.09,808.92,12.31,1230.93,15.16,1516.5,30.48,3048.03,10.75,1075.41,19.77,1977.48,23.35,2334.78,6.2,619.83,21.29,2128.59,17.49,1749.33,23.1,2310.39,12.02,1201.59,9.74,973.98,15.13,1512.54,15.85,1584.54,20.4,2040.03,23.08,2308.41,310.95,0.79,81.83,0.21,5,4,3
PO1000004218,2020,UNKNOWN,AGUNG AGRO LESTARI,AGUNG AGRO LESTARI,Not RSPO Certified,,3/31/23,2.54,99.88,"2.541258, 99.88067",IDN,Indonesia,Sumatera Utara,Labuhanbatu Utara,1-Fully Verified,,242.82,24282,366.64,899.45,89944.92,2.4,240.39,5.29,528.57,2.32,231.57,16.48,1648.17,13.69,1369.17,4.3,429.57,3.91,391.23,1.55,155.16,3.09,308.79,10.86,1086.03,1.83,182.79,3.03,303.39,0.74,73.62,2.84,284.13,2.3,229.95,6.95,695.43,3.96,396.36,3.94,394.38,3.04,304.38,2.6,260.37,3.12,311.76,1.07,107.01,99.32,0.41,143.5,0.59,3,3,3
PO1000004230,2020,UNKNOWN,SENTOSA SEJAHTERA SEJATI,SENTOSA SEJAHTERA SEJATI,Not RSPO Certified,,3/31/23,-2.67,101.3,"-2.66545, 101.29975",IDN,Indonesia,Bengkulu,Mukomuko,1-Fully Verified,,29.39,2938.77,51.67,127.63,12762.99,1.79,178.56,1.34,134.46,0.43,42.75,3.08,307.71,1.2,119.97,1.56,155.88,1.64,163.98,0.58,57.69,0.35,35.01,0.42,42.3,0.34,33.84,0.27,27.09,0.37,36.54,0.14,13.59,0.06,5.85,0.15,14.76,0.55,55.44,0.47,46.62,0.84,84.24,0.45,45.27,0.17,16.92,0.1,9.54,16.28,0.55,13.11,0.45,2,3,3
PO1000004236,2020,UNKNOWN,PINAGO UTAMA,PINAGO UTAMA,Not RSPO Certified,,3/31/23,-2.74,103.57,"-2.739183, 103.568533",IDN,Indonesia,Sumatera Selatan,Musi Banyuasin,1-Fully Verified,,965.82,96581.97,1109.76,2118.11,211811.22,13.99,1399.05,11.68,1167.66,2.18,218.16,14.71,1471.14,9.15,915.3,40.09,4008.6,11.59,1159.29,62.57,6257.16,35.43,3542.58,26.63,2663.46,27.5,2750.4,105.4,10540.26,25.93,2592.81,40.61,4060.8,21.46,2146.32,23.24,2323.71,12.44,1243.53,16.33,1633.05,19.03,1903.14,34.53,3453.39,42.49,4248.99,40.63,4063.14,637.62,0.66,328.2,0.34,5,4,4
PO1000004240,2020,UNKNOWN,SUMBER SAWIT JAYA LESTARI,SUMBER SAWIT JAYA LESTARI,Not RSPO Certified,,3/31/23,2.76,99.96,"2.761504, 99.958939",IDN,Indonesia,Sumatera Utara,Labuhanbatu Utara,1-Fully Verified,,251.95,25195.32,397.57,680.38,68038.38,7,699.66,7.09,709.38,5.09,509.4,24.15,2414.7,19.85,1984.86,6.04,603.99,4.8,480.33,1.48,147.6,2.27,227.34,6.66,666.09,2.17,216.72,4.88,488.25,0.67,66.78,3.23,322.56,2.86,286.2,5.72,571.95,3.82,382.23,3.64,364.41,3.41,341.01,1.76,176.22,3.64,364.5,1.65,165.24,121.89,0.48,130.06,0.52,3,3,3
PO1000004244,2020,PERMATA HIJAU,PERMATA HIJAU SAWIT,PERMATA HIJAU SAWIT,Not RSPO Certified,,3/31/23,1.07,100.07,"1.066238, 100.070478",IDN,Indonesia,Sumatera Utara,Padang Lawas,1-Fully Verified,,58.03,5803.2,76.84,127.8,12779.55,0.5,50.13,1.39,139.23,0.44,43.92,1.52,152.28,1.39,138.69,0.86,86.13,0.5,49.59,0.46,46.35,1.82,181.8,0.14,14.04,0.84,84.06,1.49,148.86,2.99,298.53,0.94,94.05,0.15,15.03,0.58,58.14,0.42,42.39,0.17,16.56,0.29,28.53,5.98,598.05,7.21,720.9,5.28,527.67,35.35,0.61,22.68,0.39,5,3,5
PO1000004255,2020,UNKNOWN,MUSTIKA AGUNG SAWIT SEJAHTERA,MUSTIKA AGUNG SAWIT SEJAHTERA,Not RSPO Certified,,3/31/23,1.22,101.24,"1.224239, 101.242411",IDN,Indonesia,Riau,Bengkalis,1-Fully Verified,,34.4,3440.43,74.05,230.84,23084.19,0.62,62.46,1.1,109.53,0.34,34.11,1.76,176.31,3.56,355.5,1.41,141.03,0.56,55.89,0.66,65.88,1.36,136.35,0.7,70.2,0.59,58.95,1.68,167.58,0.35,34.74,1.19,118.98,0.38,37.89,0.79,79.29,0.8,80.19,0.95,95.13,1.76,175.68,0.76,76.14,0.45,44.82,0.49,48.96,22.26,0.65,12.15,0.35,3,4,3
PO1000004263,2020,UNKNOWN,SAWIT RIAU MAKMUR,TELUK MEGA,Not RSPO Certified,,3/31/23,1.53,100.99,"1.533719, 100.992861",IDN,Indonesia,Riau,Rokan Hilir,1-Fully Verified,,285.78,28578.42,315.65,689.25,68925.33,1.06,106.2,1.91,190.53,3.05,304.74,3.52,352.17,17.06,1705.68,12.98,1298.34,6.63,663.12,10.6,1059.57,8.55,855.36,8.26,825.57,6.47,647.28,25.34,2533.5,19.64,1964.25,10.48,1048.32,4.36,435.51,16.81,1680.75,5.56,556.38,10.87,1087.47,5.93,592.92,3.9,389.79,6.54,654.12,2.91,290.7,192.42,0.67,93.36,0.33,3,4,3
PO1000004270,2020,UNKNOWN,CITRA INDAH PERTIWI,CITRA INDAH PERTIWI,Not RSPO Certified,,3/31/23,2.07,100.01,"2.072353, 100.010247",IDN,Indonesia,Sumatera Utara,Labuhanbatu,1-Fully Verified,,45.2,4519.98,45.67,76.62,7662.33,0.28,28.17,0.34,33.93,0.11,11.43,1.8,180.09,4.11,410.58,3.98,398.07,1.43,143.19,1.79,178.74,0.58,57.87,1.05,105.21,1.01,100.98,0.28,28.26,0.18,18.27,0.59,58.59,0.5,50.13,0.68,67.5,1.68,168.3,0.53,52.74,0.34,34.47,0.27,27,0.35,34.92,0.43,43.02,22.31,0.49,22.89,0.51,3,3,3
PO1000004273,2020,UNKNOWN,SINAR SAWIT LESTARI,SINAR SAWIT LESTARI,Not RSPO Certified,,3/31/23,2.46,99.65,"2.461781, 99.652975",IDN,Indonesia,Sumatera Utara,Labuhanbatu Utara,1-Fully Verified,,10.09,1009.44,11.61,19.72,1972.44,0.05,5.31,0.05,5.4,0.01,0.63,0.06,6.21,0.08,8.28,0.02,1.98,0.05,5.22,0.04,4.32,0.06,6.3,0.22,22.32,0.03,3.15,0.04,3.6,0.01,0.63,0.08,8.46,0.12,12.42,0.27,26.82,0.12,11.52,0.09,9.18,0.06,5.58,0.06,6.03,0.11,10.98,0.09,8.82,1.73,0.17,8.36,0.83,3,1,3
PO1000004274,2020,UNKNOWN,BANGUN SEMPURNA LESTARI,BANGUN SEMPURNA LESTARI,Not RSPO Certified,,3/31/23,2.63,97.95,"2.633514, 97.950322",IDN,Indonesia,Aceh,Subulussalam,1-Fully Verified,,1403.35,140334.66,1572.79,4266.97,426696.84,9.53,952.92,6.08,607.77,7.59,758.97,17.5,1749.87,15.76,1576.17,28.33,2833.2,16.5,1650.15,34.2,3420.09,29.64,2963.79,25.79,2578.68,16.8,1680.21,35.16,3515.58,14.52,1451.79,21.97,2197.44,14.01,1401.21,14.95,1495.44,15.24,1524.24,20.88,2088.27,9.44,944.46,11.8,1179.9,12.19,1219.14,20.02,2001.87,397.91,0.28,1005.44,0.72,3,2,3
PO1000004275,2020,UNKNOWN,DJAJA PUTRA INDONESIA,DJAJA PUTRA INDONESIA,Not RSPO Certified,,3/31/23,2.68,99.43,"2.680278, 99.427611",IDN,Indonesia,Sumatera Utara,Asahan,1-Fully Verified,,942.24,94224.15,1142.28,3022.69,302269.32,5.79,579.33,3,299.88,2.41,240.75,5.6,559.71,5.74,573.75,5.28,527.58,4.96,496.08,1.66,165.78,7.7,770.22,6.81,681.03,5.13,513,6.46,646.47,3.38,338.13,7.73,772.56,6.36,636.3,11.45,1145.16,10.98,1097.91,11.56,1155.87,10.08,1007.82,7.23,723.33,8.78,877.86,4.52,451.62,142.6,0.15,799.64,0.85,2,1,3
PO1000004286,2020,UNKNOWN,INDOMAS MITRA TEKNIK,INDOMAS MITRA TEKNIK,Not RSPO Certified,,3/31/23,3.23,97.98,"3.2259, 97.980486",IDN,Indonesia,Sumatera Utara,Karo,1-Fully Verified,,2220.77,222076.62,2524.36,4983.13,498312.63,13.28,1327.5,6.1,610.2,2.62,262.08,8.26,825.93,6.33,632.7,5.04,503.64,23.98,2398.14,26.1,2610.27,18.06,1806.03,58.27,5826.78,13.37,1337.22,40.54,4054.05,8.82,881.55,35.74,3574.44,12.66,1265.85,36.01,3600.72,20.8,2079.63,23.68,2368.44,14.65,1465.38,21.5,2150.46,21.21,2120.67,29.88,2987.73,446.89,0.2,1773.87,0.8,3,1,3
PO1000004288,2020,UNKNOWN,MITRA AGUNG SAWITA SEJATI,MITRA AGUNG SAWITA SEJATI,Not RSPO Certified,,3/31/23,3.3,99.31,"3.296392, 99.305017",IDN,Indonesia,Sumatera Utara,Batu Bara,1-Fully Verified,,41.45,4145.22,52.14,83.8,8379.9,1.84,183.78,0.07,6.66,0.01,1.08,0.2,20.16,0.1,10.08,0.16,15.66,0.43,43.02,0.05,5.13,0.23,22.77,0.42,42.21,0.16,16.29,0.29,29.34,0.13,13.14,0.54,54.27,0.61,60.84,0.83,83.25,0.49,48.6,0.57,56.7,0.39,38.97,1.15,114.75,0.86,86.49,0.4,40.23,9.93,0.24,31.52,0.76,3,1,3
PO1000004295,2020,UNKNOWN,AMAL TANI,AMAL TANI,Not RSPO Certified,,3/31/23,3.59,98.31,"3.588333, 98.305556",IDN,Indonesia,Sumatera Utara,Langkat,1-Fully Verified,,108.36,10836,132.06,285.15,28515.06,0.44,44.01,0.2,19.98,0.29,28.8,0.3,29.79,1.39,139.14,1.94,194.49,0.74,74.34,0.34,34.2,0.9,89.55,0.53,52.74,1.01,101.34,1.83,183.24,0.27,26.82,1.65,165.06,0.51,51.12,1.62,161.91,2.41,241.47,4.6,459.54,3.47,347.04,1.75,174.51,3.1,309.69,3.1,310.32,32.39,0.3,75.97,0.7,4,2,4
PO1000004296,2020,UNKNOWN,SINAR LANGKAT PERKASA,SINAR LANGKAT PERKASA,Not RSPO Certified,,3/31/23,3.62,98.4,"3.620806, 98.401528",IDN,Indonesia,Sumatera Utara,Langkat,1-Fully Verified,,70.92,7091.91,113.18,288.76,28876.05,0.29,29.07,0.28,28.44,0.47,46.8,1.08,108.18,0.93,92.88,0.41,40.77,0.78,78.21,2.25,224.55,2.01,200.88,0.58,57.6,0.1,10.26,1.68,168.03,0.1,9.63,0.66,66.24,0.11,10.71,1.27,126.81,0.91,90.9,1.47,147.42,3.05,304.74,2.61,260.73,0.98,98.28,0.29,29.07,22.3,0.31,48.62,0.69,3,2,3
PO1000004297,2020,UNKNOWN,MEGAH PUSAKA ANDALAS,MEGAH PUSAKA ANDALAS,Not RSPO Certified,,3/31/23,3.65,98.15,"3.6506639, 98.1507722",IDN,Indonesia,Sumatera Utara,Langkat,1-Fully Verified,,396.67,39666.69,382.36,753.5,75349.89,0.2,19.53,0.27,27,0.31,31.05,1.28,128.43,0.41,41.4,0.39,39.06,0.28,27.63,0.22,22.14,2.2,220.14,1.3,129.87,3.11,311.49,2.02,201.6,1.5,150.21,3.96,395.73,2.31,230.85,2.31,231.03,1.2,120.42,3.4,340.38,2.39,239.22,2.14,214.29,2.98,298.08,2.05,204.84,36.24,0.09,360.42,0.91,2,1,3
PO1000004303,2020,UNKNOWN,BEURATA SUBUR PERSADA,BEURATA SUBUR PERSADA,Not RSPO Certified,,3/31/23,4.13,96.34,"4.125333, 96.34125",IDN,Indonesia,Aceh,Nagan Raya,1-Fully Verified,,1670.81,167081.22,1692.02,3847.81,384781.41,5.98,597.6,2.19,218.79,1.04,104.04,2.19,219.24,2.46,246.24,3.97,396.99,5.55,555.12,6.28,628.47,19.32,1932.12,9.59,958.59,19.63,1963.08,16.46,1646.01,19.26,1925.82,14.22,1422.45,14.58,1458.45,22.73,2273.22,29.01,2901.15,21.28,2127.51,16.99,1698.75,11.94,1194.21,18.88,1887.93,14.67,1467.09,278.23,0.17,1392.58,0.83,3,1,3
PO1000004305,2020,UNKNOWN,TRI AGRO PALMA TAMIANG,TRI AGRO PALMA TAMIANG,Not RSPO Certified,,3/31/23,4.19,98.04,"4.186056, 98.042389",IDN,Indonesia,Aceh,Aceh Tamiang,1-Fully Verified,,94.71,9470.88,115.34,257.62,25761.87,1.37,137.34,1.76,176.49,0.45,45.27,0.25,24.66,0.07,7.29,1.02,102.15,1.28,128.07,3.1,310.23,2.62,261.81,2.88,288.36,1.02,101.7,0.75,74.88,4.01,400.68,2.38,237.51,1.03,102.87,1.57,156.69,1.23,122.67,4.3,430.47,2.25,225.36,5.54,554.49,2.91,290.79,2.68,268.11,44.48,0.47,50.23,0.53,4,3,4
PO1000004312,2020,UNKNOWN,SAWITTA JAYA LAU PAKAM,SAWITTA JAYA LAU PAKAM,Not RSPO Certified,,3/31/23,3.26,97.96,"3.260417, 97.965",IDN,Indonesia,Sumatera Utara,Karo,1-Fully Verified,,2366.2,236619.63,2419.07,4056.06,405606.15,10.38,1038.24,4.19,419.31,4.21,421.38,6.5,649.8,8.65,865.17,7.46,745.74,17.43,1742.67,14.26,1426.23,28.94,2893.59,46.24,4624.02,5.77,577.35,17.51,1750.77,3.78,377.55,23.88,2388.15,6.29,629.19,17.05,1704.87,9.26,925.83,10.98,1098.18,5.84,583.65,10.02,1001.97,7.29,728.55,11.05,1105.38,276.98,0.12,2089.22,0.88,2,1,3
PO1000004313,2020,UNKNOWN,CIPTA AGRO SEJATI,CIPTA AGRO SEJATI,Not RSPO Certified,,3/31/23,1.87,100.43,"1.8712, 100.431",IDN,Indonesia,Riau,Rokan Hilir,1-Fully Verified,,42.72,4272.21,63.88,100.96,10096.11,0.34,33.75,0.5,49.86,0.09,9.27,4.78,477.81,1.33,132.84,0.45,45.45,0.26,25.56,1.1,110.07,2.67,267.03,0.67,66.78,0.85,84.51,0.86,86.04,1.01,101.25,0.6,59.94,0.67,66.6,1.59,159.21,0.45,45.45,0.53,52.92,0.78,77.85,0.41,40.77,0.49,48.6,0.56,56.25,20.98,0.49,21.74,0.51,3,3,3
PO1000004317,2020,UNKNOWN,WAHANA POTENSI GUNA,WANA POTENSI GUNA,Not RSPO Certified,,3/31/23,-2.82,103.44,"-2.821718, 103.444369",IDN,Indonesia,Sumatera Selatan,Musi Banyuasin,1-Fully Verified,,253.42,25341.93,316.17,518.35,51835.14,2.47,247.05,14.69,1468.71,6.22,622.26,8.17,817.02,6.18,618.21,15.14,1513.53,3.78,378.27,14.68,1467.63,8.23,823.32,5.23,522.72,4.99,499.05,18.47,1846.8,5.13,512.91,9.63,963.18,5.26,526.5,9.75,974.52,4.19,419.13,3.67,367.29,3.55,354.51,5.97,596.61,9.25,924.75,8.28,827.64,172.92,0.68,80.5,0.32,5,4,3
PO1000004332,2020,UNKNOWN,SERDANG HULU,SERDANG HULU,Not RSPO Certified,,3/31/23,3.35,98.49,"3.34945, 98.494433",IDN,Indonesia,Sumatera Utara,Langkat,1-Fully Verified,,474.7,47470.14,652.19,2003.84,200383.65,6.14,614.16,0.99,99,0.85,85.32,1.33,132.57,0.87,87.39,1.34,133.92,4.06,405.9,1.72,171.63,5.05,505.08,3.89,388.98,3.12,312.3,4.59,458.73,0.6,60.48,3.48,348.12,1.98,198.27,4.94,494.46,2.94,293.76,5.4,539.82,3.38,338.04,3.13,313.38,3.12,311.67,6.18,617.94,69.11,0.15,405.59,0.85,3,1,3
PO1000004336,2020,UNKNOWN,TUNAS HARAPAN SAWIT,TUNAS HARAPAN SAWIT,Not RSPO Certified,,3/31/23,3.37,99.02,"3.367467, 99.017833",IDN,Indonesia,Sumatera Utara,Serdang Bedagai,1-Fully Verified,,11.89,1189.17,22.51,43.93,4393.44,0.12,12.42,0.14,13.59,0.01,1.26,0.01,1.44,0.1,10.44,0,0,0.02,1.62,0.18,18,0.43,43.11,0.16,15.57,0.02,2.07,0.6,60.48,0.17,17.01,0.44,43.56,0.12,12.42,0.23,23.31,0.19,18.72,0.62,61.65,1.13,112.95,0.93,92.97,0.2,19.8,0.6,59.85,6.42,0.54,5.47,0.46,4,3,4
PO1000004339,2020,UNKNOWN,SERDANG TENGAH,TANJUNG PURBA,Not RSPO Certified,,3/31/23,3.4,98.86,"3.39584, 98.85533",IDN,Indonesia,Sumatera Utara,Deli Serdang,1-Fully Verified,,148.76,14876.01,192.9,421.78,42177.6,2.02,201.6,2.02,202.05,8.7,870.21,1.4,140.22,1.67,167.22,1.33,132.57,1.51,150.66,0.83,83.34,2.15,214.56,1.47,146.79,0.9,89.73,1.09,109.44,0.91,90.81,3.72,372.24,2.16,215.55,4.04,403.74,1.82,181.8,3.71,370.62,1.91,191.25,1.07,107.28,3.02,301.95,5.42,541.53,52.85,0.36,95.91,0.64,4,2,4
PO1000004349,2020,ROYAL GOLDEN EAGLE,PERKEBUNAN PELALU RAYA,PERKEBUNAN PELALU RAYA,Not RSPO Certified,,3/31/23,-0.1,100.05,"-0.1004, 100.049",IDN,Indonesia,Sumatera Barat,Agam,1-Fully Verified,,1305.15,130515.3,1504.6,3875.12,387511.92,1.78,178.47,1.79,179.01,2.15,215.19,2.68,267.93,3.44,344.34,4.37,437.31,5.08,508.23,5.52,552.42,6.62,662.49,5.63,562.86,2.46,246.15,3.02,302.31,1.25,125.28,1.68,168.48,1.37,136.71,6.07,607.14,8.67,867.24,4.62,461.52,4.38,437.58,5.23,522.9,7.08,707.85,5.06,506.43,89.98,0.07,1215.17,0.93,2,1,3
PO1000004352,2020,BINTANG HARAPAN DESA (BHD),BINTANG HARAPAN DESA,BINTANG HARAPAN DESA,Not RSPO Certified,,3/31/23,-0.11,110.33,"-0.11225, 110.332383",IDN,Indonesia,Kalimantan Barat,Sanggau,1-Fully Verified,,743.89,74388.6,797.78,1317.86,131785.56,6.06,605.52,5.19,519.12,3.54,353.79,8.81,880.65,6.5,649.53,3.57,357.3,3.86,386.37,6.51,651.06,11.42,1142.01,2.91,291.15,7.46,746.01,7.24,723.69,7.96,796.05,14.44,1443.87,21.87,2187.18,30.89,3088.8,20.19,2018.7,10.49,1049.04,12.27,1227.06,12.04,1204.47,28.75,2874.87,34.15,3415.32,266.12,0.36,477.77,0.64,5,2,4
PO1000004356,2020,GAMA PLANTATIONS,TH INDO PLANTATIONS,NYATOH,Not RSPO Certified,,3/31/23,0.13,103.15,"0.131616, 103.154195",IDN,Indonesia,Riau,Indragiri Hilir,1-Fully Verified,,174.08,17408.43,236.87,680.81,68080.86,4.23,422.55,1.96,195.84,0.38,37.62,4.12,411.57,5.45,544.68,1.82,181.71,1.58,157.68,3.99,398.97,1.4,139.68,19.62,1961.82,3.88,387.72,5.87,587.16,2.25,224.91,7.19,719.1,4.98,498.06,3.27,327.33,6.24,623.97,9.76,975.6,14.77,1476.99,11.08,1107.81,3.63,362.88,19.53,1952.82,136.96,0.79,37.12,0.21,5,4,4
PO1000004360,2020,SWASTISIDDHI AMAGRA,SWASTISIDDHI AMAGRA,BINABARU,Not RSPO Certified,,3/31/23,0.21,101.28,"0.20895, 101.276083",IDN,Indonesia,Riau,Kampar,1-Fully Verified,,67.62,6761.52,112.36,187.86,18786.33,0.78,77.94,0.73,73.17,0.23,23.04,0.74,73.53,1.96,195.84,0.49,48.51,0.7,69.75,0.76,75.78,0.37,36.72,0.94,93.78,0.43,42.57,0.66,65.7,0.26,25.56,0.36,36.09,0.9,90.09,1.24,123.66,1.87,186.66,2.04,203.67,1.05,105.03,1.53,153,1.54,154.17,1.39,138.51,20.93,0.31,46.69,0.69,3,2,4
PO1000004363,2020,GAMA PLANTATIONS,TH INDO PLANTATIONS,PULAI,Not RSPO Certified,,3/31/23,0.22,103.17,"0.219722, 103.165556",IDN,Indonesia,Riau,Indragiri Hilir,2-High Confidence,,118.96,11895.57,150.55,185.9,18589.5,2.95,295.29,4.22,422.1,6.35,635.22,1.78,177.93,9.87,986.58,1.23,123.3,0.32,32.04,1.4,140.04,0.46,45.81,7.96,795.78,2.07,206.82,6.01,601.11,6.56,656.28,3.49,349.11,2.83,282.51,3.47,347.13,2.99,298.71,7.8,779.58,6.3,630.27,4.94,494.37,0.92,92.34,11.36,1135.62,95.28,0.8,23.68,0.2,5,4,3
PO1000004366,2020,SUPERVENTURE,BERKAT SAWIT SEJAHTERA,BERKAT SAWIT SEJAHTERA (PASAMAN),Not RSPO Certified,,3/31/23,0.24,99.71,"0.238164, 99.705263",IDN,Indonesia,Sumatera Barat,Pasaman Barat,1-Fully Verified,,12.05,1204.74,16.48,26.72,2672.37,0.13,12.51,0.12,11.79,0.04,3.6,0.13,12.51,0.11,10.98,0.15,15.21,0.04,4.32,0.05,5.4,0.2,20.16,0.03,3.42,0.03,3.33,0.12,11.7,0.11,11.34,0.16,16.11,0.05,5.13,0.07,7.02,0.36,35.73,0.12,11.88,0.39,38.79,0.46,46.17,0.2,19.53,0.14,13.5,3.2,0.27,8.85,0.73,3,2,3
PO1000004383,2020,UNKNOWN,PANGKALAN BARU INDAH,PANGKALAN BARU INDAH,Not RSPO Certified,,3/31/23,0.42,101.59,"0.423633, 101.58915",IDN,Indonesia,Riau,Kampar,1-Fully Verified,,131.31,13131.09,176.16,272.59,27258.66,8.93,892.53,3.11,311.49,1.64,163.62,16.66,1666.26,9.32,932.04,4.46,445.68,5.11,510.84,6.36,635.76,4.27,427.32,4.53,452.61,2.4,240.03,3.64,364.14,2.12,212.4,5.22,522.45,3.38,338.49,3.32,332.1,3.69,368.55,3.46,345.78,2.34,233.82,3.07,307.17,1.57,156.96,1.8,179.82,100.4,0.76,30.91,0.24,3,4,3
PO1000004385,2020,PADASA ENAM UTAMA,PADASA ENAM UTAMA,KALIANTA 1,Not RSPO Certified,,3/31/23,0.46,100.8,"0.458199, 100.802036",IDN,Indonesia,Riau,Rokan Hulu,1-Fully Verified,,193.12,19311.66,235.62,596.6,59659.74,2.05,205.2,3.82,382.41,1.36,136.35,11.71,1171.26,24.56,2456.01,8.27,826.92,5.87,586.53,4.42,442.35,3.89,389.16,4.5,450,2.08,207.72,4.16,416.16,2.93,293.31,5.41,540.63,5.83,582.57,5.42,541.62,2.84,283.68,3.77,377.28,3.22,322.38,2.53,252.63,13.56,1355.76,2.3,229.95,124.5,0.64,68.62,0.36,5,4,4
PO1000004392,2020,SARIMAS,AGRO SARIMAS INDONESIA,AGRO SARIMAS INDONESIA,Not RSPO Certified,,3/31/23,-0.52,102.92,"-0.5163, 102.921496",IDN,Indonesia,Riau,Indragiri Hilir,1-Fully Verified,,2606.4,260640,2802.91,3807.71,380770.92,28.91,2890.8,13.4,1339.74,8.57,856.89,37.94,3794.04,52.89,5288.58,43.62,4362.03,67.72,6772.5,27.95,2794.86,12.14,1214.28,269.11,26911.44,178.9,17890.11,224.61,22461.3,74.84,7483.59,135.45,13545.45,37.27,3726.63,67.5,6750.45,52.68,5267.52,42.14,4213.98,55.82,5582.25,29.69,2968.56,27.36,2735.64,16.93,1693.08,1505.44,0.58,1100.96,0.42,3,3,3
PO1000004423,2020,UNKNOWN,SUMBER JAYA INDAHNUSA COY,KOTA LAMA,Not RSPO Certified,,3/31/23,0.89,100.7,"0.892167, 100.699",IDN,Indonesia,Riau,Rokan Hulu,1-Fully Verified,,136.48,13648.32,160.24,279.25,27925.2,1.6,160.29,6.57,657.45,2.83,282.69,21.91,2190.78,13.64,1364.31,11.38,1138.05,7.98,797.67,0.75,75.15,9.3,929.61,1.36,135.9,0.4,39.87,0.92,91.98,0.02,2.07,0.1,9.63,0.05,4.68,0.16,15.66,3.71,370.89,4.28,428.13,2.7,269.73,5.31,530.91,4.81,481.14,4.21,421.11,103.98,0.76,32.51,0.24,4,4,3
PO1000004442,2020,UNKNOWN,KENCANA PERSADA NUSANTARA,KENCANA PERSADA NUSANTARA,Not RSPO Certified,,3/31/23,1.18,100.23,"1.175407, 100.232727",IDN,Indonesia,Riau,Rokan Hulu,1-Fully Verified,,143.09,14309.19,181.12,250.88,25088.4,5.57,557.46,8.97,897.3,12.62,1261.53,55.14,5514.03,14.64,1463.76,3.54,353.97,1.29,128.61,0.79,78.93,18.06,1805.94,2.27,226.98,2.23,223.11,0.37,36.9,0.09,9.27,0.17,17.01,0.26,26.19,0.69,68.76,0.97,96.93,0.52,51.84,0.44,43.92,0.6,60.03,0.6,60.48,0.56,55.53,130.38,0.91,12.71,0.09,2,5,1
PO1000004443,2020,HUTAHAEAN,HUTAHAEAN,DALU DALU,Not RSPO Certified,,3/31/23,1.18,100.27,"1.178517, 100.2703",IDN,Indonesia,Riau,Rokan Hulu,1-Fully Verified,,58.49,5849.28,88.82,137.57,13757.4,0.26,25.65,0.37,37.08,0.14,14.4,0.54,53.55,1.56,156.24,0.63,62.82,0.19,18.54,0.35,35.19,0.48,48.33,0.11,11.16,0.26,26.28,0.28,28.44,0.07,6.93,0.34,34.2,0.21,21.15,0.86,86.22,1.83,182.79,3.89,389.16,6.4,640.17,1.41,141.03,0.93,93.24,2.34,233.64,23.46,0.4,35.03,0.6,4,3,4
PO1000004451,2020,INCASI RAYA (GUNAS),INCASI RAYA,PANGIAN,Not RSPO Certified,,3/31/23,-1.32,101.65,"-1.320133, 101.648567",IDN,Indonesia,Sumatera Barat,Dharmasraya,1-Fully Verified,,145.91,14591.16,154.2,215.89,21589.29,1.16,115.65,0.54,53.91,1.5,150.21,4.38,437.94,3.02,302.49,3.28,327.6,3.07,307.44,1.32,131.76,1.68,167.76,0.58,57.51,1.86,185.58,1.48,148.05,1.41,141.39,1.43,142.56,13.56,1356.03,21.98,2197.62,12.03,1202.94,12.6,1260,20.05,2005.38,9.95,995.4,8.94,894.15,1.47,146.88,127.28,0.87,18.63,0.13,5,5,3
PO1000004452,2020,UNKNOWN,PALMA ABADI,PALMA ABADI,Not RSPO Certified,,3/31/23,-1.32,103.27,"-1.3213, 103.26525",IDN,Indonesia,Jambi,Muaro Jambi,1-Fully Verified,,355.89,35589.24,390.06,970.11,97011.45,2.86,285.57,7.9,789.57,6.38,637.92,15.94,1594.08,15.78,1578.33,51.27,5126.85,45.9,4589.73,45.84,4583.79,32.35,3234.69,2.48,247.86,14.39,1439.1,8.03,802.62,6.14,613.8,6.63,663.21,3.94,394.38,6.93,692.73,5.24,524.43,3.74,374.4,1.39,138.69,2.27,227.16,8.53,853.2,6.49,649.08,300.41,0.84,55.48,0.16,3,5,3
PO1000004457,2020,UNKNOWN,BUKIT BINTANG SAWIT,BUKIT BINTANG SAWIT,Not RSPO Certified,,3/31/23,-1.38,103.49,"-1.382117, 103.494517",IDN,Indonesia,Jambi,Muaro Jambi,1-Fully Verified,,260.38,26037.54,289.94,527.44,52744.32,1.66,165.6,5.65,565.02,1.23,122.58,9.23,922.77,8.47,846.54,12.31,1231.2,20.1,2009.52,12.18,1217.7,14.44,1443.51,0.01,0.72,3.1,309.96,14.72,1472.13,4.18,417.69,4.34,433.8,3.77,376.65,6.14,613.71,7.13,712.89,7.52,751.59,2.9,290.16,4.48,448.29,9.66,965.7,8.16,815.85,161.34,0.62,99.04,0.38,4,3,3
PO1000004461,2020,UNKNOWN,MAJU INDO RAYA,AEK SIBIRONG,Not RSPO Certified,,3/31/23,1.41,98.86,"1.409317, 98.85825",IDN,Indonesia,Sumatera Utara,Tapanuli Selatan,1-Fully Verified,,415.56,41556.24,424.29,2073.02,207302.4,3.04,303.66,3.68,368.01,2.37,236.79,2.99,299.34,11.61,1160.73,9.77,976.68,14.95,1494.9,23.58,2357.73,54.1,5409.9,23.01,2300.94,68.37,6837.03,26.14,2614.05,6.03,602.55,12.87,1286.64,2.96,295.74,3.98,397.53,3.96,396.09,3.5,350.01,1.98,198.36,3.81,380.61,4.19,418.77,2.15,215.1,289.01,0.7,126.55,0.3,2,4,3
PO1000004468,2020,UNKNOWN,SUNGAI BAHAR PASIFIK UTAMA,SUNGAI BAHAR PASIFIK UTAMA,Not RSPO Certified,,3/31/23,-1.54,103.63,"-1.5362, 103.630567",IDN,Indonesia,Jambi,Muaro Jambi,1-Fully Verified,,261.43,26142.84,458.53,919.12,91911.78,3.24,324.27,5.69,569.43,1.32,131.58,4.69,469.35,4.66,465.66,4.36,435.51,9.67,966.51,10.12,1011.96,13.26,1326.33,0.07,6.66,2.27,226.98,14.09,1409.13,5.62,561.96,5.34,534.42,5.58,558,11.23,1122.93,6.75,675.18,6.76,676.35,5.08,508.32,7.56,756.09,4.9,489.96,3.86,385.65,136.12,0.52,125.31,0.48,3,3,3
PO1000004482,2020,UNKNOWN,BICCON AGRO MAKMUR,BICCON AGRO MAKMUR,Not RSPO Certified,,3/31/23,-1.74,103.87,"-1.744367, 103.869367",IDN,Indonesia,Jambi,Muaro Jambi,1-Fully Verified,,1211.8,121180.05,1145.64,1799.27,179926.83,6.26,626.04,7.36,736.38,3.65,365.49,40.48,4048.02,47.26,4726.35,9.51,951.12,48.51,4850.91,25.59,2559.42,28.83,2882.97,3.59,358.83,7.46,745.56,58.42,5841.54,50.79,5079.33,46.95,4694.58,35.81,3581.46,253.57,25356.6,18.29,1829.43,21.87,2187.18,16.33,1633.32,94.56,9455.76,18.05,1805.4,12.38,1238.4,855.54,0.71,356.26,0.29,3,4,3
PO1000004483,2020,SUMBER TANI AGUNG,SUMBER TANI AGUNG,SUMBER TANI AGUNG,Not RSPO Certified,,3/31/23,1.75,99.98,"1.75455, 99.9835",IDN,Indonesia,Sumatera Utara,Labuhanbatu Selatan,1-Fully Verified,LANGGA PAYUNG,220.21,22021.11,262.75,507.28,50727.6,3.9,389.7,2.31,230.76,1.12,111.6,4.45,444.87,3.34,333.54,2.39,238.77,4.16,415.89,4.3,429.93,4.76,476.37,2.78,278.19,6.28,628.29,4.09,408.78,9.13,912.51,12.72,1271.61,1.82,181.98,4.1,410.49,5.66,566.19,3.39,338.76,3.88,387.81,2.76,276.21,5.46,545.85,4.78,477.81,97.56,0.44,122.65,0.56,3,3,3
PO1000004498,2020,UNKNOWN,PALMA JAYA SEJAHTERA,PALMA JAYA SEJAHTERA,Not RSPO Certified,,3/31/23,-1.87,103.56,"-1.874576, 103.560276",IDN,Indonesia,Jambi,Muaro Jambi,1-Fully Verified,,313.04,31304.34,328.62,523.06,52305.66,3.06,306.09,3.72,372.42,0.61,61.11,2.97,297.36,3.71,371.43,3.53,352.53,9.59,958.77,5.83,583.02,7.17,717.39,0.01,0.63,0.5,50.04,8.11,810.81,3.7,369.81,4.78,478.17,4.18,418.5,8.37,837.36,6.97,696.6,10.55,1055.25,4.75,475.38,11,1099.62,14.02,1402.47,17.7,1769.58,134.84,0.43,178.2,0.57,5,3,5
PO1000004499,2020,UNKNOWN,BUANA WIRASUBUR SAKTI,BUANA WIRASUBUR SAKTI,Not RSPO Certified,,3/31/23,-1.89,116.06,"-1.886417, 116.06075",IDN,Indonesia,Kalimantan Timur,Paser,1-Fully Verified,,1766.94,176693.94,1728.31,3324.48,332448.12,7.92,792.18,21.96,2196.36,10.31,1030.59,19.81,1980.72,21.16,2116.26,27.04,2703.69,14.84,1484.19,7.26,726.12,65.61,6560.82,14.13,1413.27,76.8,7679.88,46.3,4630.32,43.79,4378.86,32.46,3245.58,41.52,4152.15,51.83,5182.74,20.39,2039.31,18.38,1837.53,17.53,1753.47,8.92,892.26,13.69,1369.17,6.62,661.77,588.27,0.33,1178.67,0.67,2,2,3
PO1000004513,2020,UNKNOWN,ANUGERAH TANJUNG MEDAN,ANUGERAH TANJUNG MEDAN,Not RSPO Certified,,3/31/23,2.06,100.15,"2.063067, 100.146783",IDN,Indonesia,Sumatera Utara,Labuhanbatu Selatan,1-Fully Verified,,132.02,13202.01,204.43,326.15,32615.46,2.37,236.88,3.25,324.9,0.64,64.08,7.76,775.8,2.65,264.87,2.66,265.68,1.81,181.08,0.25,24.57,1.77,176.58,1.8,180.27,2.07,207.27,3.59,359.01,3.95,395.46,3.44,344.25,2.47,246.87,5.42,542.16,10.91,1091.07,9.04,903.78,12.91,1290.96,8.11,811.26,5.8,580.32,3.06,306.27,95.73,0.73,36.29,0.27,4,4,3
PO1000004527,2020,UNKNOWN,PUTRA BANGKA MANDIRI,PUTRA BANGKA MANDIRI,Not RSPO Certified,,3/31/23,-2.17,106,"-2.166067, 106.004517",IDN,Indonesia,Bangka Belitung,Bangka,1-Fully Verified,,671.62,67161.78,897.56,2143.16,214316.28,13.64,1363.59,5.98,598.41,4.83,483.03,10.4,1040.4,13.08,1307.79,6.35,635.31,20.08,2007.72,9.26,925.56,37.4,3739.77,22.56,2256.03,12.35,1235.16,16.49,1648.62,9.68,967.77,33.83,3383.46,31.22,3121.65,46.03,4602.51,21.8,2179.89,19.98,1997.73,20.97,2096.64,22.14,2213.73,32.85,3285.36,32.14,3213.99,443.04,0.66,228.58,0.34,5,4,4
PO1000004530,2020,INCASI RAYA (GUNAS),INCASI RAYA,SODETAN,Not RSPO Certified,,3/31/23,-2.18,100.92,"-2.184183, 100.917317",IDN,Indonesia,Sumatera Barat,Pesisir Selatan,1-Fully Verified,,289.3,28929.78,292.83,303.9,30389.76,1.55,154.62,18.13,1812.78,7.66,765.9,33.37,3337.02,46.55,4655.07,24.23,2423.25,12.93,1293.39,13.09,1308.6,4.49,448.65,4.69,469.26,18.36,1835.91,9.74,973.89,7.53,753.21,9.47,947.25,8.27,827.46,8.13,812.88,2.36,236.25,16.62,1661.94,5.38,538.47,2.75,274.68,6.13,612.99,14.06,1405.71,275.49,0.95,13.81,0.05,5,5,3
PO1000004534,2020,UNKNOWN,SERDANG CEMERLANG,SERDANG CEMERLANG,Not RSPO Certified,,3/31/23,3.77,98.55,"3.765767, 98.554967",IDN,Indonesia,Sumatera Utara,Deli Serdang,1-Fully Verified,,166.69,16669.26,636.48,1193.81,119381.49,1.07,107.19,0.49,49.05,0.54,53.91,0.64,64.17,1.65,164.79,3.36,336.24,1.69,168.57,0.99,99.09,6.93,693.27,4.29,428.76,0.69,69.39,1.26,125.91,0.52,52.47,3.26,326.16,1.63,162.63,3.59,358.65,0.2,19.71,1.41,140.94,0.89,88.83,1.82,182.16,2.81,280.8,2.07,207.18,41.8,0.25,124.89,0.75,3,2,3
PO1000004535,2020,UNKNOWN,SEJATI PALMA SEJAHTERA,SEJATI PALMA SEJAHTERA,Not RSPO Certified,,3/31/23,-2.21,103.8,"-2.212233, 103.800117",IDN,Indonesia,Sumatera Selatan,Musi Banyuasin,1-Fully Verified,,486.06,48605.58,630.91,1124.43,112443.21,8.51,850.95,14.67,1467.36,1.24,123.66,21.11,2110.86,9.37,936.72,28.62,2862.45,48.94,4894.38,44.91,4490.64,23.23,2323.17,14.61,1460.61,4.86,486.27,44.66,4466.34,15.34,1533.78,30.13,3013.47,15.61,1560.96,15.87,1586.79,14.34,1434.33,14.33,1432.98,5.81,581.4,8.17,817.11,4.7,469.62,6.04,603.54,395.07,0.81,90.98,0.19,3,5,2
PO1000004536,2020,UNKNOWN,SUMBER MAKMUR JAYA,SUMBER KEMBANG JAYA,Not RSPO Certified,,3/31/23,3.77,98.41,"3.765817, 98.407367",IDN,Indonesia,Sumatera Utara,Langkat,1-Fully Verified,,25.32,2532.15,63.04,124.26,12425.76,0.04,4.05,0.01,0.72,0.1,10.17,0.03,3.15,0.04,3.69,0.69,68.58,1.86,185.94,0.14,13.59,0.93,93.42,1.5,150.48,0.31,31.05,4.76,475.56,0.11,11.07,1.04,104.49,0.24,24.21,0.31,30.6,0.01,0.81,0.37,37.26,0.77,76.86,1.96,196.11,0.99,99.18,0.27,27,16.48,0.65,8.84,0.35,4,4,3
PO1000004541,2020,UNKNOWN,MAKMUR ABADI RAYA,MAKMUR ABADI RAYA,Not RSPO Certified,,3/31/23,3.81,98.34,"3.8069, 98.341667",IDN,Indonesia,Sumatera Utara,Langkat,1-Fully Verified,,36.21,3620.7,58.19,134.11,13411.35,0.67,66.96,0.06,5.85,1.05,104.76,0.04,3.96,0.14,14.4,0.14,13.86,0.62,62.28,0.13,12.78,0.42,41.94,0.86,86.49,1.6,160.47,0.21,20.88,2.17,217.17,0.81,81.36,0.13,12.96,1.42,141.57,0.36,36.45,1.82,181.53,1.46,145.89,1.1,110.34,0.57,57.15,0.79,79.2,16.58,0.46,19.62,0.54,3,3,3
PO1000004546,2020,UNKNOWN,CIPTA CHEMICAL MEDAN OIL,CIPTA CHEMICAL MEDAN OIL,Not RSPO Certified,,3/31/23,3.85,98.34,"3.854067, 98.344367",IDN,Indonesia,Sumatera Utara,Langkat,1-Fully Verified,,17.21,1720.53,23.73,42.34,4234.32,0.08,8.46,0.34,34.11,0.34,33.66,0.02,1.89,0.04,3.6,0.03,3.06,0.01,1.26,0.02,1.53,0.05,4.95,0.03,3.33,0.01,0.54,0.04,3.6,0.28,27.72,0.39,38.88,0.32,31.5,0.93,92.79,0.81,80.91,1.07,107.46,1.24,123.93,0.19,18.54,0.27,27.45,0.14,14.13,6.63,0.39,10.57,0.61,3,3,3
PO1000004550,2020,UNKNOWN,RAYA PADANG LANGKAT,RAYA PADANG LANGKAT,Not RSPO Certified,,3/31/23,3.95,98.37,"3.946467, 98.3661",IDN,Indonesia,Sumatera Utara,Langkat,1-Fully Verified,,22.46,2245.5,38.83,60.27,6026.85,0.73,72.63,0.55,54.81,0.3,30.24,0.5,50.49,0.13,13.32,0.09,9.45,0.31,31.05,0.15,14.85,1.77,176.85,0.58,58.14,0.41,41.49,0.68,68.49,0.05,5.4,1.63,163.44,0.13,12.69,0.41,41.22,0.06,5.67,2.92,292.05,0.2,20.25,0.32,32.13,0.28,27.72,0.24,23.94,12.46,0.56,9.99,0.44,3,3,3
PO1000004554,2020,UNKNOWN,AGRI ANDALAS,AGRI ANDALAS,Not RSPO Certified,,3/31/23,-4,102.43,"-3.998716, 102.429673",IDN,Indonesia,Bengkulu,Seluma,1-Fully Verified,,318.2,31820.22,443.28,1362.7,136269.72,3.04,304.11,3.17,317.25,1.3,130.14,2.83,282.96,2.92,292.23,5.99,598.68,1.58,157.77,4.2,420.48,2.34,233.82,9.42,941.85,4.2,419.58,5.63,563.4,1.86,185.94,2.62,261.99,3.11,311.13,4.36,435.87,4.06,405.99,5.22,521.55,3.14,314.28,3.2,320.13,5.37,537.12,6.5,650.25,86.07,0.27,232.14,0.73,3,2,4
PO1000004557,2020,ALAM GROUP,ANUGERAH LANGKAT MAKMUR,ANUGERAH LANGKAT MAKMUR,Not RSPO Certified,,3/31/23,4.01,98.19,"4.013017, 98.19435",IDN,Indonesia,Sumatera Utara,Langkat,1-Fully Verified,,17.6,1759.68,21.4,41.99,4198.77,0.23,23.31,0.14,13.77,0.17,17.46,0.09,9.27,0.01,0.99,0.07,6.57,0.08,7.83,1.59,159.21,1.51,150.66,0.29,29.16,0,0.36,0.05,4.77,0.03,3.06,0.65,64.53,0.37,36.99,0.52,51.66,0.24,24.21,0.47,46.62,0.15,15.21,0.06,5.67,0.34,33.57,2.65,265.14,9.7,0.55,7.9,0.45,5,3,5
PO1000004558,2020,UNKNOWN,SAWIT JAYA MAKMUR SENTOSA,SAWIT JAYA MAKMUR SENTOSA,Not RSPO Certified,,3/31/23,4.02,98.21,"4.017067, 98.2124",IDN,Indonesia,Sumatera Utara,Langkat,2-High Confidence,,34.12,3412.08,56.85,107.3,10730.43,0.43,42.66,0.09,8.82,0.04,3.96,0.16,16.38,1.17,117.18,1.06,105.66,0.46,46.17,0.99,99.27,1.28,127.62,0.57,57.33,0.17,16.92,0.47,46.62,0.52,52.47,0.92,91.8,1.07,107.46,1.19,119.16,0.76,75.96,1.66,165.69,0.61,61.47,0.44,43.83,0.7,70.11,0.74,74.25,15.51,0.45,18.61,0.55,3,3,3
PO1000004559,2020,UNKNOWN,SUMBER MAKMUR JAYA,SUMBER MAKMUR JAYA,Not RSPO Certified,,3/31/23,4.03,98.3,"4.033367, 98.301517",IDN,Indonesia,Sumatera Utara,Langkat,1-Fully Verified,,23.64,2363.58,92.9,258.1,25809.75,0.16,15.57,0.21,20.88,0.13,12.87,0.1,9.9,0.6,60.39,0.42,42.39,0.42,41.76,0.56,56.43,0.72,72.18,0.15,14.58,0.06,5.58,0.26,26.46,1.61,161.01,0.56,56.16,1.06,105.93,0.58,58.5,0.39,39.15,1.26,125.73,0.11,11.34,0.15,14.67,0.47,47.34,0.71,70.83,10.7,0.45,12.94,0.55,4,3,3
PO1000004560,2020,UNKNOWN,SAWIT NAGAN RAYA MAKMUR,SAWIT NAGAN RAYA MAKMUR,Not RSPO Certified,,3/31/23,4.05,96.47,"4.04892, 96.47428",IDN,Indonesia,Aceh,Nagan Raya,2-High Confidence,,130.66,13066.02,137.31,456.14,45613.98,0.61,60.84,0.19,18.54,0.12,11.7,0.23,22.68,0.16,16.38,0.39,38.52,1.05,104.94,1.59,158.85,5.09,508.59,3.37,336.96,5.65,565.29,17.55,1755,19.34,1933.92,5.1,510.48,2.22,222.03,2.46,246.42,1.98,197.82,1.91,190.53,1.12,112.5,0.6,60.3,1.1,110.25,0.59,59.22,72.42,0.55,58.24,0.45,2,3,3
PO1000004575,2020,SUPERVENTURE,ANUGERAH PELANGI SUKSES,ANUGERAH PELANGI SUKSES,Not RSPO Certified,,3/31/23,-4.56,103.11,"-4.5632, 103.1132",IDN,Indonesia,Bengkulu,Kaur,1-Fully Verified,,1640.2,164020.23,1660.53,3050.56,305056.35,8.24,824.49,10.49,1049.31,3.37,336.78,24.75,2475,11.1,1110.24,26.13,2613.42,3.63,362.61,23.27,2327.22,6.55,654.84,7.87,786.96,14.48,1447.65,30.18,3018.15,17.83,1783.44,18.75,1875.15,25.61,2561.04,20.08,2008.44,28.79,2879.1,26.51,2651.49,20.8,2080.08,12.65,1264.59,7.99,798.57,17.27,1727.28,366.36,0.22,1273.84,0.78,2,1,3
PO1000004576,2020,UNKNOWN,ANUGRAH FAJAR REZEKI,ANUGERAH FAJAR REZEKI,Not RSPO Certified,,3/31/23,4.57,97.91,"4.57432, 97.90967",IDN,Indonesia,Aceh,Aceh Timur,1-Fully Verified,,210.87,21086.82,229.86,404.79,40478.67,0.89,89.46,0.75,74.7,0.29,28.71,1.37,137.43,0.68,68.13,0.39,39.33,0.89,89.28,1.5,150.21,2.13,213.48,2.11,210.69,4.75,474.75,6.74,674.46,5.6,560.07,11.17,1116.99,9.95,995.31,8.13,813.24,5.23,523.44,9.57,956.52,6.75,674.73,2.59,258.66,1.96,195.57,2.19,218.97,85.64,0.41,125.23,0.59,3,3,3
PO1000004582,2020,UNKNOWN,BLANG KETUMBA,BLANG KETUMBA,Not RSPO Certified,,3/31/23,4.98,96.7,"4.984983, 96.7",IDN,Indonesia,Aceh,Bireuen,1-Fully Verified,,3534.11,353410.83,3844.09,10779.86,1077986.25,7.31,730.89,7.78,778.05,0.8,79.92,8.58,857.79,6.98,697.5,13.68,1368.18,6.57,656.64,7.11,710.73,19.7,1969.56,17.28,1728.09,16.07,1607.22,20.79,2078.64,20.98,2097.99,57.32,5731.56,34.18,3418.38,54.72,5472.27,42.06,4205.79,46.52,4652.46,34.17,3416.94,27.17,2717.28,26.38,2638.44,18.47,1847.43,494.62,0.14,3039.49,0.86,2,1,3
PO1000004583,2020,UNKNOWN,SYAUKATH SEJAHTERA,SYAUKATH SEJAHTERA,Not RSPO Certified,,3/31/23,5.23,96.9,"5.228433, 96.899017",IDN,Indonesia,Aceh,Bireuen,1-Fully Verified,,751.59,75158.64,1293.92,2765.68,276568.38,2.75,275.49,2.77,277.38,0.18,18.09,2.83,283.05,3.83,382.95,4.76,476.37,4.03,403.29,4.85,484.65,8.4,840.06,5.16,515.88,7.57,756.54,7.75,775.44,6.64,664.2,16.8,1680.3,13.61,1360.62,20.71,2071.26,18.44,1843.92,17.84,1784.25,13.37,1336.86,13.85,1384.83,13.59,1358.82,10.93,1093.41,200.68,0.27,550.91,0.73,3,2,3
PO1000004761,2020,UNKNOWN,PROCESADORA DE ACEITE DE PALMA,PROCESADORA DE ACEITE DE PALMA,Not RSPO Certified,,3/31/23,15.24,-92.59,"15.236, -92.586494",MEX,Mexico,Chiapas,Villa Comaltitlán,1-Fully Verified,,2869.75,286974.9,3899.06,8197.94,819794.07,4.4,440.28,4.68,468.27,2.5,250.47,4.73,472.77,15.07,1507.14,5.33,532.62,2.67,267.3,20,2000.34,9.22,922.05,4.98,497.97,6.63,663.21,7.46,746.46,9.97,997.02,7.75,774.63,5.05,505.35,19.23,1922.67,10.93,1092.87,13.81,1380.6,10.21,1020.69,8.65,864.81,7.14,714.24,6.27,626.76,186.69,0.07,2683.06,0.93,1,1,3
PO1000004764,2020,UNKNOWN,OLEOFINOS DEL CARMEN,OLEOFINOS DEL CARMEN,Not RSPO Certified,,3/31/23,18.26,-91.3,"18.262, -91.303778",MEX,Mexico,Campeche,Carmen,1-Fully Verified,,2040.33,204032.61,4794.62,9816.47,981646.83,23.37,2337.3,24.63,2463.48,66.91,6690.6,21.44,2144.43,117.05,11705.22,15.55,1555.29,28.71,2871.27,24.65,2465.19,30.46,3045.87,12.91,1291.23,10.68,1068.12,20.44,2043.72,34.89,3489.03,37.46,3745.89,50.05,5004.81,61.48,6148.17,96.78,9678.06,40.05,4005.36,57.13,5712.66,75.49,7548.84,31.91,3191.49,25.45,2545.02,907.51,0.44,1132.82,0.56,3,3,3
PO1000004765,2020,UNKNOWN,ACEITES DE PALMA,ACEITES DE PALMA,Not RSPO Certified,,3/31/23,18.05,-94.92,"18.047, -94.917669",MEX,Mexico,Veracruz,Hueyapan de Ocampo,1-Fully Verified,,2440.65,244065.24,7544.11,10399.19,1039918.59,19.49,1948.86,34.24,3424.23,19.07,1906.92,15.56,1555.83,48.61,4861.26,28.91,2890.71,16.21,1621.08,35.56,3556.35,26.75,2674.89,15.01,1501.02,42.12,4212.27,22,2199.78,33.69,3369.42,22.46,2246.31,17.8,1779.66,31.98,3197.79,32.74,3274.02,40.94,4094.37,58.86,5886.18,30.08,3008.07,32.37,3237.48,32.21,3221.19,656.68,0.27,1783.98,0.73,3,2,3
PO1000004786,2020,CHIN TECK PLANTATIONS BERHAD,CHIN TECK PLANTATIONS BHD,KERATONG,Not RSPO Certified,,3/31/23,3.29,102.82,"3.294139, 102.821528",MYS,Malaysia,Pahang,Rompin,1-Fully Verified,,258.51,25851.24,236.49,243.25,24325.38,0.04,4.05,0.04,3.96,0.01,0.63,0.99,99.36,1.42,142.2,6.36,636.21,4.23,422.73,1.09,108.9,7.93,792.99,9.29,929.16,9.2,919.98,8.85,884.52,0.31,30.6,2.07,206.55,8.81,881.28,5.26,525.69,8.14,814.05,1.71,171.27,1.54,153.99,16.17,1617.03,21.16,2115.99,3,299.88,117.61,0.45,140.9,0.55,5,3,4
PO1000004795,2020,TETANGGA AKRAB,TETANGGA AKRAB SDN BHD,TETANGGA AKRAB 1,Not RSPO Certified,,3/31/23,1.02,110.69,"1.0225, 110.691667",MYS,Malaysia,Sarawak,Serian,1-Fully Verified,,486.21,48620.88,510.18,1428.09,142808.67,1.45,145.44,1.3,129.51,2.84,284.31,4.04,403.92,1.38,138.15,1.59,159.21,6.68,668.07,15.5,1549.8,11.96,1195.56,9.89,989.28,14.33,1433.25,20.02,2001.78,17.53,1752.66,14.39,1438.74,6.79,678.96,15.18,1517.76,9.13,912.87,16.01,1601.01,10.26,1025.82,3.56,355.5,13.64,1364.13,5.9,590.4,203.36,0.42,282.85,0.58,3,3,3
PO1000004797,2020,MELANGKING OIL PALM PLANTATION SDN BHD,MELANGKING OIL PALM PLANTATION SDN BHD,MELANGKING,Not RSPO Certified,,3/31/23,5.62,118.25,"5.622239, 118.247251",MYS,Malaysia,Sabah,Sandakan,1-Fully Verified,,271.27,27126.99,357.8,838.99,83898.9,1.03,103.41,1.91,190.98,1.33,133.38,6.54,654.21,4.15,415.26,2.1,210.33,3.04,304.02,2.5,249.84,0.31,30.87,1.85,184.59,0.98,98.19,5.27,526.95,2.45,244.8,7.87,786.96,3.73,372.51,2.77,277.2,6.55,655.29,4.36,435.96,12.79,1278.99,5.23,522.9,17.34,1733.94,13.31,1330.74,107.41,0.4,163.86,0.6,5,3,5
PO1000004799,2020,RINWOOD PELITA (MUKAH) PLANTATION SDN BHD,RINWOOD PELITA (MUKAH) PLANTATION SDN BHD,RINWOOD PELITA,Not RSPO Certified,,3/31/23,2.87,112.24,"2.873748, 112.244532",MYS,Malaysia,Sarawak,Mukah,1-Fully Verified,,344.3,34429.59,395.54,451.74,45174.42,16.37,1637.19,14.43,1442.97,1.67,166.68,10.75,1074.69,6.03,602.73,15.34,1533.78,31.44,3144.42,7.28,728.28,65.59,6558.93,9.27,926.82,4.24,423.63,12.21,1221.03,3.2,320.13,7.6,759.6,6.06,606.33,5.64,564.21,7.35,735.3,8.13,812.52,5.65,565.11,12.81,1281.33,10.79,1079.1,6.41,640.8,268.26,0.78,76.04,0.22,4,4,3
PO1000004835,2020,SEONG THYE PLANTATIONS SDN BHD,SEONG THYE PLANTATIONS SDN BHD,LADANG ROMPIN,Not RSPO Certified,,3/31/23,2.94,103.24,"2.939, 103.2438",MYS,Malaysia,Pahang,Rompin,1-Fully Verified,,839.43,83942.64,812.67,1107.47,110746.53,11.81,1180.8,11.32,1132.47,11.51,1150.92,20.18,2017.8,41.89,4189.41,20.19,2018.52,26.64,2664,10.75,1074.87,13.33,1333.35,25.85,2584.71,23.09,2309.4,27.49,2749.32,20.52,2051.55,57.89,5789.43,36.63,3663.27,79.45,7945.11,62.67,6267.33,21.01,2101.32,35.1,3509.73,28.66,2866.5,11.27,1126.98,10.18,1017.72,607.45,0.72,231.98,0.28,3,4,3
PO1000004938,2020,SRIWIJAYA PALM OIL,SRIWIJAYA PALM OIL INDONESIA,SRIWIJAYA PALM OIL INDONESIA,Not RSPO Certified,,3/31/23,-2.83,104.74,"-2.825767, 104.7353",IDN,Indonesia,Sumatera Selatan,Banyu Asin,1-Fully Verified,,25.49,2548.89,44.31,51.88,5188.5,0.68,68.4,0.31,30.96,2.21,221.4,0.3,30.24,1.92,191.52,0.12,11.61,0.8,80.01,0.97,96.66,0.47,46.53,0.37,36.81,0.24,24.39,1,100.44,0.12,11.61,0.62,61.83,0.96,96.21,1.26,125.73,0.21,21.33,0.83,82.62,0.67,67.41,1.8,180.18,0.62,61.74,0.11,11.07,16.59,0.65,8.9,0.35,3,4,3
PO1000004940,2020,UNKNOWN,SINAR TENERA,SINAR TENERA,Not RSPO Certified,,3/31/23,3.07,99.2,"3.070117, 99.2047",IDN,Indonesia,Sumatera Utara,Simalungun,2-High Confidence,,95.57,9557.28,145.59,464.82,46482.39,4.86,485.73,2.93,293.31,0.22,22.23,1.72,172.44,1.96,196.38,1,99.54,1.35,134.82,0.15,14.67,1.92,192.06,3.6,360.45,2.93,292.86,3.26,326.43,2.73,272.7,4.71,471.33,1.48,147.87,4.24,424.44,1.05,105.21,1.43,143.01,3.27,327.06,0.88,88.29,3.98,397.62,6.64,664.29,56.33,0.59,39.25,0.41,5,3,4
PO1000004955,2021,AGROPALMA,AGROPALMA,PARAPALMA,Not RSPO Certified,,3/31/23,-2.54,-48.71,"-2.543461, -48.706247",BRA,Brazil,Pará,Tailândia,1-Fully Verified,,1909.13,190913.22,1937.88,3362.52,336251.97,27.64,2764.44,48.59,4858.56,8.38,837.9,18.01,1800.99,35.83,3583.26,34.46,3445.92,27.78,2778.3,45.14,4514.04,29.85,2985.48,48.63,4863.24,27.68,2768.04,4.88,488.34,52.25,5225.13,22.31,2231.19,27.98,2798.28,80.86,8085.6,48.49,4848.84,106.37,10637.37,40.22,4022.28,35.95,3594.69,39.39,3939.12,38.55,3854.7,849.26,0.44,1059.88,0.56,3,3,3
PO1000005202,2020,ANDIKA,ANDIKA PERMATA SAWIT LESTARI,ANDIKA PERMATA SAWIT LESTARI,Not RSPO Certified,,3/31/23,1.09,100.78,"1.089, 100.776",IDN,Indonesia,Riau,Rokan Hulu,1-Fully Verified,,118.47,11846.61,133.13,138.35,13835.43,1.9,189.72,9.4,940.41,4.27,426.51,6,599.58,19.91,1990.71,25.03,2502.99,5.88,588.24,5.01,501.39,3.1,309.69,1.16,116.1,1.45,145.26,4.45,445.32,5.67,566.73,4.36,435.87,0.33,33.3,1.34,134.19,1.75,174.87,1.58,158.13,1.85,184.68,0.6,59.85,0.62,61.56,0.27,27.27,105.92,0.89,12.54,0.11,2,5,1
PO1000005206,2020,UNKNOWN,BENGKULU SAWIT LESTARI,BENGKULU SAWIT LESTARI,Not RSPO Certified,,3/31/23,-4.53,103.06,"-4.533458, 103.0570027",IDN,Indonesia,Bengkulu,Bengkulu Selatan,1-Fully Verified,,534.68,53468.46,556.74,1512.54,151254.27,4.01,400.68,3.98,397.98,1.56,156.06,9.75,974.52,5.47,547.02,10.67,1067.04,1.83,183.33,8.84,884.25,3.64,364.32,5.15,514.89,5.01,500.94,10.95,1095.48,2.84,283.68,6.36,635.85,10.37,1036.53,11.51,1151.46,10.68,1068.39,13.38,1338.03,11.09,1108.71,8.51,850.86,6.14,614.16,10.41,1040.67,162.15,0.3,372.54,0.7,3,2,3
PO1000005208,2020,FANGIONO AGRO PLANTATION,KARANG JUANG HIJAU LESTARI,KARANG JUANG HIJAU LESTARI,Not RSPO Certified,,3/31/23,4.04,116.93,"4.036, 116.927",IDN,Indonesia,Kalimantan Timur,Nunukan,1-Fully Verified,,2815.01,281500.83,2644.42,7848.01,784800.99,24.63,2463.03,7.81,780.93,6.37,637.2,8.08,808.2,12.91,1290.51,13.76,1376.19,10.28,1028.34,75.89,7589.34,71.03,7102.53,14.1,1410.03,11.75,1175.04,16.53,1652.58,18.61,1861.11,47.95,4795.38,51.11,5111.28,20.47,2046.51,36.4,3640.32,41.71,4170.69,41.44,4144.14,33.48,3347.64,47.16,4716,35.29,3528.72,646.76,0.23,2168.25,0.77,3,1,3
PO1000005212,2020,UNKNOWN,PERKEBUNAN SUMATERA UTARA,TANJUNG KASAU,Not RSPO Certified,,3/31/23,3.3,99.28,"3.301, 99.276",IDN,Indonesia,Sumatera Utara,Batu Bara,1-Fully Verified,,10.2,1019.79,15.08,38.13,3813.21,0.36,35.73,0.16,15.75,0.05,4.86,0.57,57.42,0.34,33.84,0.19,18.54,0.21,21.15,0.19,19.44,0.18,17.91,0.11,10.62,0.02,2.43,0.27,26.91,0,0.36,0.03,2.79,0.06,6.48,0.04,4.14,0.01,1.26,0.06,5.58,0.58,57.87,0.83,82.71,0.28,28.26,0.05,5.04,4.59,0.45,5.61,0.55,3,3,3
PO1000005256,2021,KULIM (MALAYSIA) BERHAD,MAHAMURNI PLANTATIONS SDN BHD,PASIR PANJANG,RSPO Certified,"RSPO Certified, IP",3/31/23,2.02,103.95,"2.018014, 103.948577",MYS,Malaysia,Johor,Kota Tinggi,1-Fully Verified,,41.93,4193.19,41.95,35.85,3584.7,0.05,4.59,0.31,30.69,0,0,0.06,6.03,2.74,274.32,1.92,191.88,1.85,184.95,0.36,36.45,0.34,34.11,1.08,108.09,3.28,328.32,1.58,157.77,7.37,736.74,8.53,852.84,1.84,183.69,2.38,237.78,4.61,460.62,4.51,450.54,1.52,152.01,0.32,32.4,0,0,0,0,41.93,1,0,0,1,5,1
PO1000005560,"2021,2020",NATURACEITES S.A.,NATURACEITES S.A.,PANACTE,RSPO Certified,"RSPO Certified, IP",3/31/23,15.31,-89.62,"15.307381, -89.617156",GTM,Guatemala,Izabal,El Estor,1-Fully Verified,,4087.63,408762.72,4642.52,8108.88,810887.94,22.47,2246.94,34.98,3498.48,11.49,1149.39,17.56,1756.44,22.61,2261.16,10.91,1091.25,31.92,3191.85,26.45,2644.83,24.9,2489.58,31.69,3168.9,22.89,2288.61,49,4899.78,41.7,4169.79,33.73,3373.2,31.3,3129.93,234.56,23455.98,105.14,10513.71,89.93,8992.53,90.22,9021.87,92.46,9246.42,70.89,7088.67,51.14,5113.71,1147.93,0.28,2939.7,0.72,3,2,3
PO1000006137,2021,AGROAMERICA,AGROACEITE SA,EXTRACTORA AGROACEITE,RSPO Certified,"RSPO Certified, IP",3/31/23,14.56,-92.01,"14.555208, -92.006",GTM,Guatemala,Quezaltenango,Coatepeque,1-Fully Verified,,515.39,51538.77,2110.7,5129.19,512919.09,2.39,239.4,5.75,575.01,1.46,146.16,3.39,339.48,1.89,188.91,2.07,207.18,3.02,302.04,9.28,927.63,3.38,338.31,3.85,385.2,3.06,305.82,4.12,412.02,2.73,273.33,1.9,190.26,2.48,247.86,9.71,970.83,6.13,613.08,4.99,499.41,5.04,504.18,11.16,1115.73,6.49,649.08,4.91,490.95,99.22,0.19,416.17,0.81,3,1,3
PO1000006144,2020,UNKNOWN,TEGUH KARSA WANALESTARI,BUNGA RAYA,Not RSPO Certified,,3/31/23,0.93,102.02,"0.92772, 102.02125",IDN,Indonesia,Riau,Siak,1-Fully Verified,,2329.19,232919.01,2397.62,3387.38,338737.5,37.89,3788.82,55.92,5591.7,4.16,415.53,78.34,7834.14,122.65,12265.11,23.27,2327.04,161.75,16175.16,43.45,4344.66,98.86,9885.78,158.09,15808.86,164.56,16455.6,139.19,13919.22,57.76,5776.11,186.88,18688.32,46.82,4682.25,49.45,4944.69,45.72,4572,27.55,2754.81,27.27,2727.18,22.96,2295.81,23.47,2346.93,25.59,2558.88,1601.59,0.69,727.6,0.31,3,4,3
PO1000006152,2020,UNKNOWN,RIAU KAMPAR SAHABAT SEJATI,SUKARAMAI,Not RSPO Certified,,3/31/23,0.66,100.9,"0.6588611, 100.8966944",IDN,Indonesia,Riau,Kampar,1-Fully Verified,,116.92,11691.99,181.03,457.86,45785.61,0.61,60.57,0.67,66.69,1.3,130.23,2.09,208.71,1.44,144.36,0.51,50.76,0.33,33.03,0.44,43.92,0.78,78.12,0.17,17.19,0.81,81.27,5.68,567.72,2.82,282.15,0.36,36.27,1.05,105.03,1.23,122.76,3.96,395.55,3.33,333.27,3.38,337.95,25.8,2579.76,18.18,1817.55,3.54,354.33,78.47,0.67,38.45,0.33,5,4,5
PO1000006153,2020,UNKNOWN,PERSADA NUSA NABATI INDONESIA,PERSADA NUSA NABATI INDONESIA,Not RSPO Certified,,3/31/23,0.65,101.49,"0.648558, 101.485061",IDN,Indonesia,Riau,Pekanbaru,1-Fully Verified,,240.38,24038.37,344.84,772.65,77264.82,3.02,302.31,10.45,1045.44,7.12,712.17,28.84,2884.05,19.05,1905.12,12.38,1237.68,11.13,1112.94,9.29,928.8,17.39,1739.16,18.04,1804.5,5.8,579.78,12.58,1257.75,3.17,316.8,4.28,427.86,3.02,301.5,4.13,412.65,8.17,816.93,3.32,331.65,1.85,185.13,3.47,346.59,2.82,281.7,1.15,114.75,190.45,0.79,49.93,0.21,2,4,2
PO1000006158,2020,BOUSTEAD PLANTATIONS BERHAD,BOUSTEAD PLANTATIONS BHD,LEPAN KABU KKS,Not RSPO Certified,,3/31/23,5.48,102.22,"5.482125, 102.219672",MYS,Malaysia,Kelantan,Kuala Krai,1-Fully Verified,,1468.16,146815.74,1459.87,2638.84,263883.69,9.35,934.74,5.66,565.74,5,499.5,5.59,558.72,8.47,847.26,7.96,795.78,22.34,2233.8,7.94,793.89,43.28,4327.92,33.41,3340.53,27.56,2756.34,61.16,6115.59,21.49,2148.66,57.62,5761.71,28.15,2815.47,23.67,2367.45,33.91,3391.29,33.41,3341.34,55.19,5518.53,31.65,3164.76,34.83,3483.18,34.9,3490.11,592.52,0.4,875.63,0.6,3,3,4
PO1000006161,2020,SUPERVENTURE,USAHA SAWIT MANDIRI,USAHA SAWIT MANDIRI,Not RSPO Certified,,3/31/23,0.31,99.45,"0.30609, 99.4476",IDN,Indonesia,Sumatera Barat,Pasaman Barat,1-Fully Verified,,28.53,2852.73,38.85,52.12,5212.35,0.33,32.85,0.28,28.35,0.2,19.98,1.09,108.54,1.47,147.15,0.41,40.86,0.96,95.58,0.35,35.37,2.02,201.51,0.31,30.6,1.49,148.95,0.4,39.69,0.44,44.19,0.84,84.06,0.65,64.8,0.98,98.1,0.72,72.18,0.57,56.52,0.34,33.57,0.37,37.08,0.48,47.79,0.61,60.57,15.28,0.54,13.24,0.46,3,3,3
PO1000006169,2020,CHIN TECK PLANTATIONS BERHAD,CHIN TECK PLANTATIONS BHD,GUA MUSANG,Not RSPO Certified,,3/31/23,4.84,102,"4.8365, 102.004417",MYS,Malaysia,Kelantan,Gua Musang,1-Fully Verified,,3611.08,361107.63,3418.29,5884.98,588498.12,30.81,3081.24,22.92,2292.03,8.82,882.27,24.02,2401.65,33.84,3383.73,17.12,1711.53,43.37,4337.28,33.81,3380.94,68.09,6809.13,65.05,6505.47,39.19,3918.69,91.58,9158.22,32.55,3255.12,110.31,11030.76,52.48,5247.81,74.35,7434.63,58.37,5836.68,80.32,8032.41,96.75,9674.91,52.7,5269.86,64.35,6434.82,53.18,5318.46,1153.98,0.32,2457.1,0.68,3,2,3
PO1000006180,2020,SARAWAK OIL PALMS BERHAD,SARAWAK OIL PALMS BHD,TINBARAP,Not RSPO Certified,,3/31/23,4.02,114.29,"4.0219, 114.2876",MYS,Malaysia,Sarawak,Marudi,1-Fully Verified,,691.23,69122.79,658.91,944.08,94407.84,0.78,77.67,1.07,107.46,0.15,15.03,1.38,137.88,1.31,131.22,2.24,223.65,3.36,335.52,20.97,2097.36,93.69,9369.09,6.61,661.23,78.89,7888.68,99.42,9942.3,48.03,4802.76,41.26,4125.78,11.92,1191.78,6.46,645.66,3.11,311.22,3.57,356.85,2.37,236.88,1.53,152.82,1.16,116.37,5.67,566.91,434.94,0.63,256.29,0.37,2,3,2
PO1000006181,2020,UNKNOWN,TALANG JERINJING SAWIT,TALANG JERINJING PALM,Not RSPO Certified,,3/31/23,-0.46,102.47,"-0.46315, 102.46722",IDN,Indonesia,Riau,Indragiri Hulu,1-Fully Verified,,684.6,68460.03,655.85,1605.83,160583.4,9.08,908.19,7.73,772.65,4.35,434.88,15.02,1502.01,8.64,863.64,0.9,90.27,4.7,470.07,11.23,1123.02,2.35,235.26,36.14,3614.04,5.83,582.66,11.6,1159.92,3.96,395.55,7.86,785.52,3.23,323.28,20.62,2062.08,9.53,953.46,3.3,330.03,10.97,1097.1,4.78,477.72,6.03,602.64,4.85,485.01,192.69,0.28,491.91,0.72,2,2,3
PO1000006182,2020,UNKNOWN,KARIMUN AROMATICS,KARIMUN AROMATICS,Not RSPO Certified,,3/31/23,4.01,98.15,"4.013075, 98.149517",IDN,Indonesia,Sumatera Utara,Langkat,1-Fully Verified,,141.15,14114.52,153.56,318.97,31897.44,0.29,29.16,0.23,22.86,0.17,17.46,0.13,12.87,0.64,64.44,0.5,49.77,0.81,81.18,0.11,10.98,1.01,100.98,0.98,97.74,0.56,56.43,0.52,52.02,2.16,216.45,3.62,361.98,1.17,117.45,3.65,364.77,1.27,126.81,3.01,300.87,0.77,76.86,1.1,110.07,1.01,101.07,1.63,163.44,25.36,0.18,115.79,0.82,3,1,3
PO1000006184,2020,INCASI RAYA (GUNAS),SUMATERA MAKMUR LESTARI,SUMATERA MAKMUR LESTARI*,Not RSPO Certified,,3/31/23,-0.66,102.34,"-0.662, 102.345",IDN,Indonesia,Riau,Indragiri Hulu,1-Fully Verified,,58.93,5893.11,68.7,92.51,9250.74,1.83,182.79,1.4,140.49,0.37,36.99,1.66,166.5,11.04,1104.3,0.58,58.41,0.28,27.81,0.61,61.38,1.9,189.63,1.57,156.78,0.55,55.44,2.64,263.7,0.97,97.47,0.92,91.98,0.57,57.15,2,199.62,1.48,147.51,0.47,46.98,0.32,31.59,2.3,230.49,2.3,230.49,2.41,240.75,38.18,0.65,20.75,0.35,5,4,3
PO1000006194,2020,KEMA DEVELOPMENT SDN BHD,KEMA DEVELOPMENT SDN BHD,KEMA DEVELOPMENT,Not RSPO Certified,,3/31/23,3.73,102.89,"3.729276, 102.888766",MYS,Malaysia,Pahang,Kuantan,1-Fully Verified,,44.83,4483.35,49.16,121.15,12114.63,1.83,182.7,1.87,187.2,2.41,241.11,2.33,232.74,0.55,54.72,2.15,214.74,4.17,417.42,3.26,325.62,4.49,449.19,2.86,285.57,2.56,255.78,1.97,197.28,1.26,126,0.42,41.94,1.36,135.54,1.9,189.72,0.31,30.6,0.56,55.89,2.1,210.15,0.31,31.14,0.27,26.73,0.24,23.67,39.15,0.87,5.68,0.13,2,5,1
PO1000006202,2020,UNKNOWN,LANGKAT SAWITHIJAU PRATAMA,LANGKAT SAWITHIJAU PRATAMA,Not RSPO Certified,,3/31/23,3.5,98.22,"3.497324, 98.224693",IDN,Indonesia,Sumatera Utara,Langkat,1-Fully Verified,,442.89,44289.18,439.35,917.12,91711.71,0.71,71.1,0.69,69.21,0.85,84.6,0.99,99.27,1,100.35,1.63,163.08,1.31,130.77,0.94,94.32,1.74,174.06,2.57,257.13,1.06,105.66,1.66,165.51,0.58,57.6,1.67,167.22,0.71,71.1,3.27,327.42,2.39,238.59,3.36,336.33,2.64,263.61,2.1,209.61,4.09,409.41,2.66,265.86,38.62,0.09,404.27,0.91,2,1,3
PO1000006212,2020,UNKNOWN,SURYA UTAMA AGROLESTARI,SURYA UTAMA AGROLESTARI,Not RSPO Certified,,3/31/23,-1.81,103.43,"-1.805056, 103.430583",IDN,Indonesia,Jambi,Muaro Jambi,2-High Confidence,,106.1,10610.37,122.17,290.47,29047.14,1.27,127.35,1.87,186.93,0.71,71.1,2.08,208.17,1.85,184.77,1.67,166.68,5.07,507.42,3.67,367.47,3.52,351.81,0,0,0.28,28.44,3.46,346.05,1.2,119.52,1.01,100.71,1.06,106.2,1.71,170.82,1.88,188.37,2.08,207.99,1.08,107.82,1.47,146.97,3.48,348.21,6.33,632.97,46.76,0.44,59.35,0.56,5,3,4
PO1000006223,2020,ENG HONG PALM OIL MILL SDN BHD,ENG HONG PALM OIL MILL SDN BHD,ENG HONG,Not RSPO Certified,,3/31/23,2.86,101.47,"2.859843, 101.474397",MYS,Malaysia,Selangor,Kuala Langat,1-Fully Verified,,3.1,309.78,3.68,7.9,790.02,0.02,1.89,0.1,9.81,0.05,5.13,0.04,3.69,0.4,40.05,0,0,0.18,18,0.06,6.03,0.06,5.67,0.73,72.72,0.01,0.99,0,0.18,0,0,0.49,48.6,0,0.27,0.01,0.81,0.01,0.63,0.01,0.99,0.02,2.43,0.15,15.39,0.12,12.24,0.01,1.26,2.47,0.8,0.63,0.2,3,4,3
PO1000006241,2020,GAN TENG SIEW REALTY SDN BHD,GAN TENG SIEW REALTY SDN BHD,ULU KANCHONG,Not RSPO Certified,,3/31/23,2.58,102,"2.582643, 101.997936",MYS,Malaysia,Negeri Sembilan,Seremban,1-Fully Verified,,505.27,50527.17,638.88,1180.66,118066.5,16.43,1642.86,10.04,1003.95,3.78,377.73,9.06,905.76,6.93,692.91,6.95,694.53,7.34,733.77,5.7,569.52,10.49,1049.22,8.35,834.57,10.31,1030.59,20.01,2001.06,15.8,1579.5,21.89,2188.8,11.22,1121.58,13.97,1397.25,12.8,1280.16,13.74,1374.48,12.05,1204.65,7.11,711,10.24,1024.29,7.11,711.27,241.29,0.48,263.98,0.52,3,3,3
PO1000006312,2020,DAABON GROUP,PALMA & TRABAJO S.A.S.,PALMA & TRABAJO SAS,RSPO Certified,"RSPO Certified, IP",3/31/23,7.24,-73.8,"7.2384889, -73.800094",COL,Colombia,Santander,Puerto Wilches,1-Fully Verified,,1869.04,186903.54,2523.26,4950.52,495052.38,16.96,1695.96,14.4,1439.73,10.66,1065.6,26.92,2691.99,18.25,1825.2,19.99,1998.81,37.26,3726,20.55,2054.52,29.33,2932.92,25.66,2566.26,11.14,1114.02,28.48,2847.69,14.25,1424.97,23.77,2376.63,18.96,1896.21,25.99,2598.75,40.77,4077.18,27.04,2703.96,29.43,2942.73,28.24,2823.66,28.38,2837.7,24.89,2488.95,521.29,0.28,1347.74,0.72,3,2,3
PO1000006328,2020,UNKNOWN,GUNA AGUNG SEMESTA,GUNA AGUNG SEMESTA,Not RSPO Certified,,3/31/23,0.99,101.24,"0.98806, 101.24345",IDN,Indonesia,Riau,Siak,1-Fully Verified,,72.86,7285.95,89.35,160.05,16004.79,2.18,217.53,0.4,40.05,0.53,52.56,3.16,315.54,9,900.27,4.86,486.09,2.6,259.74,1.98,198.09,2.96,295.65,1.16,116.37,0.42,42.48,2.34,234,0.22,21.69,1.05,105.03,0.08,7.92,0.92,92.34,5.2,520.02,1.47,146.7,2.16,215.91,2.65,265.32,1.28,128.16,0.45,45.27,47.07,0.65,25.79,0.35,3,4,3
PO1000006347,2020,SARAWAK OIL PALMS BERHAD,SARAWAK OIL PALMS BHD,SABAJU,Not RSPO Certified,,3/31/23,3.2,113.51,"3.197481, 113.509834",MYS,Malaysia,Sarawak,Bintulu,1-Fully Verified,,151.35,15134.76,142.29,221.18,22117.77,0.51,51.3,0.12,12.15,0.3,29.88,0.68,68.13,0.91,90.81,2.84,284.13,9.89,988.56,24.29,2428.56,10.86,1085.85,14.42,1442.25,19.94,1994.13,3.47,347.4,3.26,325.71,2.11,210.6,1.97,196.83,4.01,400.86,3.23,323.28,1.35,134.64,0.9,90.18,1.01,100.71,0.26,25.83,5.07,506.88,111.39,0.74,39.96,0.26,3,4,3
PO1000006353,2020,RISDA ESTATES SDN BHD,RISDA ESTATES SDN BHD,RISDA DURIAN MAS,Not RSPO Certified,,3/31/23,4.6,103.2,"4.595091, 103.202805",MYS,Malaysia,Trengganu,Dungun,2-High Confidence,,2536.12,253611.9,2352.92,3722.87,372287.34,15.8,1580.4,11.62,1162.26,8.96,896.04,17.2,1720.17,8.17,817.38,9.08,907.65,8.85,885.42,11.4,1139.94,13.92,1391.58,15.37,1537.2,20.67,2066.76,21.4,2140.02,21.49,2149.47,21.96,2196,19.49,1949.4,10.03,1002.51,16.85,1684.98,15.38,1538.28,6.52,651.96,9.91,990.54,8.22,821.97,10.85,1085.13,303.15,0.12,2232.97,0.88,2,1,3
PO1000006389,"2020,2021",BOUSTEAD PLANTATIONS BERHAD,BOUSTEAD PLANTATIONS BHD,TRONG OIL MILL,RSPO Certified,"RSPO Certified, IP",3/31/23,4.67,100.71,"4.67356, 100.708154",MYS,Malaysia,Perak,Larut and Matang,1-Fully Verified,,72.66,7266.15,78.54,157.53,15753.15,0.77,76.59,1.58,158.22,0.72,72.45,1.29,129.15,0.52,52.47,0.36,36.45,0.18,17.55,0.96,95.76,1.16,115.83,0.67,66.69,1.43,142.65,0.8,80.19,0.53,52.83,0.98,97.92,1.43,142.65,2.4,239.85,2.6,260.37,2.05,205.29,1.63,163.17,1.85,184.59,0.94,94.41,0.19,19.17,25.04,0.34,47.62,0.66,2,2,3
PO1000006505,2021,MUSIM MAS,GUNTUNG IDAMAN NUSA,GUNTUNG IDAMAN NUSA 2,RSPO Certified,"RSPO Certified, IP",3/31/23,0.05,103.21,"0.0530444, 103.20761",IDN,Indonesia,Riau,Indragiri Hilir,1-Fully Verified,,374.57,37457.37,413.96,517.1,51710.04,6.84,683.73,17.88,1787.67,4.19,418.59,26.57,2656.71,20.19,2018.61,11.74,1173.87,17.65,1765.08,30.96,3096.09,8.09,809.46,9.03,902.97,5.72,571.77,10.59,1059.48,4.25,424.89,23.25,2324.97,6.02,601.56,6.28,628.47,4.21,421.2,6.15,615.06,5.82,582.03,4.92,492.3,1.84,183.87,1.19,118.62,233.37,0.62,141.2,0.38,2,3,2
PO1000007305,2021,UNKNOWN,KH REGIONAL GROUP INC.,NACIONAL AGRO INDUSTRIAL S.A.,RSPO Certified,"RSPO Certified, IP",3/31/23,16.23,-90.15,"16.227913, -90.152902",GTM,Guatemala,Petén,Sayaxché,1-Fully Verified,,544.92,54492.03,860.38,1405.95,140595.12,14.52,1452.42,23.87,2387.34,13.63,1362.6,14.53,1453.32,18.46,1846.08,11.05,1104.84,24.69,2468.97,23.52,2351.61,17.97,1796.67,15.33,1532.61,9.1,910.17,9.47,946.62,7.18,718.47,7.87,786.78,7.58,758.25,13.76,1376.1,11.65,1165.05,7.23,723.33,15.9,1590.39,9.28,927.99,7.21,720.9,5.48,548.37,289.29,0.53,255.63,0.47,3,3,3
PO1000007441,2020,UNKNOWN,SINAR HALOMOAN,SINAR HALOMOAN,Not RSPO Certified,,3/31/23,1.06,99.83,"1.061727, 99.834377",IDN,Indonesia,Sumatera Utara,Padang Lawas,2-High Confidence,,424.23,42423.48,441.8,893.53,89353.08,1.31,130.77,1.99,198.54,1.09,109.35,3.43,343.35,3.03,302.58,5.61,560.61,1.99,199.44,2.31,230.67,7.36,736.2,1.84,183.69,7.37,737.01,2.86,286.38,2.33,232.92,2.88,287.91,10.21,1020.87,14.88,1487.7,10.14,1013.67,7.19,719.46,7.3,729.54,6.2,620.01,4.72,472.23,5.83,582.84,111.86,0.26,312.38,0.74,3,2,3
PO1000007443,2020,PPA KAPITAL,DUTA MENTARI RAYA,DUTA MENTARI RAYA,Not RSPO Certified,,3/31/23,-0.35,101.4,"-0.34809, 101.399069",IDN,Indonesia,Riau,Kuantan Singingi,1-Fully Verified,SUN SAWIT,85.59,8559.09,95.08,124.72,12471.93,3.75,374.85,2.3,229.59,1.06,106.38,1.89,188.82,2.57,256.59,1.24,124.02,3.53,352.98,4.22,421.65,2.28,227.52,5.17,516.78,5.04,504.27,4.82,481.86,3.95,394.65,2.18,217.89,1.84,184.23,2.51,251.46,4.7,469.71,2.52,252.09,1.17,117.45,8.58,858.33,10.84,1084.32,1.65,165.33,77.81,0.91,7.78,0.09,5,5,3
PO1000007457,2020,UNKNOWN,ANUGERAH TANI MAKMUR,ANUGERAH TANI MAKMUR,Not RSPO Certified,,3/31/23,0.54,101.6,"0.53622, 101.602024",IDN,Indonesia,Riau,Siak,1-Fully Verified,,28.84,2883.87,61.55,81.74,8173.62,0.34,34.11,0.18,18.09,0.04,4.14,2.25,225,1.53,152.55,0.57,56.61,1.32,131.85,1.77,177.03,1.1,109.98,1.03,103.32,0.3,30.33,0.36,36.36,2.49,248.76,0.59,59.13,0.28,28.44,2.58,257.67,1.72,172.35,3.19,319.41,13.24,1324.35,8.73,872.91,1.61,161.01,2.39,239.22,28.84,1,0,0,5,5,3
PO1000007462,2020,TANJUNG RHU PLANTATION,MITRA ABADIMAS SEJAHTERA,MITRA ABADIMAS SEJAHTERA,Not RSPO Certified,,3/31/23,1.18,109.44,"1.18186, 109.438",IDN,Indonesia,Kalimantan Barat,Sambas,1-Fully Verified,,131.64,13163.67,132.08,155.7,15570.27,2.61,260.55,2.24,223.83,0.96,95.94,2.41,241.29,2.62,261.63,1.41,141.12,1.53,152.55,4.98,497.97,9.89,989.37,10.61,1061.37,12.49,1248.93,8.86,886.5,6.37,636.84,5.04,503.91,2.84,283.77,3.38,337.86,3.5,350.37,4.32,432.36,2.13,213.12,1.91,191.16,1.68,167.94,2.32,231.75,94.1,0.71,37.54,0.29,3,4,3
PO1000007468,2020,UNKNOWN,ASIA SAWIT LESTARI,ASIA SAWIT LESTARI,Not RSPO Certified,,3/31/23,-1.84,103.38,"-1.83758, 103.379028",IDN,Indonesia,Jambi,Batang Hari,1-Fully Verified,,277.93,27792.81,300.18,412.78,41278.05,1.19,119.25,2.22,222.12,0.63,63.18,7.31,730.98,8.74,874.35,9.9,990.27,21.55,2155.32,12.48,1247.94,11.46,1146.24,0,0,3.85,385.11,9.72,972.36,2.77,276.75,3.66,366.48,4.09,409.05,10.39,1038.51,8.23,822.96,10.62,1062.36,3.52,351.54,5.78,578.25,10.04,1004.13,13.09,1309.05,161.26,0.58,116.67,0.42,5,3,4
PO1000007469,2020,UNKNOWN,SURYA GEMILANG AGRO MANDIRI,SURYA GEMILANG AGRO MANDIRI,Not RSPO Certified,,3/31/23,-1.27,103.81,"-1.271232, 103.814442",IDN,Indonesia,Jambi,Tanjung Jabung T,1-Fully Verified,,1053.57,105357.42,1545.1,2400.13,240013.26,1.81,181.17,5.89,589.41,2.32,231.66,12.05,1205.1,15.85,1585.44,12.73,1272.69,24.37,2436.57,20.59,2058.75,28.4,2839.77,2.78,278.37,0.18,18,33.84,3384.18,11.07,1107.27,32.76,3276.18,21.12,2112.21,86.35,8634.51,41.86,4186.44,38.04,3804.21,19.65,1965.24,33.36,3336.21,27.14,2713.68,26.27,2626.56,498.44,0.47,555.14,0.53,4,3,3
PO1000007471,2020,UNKNOWN,ASIAN PALM OIL COMPANY,ASIAN PALM OIL COMPANY,Not RSPO Certified,,3/31/23,8.38,98.72,"8.38274, 98.716065",THA,Thailand,Krabi,Ao Luk,1-Fully Verified,,388.34,38834.37,487.87,1615.64,161564.49,5.11,510.75,6.05,604.89,5.54,554.4,7.41,741.15,4.69,469.35,5.62,561.96,5.01,500.58,4.01,400.77,9.4,940.41,8.6,860.49,5.31,531.27,5.95,594.72,7.23,723.06,9.68,968.49,7.13,712.62,9.38,937.8,11.71,1171.08,8.56,856.26,7.75,774.63,6.53,652.59,8.39,838.53,4.93,492.57,153.98,0.4,234.36,0.6,3,3,3
PO1000007473,2020,UNKNOWN,MULTI AGRINDO SUMATERA,MULTI AGRINDO SUMATERA,Not RSPO Certified,,3/31/23,3.35,98.95,"3.348311, 98.950331",IDN,Indonesia,Sumatera Utara,Serdang Bedagai,1-Fully Verified,,121.48,12147.66,178.88,340.46,34045.56,0.68,67.68,0.42,42.03,4.32,431.55,1.84,184.05,0.58,58.14,0.4,39.69,0.9,89.82,0.44,43.92,3.16,315.99,4.58,458.01,3.53,352.53,3.81,381.42,1.58,157.77,7.54,754.38,1.91,190.71,8.32,831.51,3.51,351.27,3.28,327.51,2.46,245.97,3.09,308.61,4.95,494.73,3.85,384.66,65.12,0.54,56.36,0.46,5,3,4
PO1000007475,2020,UNKNOWN,NAMHONG PALM OIL CO.,NAMHONG PALM OIL CO.,Not RSPO Certified,,3/31/23,8.26,99.08,"8.26238, 99.084503",THA,Thailand,Krabi,Khao Phanom,1-Fully Verified,,209.94,20994.12,306.14,503.71,50371.11,3.19,318.87,3.76,376.11,4.13,412.83,5.11,510.84,4.28,428.31,5.46,546.48,3.45,345.42,1.68,168.3,7.23,722.88,7.64,764.37,5.19,519.21,3.73,372.96,3.85,384.75,10.08,1008.27,8.62,861.93,12.05,1205.46,19.13,1913.4,11.16,1116.18,12.06,1205.82,10.17,1016.73,11.1,1109.7,9.78,978.12,162.87,0.78,47.07,0.22,5,4,3
PO1000007507,2020,UNKNOWN,"THACHANA PALM OIL CO., LTD","THACHANA PALM OIL CO., LTD.",Not RSPO Certified,,3/31/23,9.61,99.12,"9.60608, 99.124189",THA,Thailand,Surat Thani,Tha Chana,1-Fully Verified,,244.77,24477.12,383.25,579.95,57995.28,3.07,306.54,1.82,181.62,3.45,345.15,6.11,611.28,8.55,854.82,4.08,407.97,2.07,207.27,2.08,208.17,2.76,275.67,9.14,914.04,4.42,442.08,2.65,264.96,6.69,669.06,10.39,1038.6,7.29,728.73,15.01,1501.47,18.62,1861.83,12.31,1231.02,11.99,1199.34,8.18,817.74,14.72,1472.4,12.23,1223.01,167.63,0.68,77.14,0.32,5,4,4
PO1000007510,2020,UNKNOWN,THAI EASTERN TRAT CO,THAI EASTERN TRAT CO,Not RSPO Certified,,3/31/23,12.3,102.47,"12.2982, 102.467759",THA,Thailand,Trat,Muang Trat,1-Fully Verified,,752.07,75206.79,1607.9,4863.74,486374.49,1.17,116.73,2.66,265.86,4.1,410.4,6.35,634.77,2.69,268.83,6.28,627.84,6.16,616.5,3.29,329.49,8.4,840.24,4.15,414.81,7.16,716.22,6.55,655.2,9.61,961.38,11.33,1133.28,9.44,944.1,22.32,2231.55,39.29,3929.13,21.31,2131.11,27.9,2789.73,20.09,2009.43,25.24,2524.23,36.66,3665.52,282.16,0.38,469.9,0.62,5,3,4
PO1000007511,2020,SARIMAS,TRI BAKTI SARIMAS,IBUL,Not RSPO Certified,,3/31/23,-0.86,101.75,"-0.860278, 101.750833",IDN,Indonesia,Riau,Kuantan Singingi,1-Fully Verified,,592.04,59204.07,757.87,1245.67,124567.47,48.72,4871.79,16.88,1687.95,1.48,147.96,7.93,793.17,6.93,693.09,11.47,1146.51,22.31,2231.1,30.95,3094.56,20.47,2047.41,11.03,1103.04,18.8,1879.92,49.23,4922.64,29.1,2909.97,46.94,4694.22,38.75,3874.77,26.56,2655.81,33.08,3307.86,16.42,1641.6,14.15,1415.07,13.19,1319.22,14.24,1423.53,23.19,2318.67,501.8,0.85,90.24,0.15,4,5,3
PO1000007512,2020,VICHITBHAN GROUP,VICHITBHAN PALMOIL PUBLIC COMPANY LTD,THASAE MILL,Not RSPO Certified,,3/31/23,10.7,99.2,"10.69561, 99.203191",THA,Thailand,Chumphon,Tha Sae,1-Fully Verified,,254.88,25488.27,506.17,945.03,94503.06,1.63,163.17,1.04,103.95,2.01,201.15,2.17,217.17,2.54,254.34,3.03,303.3,2.88,287.55,0.97,97.38,5.16,516.06,3.69,368.55,2.73,272.79,5.4,540.27,3.81,381.42,4.62,461.88,5.06,505.62,9,900.45,11.21,1120.59,9.62,961.74,14.19,1418.94,8.37,836.55,9.94,993.51,9.31,930.96,118.37,0.46,136.51,0.54,5,3,4
PO1000007514,2020,UNKNOWN,THASAE CO-OP,THASAE CO-OP,RSPO Certified,"RSPO Certified, MB",3/31/23,10.71,99.14,"10.71182, 99.143782",THA,Thailand,Chumphon,Tha Sae,1-Fully Verified,,753.88,75387.51,999.61,2351.66,235166.4,0.9,89.91,3.08,308.43,1.3,130.23,2.48,247.5,9.32,932.13,3.37,337.32,6.04,604.08,3.14,313.65,12.3,1230.39,5.05,504.99,3.21,321.21,4.49,448.83,3.95,395.19,13.24,1323.9,7.52,752.31,13.24,1323.54,12.75,1275.21,7.51,750.6,14.89,1489.05,22.16,2216.16,15.52,1552.14,10.48,1048.41,175.95,0.23,577.92,0.77,3,1,4
PO1000007524,2020,UNKNOWN,JABAL PERKASA,JABAL PERKASA,Not RSPO Certified,,3/31/23,1.06,100.13,"1.06108, 100.131917",IDN,Indonesia,Riau,Rokan Hulu,1-Fully Verified,,72.77,7277.31,137,230.86,23086.44,1.46,145.71,3.53,353.43,0.5,49.68,4.01,400.77,3.92,392.4,1.81,181.35,0.87,87.3,0.82,82.35,3.03,303.3,1.16,115.56,1.6,160.29,0.92,92.07,0.82,81.72,1.03,103.05,0.73,73.17,1.62,162,0.81,81.09,1.14,113.76,0.54,53.64,2.17,216.9,1.07,106.65,2.84,283.77,36.4,0.5,36.37,0.5,4,3,3
PO1000007526,2020,JUGRA PALM OIL MILL SDN BHD,JUGRA PALM OIL MILL SDN BHD,"JUGRA ",Not RSPO Certified,,3/31/23,2.85,101.47,"2.845865, 101.467214",MYS,Malaysia,Selangor,Kuala Langat,1-Fully Verified,,73.3,7330.41,101.18,167.74,16774.47,0.25,25.38,1.63,162.9,0.55,54.99,0.99,98.82,1.49,148.86,1.28,128.07,0.94,94.23,1.8,180.36,1.79,179.1,2.2,219.78,1.88,187.83,1.38,137.97,0.33,33.03,3.31,330.93,1.39,139.23,1.84,183.51,1.51,151.11,1.75,175.41,1.76,176.4,0.9,90,2.06,205.56,1.22,122.04,32.26,0.44,41.05,0.56,3,3,3
PO1000007529,2020,UNKNOWN,VAREM SAWIT CEMERLANG,VAREM SAWIT CEMERLANG,Not RSPO Certified,,3/31/23,2.67,99.67,"2.665007, 99.667418",IDN,Indonesia,Sumatera Utara,Asahan,1-Fully Verified,,155.15,15515.19,157.33,211.51,21150.9,4.28,427.77,0.67,66.87,3.33,332.64,24.01,2401.38,15.25,1524.87,2.97,296.91,2.39,238.59,1.61,160.56,1.42,142.02,4.51,450.9,3.47,347.4,4.01,400.68,0.21,21.15,2.83,283.41,1.13,112.86,2.52,252.36,7,700.29,2.16,216.36,1.46,145.8,3.2,320.13,3.87,386.91,0.52,51.84,92.82,0.6,62.33,0.4,3,3,3
PO1000007530,2020,KILANG KELAPA SAWIT JERANTUT SDN BHD,KILANG KELAPA SAWIT JERANTUT SDN BHD,JERANTUT,Not RSPO Certified,,3/31/23,3.86,102.35,"3.862045, 102.345482",MYS,Malaysia,Pahang,Jerantut,1-Fully Verified,,698.51,69851.16,764.41,1759.33,175932.81,16.9,1690.29,18.18,1818.27,7.01,701.46,10.72,1071.72,15.98,1597.95,6.21,621.36,6.15,614.79,9.71,970.92,14.48,1447.56,7.05,705.06,6.12,611.55,15.41,1541.25,14.15,1414.62,15.4,1540.44,18.61,1861.47,28.53,2852.64,19.78,1978.38,20.91,2091.06,18.08,1807.56,12.07,1207.35,9.49,948.96,9.56,955.71,300.5,0.43,398.01,0.57,3,3,3
PO1000007534,2020,LYMAN AGRO,KALIMANTAN SANGGAR PUSAKA,KALIMANTAN SANGGAR PUSAKA,Not RSPO Certified,,3/31/23,0.08,111.19,"0.08311, 111.19205",IDN,Indonesia,Kalimantan Barat,Sekadau,1-Fully Verified,,296.57,29657.07,398.47,741.86,74186.1,1.93,192.6,3.33,333,1.85,184.77,3.79,379.44,2.75,275.4,6.83,683.01,6.76,675.81,9.59,958.95,8.02,801.54,4.2,420.21,7.12,712.44,14.57,1456.92,5.09,509.04,6.9,690.03,6.95,694.62,13.68,1368.27,7.71,770.58,9.76,976.05,8.3,830.43,5.21,521.28,3.08,307.62,4.23,423.45,141.65,0.48,154.92,0.52,3,3,3
PO1000007537,2020,UNKNOWN,CAHAYA INTI SAWIT,CAHAYA INTI SAWIT,Not RSPO Certified,,3/31/23,1.44,100.29,"1.440833, 100.291111",IDN,Indonesia,Sumatera Utara,Padang Lawas Utara,1-Fully Verified,,18.01,1801.17,85.77,148.58,14858.19,1.43,143.46,4.84,484.2,0.22,21.78,2.6,259.83,1.5,149.58,0.29,29.16,0.07,6.93,0.44,43.65,0.86,85.95,2.23,222.93,0.23,22.59,0.14,14.49,0.05,5.4,0.08,8.1,0.48,48.15,0.32,32.04,0.47,47.25,0.05,4.86,0.09,8.64,0.16,15.66,0.18,18.27,0.05,5.13,16.78,0.93,1.23,0.07,2,5,1
PO1000007540,2020,UNKNOWN,PALUTA INTI SAWIT,PALUTA INTI SAWIT,Not RSPO Certified,,3/31/23,1.55,99.84,"1.55403, 99.835694",IDN,Indonesia,Sumatera Utara,Padang Lawas Utara,1-Fully Verified,,446.21,44621.19,660.72,1579.74,157974.48,3.46,346.5,5.6,559.98,2.37,236.97,5.05,505.08,8.37,837.45,9.89,988.74,5.12,511.92,13.72,1371.69,11.72,1172.25,4.66,465.75,14.61,1461.24,5.26,526.23,5.4,539.64,6.78,677.88,3.32,331.65,7.84,784.17,9.71,970.92,7.54,753.75,5.18,517.86,6.48,647.55,7.01,701.28,7.55,755.1,156.64,0.35,289.58,0.65,3,2,3
PO1000007566,2020,UNKNOWN,KENCANA PERMATA NUSANTARA,KENCANA PERMATA NUSANTARA,Not RSPO Certified,,3/31/23,3.45,98.7,"3.45222, 98.698611",IDN,Indonesia,Sumatera Utara,Deli Serdang,1-Fully Verified,,303.47,30346.92,519.91,1263.61,126361.17,2.55,254.52,1.06,106.02,3.63,363.33,1.18,117.63,1.13,113.13,1.93,192.96,6.09,608.67,1.57,157.05,7.54,754.2,4.01,400.86,1.8,180,8.03,803.43,0.3,29.88,1.79,179.19,0.83,82.62,2.22,221.85,1.7,170.19,2.62,261.72,2.14,214.11,1.61,160.56,2.6,260.46,2.07,207.09,58.39,0.19,245.07,0.81,2,1,3
PO1000007567,2020,UNKNOWN,LANGGAK INTI LESTARI,LANGGAK INTI LESTARI,Not RSPO Certified,,3/31/23,0.63,100.59,"0.634917, 100.591778",IDN,Indonesia,Riau,Rokan Hulu,1-Fully Verified,,62.19,6218.55,68.51,92.13,9213.48,0.22,21.69,0.22,22.41,0.11,10.89,4.62,462.42,3.38,337.59,2.45,245.07,0.05,5.13,0.25,24.57,10.05,1005.48,0.55,55.35,0.51,51.48,2.78,278.46,2.36,236.43,9.71,971.37,0.12,12.15,0.51,51.03,0.54,54.27,0.32,32.4,2.19,218.88,4.59,459.09,0.17,16.56,0.41,41.4,46.14,0.74,16.04,0.26,2,4,2
PO1000007572,2020,UNKNOWN,RAJA MARGA,RAJA MARGA,Not RSPO Certified,,3/31/23,3.99,96.63,"3.98547, 96.627139",IDN,Indonesia,Aceh,Nagan Raya,1-Fully Verified,,113.83,11382.66,118.99,288.86,28886.4,0.76,75.78,0.75,74.61,1.67,167.31,0.62,61.83,0.45,44.64,0.76,75.51,1.53,153,0.44,44.19,2.84,283.86,3.69,369.36,2.33,232.92,0.86,85.95,1.64,164.34,3.36,336.15,1.77,176.67,1.5,149.67,2.79,279.09,4.98,497.52,1.99,199.26,1.47,146.61,2.13,212.94,1.82,182.07,40.13,0.35,73.69,0.65,3,2,3
PO1000007577,2020,UNKNOWN,RAUB MINING & DEVELOPMENT COMPANY SDN BHD,RAUB,Not RSPO Certified,,3/31/23,3.84,101.86,"3.84332, 101.85549",MYS,Malaysia,Pahang,Raub,1-Fully Verified,,1078.7,107869.68,1081.7,2184.98,218498.31,4.56,456.03,10.37,1036.89,1.93,192.78,2.72,271.8,9.22,921.78,9.14,914.04,11.07,1107,11.99,1198.98,21.24,2124.27,11.76,1175.76,2.87,286.74,13.06,1305.81,6.8,679.95,17.94,1794.33,8.53,853.02,30.31,3030.93,18.25,1824.75,16.92,1692.09,27,2699.55,8.77,877.05,13.58,1358.1,6.17,617.49,264.19,0.24,814.51,0.76,3,1,3
PO1000007589,2020,UNKNOWN,RIMBO PANJANG SUMBER MAKMUR,RIMBO PANJANG SUMBER MAKMUR,Not RSPO Certified,,3/31/23,-0.03,100,"-0.02709, 100.002981",IDN,Indonesia,Sumatera Barat,Pasaman Barat,1-Fully Verified,,11.25,1124.55,15.94,36.75,3674.97,0.09,8.73,0.06,6.12,0.19,19.08,0.1,9.9,0.37,37.26,0.2,20.16,0.29,28.8,0.2,19.62,0.48,48.42,0.1,9.72,0.16,15.93,0.06,6.12,0.05,4.59,0.04,4.23,0.03,2.52,0.06,5.58,0.03,2.7,0.1,9.99,0.06,6.48,0.07,6.84,0.09,9.27,0.17,17.37,2.99,0.27,8.25,0.73,3,2,3
PO1000007591,2020,UNKNOWN,ROHUL PALMINDO,ROHUL PALMINDO,Not RSPO Certified,,3/31/23,0.99,100.73,"0.986753, 100.73253",IDN,Indonesia,Riau,Rokan Hulu,1-Fully Verified,,40.37,4037.04,44.18,52.72,5271.75,1.16,115.92,0.99,99.09,0.08,8.01,1.23,122.58,11.63,1163.25,6.59,659.07,2,200.43,3.52,352.26,1.47,146.79,4.64,464.04,0.14,13.59,1.27,127.44,0.8,79.65,0.14,13.68,0.05,4.59,0.07,6.93,0.06,6.3,0.04,4.23,0.04,4.41,0,0.18,0,0.27,0,0.18,35.93,0.89,4.44,0.11,1,5,1
PO1000007594,2020,UNKNOWN,SARI BUAH SAWIT,SARI BUAH SAWIT,Not RSPO Certified,,3/31/23,-0.05,99.88,"-0.049639, 99.883139",IDN,Indonesia,Sumatera Barat,Pasaman Barat,1-Fully Verified,,90.96,9096.39,160.76,370.54,37054.26,1.7,169.92,0.68,67.77,0.53,53.19,4.17,416.79,1.02,102.06,1.07,107.01,2,199.98,2.81,280.71,4.37,436.59,8.03,802.71,5.54,554.31,7.27,726.84,2.08,208.08,1.02,101.61,0.25,25.29,0.58,57.96,2.14,214.38,2.36,235.89,3.33,333.18,3.68,368.28,1.45,145.35,1.09,108.54,57.16,0.63,33.8,0.37,3,3,3
PO1000007595,2020,UNKNOWN,SEBANGA MULTI SAWIT,SEBANGA MULTI SAWIT,Not RSPO Certified,,3/31/23,1.26,101.29,"1.255978, 101.28869",IDN,Indonesia,Riau,Bengkalis,1-Fully Verified,,377.69,37768.86,506.89,922.17,92216.79,10.28,1027.71,17.77,1777.23,3.46,345.6,31.04,3104.01,12.46,1246.05,18.95,1895.04,12.23,1223.37,9.26,926.1,17.18,1718.1,19.3,1929.51,5.18,517.5,8.64,864.36,5.83,583.38,10.31,1031.22,0.86,85.77,4.61,461.25,3.81,381.33,4.36,436.5,4.31,431.19,3.25,325.35,2.35,235.35,4.19,419.13,209.65,0.56,168.04,0.44,3,3,3
PO1000007612,2020,SERI ULU LANGAT PALM OIL MILL SDN BHD,SERI LANGAT PALM OIL MILL SDN BHD,SERI LANGAT,Not RSPO Certified,,3/31/23,2.86,101.51,"2.863792, 101.512812",MYS,Malaysia,Selangor,Kuala Langat,1-Fully Verified,,99.37,9937.17,131.21,202.91,20290.77,4.55,455.31,1.67,166.86,0.44,44.1,1.72,171.54,1.18,118.08,0.74,73.62,1.44,143.55,0.82,82.08,3.89,389.25,5.35,534.96,1.06,106.29,2.18,217.98,0.55,54.54,5.78,577.8,2.55,254.52,5.1,510.12,5.27,527.13,4.63,463.23,2.58,257.94,2.49,249.12,3.66,365.76,1.41,140.85,59.05,0.59,40.33,0.41,4,3,3
PO1000007628,2020,UNKNOWN,BINAKARYA ERAMANDIRI,MANGSANG,Not RSPO Certified,,3/31/23,-2.17,103.99,"-2.173, 103.987",IDN,Indonesia,Sumatera Selatan,Musi Banyuasin,1-Fully Verified,,97,9699.93,150.99,232.59,23258.52,3.55,355.32,10.75,1075.05,0.21,21.33,3.86,385.74,4.6,459.99,5.12,512.01,2.09,208.89,8.78,877.5,4.71,470.79,1.37,137.25,2.43,243,7.89,788.76,2.6,260.46,3.95,395.01,3.45,344.97,2.78,278.01,7.15,714.51,3.21,321.3,0.98,98.19,0.51,50.76,0.43,42.93,3.25,324.81,83.67,0.86,13.33,0.14,3,5,3
PO1000007652,2020,SUPERVENTURE,BERKAT SAWIT SEJAHTERA,BERKAT SAWIT SEJAHTERA,Not RSPO Certified,,3/31/23,-0.71,102.66,"-0.71, 102.66",IDN,Indonesia,Riau,Indragiri Hilir,1-Fully Verified,,399.81,39981.15,439.77,501.98,50198.49,16.55,1655.28,14.75,1475.28,5.49,549.18,14.21,1420.74,21.76,2176.2,19.49,1948.95,5.7,570.33,25.65,2565.09,29.88,2987.82,63.73,6372.63,18.21,1821.42,44.77,4477.41,6.3,629.73,18.33,1832.67,6.88,687.6,9.97,996.75,4.47,446.58,2.66,265.77,2.57,257.13,1.03,103.14,2.27,227.16,1.48,148.05,336.15,0.84,63.66,0.16,2,5,2
PO1000007653,2020,UNKNOWN,JAYA GEMILANG SUKSES,JAYA GEMILANG SUKSES,Not RSPO Certified,,3/31/23,1.6,100.91,"1.59869, 100.905222",IDN,Indonesia,Riau,Rokan Hilir,1-Fully Verified,,196.61,19661.22,245.06,524.88,52488.27,1.59,158.67,1.25,125.46,0.93,92.7,3.29,328.77,18.54,1854.27,20.25,2024.82,6.1,610.02,15.09,1508.67,15.57,1557.45,12.11,1210.59,5.99,599.22,9.06,906.48,3.36,335.61,4.67,466.74,1.27,127.17,4.14,414.45,2.85,284.94,3.88,388.44,2.48,247.77,3.81,380.7,6.76,675.63,4.37,436.68,147.35,0.75,49.26,0.25,4,4,3
PO1000007656,2020,JERNIH KEMBOJA SDN BHD,JERNIH KEMBOJA SDN BHD,JERNIH KEMBOJA,Not RSPO Certified,,3/31/23,2.49,102.94,"2.488822, 102.936831",MYS,Malaysia,Johor,Segamat,1-Fully Verified,,594.81,59480.91,670.7,1032.28,103227.84,26.77,2676.51,16.99,1699.29,3.98,398.25,10.83,1083.24,17.34,1733.85,22.48,2247.84,26.98,2698.2,3.6,359.73,13.8,1380.33,0.06,6.03,29.12,2912.04,7.3,730.08,8.63,863.28,24.63,2463.3,16.54,1653.57,32.14,3213.9,33,3299.94,15.19,1518.84,17.75,1774.62,11.69,1168.65,10.29,1029.24,11.68,1167.66,360.78,0.61,234.03,0.39,3,3,3
PO1000007657,2020,YAYASAN SABAH GROUP,SABAH SOFTWOODS BHD,KAPILIT,Not RSPO Certified,,3/31/23,4.5,117.53,"4.504889, 117.528747",MYS,Malaysia,Sabah,Tawau,1-Fully Verified,,766.48,76647.96,832.34,1801.05,180104.58,8.83,883.44,17.46,1745.91,11.83,1182.51,24.42,2442.33,17.72,1772.19,53.18,5317.56,33.11,3311.19,16.74,1673.82,43.46,4346.1,24.52,2452.5,19.21,1920.6,32.49,3248.64,10.08,1008.36,18.41,1841.04,3.73,372.51,7.62,761.94,6.15,614.79,6.78,677.61,9.06,906.48,11.99,1198.8,12.74,1274.22,6.99,698.58,396.51,0.52,369.97,0.48,3,3,3
PO1000007660,2020,UNKNOWN,MULTI PERKASA SEJAHTERA,MULTI PERKASA SEJAHTERA,Not RSPO Certified,,3/31/23,0.36,109.97,"0.35656, 109.97425",IDN,Indonesia,Kalimantan Barat,Landak,1-Fully Verified,,337.18,33718.05,369,653.38,65338.2,3.42,342.45,6.48,648.36,1.66,165.6,5,500.4,6,600.12,5.88,588.06,3.11,311.31,8.37,837.36,18.01,1800.9,3.75,375.48,8.14,813.51,23.62,2362.23,9.15,915.03,14.3,1430.46,7.05,705.15,10.16,1015.74,9.86,986.4,6.66,666.18,4.76,476.28,3.75,374.58,8.41,841.5,7.77,777.42,175.35,0.52,161.84,0.48,4,3,3
PO1000007661,2020,UNKNOWN,MUSTIKA AGUNG SARANA SEJAHTERA,MUSTIKA AGUNG SARANA SEJAHTERA,Not RSPO Certified,,3/31/23,1.75,100.93,"1.75, 100.933333",IDN,Indonesia,Riau,Rokan Hilir,1-Fully Verified,,127.66,12765.51,180.48,421.47,42147.18,3.88,387.54,6.57,657,1.62,161.91,3.18,318.42,12.64,1263.87,22.04,2204.28,7.33,732.6,2.3,229.68,7.75,774.63,4.97,496.53,2.08,208.08,2.74,274.05,0.69,68.67,1.28,128.16,1.11,111.06,2,200.07,1.63,163.08,2.17,216.63,1.6,159.93,2.03,202.86,1.59,159.3,1.02,102.15,92.2,0.72,35.45,0.28,3,4,3
PO1000007798,2021,LAM SOON (M) BERHAD,LAM SOON PLANTATIONS SDN BHD,DARA LAM SOON SDN.BHD,RSPO Certified,"RSPO Certified, IP",3/31/23,3.16,103.16,"3.1570167, 103.16363333",MYS,Malaysia,Pahang,Pekan,1-Fully Verified,,368.01,36800.64,355.71,520.09,52008.84,10.23,1023.03,10.58,1058.4,3.28,327.96,16.18,1618.2,16.09,1608.57,6.44,643.77,13.95,1395.09,8.53,852.93,10.48,1047.69,11.74,1173.69,6.47,646.74,9.36,935.91,3.29,328.59,8.64,863.91,7.18,717.84,9.09,909.45,10.95,1095.12,17.06,1706.31,11.87,1187.46,11,1100.16,15.76,1575.81,12.5,1250.37,230.67,0.63,137.34,0.37,5,3,4
PO1000008138,2020,UNKNOWN,GANDA BUANINDO,GANDA BUANINDO,Not RSPO Certified,,3/31/23,0.01,101.24,"0.006217, 101.237517",IDN,Indonesia,Riau,Kampar,1-Fully Verified,,76.47,7647.21,109.2,185.44,18544.41,1.71,171.45,1.87,187.47,0.76,76.41,6.29,629.46,5.41,540.81,4.06,406.17,1.97,197.28,1.56,155.7,5.75,574.92,1.96,196.29,4.84,484.47,2.88,288.09,0.59,58.59,0.74,73.98,0.75,75.42,1.11,111.15,1.28,127.71,0.67,66.69,0.68,68.22,0.65,64.71,0.81,80.64,0.49,48.6,46.84,0.61,29.63,0.39,3,3,3
PO1000008141,2020,UNKNOWN,SAWIT MAS NUSANTARA,SAWIT MAS NUSANTARA,Not RSPO Certified,,3/31/23,0.16,101.72,"0.160211, 101.720728",IDN,Indonesia,Riau,Pelalawan,2-High Confidence,,136.5,13650.03,154.92,251.51,25150.86,4.86,486,6.37,637.02,0.51,51.48,11.32,1131.57,4.32,431.55,0.47,46.8,4.46,445.77,2.07,207.18,5.58,558,8.2,819.63,7.71,770.76,15,1499.85,7.29,728.82,10.51,1050.66,1.04,103.95,5.69,568.98,1.7,170.1,2.55,255.24,2.09,208.89,1.16,116.1,1.8,180.18,2.34,234.18,107.03,0.78,29.47,0.22,3,4,3
PO1000008143,2020,UNKNOWN,INDRALAYA AGRO LESTARI,INDRALAYA AGRO LESTARI,Not RSPO Certified,,3/31/23,-3.07,104.59,"-3.07425, 104.5885",IDN,Indonesia,Sumatera Selatan,Muara Enim,1-Fully Verified,,69.4,6939.99,137.13,263.05,26304.57,0.23,23.13,0.95,94.68,0.49,49.05,0.65,65.43,0.48,47.79,1.33,133.47,3.81,380.88,2.37,236.61,4.69,469.44,2.58,258.3,0.11,10.89,6.87,687.15,0.48,48.24,0.59,59.31,0.73,73.44,2.01,201.24,2.2,220.5,0.77,76.68,1.68,167.94,0.77,77.04,1.62,161.64,0.69,68.85,36.12,0.52,33.28,0.48,3,3,3
PO1000008146,2020,UNKNOWN,SIBADIHON SAWITA TOROP LESTARI,SIBADIHON SAWITTA TOROP LESTARI,Not RSPO Certified,,3/31/23,1.79,100.19,"1.78615, 100.19075",IDN,Indonesia,Sumatera Utara,Labuhanbatu Selatan,1-Fully Verified,,75.89,7588.62,73.95,87.12,8711.82,2.92,291.87,0.1,10.17,0.08,8.1,0.73,73.35,0.36,35.73,0.09,9.09,3.02,302.13,2.83,282.78,6.8,680.31,9.44,944.19,11.84,1184.04,1.36,135.72,1.65,165.33,1.27,127.17,0.4,40.14,0.54,53.64,1.58,158.49,1.01,100.89,1.29,129.33,0.53,52.74,1.31,130.95,1.21,120.96,50.37,0.66,25.51,0.34,3,4,3
PO1000008152,2020,UNKNOWN,LINGGA TIGA SAWIT,LINGGA TIGA SAWIT,Not RSPO Certified,,3/31/23,2.01,99.88,"2.014435, 99.879679",IDN,Indonesia,Sumatera Utara,Labuhanbatu,1-Fully Verified,,1318.16,131816.07,1318.97,2776.76,277676.1,8.54,854.46,18.66,1866.33,5.25,525.15,17.45,1744.74,14.44,1444.41,17.14,1713.78,9.18,918,17.64,1763.82,19.06,1905.75,9.13,912.87,21.72,2172.24,13.93,1392.84,13.76,1376.01,22.78,2277.9,14.44,1443.69,25.43,2543.22,15.9,1589.67,16.5,1649.79,14.58,1458.09,19.58,1957.77,17.29,1728.81,14.84,1484.28,347.24,0.26,970.92,0.74,3,2,3
PO1000008153,2020,SYNTHESIS AGRO,FAJAR AGRO SEJAHTERA,CANTUNG,Not RSPO Certified,,3/31/23,-2.97,115.96,"-2.970028, 115.955028",IDN,Indonesia,Kalimantan Selatan,Kota Baru,1-Fully Verified,,73.86,7386.03,75.24,106.36,10636.29,0.35,35.46,0.46,46.17,0.28,27.72,0.58,57.51,0.27,26.55,0.71,71.46,0.24,24.39,0.28,27.99,1.1,109.53,0.42,42.03,1.72,171.9,1.16,116.46,0.86,86.22,5.69,568.89,2.42,242.19,4.47,447.12,0.47,47.07,0.75,75.06,0.87,87.48,0.22,22.05,0.47,46.71,0.37,36.99,24.17,0.33,49.69,0.67,2,2,3
PO1000008158,2020,UNKNOWN,AGRO WIRA LIGATSA,AGRO WIRA LIGATSA,Not RSPO Certified,,3/31/23,0.22,99.72,"0.224338, 99.71557",IDN,Indonesia,Sumatera Barat,Pasaman Barat,1-Fully Verified,,487.66,48765.69,477.48,869.07,86907.24,2.63,263.07,1.57,156.6,1.57,156.78,4.38,438.39,3.34,333.81,5.02,502.11,6.33,632.79,6.75,675,8.62,861.66,3.27,326.61,7.63,763.47,4.7,470.43,4.01,401.49,5.04,504,5.1,509.58,5.93,592.65,6.61,660.51,5.56,556.29,5.23,522.99,5.13,512.73,4.47,446.76,4.37,437.13,107.25,0.22,380.41,0.78,3,1,3
PO1000008165,2020,UNKNOWN,PRIMA JAYA LESTARI UTAMA,PRIMA JAYA LESTARI UTAMA,Not RSPO Certified,,3/31/23,2.32,99.73,"2.323844, 99.73444",IDN,Indonesia,Sumatera Utara,Labuhanbatu Utara,1-Fully Verified,,147.21,14720.76,164.34,478.96,47895.84,1.32,131.85,2.25,224.82,2.92,292.14,5.95,595.26,5.45,544.59,0.96,96.48,2.19,219.42,1.93,192.51,2.71,270.63,4.66,466.2,4.37,436.59,0.92,91.89,0.45,45.36,1.24,123.66,1.29,128.61,3.57,356.58,0.9,90.36,1.98,198.09,1.53,153.27,2.32,231.75,2.01,200.88,2.85,284.58,53.76,0.37,93.45,0.63,3,3,3
PO1000008174,2020,SUPERVENTURE,USAHA SAWIT MANDIRI," 	USAHA SAWIT MANDIRI (MUKO MUKO) ",Not RSPO Certified,,3/31/23,-2.4,101.16,"-2.3961, 101.162858",IDN,Indonesia,Bengkulu,Mukomuko,1-Fully Verified,,338.26,33826.14,345.17,554.98,55497.69,5.77,577.17,2.34,234,2.25,225.09,7.62,762.03,3.52,351.63,3.18,317.52,14.42,1442.16,6.57,657.09,11.01,1100.52,5.28,528.3,10.45,1044.72,7,699.57,5.83,582.75,6.43,642.87,7.03,703.26,3.8,380.25,8.98,897.75,4.64,464.04,3.04,303.84,4.6,459.99,11.17,1116.54,14.2,1420.02,149.11,0.44,189.15,0.56,5,3,4
PO1000008182,2020,UNKNOWN,SUMBER ADINUSA LESTARI,SUMBER ADINUSA LESTARI,Not RSPO Certified,,3/31/23,-2.2,111.48,"-2.20405, 111.47948",IDN,Indonesia,Kalimantan Tengah,Lamandau,1-Fully Verified,,184.4,18440.46,216.33,550.03,55003.14,1.63,163.26,2.11,211.41,0.14,14.31,6.61,661.14,2.93,292.86,5.18,518.4,4.88,488.34,0.89,88.92,9.23,923.31,5.18,518.13,2.18,217.53,12.11,1211.22,10.84,1084.05,24.97,2496.96,17,1700.37,8.98,897.57,3.14,314.1,2.36,235.8,7.15,715.14,4.96,495.72,3.68,367.92,5.9,590.4,142.07,0.77,42.34,0.23,4,4,3
PO1000008186,2020,AMS-GANDA,ASIATIC PERSADA,SEI KANDANG,Not RSPO Certified,,3/31/23,-2.04,103.35,"-2.042944, 103.345333",IDN,Indonesia,Jambi,Batang Hari,1-Fully Verified,,887.61,88760.7,897.22,1452.47,145247.13,4.72,471.78,9.3,930.15,3.7,370.44,14.07,1406.61,21.75,2174.76,39.21,3920.85,50.47,5046.84,37.07,3707.1,23.3,2329.74,7.06,705.6,28.49,2849.04,110.91,11090.52,10.98,1098,17.74,1774.26,13.51,1351.08,60.29,6029.01,11.21,1121.13,15.83,1583.1,10.16,1015.92,14.95,1495.17,11.49,1149.03,13.56,1355.94,529.76,0.6,357.85,0.4,3,3,3
PO1000008191,2020,SERI MORIB PALM OIL MILL SDN BHD,SERI MORIB PALM OIL MILL SDN BHD,SERI MORIB,Not RSPO Certified,,3/31/23,2.72,101.49,"2.721359, 101.491296",MYS,Malaysia,Selangor,Kuala Langat,1-Fully Verified,,141.86,14186.25,161.81,261.06,26106.3,1.12,111.87,4.05,405.27,0.86,86.49,1.93,192.6,4.6,460.08,3.23,322.92,2.65,265.05,2.06,206.01,4.25,425.16,4.23,422.82,1.26,126.09,1.5,150.12,1.08,107.73,9.4,940.41,4.2,420.48,7.45,745.2,4.72,471.6,3.49,349.2,2.96,296.37,2.04,204.3,3.3,329.85,1.77,177.48,72.17,0.51,69.69,0.49,3,3,3
PO1000008194,2020,UNKNOWN,KURNIA MITRA SAWIT,KURNIA MITRA SAWIT,Not RSPO Certified,,3/31/23,2.41,99.7,"2.408878, 99.696714",IDN,Indonesia,Sumatera Utara,Labuhanbatu Utara,1-Fully Verified,,148.88,14888.43,163.97,352.28,35227.53,0.87,86.58,2.1,209.52,0.39,39.06,1.99,199.08,1.04,104.31,1.3,129.78,1.47,146.52,2.09,209.16,1.92,191.97,2.13,213.3,2.46,245.88,1.94,194.04,1.31,130.59,3.96,395.55,2.57,257.13,4.74,474.39,2.71,270.9,3.55,354.51,4.1,409.77,3.74,374.04,2.12,211.59,0.68,68.4,49.16,0.33,99.72,0.67,3,2,3
PO1000008195,2020,SERI ULU LANGAT PALM OIL MILL SDN BHD,SERI ULU LANGAT PALM OIL MILL SDN BHD,SERI ULU LANGAT,Not RSPO Certified,,3/31/23,2.85,101.65,"2.851693, 101.650118",MYS,Malaysia,Selangor,Sepang,1-Fully Verified,,586.42,58641.66,1017.57,2581,258100.2,9.18,918.18,10.62,1061.64,4.12,412.2,13.66,1366.11,10.33,1033.38,7.14,714.06,12.48,1247.67,8.73,873.09,22.93,2293.2,13.82,1382.4,6.87,686.61,9.21,920.7,6.19,618.57,35.58,3558.15,11.41,1140.75,16.33,1633.14,15.19,1518.84,11.52,1152.09,14.1,1409.85,8.81,880.74,13.08,1308.33,8.9,890.1,270.2,0.46,316.22,0.54,3,3,3
PO1000008196,2020,MAWAR MENTARI SDN BHD,MAWAR MENTARI SDN BHD,MAWAR MENTARI,Not RSPO Certified,,3/31/23,2.87,102.32,"2.867181, 102.31613",MYS,Malaysia,Negeri Sembilan,Jempol,1-Fully Verified,,632.41,63240.93,695.88,1104.22,110422.17,24.29,2428.65,31.39,3138.84,3.28,328.05,5.11,511.47,10.64,1063.62,3.68,368.1,9.96,995.67,10.4,1040.22,12.94,1293.66,2.2,220.14,17.57,1757.16,27.9,2790.18,4.3,429.93,17.39,1738.89,7.27,726.57,20.73,2073.24,17.74,1773.9,13.54,1354.41,11.76,1175.94,7.63,762.66,7.22,721.98,5.48,547.92,272.41,0.43,360,0.57,3,3,3
PO1000008202,2020,MEWAH,ANGSO DUO SAWIT,ANGSO DUO SAWIT,Not RSPO Certified,,3/31/23,-1.78,103.49,"-1.782611, 103.494722",IDN,Indonesia,Jambi,Muaro Jambi,1-Fully Verified,,363.07,36306.54,382.98,535.76,53576.46,3.5,349.92,4.21,420.93,0.66,65.79,5.41,541.44,5.47,546.66,3.55,355.14,13.76,1376.28,12.79,1278.63,14.85,1485.18,0,0,0.46,45.63,11.32,1131.93,7.1,710.19,8.99,899.28,9.88,987.93,14.69,1469.43,15.96,1595.52,19.56,1955.97,10.35,1035.27,12.78,1277.91,22.03,2203.2,24.63,2462.76,221.95,0.61,141.12,0.39,5,3,4
PO1000008211,2020,NT CORP,BANGKIT GIAT USAHA MANDIRI,BANGKITGIAT USAHA MANDIRI,Not RSPO Certified,,3/31/23,-1.47,112.74,"-1.472613, 112.742949",IDN,Indonesia,Kalimantan Tengah,Kotawaringin Timur,1-Fully Verified,,781.29,78128.55,759.76,1082.43,108242.91,9.47,947.25,14.11,1411.47,8.86,886.05,49.56,4956.12,3.99,398.79,29.1,2909.61,32.15,3215.43,24.71,2470.95,18.51,1850.67,35.44,3543.66,27.71,2770.92,66.16,6616.35,13.23,1323,13.39,1339.2,10.97,1096.83,13.87,1387.44,8.18,817.92,9.43,942.66,6.86,686.16,4.65,464.76,1.93,192.78,2.84,284.49,405.13,0.52,376.16,0.48,1,3,3
PO1000008216,2020,UNKNOWN,BUNGO LIMBUR,BUNGO LIMBUR,Not RSPO Certified,,3/31/23,-1.38,101.89,"-1.375067, 101.891894",IDN,Indonesia,Jambi,Bungo,2-High Confidence,,739.06,73905.66,820.56,1279.09,127908.63,3.65,365.04,3.63,362.52,6.9,690.21,14.18,1417.59,11.6,1160.28,31.93,3192.66,17.28,1728,10.59,1059.21,25.15,2515.05,8.96,895.95,12.35,1234.62,11.08,1107.81,5.94,593.64,9.31,931.05,7.76,775.53,8.96,895.77,11.63,1163.25,10.23,1023.21,13.16,1316.43,9.31,931.41,14.89,1488.6,22.21,2220.84,270.69,0.37,468.37,0.63,4,3,4
PO1000008224,2020,UNKNOWN,GUNA SETIA PRATAMA,GUNA SETIA PRATAMA,Not RSPO Certified,,3/31/23,0.43,101.6,"0.428068, 101.596593",IDN,Indonesia,Riau,Pelalawan,1-Fully Verified,,4.15,415.08,4.52,7.05,704.79,0,0,0.03,2.52,0,0,0.15,14.76,0.05,4.86,0.01,0.63,0,0,0.01,0.72,0.02,1.8,0.11,10.8,0,0.36,0.02,1.62,0.11,10.71,0.06,5.85,0.06,5.67,0,0.18,0.24,23.58,0.48,47.97,0.04,4.41,0.25,25.11,0,0,0.45,44.91,2.06,0.5,2.09,0.5,5,3,5
PO1000008225,2020,MENTARI,RISMAN SCHAM PALM INDONESIA,RISMAN SCHAM PALM INDONESIA,Not RSPO Certified,,3/31/23,-0.96,102.78,"-0.95928, 102.77847",IDN,Indonesia,Riau,Indragiri Hilir,1-Fully Verified,,476.02,47602.26,486.53,804.7,80469.81,23.39,2338.65,16.68,1668.42,9.37,937.17,22.11,2210.94,6.68,668.25,21.16,2116.44,8.01,801.09,51.02,5102.1,34.93,3492.99,8.79,879.48,9.53,952.74,28.64,2864.25,16.91,1691.19,11.7,1170.18,15.59,1559.16,21.68,2168.46,8.87,887.22,6.68,667.53,10.68,1068.03,4.73,473.04,4.3,429.66,2.9,289.8,344.37,0.72,131.65,0.28,2,4,2
PO1000008231,2020,UNKNOWN,KHARISMA AGRO SEJAHTERA,KHARISMA AGRO SEJAHTERA,Not RSPO Certified,,3/31/23,-0.75,102.24,"-0.752306, 102.244639",IDN,Indonesia,Riau,Indragiri Hulu,1-Fully Verified,,725.35,72534.51,724.64,1481.62,148162.5,28.56,2855.7,10.88,1088.28,2.85,285.3,11.36,1135.71,15.38,1537.65,18.18,1818.18,15.45,1544.67,17.59,1758.51,33.35,3335.31,9.02,901.89,15.23,1523.34,31.35,3134.97,9.96,995.76,17.97,1796.67,17.86,1786.5,29.43,2942.55,14.48,1447.83,7.18,718.02,7.69,768.6,6.84,684.09,9.04,904.14,18.09,1808.55,347.72,0.48,377.62,0.52,3,3,3
PO1000008239,2020,UNKNOWN,LEOMAS ANUGERAH BERSAUDARA,LEOMAS ANUGERAH BERSAUDARA,Not RSPO Certified,,3/31/23,3.41,98.73,"3.412431, 98.734644",IDN,Indonesia,Sumatera Utara,Deli Serdang,1-Fully Verified,,169.13,16913.43,199.54,780.38,78038.46,2.3,229.68,0.7,70.47,1.14,114.48,0.47,47.07,0.43,42.75,2.47,246.87,1.14,113.58,1.41,140.58,2.82,282.06,1.44,143.91,0.84,83.79,2.5,249.75,0.7,70.11,3.36,335.7,1.93,193.14,1.73,173.43,1.42,141.75,2.75,275.04,2.39,238.86,1.44,143.91,2.7,269.55,1.47,146.88,37.53,0.22,131.6,0.78,3,1,3
PO1000008246,2020,UNKNOWN,YAPUTRA ALFA PALMINDO,YAPUTRA ALFA PALMINDO,Not RSPO Certified,,3/31/23,3.72,98.2,"3.72105, 98.198962",IDN,Indonesia,Sumatera Utara,Langkat,1-Fully Verified,,41.12,4111.74,47.97,112.56,11256.12,0.12,12.33,0.04,3.96,0.01,1.26,1.22,122.13,0.13,13.41,0.15,14.58,0.17,17.37,0.2,19.98,0.06,6.12,0.05,5.4,0.77,76.77,1.29,129.15,0.27,27.09,1.29,129.15,0.3,29.52,0.28,28.44,1.55,155.25,0.6,59.76,2.04,204.48,0.59,59.49,0.78,78.03,2.16,215.73,14.09,0.34,27.02,0.66,5,2,4
PO1000008258,2020,UNKNOWN,UJONG NEUBOK DALAM,UJONG NEUBOK DALAM,Not RSPO Certified,,3/31/23,4.06,96.49,"4.06248, 96.48714",IDN,Indonesia,Aceh,Nagan Raya,1-Fully Verified,,20.65,2065.41,20.06,23.69,2368.8,0.06,5.58,0.03,3.06,0.02,1.89,0.18,18,0.04,3.87,0.12,11.97,0.14,13.68,1.72,171.54,6.68,668.25,1.21,121.5,3.87,386.82,1.75,174.78,1.09,108.54,1.29,128.61,0.89,89.37,0.48,48.15,0.06,6.3,0.3,30.42,0.46,45.72,0.11,10.62,0.08,8.19,0.08,7.65,20.65,1,0.01,0,2,5,1
PO1000008268,2020,UNKNOWN,KAMPARINDO AGRO INDUSTRI,KAMPARINDO AGRO INDUSTRI,Not RSPO Certified,,3/31/23,0.86,101.29,"0.864, 101.286",IDN,Indonesia,Riau,Siak,1-Fully Verified,,65.58,6558.39,79.66,130.96,13096.44,0.14,13.86,0.33,33.48,1.22,122.04,1.87,187.38,0.83,82.62,0.92,91.89,0.14,13.86,0.11,11.16,0.29,28.8,0.1,10.44,0.05,4.77,8.54,853.65,9.34,934.11,10.36,1035.72,11.91,1190.97,1.7,169.65,1.4,140.13,1.39,138.51,1.23,122.67,1.93,192.6,0.37,36.72,0.18,18.09,54.33,0.83,11.25,0.17,2,5,2
PO1000008269,2020,SWASTISIDDHI AMAGRA,SWASTISIDDHI AMAGRA,LIBO JAYA,Not RSPO Certified,,3/31/23,0.95,101.1,"0.947361, 101.096778",IDN,Indonesia,Riau,Siak,1-Fully Verified,,73.55,7354.71,102.12,146.58,14657.76,1.44,144.45,2.3,229.59,0.77,76.77,5.05,504.63,5.18,517.77,3.93,393.03,1.25,125.19,0.43,43.29,2.69,269.1,0.71,70.65,0.41,40.86,2.25,225.09,0.06,6.48,0.47,46.62,0.19,18.54,0.43,43.02,1.13,112.68,0.2,19.53,0.55,55.44,0.25,24.93,0.41,41.4,0.15,14.58,30.24,0.41,43.31,0.59,2,3,3
PO1000008278,2020,UNKNOWN,SEMUNAI SAWIT PERKASA,SEMUNAI SAWIT PERKASA,Not RSPO Certified,,3/31/23,1.16,101.28,"1.163592, 101.27829",IDN,Indonesia,Riau,Bengkalis,1-Fully Verified,,107.14,10713.51,162.44,425.08,42507.99,2.03,202.95,5.26,525.96,0.97,96.93,3.44,343.98,4.64,464.31,9.82,981.9,5.43,543.33,2.6,260.46,2.73,272.79,3.03,302.67,1.84,184.14,3.03,303.3,5.41,541.17,8.48,848.43,4.54,453.87,5.25,525.42,1.3,130.23,0.86,86.31,1.97,197.28,0.98,97.56,0.53,52.74,1,99.63,75.15,0.7,31.98,0.3,2,4,2
PO1000008282,2020,UNKNOWN,PERMATA CITRA RANGAU,PERMATA CITRA RANGAU,Not RSPO Certified,,3/31/23,1.25,101.25,"1.250402, 101.250447",IDN,Indonesia,Riau,Bengkalis,1-Fully Verified,,18.5,1850.4,82.7,131.98,13197.96,0.12,12.42,0.1,9.9,0.01,0.72,0.04,3.6,0.12,12.24,0.35,34.92,0.13,12.69,0.04,3.96,0.21,20.7,0.18,18.36,0.04,3.96,0.39,39.15,0.59,58.95,1.11,110.97,0.47,47.07,0.47,46.98,0.68,67.5,0.95,94.86,0.31,31.05,0.22,22.5,0.28,28.08,0.32,32.49,7.13,0.39,11.37,0.61,3,3,3
PO1000008292,2020,FANGIONO AGRO PLANTATION,BHUMI SIEMANGGARIS INDAH,BHUMI SIMANGGARIS INDAH,Not RSPO Certified,,3/31/23,4.24,117.36,"4.238583, 117.3628",IDN,Indonesia,Kalimantan Timur,Nunukan,1-Fully Verified,,247.44,24743.79,232.94,464.98,46497.96,0.42,42.12,0.87,86.94,5.9,589.95,4.84,484.2,11.88,1187.64,16.55,1655.37,7.51,750.96,22.21,2220.66,100.2,10019.79,9.56,955.53,2.76,275.58,3.55,355.05,0.48,47.97,0.7,69.84,0.75,74.52,1.45,144.54,0.99,98.55,0.93,93.15,0.46,45.99,0.28,28.08,0.46,46.08,1.1,110.16,193.83,0.78,53.61,0.22,1,4,2
PO1000008314,2020,TOUPOS PALM OIL MILL SDN BHD,TOUPOS PALM OIL MILL SDN BHD,TOUPOS,Not RSPO Certified,,3/31/23,5.66,116.88,"5.660384, 116.879974",MYS,Malaysia,Sabah,Ranau,1-Fully Verified,,2997.12,299711.88,3020.92,5237.73,523773.09,13.31,1331.46,11.71,1171.44,6.4,639.54,20.02,2001.69,13.56,1356.48,18.3,1829.61,20.28,2027.52,18.25,1825.02,27.7,2770.47,31.36,3135.96,17.49,1749.33,31,3099.6,32.44,3243.51,71.05,7104.6,56.26,5626.17,53.45,5344.92,33.87,3387.06,39.62,3961.62,23.48,2348.1,24.07,2407.41,18.51,1851.21,19.08,1908.27,601.21,0.2,2395.91,0.8,2,1,3
PO1000008324,2020,UNKNOWN,THAINDO PALM OIL FACTORY CO LTD,THAINDO PALM OIL FACTORY CO LTD,Not RSPO Certified,,3/31/23,8.11,99.29,"8.110844, 99.293394",THA,Thailand,Krabi,Lam Thap,1-Fully Verified,,561.39,56138.76,847.96,1742.11,174210.75,6.68,668.25,12.6,1260.45,12.66,1266.3,10.25,1024.65,9.84,984.33,19.44,1944.45,9.22,922.32,10.87,1087.47,18.4,1839.6,23.27,2326.59,13.85,1384.56,11.34,1134,14.69,1468.89,28.96,2895.57,28.06,2806.11,33.44,3344.04,53.9,5389.83,26.6,2660.4,21.91,2191.23,28.57,2857.14,26.03,2602.62,32.67,3267.09,453.26,0.81,108.13,0.19,5,5,3
PO1000008329,2020,UNKNOWN,"P.PANIT RUNGRUENG PALM OIL   CO.,LTD","P.PANIT RUNGRUENG PALM OIL   CO.,LTD.",Not RSPO Certified,,3/31/23,8.43,99.07,"8.434946, 99.06922",THA,Thailand,Surat Thani,Chaiburi,1-Fully Verified,,212.62,21261.6,264.58,331.3,33129.54,2.45,244.62,3.3,330.21,3.66,365.85,5.46,546.21,2.96,295.92,5.24,523.62,2.71,271.08,3.1,310.5,5.22,521.55,6.58,658.17,2.81,280.62,3.11,310.59,4.53,453.15,8.67,867.24,7.09,708.84,9.16,916.38,11.85,1185.21,7.61,761.49,6.96,696.33,5.78,577.71,5.85,585.09,5.34,534.33,119.45,0.56,93.17,0.44,4,3,3
PO1000008331,2020,SMOTHONG GROUP,SMOTHONG PALMOIL CO.,SMOTHONG PALMOIL CO.,RSPO Certified,"RSPO Certified, IP, MB",3/31/23,8.68,98.8,"8.676432, 98.801449",THA,Thailand,Surat Thani,Phanom,1-Fully Verified,,1681.72,168172.29,1964.16,3367.91,336791.07,10.18,1017.63,15.26,1525.77,8.58,858.24,17.32,1732.05,26.85,2684.61,13.57,1357.2,15.62,1562.31,11.32,1131.75,19.23,1922.58,20.12,2012.13,10.33,1032.93,11.78,1178.37,13.7,1370.34,33.31,3331.17,24.34,2433.69,34.59,3458.52,43.57,4356.72,29.15,2914.74,25.78,2578.5,22.87,2286.81,26.36,2636.01,20.74,2074.14,454.56,0.27,1227.16,0.73,3,2,3
PO1000008333,2020,UNKNOWN,PALMAS OLEAGINOSAS DE CASACARE LTDA,PALMAS OLEAGINOSAS DE CASACARE LTDA,Not RSPO Certified,,3/31/23,9.86,-73.28,"9.856372, -73.277009",COL,Colombia,Cesar,Agustín Codazzi,1-Fully Verified,,2159.76,215976.24,3146.35,7245.21,724520.7,5.32,531.99,4.51,450.9,12.69,1269.18,4.75,475.29,6.72,672.21,4.28,428.31,12.41,1241.37,6.18,618.21,10.63,1062.54,4.53,453.24,6.6,659.97,5.6,559.53,4.14,414.18,8.44,844.38,6.78,678.24,30.34,3033.54,20.66,2066.4,10.68,1068.12,5.59,558.99,9.24,924.03,8.29,828.63,10.41,1040.85,198.8,0.09,1960.96,0.91,2,1,3
PO1000008341,2020,UNKNOWN,ACEITES SUSTENTABLES DE PALMA,ACEITES SUSTENTABLES DE PALMA,Not RSPO Certified,,3/31/23,16.36,-90.47,"16.360506, -90.467794",MEX,Mexico,Chiapas,Ocosingo,2-High Confidence,,831.17,83116.62,1078.5,2045.97,204597,10,1000.35,7.2,720.36,17.89,1788.93,13.72,1372.05,15.09,1509.48,15.79,1578.96,41.26,4126.05,21.05,2104.92,37.2,3719.61,46.98,4697.91,18.06,1806.39,35.5,3549.69,17.57,1757.43,24.67,2466.72,21.32,2131.65,28.62,2862.27,24.1,2409.84,23.96,2395.53,46.81,4680.99,13.41,1341.45,16.07,1606.59,13.2,1319.58,509.47,0.61,321.7,0.39,3,3,3
PO1000008382,2021,KUALA LUMPUR KEPONG (KLK),KUALA LUMPUR KEPONG BHD,KILANG KEKAYAAN,Not RSPO Certified,,3/31/23,2.27,103.28,"2.274505, 103.28325",MYS,Malaysia,Johor,Keluang,1-Fully Verified,,56.09,5609.25,65.09,99.87,9986.85,9.7,970.47,4.33,433.35,1.46,146.25,3.42,341.73,0.61,60.93,0.03,2.97,0.01,1.35,0.01,0.54,2.54,254.34,1.45,145.26,1.5,149.67,0.14,13.68,0,0.09,0.02,2.25,0.07,6.66,0.26,26.01,0.36,36.27,0.05,5.04,0.01,0.63,0,0.09,0.82,82.44,1.66,165.69,28.46,0.51,27.64,0.49,3,3,3
PO1000008384,2020,KILANG MINYAK SAWIT MERU SDN BHD,KILANG MINYAK SAWIT MERU SDN BHD,MERU,Not RSPO Certified,,3/31/23,3.01,101.5,"3.009114, 101.496835",MYS,Malaysia,Selangor,Klang,1-Fully Verified,,383.02,38302.38,964.89,2831,283100.13,6.29,628.74,7.03,702.9,2.28,228.33,8.91,891.18,5.49,549,3.51,351.27,4.93,493.2,2.48,248.4,7.39,738.63,6.6,660.15,3.21,320.76,6.01,600.75,1.1,110.07,9.79,979.29,7.81,780.84,9.86,985.5,9.89,989.46,6.88,688.23,4.3,430.47,4,399.69,5.59,558.9,2.49,249.21,125.85,0.33,257.17,0.67,3,2,3
PO1000008386,2020,UNKNOWN,AGRO WIJAYA INDUSTRI,AGRO WIJAYA INDUSTRI,Not RSPO Certified,,3/31/23,-1.76,102.24,"-1.76147222, 102.244",IDN,Indonesia,Jambi,Merangin,1-Fully Verified,,108.34,10833.57,118.88,246.27,24627.42,2.95,295.38,1.59,158.76,0.04,4.23,2.1,210.42,0.57,56.7,1.44,143.73,1.37,136.98,0.21,20.61,2.29,229.32,2.23,222.75,1.46,145.62,2.12,212.49,0.95,94.95,1.47,147.15,2,199.71,4.04,404.01,5.93,593.46,4.83,483.21,5.2,520.38,6.27,627.21,8.41,840.69,6.93,693.18,64.41,0.59,43.93,0.41,5,3,5
PO1000008388,2020,UNKNOWN,ANUGRAH MULTI SAWITA,ANUGRAH MULTI SAWITA,Not RSPO Certified,,3/31/23,2.71,99.62,"2.706553, 99.617973",IDN,Indonesia,Sumatera Utara,Asahan,1-Fully Verified,,48.87,4887.45,54.37,107.8,10779.57,0.3,29.79,1.74,173.7,0.25,25.02,0.16,15.84,0.79,78.57,1.13,113.49,0.18,18.45,0.02,1.8,0.32,31.95,4.19,419.49,0.68,67.95,0.58,57.87,0.32,31.95,1.57,156.87,0.14,13.95,1.39,138.96,1.3,130.41,1.32,132.21,0.61,61.2,0.24,24.48,1.14,114.3,0.25,25.47,18.64,0.38,30.24,0.62,3,3,3
PO1000008392,2020,SAHABAT AGRO,LAMBANG BUMI PERKASA,LAMBANG BUMI PERKASA,Not RSPO Certified,,3/31/23,-4.7,105.37,"-4.70179, 105.3728",IDN,Indonesia,Lampung,Lampung Tengah,1-Fully Verified,,264.67,26467.38,2040.05,4994.55,499454.91,1.8,179.55,2.15,215.1,0.42,41.58,1.69,168.75,5.86,586.44,9.29,929.16,3.33,332.73,3.84,384.21,12.94,1293.75,7.55,755.01,1.6,159.57,19.71,1971.27,1.14,113.76,4.66,466.11,10.2,1019.7,7.68,767.97,6.82,682.11,10.73,1073.43,12.62,1261.89,5.55,554.67,8.37,836.91,2.82,281.7,140.75,0.53,123.92,0.47,3,3,3
PO1000008393,2020,UNKNOWN,JALUR PUSAKA SAKTI KUMALA,JALUR PUSAKA SAKTI KUMALA,Not RSPO Certified,,3/31/23,0.4,101.8,"0.399736, 101.796722",IDN,Indonesia,Riau,Pelalawan,1-Fully Verified,,124.85,12484.98,175.49,313.99,31399.38,4.58,457.92,2.54,253.71,0.27,26.64,7.43,742.77,4.3,429.57,1,100.17,4.29,429.3,3.96,395.73,0.58,58.5,17.45,1744.56,10.6,1060.11,9.45,944.91,6.8,680.04,8.13,813.15,2.09,209.43,1.94,194.04,4.9,489.51,3.84,383.58,2.19,218.7,2.61,260.73,1.53,153.27,2.36,236.25,102.83,0.82,22.02,0.18,3,5,3
PO1000008395,2020,UNKNOWN,PUTERA KERITANG SAWIT,PUTERA KERITANG SAWIT,Not RSPO Certified,,3/31/23,-0.87,102.66,"-0.871308, 102.66131",IDN,Indonesia,Riau,Indragiri Hilir,1-Fully Verified,,664.54,66453.84,648.77,1190.25,119025.36,9.64,963.99,14.75,1475.1,4.59,459.45,30.41,3041.28,18.54,1854.36,32.46,3246.39,11.68,1167.75,47.17,4716.63,37.13,3713.4,10.49,1048.86,9.97,997.2,12.99,1299.24,3.27,326.79,5.01,500.94,8.21,821.43,10.34,1033.83,4.5,450.27,4.57,457.29,6.6,659.97,3.41,340.83,4.54,453.6,4.94,493.74,295.22,0.44,369.32,0.56,2,3,3
PO1000008412,2020,UNKNOWN,CAKRA ALAM SEJATI,CAKRA ALAM SEJATI,Not RSPO Certified,,3/31/23,0.18,102.05,"0.1754722, 102.051417",IDN,Indonesia,Riau,Pelalawan,2-High Confidence,,148.16,14815.62,169.74,273.47,27347.04,10.6,1060.02,5.87,587.34,0.8,79.65,9.37,937.44,8.7,869.85,2.46,246.42,7.57,757.44,5.78,578.43,2.11,211.05,10.41,1040.67,9.76,976.05,2.2,219.51,4.02,402.21,7.03,703.17,1.39,139.05,6.56,655.92,4.55,455.31,5.21,521.1,6.52,652.32,3.72,372.33,4.56,456.3,5.29,529.38,124.51,0.84,23.65,0.16,4,5,3
PO1000008413,2020,UNKNOWN,PALMERAS DE LOS CIEN S.A. - PALCIEN S.A.,PALCIEN,Not RSPO Certified,,3/31/23,0.34,-79.46,"0.344174, -79.458961",ECU,Ecuador,Esmeraldas,Quinindé,1-Fully Verified,,1205.29,120528.99,1219.08,2135.75,213574.95,3.44,343.8,1.55,155.34,0.21,21.33,2.4,239.85,20.48,2048.31,3.01,300.87,13.09,1308.96,17.16,1716.21,20.92,2092.05,0.99,98.91,9.95,994.68,24.11,2410.56,5.43,543.24,0.82,82.08,2.15,215.37,1.8,180,6.02,601.56,0.38,37.8,1.96,195.93,0.6,60.39,0.1,10.35,0.55,55.08,137.13,0.11,1068.16,0.89,1,1,3
PO1000008423,2020,UNKNOWN,CITRA SAWIT LESTARI,CITRA SAWIT LESTARI,Not RSPO Certified,,3/31/23,2.92,117.26,"2.92199, 117.26464",IDN,Indonesia,Kalimantan Timur,Bulungan,2-High Confidence,,3496.92,349692.48,3864.21,7935.4,793539.99,53.11,5310.54,56.06,5606.28,29.23,2922.84,50.9,5090.31,19.23,1922.67,43.19,4318.56,75.58,7557.66,51.51,5150.79,74.01,7401.42,50.17,5017.23,71.1,7110.18,62.4,6240.42,30.5,3049.92,47.7,4769.73,43.16,4315.5,63.8,6379.92,40.25,4024.53,40.1,4010.31,29.83,2983.05,35.29,3529.08,25.84,2583.99,15.06,1505.88,1008.01,0.29,2488.92,0.71,2,2,3
PO1000008425,2020,UNKNOWN,SRI INDRAPURA SAWIT LESTARI,SRI INDRAPURA SAWIT LESTARI,Not RSPO Certified,,3/31/23,0.46,101.74,"0.46424, 101.7365",IDN,Indonesia,Riau,Siak,2-High Confidence,,21.05,2105.01,33.08,52.05,5205.42,0.59,58.59,0.29,29.25,0.15,14.58,0.66,65.97,0.37,37.08,0.27,26.82,0.15,14.94,0.04,3.51,0.09,9.27,0.25,24.93,0.76,76.41,0.6,59.76,0.07,6.57,1.05,105.39,1.38,138.33,1.24,124.29,1.77,177.39,2.29,228.51,1.58,157.5,1.03,102.87,0.34,33.75,0.96,95.67,15.91,0.76,5.14,0.24,4,4,3
PO1000008429,2020,SINAR MAS,BAHANA KARYA SEMESTA,SUNGAI AIR JERNIH,Not RSPO Certified,,3/31/23,-2.09,102.8,"-2.086512, 102.801493",IDN,Indonesia,Jambi,Sarolangun,1-Fully Verified,,2267.21,226721.07,2317.39,3539.95,353995.2,25.46,2545.92,27.9,2790.18,15,1500.3,31.7,3169.62,24.34,2433.96,78.33,7832.79,51.63,5162.67,98.43,9842.85,52.48,5247.9,19.35,1935.27,22.34,2233.89,168.85,16885.26,48.1,4810.23,105.63,10562.67,67.68,6767.55,112.14,11213.64,70.36,7036.2,51.47,5146.56,60.06,6005.7,38.18,3818.34,24.53,2453.04,39.01,3901.14,1232.96,0.54,1034.25,0.46,3,3,3
PO1000008435,2020,UNKNOWN,KARYA TEKNIK PLANTATION,KARYA TEKNIK PLANTATION,Not RSPO Certified,,3/31/23,-0.15,117.01,"-0.15434, 117.01007",IDN,Indonesia,Kalimantan Timur,Kutai Kartanegara,1-Fully Verified,,1587.37,158736.96,2071.73,5141.7,514169.64,5.7,569.52,14.3,1430.46,5.77,576.81,16.24,1624.05,43.47,4347.27,21.06,2106.27,82.47,8246.97,38.3,3829.5,87.3,8729.73,41.27,4126.59,41.63,4162.77,140.69,14068.98,50.43,5043.42,62.71,6271.47,61.45,6145.02,100.26,10025.55,65.11,6510.78,60.32,6031.62,25.2,2519.73,47.74,4774.41,21.74,2174.13,22.77,2276.64,1055.92,0.67,531.45,0.33,3,4,3
PO1000008562,2020,UNKNOWN,THONG MONGKOL PALM INDUSTRY COMPANY LTD,THONGMONGKOL PALM OIL MILL,Not RSPO Certified,,3/31/23,11.21,99.4,"11.212853, 99.404597",THA,Thailand,Prachuap Khiri Khan,Bang Saphan,1-Fully Verified,,3066.97,306697.23,3720.34,5803.94,580393.8,1.66,166.23,4.13,413.1,3.46,346.23,6.9,690.48,8.34,834.39,10.15,1014.93,12.09,1209.15,7.92,791.73,20.75,2074.68,10.04,1003.5,12.47,1247.31,8.66,866.07,10.41,1040.58,30.25,3024.99,25.53,2552.58,38.65,3865.32,36.87,3687.03,17.54,1753.83,23.97,2396.88,35.11,3510.63,38.59,3859.02,31.4,3139.74,394.88,0.13,2672.09,0.87,3,1,3
PO1000008564,2020,UNKNOWN,SATHIEN PALM COMPANY LTD,SATHIEN PALM COMPANY LIMITED,Not RSPO Certified,,3/31/23,13.87,99.71,"13.865962, 99.705587",THA,Thailand,Kanchanaburi,Tha Maka,1-Fully Verified,,399.13,39913.02,7841.37,11142.52,1114252.02,1.4,139.5,6.27,626.58,0.99,99.09,4.32,432,3.5,349.92,3.67,367.38,6.26,626.22,2.27,226.89,6.97,696.96,6.05,604.89,3.11,310.77,8.78,877.5,6.26,626.31,7.17,716.76,4.98,498.15,17.4,1740.33,11.97,1197.09,6.19,619.29,9.54,953.55,10.58,1057.68,7.88,787.95,10.69,1068.57,146.23,0.37,252.9,0.63,3,3,4
PO1000008572,2020,UNKNOWN,AGROINDUSTRIA OLEICA DE LA REGIÓN DE LOS RIOS SAPI DE C.V.,AGROINDUSTRIA OLEICA DE LA REGIÓN DE LOS RIOS SAPI DE C.V.,Not RSPO Certified,,3/31/23,17.91,-91.76,"17.908001, -91.757574",MEX,Mexico,Tabasco,Emiliano Zapata,1-Fully Verified,,1344.29,134429.13,4327.25,7765.56,776555.82,3.43,342.81,2.73,272.97,19.73,1972.89,3.22,321.66,19.42,1941.75,2.16,216.45,23.83,2382.57,3.84,384.3,10.92,1092.06,2.89,289.17,1.76,176.49,7.05,705.15,15.26,1526.04,11.02,1101.78,15.54,1553.94,38.58,3858.48,51.7,5170.5,37.28,3727.53,49.77,4977.18,33.04,3303.72,14.24,1424.16,5.29,529.02,372.71,0.28,971.59,0.72,2,2,3
PO1000008577,2020,IJM PLANTATIONS BERHAD,SINERGI AGRO INDUSTRI,SINERGI AGRO INDUSTRI,Not RSPO Certified,,3/31/23,0.9,118.42,"0.903945, 118.424871",IDN,Indonesia,Kalimantan Timur,Kutai Timur,1-Fully Verified,,54.28,5428.17,55.23,50.42,5042.25,0,0.36,0.03,2.7,0.05,4.59,0.06,6.12,0,0.09,0.02,2.34,0.03,3.15,0,0,0.08,8.19,0.2,19.62,5.54,554.04,10.37,1037.25,15.29,1529.46,9.81,981.09,1.79,178.74,1.42,142.29,0.28,27.72,0.04,4.14,0.08,8.46,0.04,3.96,0,0.36,0,0.18,45.15,0.83,9.13,0.17,1,5,1
PO1000008580,2020,AGRINA,AGRINA SAWIT PERDANA,AGRINA SAWIT PERDANA,Not RSPO Certified,,3/31/23,0.07,110.7,"0.069911, 110.696437",IDN,Indonesia,Kalimantan Barat,Sanggau,1-Fully Verified,,316.53,31653.45,388.24,611.19,61119.27,6.88,687.6,7.44,744.3,1.91,191.16,7.5,749.52,4.65,464.85,7.45,745.11,18.91,1890.54,20.1,2010.24,11.09,1109.25,4.48,448.2,9.81,981.09,9.63,963.09,7.44,744.3,10.69,1068.75,5.72,572.4,8.5,850.5,10.58,1058.49,5.57,557.1,6.65,664.83,2.91,290.61,7.26,726.3,7.42,741.87,182.6,0.58,133.93,0.42,3,3,3
PO1000008583,2020,UNKNOWN,BUMI DAYA AGROTAMAS,BUMI DAYA AGROTAMAS,Not RSPO Certified,,3/31/23,2.58,97.85,"2.583222, 97.854167",IDN,Indonesia,Aceh,Subulussalam,1-Fully Verified,,308.1,30809.52,314.34,406.73,40673.16,0.68,68.04,0.19,18.54,0.91,91.26,1.65,164.97,1.25,125.19,4.66,466.2,2.89,289.35,15.37,1536.84,22.89,2288.52,14.03,1402.92,13.76,1376.19,21.79,2179.26,5.73,573.21,10.23,1023.3,2.69,269.46,1.98,197.82,2.9,290.43,6.34,633.78,0.91,90.81,2.89,289.17,3.05,304.65,3.44,344.43,140.24,0.46,167.85,0.54,3,3,3
PO1000008584,2020,UNKNOWN,SYAUKATH AGRO,SYAUKATH AGRO,Not RSPO Certified,,3/31/23,4.58,95.7,"4.575389, 95.705",IDN,Indonesia,Aceh,Aceh Jaya,1-Fully Verified,,3.45,344.52,3.47,5.24,523.62,0,0.09,0,0.45,0,0,0.01,1.08,0.01,0.99,0,0,0,0,0.33,32.94,0.11,11.16,0.04,3.69,0.11,10.71,0.03,2.97,0.05,5.13,0.13,13.05,0.15,15.39,0.09,8.82,0.13,12.51,0.13,12.69,0.04,3.69,0.1,10.08,0.03,3.42,0.08,7.92,1.57,0.46,1.88,0.54,3,3,3
PO1000008587,2020,AGRO INVESTAMA,TEBO INDAH,TEBO INDAH,Not RSPO Certified,,3/31/23,-1.5,102.58,"-1.500694, 102.578667",IDN,Indonesia,Jambi,Tebo,1-Fully Verified,,6.98,698.49,6.74,7.05,704.88,0.05,4.95,0,0.27,0,0,0.01,1.44,0.02,1.53,0.73,72.54,1.13,113.13,0.1,9.63,0.41,41.49,0.07,7.11,0.03,2.7,0.18,18,0.58,57.6,1.6,159.84,0.09,8.91,0.24,24.21,0.07,6.57,0.03,2.79,0.13,13.41,0.03,2.88,0.01,0.54,0.04,4.32,5.54,0.79,1.45,0.21,1,4,2
PO1000008596,2020,UNKNOWN,WAIMUSI AGRO INDAH,WAIMUSI AGRO INDAH,Not RSPO Certified,,3/31/23,-3.67,105.07,"-3.671662, 105.067917",IDN,Indonesia,Sumatera Selatan,Ogan Komering Ilir,1-Fully Verified,,39.27,3926.52,57.68,112.65,11265.3,0.82,81.9,0.51,51.03,0.43,42.66,1.55,155.07,0.15,14.58,0.1,9.9,1.29,129.33,0.71,71.37,1.69,168.66,0.13,13.32,1.85,185.49,3.23,322.65,0.42,42.48,0.68,68.13,0.06,5.94,0.15,15.48,2.27,227.07,1.97,197.28,1.53,152.82,0.88,88.38,3.97,396.99,11.55,1154.97,35.96,0.92,3.31,0.08,5,5,5
PO1000008601,2020,FORTIUS CORP,FORTIUS WAJO PERKEBUNAN,FORTIUS WAJO PERKEBUNAN,Not RSPO Certified,,3/31/23,-1.05,102.91,"-1.050972, 102.9062",IDN,Indonesia,Jambi,Tanjung Jabung B,1-Fully Verified,,73.92,7392.33,89.13,126.39,12638.88,1.23,123.39,0.32,32.04,8.71,870.66,13.55,1354.59,0.77,77.13,1.74,173.97,1.84,183.69,4.09,408.69,4.74,474.21,1.69,169.38,1.04,104.04,5.8,580.23,1.83,182.88,1.82,181.89,1.95,195.12,2.26,225.99,1.94,193.59,1.06,105.84,0.72,72.36,0.48,48.33,0.38,38.43,0.5,49.77,58.46,0.79,15.46,0.21,2,4,2
PO1000008605,2020,UNKNOWN,MUTIARA SAWIT SEMESTA,MUTIARA SAWIT SEMESTA,Not RSPO Certified,,3/31/23,-1.61,102.86,"-1.607917, 102.863222",IDN,Indonesia,Jambi,Batang Hari,1-Fully Verified,,257.06,25706.34,306.06,369.22,36922.05,1.77,176.85,4.27,427.05,1.44,143.55,7.14,713.97,6.24,624.24,14.78,1478.34,9.49,948.6,11.76,1176.03,15.86,1586.07,4.16,416.34,7.82,781.56,22.95,2295.18,5.01,501.12,7.23,723.24,5,500.13,8.8,880.29,8.8,879.66,8.16,816.39,5.38,538.11,2.31,230.76,3.73,373.41,5.96,595.98,168.07,0.65,88.99,0.35,3,4,3
PO1000008606,2020,UNKNOWN,AGRO MEKAR LESTARI,AGRO MEKAR LESTARI,Not RSPO Certified,,3/31/23,0.83,103.38,"0.829467, 103.376017",IDN,Indonesia,Kepulauan Riau,Karimun,1-Fully Verified,,875.46,87546.15,1143.51,6218.67,621866.88,4.57,456.75,15.1,1509.75,2.67,266.76,2.86,285.66,26.05,2605.32,6.95,695.07,8.51,851.4,6.2,620.19,17.74,1773.99,32.28,3228.21,34.33,3433.14,20.72,2071.53,6.25,625.14,63.52,6352.2,23.09,2309.22,23.27,2327.31,13.45,1345.32,16.35,1635.03,16.17,1616.76,19.5,1950.3,13.59,1359.27,6.34,634.32,379.53,0.43,495.94,0.57,3,3,3
PO1000008608,2020,UNKNOWN,PERMATA SUBUR LESTARI,PERMATA SUBUR LESTARI,Not RSPO Certified,,3/31/23,0.03,111.43,"0.027861, 111.433417",IDN,Indonesia,Kalimantan Barat,Sintang,1-Fully Verified,,642.23,64223.01,835.39,1939.65,193964.85,6.08,607.86,10.33,1032.84,5.15,514.89,9.29,928.8,11.58,1157.85,16.6,1660.14,15.37,1537.29,32.98,3298.23,16.22,1621.62,23.7,2369.97,17.78,1777.68,30.19,3019.41,25.05,2504.88,22.76,2275.74,24.76,2475.72,31.4,3139.65,13.18,1318.23,18.79,1879.2,9.54,953.64,13.02,1302.03,6.44,643.95,10.29,1028.97,370.49,0.58,271.74,0.42,3,3,3
PO1000008613,2020,CANDI MAS,CANDI ARTHA,CANDI ARTHA,Not RSPO Certified,,3/31/23,-3.94,114.82,"-3.94174, 114.816068",IDN,Indonesia,Kalimantan Selatan,Tanah Laut,1-Fully Verified,,232.92,23292.09,811.18,1259.35,125935.47,1.69,169.11,7.98,797.58,2.75,274.95,5.77,576.54,2.29,229.14,12.71,1271.16,1.93,193.05,0.49,49.32,5.36,535.5,13.9,1389.87,8.01,800.82,20.74,2074.23,3.75,375.3,14.43,1442.7,11.16,1116.27,10.24,1024.11,5.14,514.44,5.56,555.57,8.58,857.88,3.51,351.09,5.75,574.65,3.77,376.65,155.5,0.67,77.42,0.33,3,4,3
PO1000008618,2020,UNKNOWN,PERSADA ALAM JAYA,PERSADA ALAM JAYA,Not RSPO Certified,,3/31/23,-1.04,102.89,"-1.043886, 102.887223",IDN,Indonesia,Jambi,Tanjung Jabung B,1-Fully Verified,,669.93,66992.85,728.94,2745.85,274585.14,31.13,3112.83,15.95,1594.53,14.4,1440,46.95,4695.03,18.4,1840.5,32.65,3265.2,35.31,3530.52,64.84,6484.5,40.66,4065.57,10.03,1002.69,5.75,574.83,41.72,4171.77,23.53,2352.6,22.82,2281.86,25.48,2547.9,29.74,2974.5,22.56,2256.12,11.08,1107.72,9.02,901.8,9.35,934.74,6.42,642.33,7.26,725.76,525.03,0.78,144.9,0.22,3,4,2
PO1000008630,2020,UNKNOWN,"SIAM MODREN PALM CO,. LTD","SIAM MODERN PALM CO,. LTD",Not RSPO Certified,,3/31/23,8.51,98.69,"8.513202, 98.694709",THA,Thailand,Krabi,Ao Luk,1-Fully Verified,,2570.29,257028.84,2919.16,6093.72,609372.18,7.97,797.31,15.58,1558.17,17.47,1746.72,42.32,4232.07,48.14,4813.92,23.53,2352.87,52.42,5241.6,20.43,2042.91,59.98,5998.23,34.84,3483.54,26.68,2668.5,21.56,2155.77,34.92,3491.91,49.6,4959.63,44.69,4469.49,51.4,5140.35,61.4,6140.34,39.24,3924.45,34.04,3403.53,30.51,3050.64,34.64,3464.37,30.07,3007.26,781.44,0.3,1788.85,0.7,3,2,3
PO1000008636,2020,UNKNOWN,BUKIT SAWIT SEMESTA,BUKIT SAWIT SEMESTA,Not RSPO Certified,,3/31/23,-0.34,99.96,"-0.344148, 99.961593",IDN,Indonesia,Sumatera Barat,Agam,1-Fully Verified,,1405.94,140594.13,1764.8,3705.42,370541.61,1.96,196.11,2.57,257.49,1.4,139.5,2.28,228.06,7.37,737.1,5.85,584.64,6.38,637.74,9.89,988.92,11.38,1137.69,11.46,1145.79,10.28,1028.16,7.1,710.01,3.47,347.22,6.79,678.96,2.38,237.51,9.06,906.21,9.77,976.68,8.15,814.77,6.7,669.87,7.52,752.31,7.13,713.16,9.24,924.21,148.12,0.11,1257.82,0.89,2,1,3
PO1000009068,2021,CARGILL,HINDOLI,TANJUNG DALAM,RSPO Certified,"RSPO Certified, MB",3/31/23,-2.55,103.94,"-2.549600, 103.944000",IDN,Indonesia,Sumatera Selatan,Musi Banyuasin,2-High Confidence,,203.54,20354.22,292.12,440.17,44017.02,9.51,951.39,6.52,651.51,2.83,283.14,7.56,755.55,4.02,401.67,6.56,656.01,3.58,358.47,7.99,799.11,4.46,445.86,2.64,263.88,3.06,306.18,10.7,1070.46,2.71,270.9,6.33,632.7,3.29,328.95,4.37,437.31,3.63,362.52,35.36,3535.74,20.76,2075.67,31.99,3199.23,3.15,315.45,4.1,410.4,185.12,0.91,18.42,0.09,3,5,2
PO1000009358,2020,UNKNOWN,CIPTA FUTURA,CIPTA FUTURA,Not RSPO Certified,,3/31/23,-3.51,103.7,"-3.507414, 103.702225",IDN,Indonesia,Sumatera Selatan,Muara Enim,1-Fully Verified,,906.15,90615.06,1016.12,1452.81,145281.42,15.11,1510.74,23.85,2384.73,10.12,1011.69,40.44,4044.06,18.73,1873.35,35,3499.92,19.78,1977.66,64.75,6474.69,69.97,6997.32,53.04,5303.7,36.64,3663.81,130.86,13086.18,42.65,4265.19,55.1,5509.62,21.02,2101.77,47.31,4731.48,25.95,2595.15,30.65,3065.04,29.81,2980.89,21.88,2188.26,27.04,2703.69,21.84,2184.3,841.53,0.93,64.62,0.07,4,5,3
PO1000010019,2020,TETANGGA AKRAB,TETANGGA AKRAB SDN BHD,TETANGGA AKRAB 2,Not RSPO Certified,,3/31/23,3.96,113.9,"3.960802, 113.896096",MYS,Malaysia,Sarawak,Miri,1-Fully Verified,,331.13,33113.07,376.67,953.74,95374.44,5.48,547.83,8.17,816.75,4.67,467.01,9.35,934.74,15.92,1592.46,15.06,1506.24,12.98,1297.98,15.64,1564.11,12.99,1298.79,6.87,686.88,18.18,1817.73,8.59,858.78,6.39,639.45,7.31,731.34,7.66,765.81,9.89,989.46,5.62,562.41,8.43,842.94,7.04,703.98,5.9,589.5,8.71,871.02,4.69,468.9,205.54,0.62,125.59,0.38,3,3,3
PO1000010052,2020,UNKNOWN,PRIMA MAS LESTARI,PRIMA MAS LESTARI,Not RSPO Certified,,3/31/23,-1.71,102.16,"-1.707144, 102.160727",IDN,Indonesia,Jambi,Bungo,1-Fully Verified,,67.03,6703.02,91.08,156.27,15626.88,1.14,114.21,2.37,236.61,0.2,19.8,2.81,281.16,0.6,60.48,1.25,124.56,1.52,152.28,0.17,17.37,0.94,93.69,0.4,39.6,1.39,138.78,1.17,117.45,1.06,105.57,2.31,230.67,1.25,125.28,2.46,245.97,3.74,374.04,2.53,253.17,2.42,242.19,1.69,169.02,3.94,393.75,3.18,317.97,38.54,0.57,28.49,0.43,5,3,4
PO1000010073,2020,INCASI RAYA (GUNAS),ADITYA AGROINDO,SIMPANG HULU BARAT,Not RSPO Certified,,3/31/23,-0.44,110.23,"-0.4393, 110.23474",IDN,Indonesia,Kalimantan Barat,Ketapang,1-Fully Verified,,4.88,487.71,4.68,4.91,491.04,0.09,9.18,0.02,2.25,0,0.18,0.13,13.23,0.05,5.31,0.35,35.37,0.41,40.95,0.35,34.65,0.61,61.47,0.31,30.96,0.42,42.48,0.13,13.14,0.04,3.51,0.09,9.09,0.42,41.94,0.06,6.3,0.1,10.35,0.21,21.06,0.08,8.1,0,0.18,0.04,4.32,0.11,11.34,4.05,0.83,0.82,0.17,3,5,3
PO1000010713,2021,UNKNOWN,MUSIM MAS HOLDINGS PTE LTD,GLOBALINDO ALAM PERKASA PALM OIL MILL,RSPO Certified,"RSPO Certified, IP",3/31/23,-2.67,112.77,"-2.667978, 112.772158",IDN,Indonesia,Kalimantan Tengah,Kotawaringin Timur,2-High Confidence,,81.8,8180.28,89.87,100.18,10017.54,0.18,17.55,0.31,31.14,0.55,54.63,0.6,59.94,0.19,19.17,4.48,447.75,11.49,1149.39,1.97,197.01,0.31,30.51,0.05,4.86,2.6,260.37,0.62,61.74,0.03,3.15,4.95,494.64,9.71,970.83,21.63,2163.42,2.43,242.91,0.7,70.02,3.37,336.96,0.13,12.87,0.04,3.96,0.08,7.74,66.41,0.81,15.4,0.19,1,5,1