UML ID,years,Group Name,Parent Company,Mill Name,RSPO Status,RSPO Type,Date RSPO Certification Status,Latitude,Longitude,GPS coordinates,ISO,Country,Province,District,Confidence level,Alternative name,km_forest_area_00,ha_forest_area_00,km_area,km_0,ha_0,treeloss_km_2001,treeloss_ha_2001,treeloss_km_2002,treeloss_ha_2002,treeloss_km_2003,treeloss_ha_2003,treeloss_km_2004,treeloss_ha_2004,treeloss_km_2005,treeloss_ha_2005,treeloss_km_2006,treeloss_ha_2006,treeloss_km_2007,treeloss_ha_2007,treeloss_km_2008,treeloss_ha_2008,treeloss_km_2009,treeloss_ha_2009,treeloss_km_2010,treeloss_ha_2010,treeloss_km_2011,treeloss_ha_2011,treeloss_km_2012,treeloss_ha_2012,treeloss_km_2013,treeloss_ha_2013,treeloss_km_2014,treeloss_ha_2014,treeloss_km_2015,treeloss_ha_2015,treeloss_km_2016,treeloss_ha_2016,treeloss_km_2017,treeloss_ha_2017,treeloss_km_2018,treeloss_ha_2018,treeloss_km_2019,treeloss_ha_2019,treeloss_km_2020,treeloss_ha_2020,treeloss_km_2021,treeloss_ha_2021,treeloss_km_2022,treeloss_ha_2022,sum_of_treeloss_km,treeloss_sum_proportion_of_forest,remaining_forest_km,remaining_proportion_of_forest,Current Deforestation Score,Past Deforestation Score,Future Risk Score
PO1000000017,2020,AGROPALMA,AGROPALMA,CPA,Not RSPO Certified,,3/31/23,-2.25,-48.59,"-2.253539, -48.58567",BRA,Brazil,Pará,Acará,1-Fully Verified,,389.44,38943.99,388.45,650.07,65007.27,9.75,975.33,2.37,237.42,0.55,54.72,1.82,182.43,3.03,302.85,2.44,243.9,2.28,227.97,2.72,272.16,2.78,278.1,4.76,476.46,7.56,755.82,1.21,121.05,4.69,468.54,1.58,158.13,12.22,1221.57,9.96,996.48,9.78,978.03,10.2,1020.24,6.45,644.58,4.15,414.54,2.15,214.92,2.11,210.6,104.56,0.27,284.88,0.73,2,2,3
PO1000000019,"2020,2019,2021",KULIM (MALAYSIA) BERHAD,EPA MANAGEMENT SDN BHD,SEDENAK,RSPO Certified,"RSPO Certified, MB",3/31/23,1.73,103.54,"1.730858, 103.538323",MYS,Malaysia,Johor,Kulaijaya,1-Fully Verified,,127.47,12747.33,167.86,239.16,23916.33,9.14,913.77,3.81,381.15,0.51,50.85,4.87,486.99,5.8,579.87,7.29,729.36,3.02,301.5,1.03,102.6,6.85,684.63,2.19,219.42,4.71,471.42,5.54,553.5,4.52,452.25,5.38,538.2,5.15,514.53,3.08,307.53,5.47,546.93,4.72,472.41,3.83,383.04,3,300.24,3.21,321.48,1.63,162.72,94.74,0.74,32.73,0.26,3,4,3
PO1000000021,"2020,2021,2019",ROYAL GOLDEN EAGLE,INTI INDOSAWIT SUBUR,BUATAN I,RSPO Certified,"RSPO Certified, MB",3/31/23,0.43,101.82,"0.4344444, 101.825",IDN,Indonesia,Riau,Siak,2-High Confidence,,80.21,8021.25,120.01,356.38,35637.57,2.16,216.45,3.62,361.62,0.17,17.19,1.72,171.72,1.51,150.75,1.3,130.05,0.7,70.38,1.21,121.05,0.24,23.67,6.64,663.66,2.41,240.75,1.45,145.44,0.5,50.31,4.3,430.2,0.51,50.85,4.91,491.13,1.85,185.31,1.94,193.5,4.68,468.18,7.27,726.75,1.13,112.95,1,99.72,51.22,0.64,29,0.36,3,4,3
PO1000000052,"2020,2019,2021",IOI CORPORATION,PAMOL ESTATES (SABAH) SDN BHD,PAMOL SABAH,RSPO Certified,"RSPO Certified, IP",3/31/23,6,117.4,"6.002431, 117.398389",MYS,Malaysia,Sabah,Beluran,1-Fully Verified,,308.27,30826.89,362.13,1390.24,139023.54,18.55,1854.81,12.21,1221.39,0.86,85.5,4.86,485.55,2.82,281.79,5.1,510.39,2.04,204.21,5.13,512.73,5.11,510.66,23.95,2394.54,7.4,739.62,8.29,829.08,9.24,924.12,36.57,3656.61,11.51,1151.37,25.91,2591.46,14.37,1436.58,13.53,1352.79,11.6,1159.83,12.73,1273.05,2.65,265.32,4.37,436.59,238.78,0.77,69.49,0.23,3,4,2
PO1000000053,2020,SIPEF,HARGY OIL PALM LTD,HARGY MILL,RSPO Certified,"RSPO Certified, IP",3/31/23,-5.31,151.01,"-5.311111, 151.01097",PNG,Papua New Guinea,West New Britain,Talasea,1-Fully Verified,,1140.83,114082.92,1083.3,2538.68,253867.68,3.37,337.23,4.95,495.18,3.22,321.75,3.7,369.72,3.19,319.14,3.41,341.37,2.27,227.43,3.09,309.42,1.35,135,4.59,459.36,1.71,170.55,2.08,207.54,2.47,246.78,2.72,271.89,8.33,833.13,2.93,293.31,8.74,874.26,8.47,847.26,4.97,497.07,4.67,466.65,6.4,640.08,14.17,1416.78,100.81,0.09,1040.02,0.91,3,1,3
PO1000000054,"2020,2021,2019",MUSIM MAS,MUSIM MAS HOLDINGS PTE LTD,BATANG KULIM,RSPO Certified,"RSPO Certified, IP",3/31/23,0.08,102.03,"0.077043, 102.030838",IDN,Indonesia,Riau,Pelalawan,1-Fully Verified,,269.21,26921.07,301.76,580.02,58002.21,18.71,1870.65,6.7,670.05,1.32,131.58,26.77,2677.41,10.76,1076.31,0.83,83.34,5.95,594.9,16.44,1644.3,7.88,788.31,12.27,1226.7,13.08,1307.7,11.36,1135.98,11.83,1183.41,10.13,1012.68,2.5,250.38,13.61,1360.53,3.26,325.53,8.23,823.23,16.6,1660.05,13.62,1362.33,5.11,511.47,9.88,987.75,226.85,0.84,42.36,0.16,4,5,3
PO1000000058,"2019,2020,2021",CARGILL,HINDOLI,SUNGAI LILIN,RSPO Certified,"RSPO Certified, IP",3/31/23,-2.61,104.13,"-2.612778, 104.128242",IDN,Indonesia,Sumatera Selatan,Musi Banyuasin,2-High Confidence,,68.87,6886.89,124.11,220.17,22016.7,0.6,59.76,1.03,102.87,0.65,65.34,2.83,283.14,1.15,114.66,1.99,198.54,1.69,169.02,3.07,306.63,1.52,151.83,0.61,61.29,2.39,238.95,7.22,722.07,0.73,72.9,3.95,394.56,3.75,374.67,3.47,346.68,2.07,207.09,2.58,257.94,2.51,250.65,1.66,165.51,1.61,161.01,2.63,263.07,49.68,0.72,19.19,0.28,4,4,3
PO1000000063,"2021,2020,2019",SIME DARBY,SIME DARBY PLANTATION BHD,BINUANG (SOU 28),RSPO Certified,"RSPO Certified, IP",3/31/23,4.7,118.06,"4.704457, 118.060186",MYS,Malaysia,Sabah,Kunak,1-Fully Verified,,211.54,21154.32,206.7,291.34,29133.72,0.73,73.08,7.24,724.5,0.79,78.84,2.64,264.42,7.55,755.37,1.87,187.2,6.57,657.36,6.45,645.21,5.63,562.68,6.67,667.08,1.92,191.7,3,299.88,2.16,216.27,7.79,778.86,10.64,1063.62,6.28,628.11,5.11,511.02,7.19,718.83,3.69,369,4.16,415.98,2.62,261.54,2.49,248.85,103.19,0.49,108.35,0.51,3,3,3
PO1000000064,"2020,2019,2021",SIME DARBY,SIME DARBY PLANTATION BHD,MEROTAI (SOU 30),RSPO Certified,"RSPO Certified, MB",3/31/23,4.37,117.83,"4.369347, 117.832905",MYS,Malaysia,Sabah,Tawau,1-Fully Verified,,478.64,47864.25,585.77,938.88,93888.09,8.17,817.11,3.94,394.38,0.57,56.52,4.93,492.75,5.46,545.94,4.55,454.86,7.62,762.03,8.19,819,16.17,1616.94,6.83,683.19,4.19,419.04,1.46,145.62,0.43,42.93,2.66,265.5,4.76,475.92,8.18,818.01,8.82,881.82,8.02,801.54,7.12,712.08,7.09,708.75,12.38,1237.95,12.48,1248.03,144,0.3,334.64,0.7,4,2,4
PO1000000065,"2020,2021,2019",SIME DARBY,SIME DARBY PLANTATION BHD,SANDAKAN BAY (SOU 26),RSPO Certified,"RSPO Certified, MB",3/31/23,5.64,118.17,"5.641362, 118.166868",MYS,Malaysia,Sabah,Sandakan,1-Fully Verified,,317.63,31762.71,334.5,777.85,77785.11,0.62,61.83,0.41,40.86,0.19,18.72,1.7,170.19,2.58,257.94,0.92,91.89,0.17,17.01,2.17,216.54,2.51,251.28,11.59,1158.84,7.4,740.43,11.03,1103.04,4.54,454.41,8.32,831.87,12.9,1289.97,3.94,394.2,13.61,1361.07,12.57,1257.03,12.18,1218.24,11.11,1111.14,9.31,931.23,7.61,760.68,137.38,0.43,180.24,0.57,4,3,4
PO1000000066,"2020,2019,2021",WILMAR GROUP,SABAHMAS PLANTATION SDN BHD,SABAHMAS,RSPO Certified,"RSPO Certified, MB",3/31/23,5.18,118.41,"5.179162, 118.405246",MYS,Malaysia,Sabah,Lahad Datu,1-Fully Verified,,89.29,8928.99,125.02,454.69,45468.63,0.35,35.46,0.73,72.81,0.02,2.43,0.32,31.86,0.33,32.85,0.1,10.17,0.03,2.7,0.18,17.55,0.18,18.18,7.83,782.91,0.54,54.36,0.4,40.05,1.67,166.77,2.81,280.71,6.97,696.96,8.99,898.83,5.7,569.52,8.28,827.55,19.33,1932.75,13.6,1360.44,9.53,953.46,2.1,210.33,89.29,1,0,0,5,5,3
PO1000000091,"2021,2020,2019",WILMAR GROUP,SAREMAS SDN BHD,SAREMAS 1,RSPO Certified,"RSPO Certified, MB",3/31/23,3.52,113.74,"3.524921, 113.744412",MYS,Malaysia,Sarawak,Miri,1-Fully Verified,,117.7,11769.84,147.16,201.13,20112.66,4.33,432.54,3.68,367.92,1.53,153.36,2.3,230.22,3.9,390.06,5.13,513.36,2.68,267.66,2.92,291.87,1.46,145.8,1.61,160.74,7.93,792.99,11.78,1177.74,15.22,1521.9,20.12,2011.86,6.79,678.51,2.02,202.14,12.46,1246.05,6.47,646.83,0.29,29.34,3.58,358.2,0.44,44.1,0.69,68.76,117.32,1,0.38,0,2,5,1
PO1000000092,"2020,2019,2021",MUSIM MAS,AGRO WIRATAMA,AGROWIRATAMA,RSPO Certified,"RSPO Certified, IP",3/31/23,0.2,99.63,"0.198958, 99.626589",IDN,Indonesia,Sumatera Barat,Pasaman Barat,1-Fully Verified,,302.23,30222.54,384.31,775.35,77534.64,9.32,932.4,11.3,1130.22,2.01,201.42,11.3,1130.49,14.39,1439.28,6.08,607.59,6.24,624.42,7.7,770.4,12.3,1230.3,4.33,432.54,13.43,1342.8,4.36,436.23,11.36,1135.53,15.05,1505.16,6.33,633.42,5.86,586.44,11.08,1108.17,15.27,1527.39,15.48,1548.18,21.46,2145.87,18.84,1883.88,7.98,798.03,231.5,0.77,70.72,0.23,5,4,3
PO1000000093,"2020,2021,2019",WILMAR GROUP,SAREMAS SDN BHD,SAREMAS 2,RSPO Certified,"RSPO Certified, IP",3/31/23,3.45,113.77,"3.450453, 113.765561",MYS,Malaysia,Sarawak,Miri,1-Fully Verified,,159.57,15957.45,206.97,287.06,28706.49,4.41,441,8.5,850.41,8.34,834.39,1.74,173.7,0.85,85.32,1.01,100.71,1.83,182.97,5.29,529.11,16.23,1622.7,2.47,247.41,1.33,132.57,1.2,119.97,0.36,35.91,1.8,180,8.64,864.09,11.77,1176.84,2.39,239.31,12.83,1283.13,13.13,1312.83,13.53,1352.79,18.79,1879.11,6.09,609.21,142.53,0.89,17.04,0.11,5,5,4
PO1000000094,"2020,2019,2021",IOI CORPORATION,IOI CORPORATION BHD,GOMALI,RSPO Certified,"RSPO Certified, IP",3/31/23,2.61,102.68,"2.611826, 102.678656",MYS,Malaysia,Johor,Segamat,1-Fully Verified,,151.74,15173.91,203.67,307.7,30769.74,19.05,1904.85,9.88,988.02,0.86,86.22,3.41,341.1,7.93,792.63,5.19,518.94,9.4,939.51,1.43,143.19,5.01,501.21,0.03,2.79,13.62,1361.7,8.68,867.51,4.87,486.81,7.61,760.77,2.74,274.32,10.65,1064.61,6.37,637.29,6.53,652.59,5.45,544.95,3.34,334.08,3.04,304.47,3.75,374.76,138.82,0.91,12.92,0.09,3,5,2
PO1000000095,"2020,2021,2019",SIPEF,EASTERN SUMATERA INDONESIA,BUKIT MARADJA,RSPO Certified,"RSPO Certified, IP",3/31/23,3.01,99.24,"3.012294, 99.235572",IDN,Indonesia,Sumatera Utara,Simalungun,1-Fully Verified,,35.87,3586.59,46.09,74.9,7490.34,5.85,584.73,0.86,86.13,0.76,76.05,3.01,300.6,0.79,78.84,0.86,86.31,1.18,117.54,1.4,140.49,3.58,358.02,0.47,47.07,1,99.99,0.57,57.33,1.37,136.71,0.46,45.63,1.8,179.73,1.43,143.19,0.09,9.45,0.7,70.47,1.5,150.21,0.2,20.07,0.77,76.95,0.99,98.55,29.64,0.83,6.23,0.17,4,5,3
PO1000000097,"2020,2019,2021",SIME DARBY,SIME DARBY PLANTATION BHD,EAST (SOU 8),RSPO Certified,"RSPO Certified, IP",3/31/23,2.88,101.44,"2.883333, 101.436136",MYS,Malaysia,Selangor,Kuala Langat,1-Fully Verified,,74.48,7447.59,111.04,312.31,31231.17,1.49,148.68,0.92,92.07,0.35,34.65,0.5,50.4,3.19,319.32,0.71,71.37,1.37,137.16,3,299.88,4.41,440.73,2.14,214.11,0.46,45.63,1.11,111.33,0.24,23.85,2.42,241.56,2.78,278.19,2.89,289.26,1.77,177.03,2.19,218.97,2.08,207.63,1.68,167.94,2.32,232.29,1.11,111.24,39.13,0.53,35.34,0.47,3,3,3
PO1000000098,"2021,2020,2019",SIME DARBY,SIME DARBY PLANTATION BHD,TANAH MERAH (SOU 14),RSPO Certified,"RSPO Certified, IP",3/31/23,2.66,101.79,"2.655278, 101.792778",MYS,Malaysia,Negeri Sembilan,Port Dickson,1-Fully Verified,,107.81,10780.92,168.59,320.54,32053.86,10.15,1014.93,8.14,813.78,0.72,72.27,3.78,378.45,4.23,422.64,2.51,251.01,3.54,353.97,1.16,116.28,4.65,465.21,3.07,307.26,4.95,495.36,4.44,444.15,3.68,367.92,5.85,585.18,4.17,417.33,5.12,512.01,5.58,557.55,2.54,253.62,7.38,738.27,2.78,277.74,2.93,293.13,3.12,312.48,94.51,0.88,13.3,0.12,4,5,3
PO1000000099,"2020,2019,2021",SIPEF,TOLAN TIGA INDONESIA,PERLABIAN,RSPO Certified,"RSPO Certified, IP",3/31/23,2.06,100.08,"2.061383, 100.081222",IDN,Indonesia,Sumatera Utara,Labuhanbatu Selatan,1-Fully Verified,,111.55,11154.69,117.42,201.64,20164.32,2.91,291.15,6.7,670.23,3.16,316.08,9.19,919.17,5.7,569.61,3.48,348.39,0.73,73.17,0.47,46.8,1.94,194.04,3.05,304.92,5.59,558.99,5.72,572.49,0.26,26.1,3.87,387.09,6.3,630.45,1.73,173.16,2.18,217.53,2.63,263.16,2.51,251.28,0.74,73.62,1.03,103.5,3.04,303.75,72.95,0.65,38.6,0.35,3,4,3
PO1000000101,2020,SIME DARBY,SIME DARBY PLANTATION BHD,SEGALIUD (SOU 25),Not RSPO Certified,,3/31/23,5.73,117.75,"5.726001, 117.754574",MYS,Malaysia,Sabah,Sandakan,1-Fully Verified,,53.27,5326.56,52.18,84.21,8421.03,0.05,4.68,0.73,73.44,0.4,40.32,0.15,14.67,0.21,21.06,0,0.09,0.01,0.81,0,0.45,0.28,28.44,1.63,162.54,3.29,329.49,5.78,577.71,3.39,339.03,5.46,545.58,2.37,236.7,5.24,524.07,8.62,861.57,5.68,567.63,4.98,497.52,2.15,215.19,1.03,102.96,0.01,0.9,51.45,0.97,1.82,0.03,3,5,1
PO1000000103,"2020,2021,2019",SIME DARBY,SIME DARBY PLANTATION BHD,WEST (SOU 9),RSPO Certified,"RSPO Certified, IP",3/31/23,2.9,101.36,"2.905, 101.361306",MYS,Malaysia,Selangor,Kuala Langat,2-High Confidence,,196.51,19650.69,278.34,611.05,61104.69,6.61,660.87,5.08,508.05,0.25,24.75,1.8,180.36,7.39,738.9,0.41,41.49,9.4,939.87,2.19,219.33,7.62,761.94,4.64,464.49,0.96,96.48,2.53,253.08,1.22,122.13,3.85,384.93,6.1,610.02,2.53,253.08,3.76,376.11,8.34,834.3,6.28,628.2,3.68,368.1,3.53,352.98,3.05,304.74,91.24,0.46,105.26,0.54,3,3,3
PO1000000104,"2019,2020,2021",SIME DARBY,SIME DARBY PLANTATION BHD,SUNGAI DINGIN (SOU 1),RSPO Certified,"RSPO Certified, MB",3/31/23,5.39,100.71,"5.39432, 100.71117",MYS,Malaysia,Kedah,Kulim,1-Fully Verified,,347.79,34778.61,357.86,579.25,57924.9,2.33,233.46,6.01,601.47,1,99.54,1.41,141.03,1.44,144.27,1.64,163.8,1.37,136.98,1.31,130.95,2.87,286.92,8.76,875.97,6.78,678.06,3.2,320.22,4.4,439.92,4.5,449.64,12.02,1202.49,5.54,553.5,13.9,1389.96,6.08,608.31,2.3,229.95,5.86,586.17,5.42,541.89,5.81,580.86,103.95,0.3,243.83,0.7,3,2,3
PO1000000106,"2020,2021,2019",MUSIM MAS,SUKAJADI SAWIT MEKAR,SUKAJADI SAWIT MEKAR 1,RSPO Certified,"RSPO Certified, IP",3/31/23,-2.38,112.54,"-2.381111, 112.539722",IDN,Indonesia,Kalimantan Tengah,Kotawaringin Timur,1-Fully Verified,,161.07,16106.67,249.19,283.78,28377.63,4.2,420.21,29.84,2983.77,4.64,463.68,18.26,1825.56,9.42,941.67,42.56,4256.1,8.78,878.04,6.83,683.28,1.93,192.96,1.51,151.29,5.81,581.22,4.33,433.17,1.48,148.14,3.09,308.61,3.98,397.8,4.09,409.05,2.04,203.76,0.9,90.09,2.51,250.65,0.96,95.58,1.72,171.81,1.83,182.61,160.69,1,0.38,0,3,5,1
PO1000000107,"2019,2021,2020",SIME DARBY,SIME INDO AGRO,BUKIT AJONG,RSPO Certified,"RSPO Certified, MB",3/31/23,0.27,110.48,"0.268939, 110.482802",IDN,Indonesia,Kalimantan Barat,Sanggau,1-Fully Verified,,423.71,42371.28,580.75,936.54,93654.18,6.2,620.1,11.88,1188.45,4.78,478.35,11.58,1157.94,10.14,1014.48,5.78,577.53,15.73,1572.93,21.79,2179.35,13.6,1359.54,9.68,968.49,25.69,2568.69,10.67,1067.4,11.61,1160.91,13.71,1370.52,7.37,737.01,16.36,1636.38,28.5,2850.48,16.67,1666.98,14.01,1401.21,6.02,601.83,23.63,2362.68,9.24,923.85,294.65,0.7,129.06,0.3,5,4,3
PO1000000109,"2020,2021,2019",IOI CORPORATION,IOI CORPORATION BHD,PAMOL KLUANG,RSPO Certified,"RSPO Certified, IP",3/31/23,2.11,103.39,"2.110445, 103.392307",MYS,Malaysia,Johor,Keluang,1-Fully Verified,,144.73,14472.81,172.74,319.41,31941.36,5.45,545.49,3.01,300.87,5.83,582.93,15.51,1550.7,3.41,341.01,2.84,284.04,1.39,139.05,0.76,75.87,7.4,740.16,2.39,238.59,9.02,901.8,10.85,1084.86,1.9,190.26,9.57,956.97,8.05,805.14,7.12,712.35,7.04,703.62,5.71,570.51,2.83,282.69,1.14,114.39,4.25,424.89,1.79,179.01,117.25,0.81,27.48,0.19,3,5,3
PO1000000110,"2020,2019,2021",IOI CORPORATION,IOI CORPORATION BHD,SAKILAN,RSPO Certified,"RSPO Certified, IP",3/31/23,5.84,117.84,"5.839281, 117.8437",MYS,Malaysia,Sabah,Sandakan,1-Fully Verified,,87.36,8736.12,108.69,239.05,23904.63,1.78,177.93,2.27,226.53,0.82,82.44,1.06,106.38,1.03,102.51,1.28,127.8,1.02,102.42,1.93,192.96,1.9,189.72,2.62,262.26,1.31,130.68,1.51,150.75,2.06,205.56,1.54,153.9,5.45,545.22,4.57,456.66,3.16,315.63,4.05,404.91,2.95,295.29,1.91,190.89,1.82,181.89,2.13,213.48,48.16,0.55,39.2,0.45,3,3,3
PO1000000114,"2020,2019",SIME DARBY,SIME DARBY PLANTATION BHD,YONG PENG (SOU 19A),Not RSPO Certified,,3/31/23,2.06,103.15,"2.058808, 103.148394",MYS,Malaysia,Johor,Batu Pahat,2-High Confidence,,165.77,16577.46,226.95,469.99,46999.44,12.62,1262.07,4.26,425.97,1.65,165.24,4.54,453.96,3.27,326.79,2.05,205.2,6.57,656.73,2.05,205.2,8.9,890.37,1.88,187.74,7.51,750.6,4.85,484.56,2.14,214.11,4.62,461.97,8.38,837.54,9.92,991.98,7.62,761.76,11.87,1187.37,7.95,795.24,6.33,633.24,6.59,658.89,4.52,452.43,130.09,0.78,35.68,0.22,4,4,3
PO1000000118,"2019,2020,2021",IOI CORPORATION,IOI CORPORATION BHD,BATURONG,RSPO Certified,"RSPO Certified, IP",3/31/23,4.76,118.09,"4.7553, 118.0886",MYS,Malaysia,Sabah,Kunak,2-High Confidence,,64.65,6465.33,66.49,68.26,6825.51,0.05,4.77,0.07,6.93,0.02,1.53,0.26,25.56,0.13,12.78,0.11,11.34,0.05,4.86,3.25,325.35,0.14,13.5,3.37,336.87,0.06,5.67,5.18,517.5,4.01,401.4,7.56,756,5.73,573.12,4.07,407.25,0.87,87.12,6.24,623.7,10.18,1017.99,6.85,684.72,1.22,121.68,3.89,389.25,63.29,0.98,1.36,0.02,5,5,3
PO1000000120,"2021,2020,2019",IOI CORPORATION,IOI CORPORATION BHD,BUKIT LEELAU,RSPO Certified,"RSPO Certified, IP",3/31/23,3.3,103.14,"3.30273, 103.137889",MYS,Malaysia,Pahang,Pekan,1-Fully Verified,,540.79,54078.93,527.71,1249.34,124933.59,6.09,609.12,28.52,2852.46,3.19,319.05,6.57,656.82,10.91,1091.07,1.67,167.13,4.73,472.95,6.15,615.24,19.67,1966.86,18.22,1821.69,11.33,1133.1,23,2299.86,5.5,549.9,30.26,3025.53,15.63,1562.58,26.96,2695.77,8.92,891.81,11.13,1112.58,19.27,1927.35,6.48,647.73,8.22,822.33,4.22,421.56,276.62,0.51,264.16,0.49,3,3,3
PO1000000122,"2019,2020,2021",IOI CORPORATION,IOI CORPORATION BHD,MAYVIN,RSPO Certified,"RSPO Certified, IP",3/31/23,5.56,117.23,"5.5553, 117.226439",MYS,Malaysia,Sabah,Beluran,1-Fully Verified,,2144.63,214462.98,2055.22,3681.53,368153.01,7.49,748.53,5.3,529.56,4.97,496.62,27.87,2787.3,24.58,2457.63,38.31,3830.76,27.02,2702.25,36.3,3630.24,26.59,2658.51,27.69,2768.58,11.57,1157.04,21.9,2189.97,10.33,1033.47,22.14,2213.64,14.54,1454.31,13.19,1318.68,9.62,961.65,14.22,1421.91,14.44,1444.23,9.73,972.54,7.3,729.81,7.2,720,382.27,0.18,1762.36,0.82,1,1,3
PO1000000123,2020,DAABON GROUP,C.I. TEQUENDAMA S.A.S.,EXTRACTORA TEQUENDAMA,RSPO Certified,"RSPO Certified, IP",3/31/23,10.55,-74.18,"10.5485472, -74.181286",COL,Colombia,Magdalena,Aracataca,1-Fully Verified,,1443.35,144335.34,3276.02,7750.93,775093.05,6.3,630.45,3.38,337.95,11.15,1115.37,9.16,915.66,4.82,482.13,6.14,613.53,5.09,509.04,13.63,1362.69,13.75,1374.93,5.14,514.35,6.26,626.49,15.16,1515.6,4.19,418.86,13.54,1353.6,11.78,1178.28,41.12,4112.37,53.1,5310.09,28.65,2865.42,19.59,1958.67,30.37,3036.6,25.07,2506.95,27.41,2741.4,354.8,0.25,1088.55,0.75,3,1,4
PO1000000128,"2020,2021,2019",JC CHANG (PTE) LTD,CAROTINO SDN BHD,CAROTINO,RSPO Certified,"RSPO Certified, IP",3/31/23,3.82,102.82,"3.816627, 102.818213",MYS,Malaysia,Pahang,Kuantan,1-Fully Verified,,292.43,29243.25,285.08,424.02,42401.79,14.43,1442.97,4.61,460.71,1.52,151.56,9.86,986.04,5.17,517.23,18.7,1870.02,5.44,544.32,10.13,1013.22,6.98,698.49,7.9,790.29,13.94,1394.37,26.53,2653.11,10.18,1017.72,9.2,920.16,12.04,1204.47,5.83,582.57,1.77,176.85,3.72,372.15,2.29,228.78,1.83,182.79,0.61,60.84,0.96,96.21,173.65,0.59,118.78,0.41,1,3,2
PO1000000130,"2019,2020,2021",WILMAR GROUP,SAPI PLANTATION SDN BHD,TERUSAN,RSPO Certified,"RSPO Certified, MB",3/31/23,5.83,117.34,"5.831514, 117.340459",MYS,Malaysia,Sabah,Beluran,1-Fully Verified,,49.65,4965.3,51.52,74.83,7482.6,0.52,51.75,0.07,7.2,0.12,11.88,0.14,13.95,0.09,9.27,0.01,0.81,0.03,3.33,0.16,16.47,0.03,2.88,0.05,4.59,0.1,10.17,0.16,15.93,0.09,8.64,4.42,442.26,1.9,189.81,5.91,590.58,0.65,65.25,1.44,144,3.7,370.35,0.12,11.7,0.17,17.1,0.51,50.94,20.39,0.41,29.26,0.59,2,3,3
PO1000000134,"2020,2021,2019",MUSIM MAS,SUKAJADI SAWIT MEKAR,SUKAJADI SAWIT MEKAR 2,RSPO Certified,"RSPO Certified, IP",3/31/23,-2.37,112.6,"-2.37025, 112.6026111",IDN,Indonesia,Kalimantan Tengah,Kotawaringin Timur,1-Fully Verified,,245.79,24579.18,268.3,381.57,38156.94,0.41,41.13,1.7,170.01,0.78,78.39,14.87,1487.16,16.65,1665,41.64,4163.58,29.05,2905.47,12.47,1246.86,1.29,129.06,2,199.98,1.61,161.46,1.39,138.96,3.24,323.73,6.79,679.14,15.48,1548.27,20.16,2015.82,0.99,98.73,0.21,21.06,1.56,156.06,0.46,46.17,0.78,77.58,1.09,108.63,174.62,0.71,71.17,0.29,2,4,2
PO1000000137,"2019,2021,2020",WILMAR GROUP,SAPI PLANTATION SDN BHD,SAPI,RSPO Certified,"RSPO Certified, MB",3/31/23,5.73,117.39,"5.733519, 117.387404",MYS,Malaysia,Sabah,Beluran,1-Fully Verified,,195.44,19544.49,205.16,362.91,36291.33,0.38,38.25,0.84,83.79,1.92,191.52,4.07,406.71,6.93,692.82,11.33,1133.01,5.22,522.09,1.8,179.73,1.42,142.02,2.02,202.23,1.99,199.17,5.05,505.44,1.01,100.62,6.98,698.31,5.27,527.31,9.57,956.7,10.92,1092.06,16.97,1697.31,3.77,376.83,4.7,470.25,1.75,175.23,0.4,40.23,104.32,0.53,91.13,0.47,2,3,3
PO1000000139,"2020,2021,2019",WILMAR GROUP,REKA HALUS SDN BHD,REKA HALUS,RSPO Certified,"RSPO Certified, MB",3/31/23,5.77,117.46,"5.766708, 117.463737",MYS,Malaysia,Sabah,Beluran,1-Fully Verified,,171.91,17191.17,194.38,322.73,32273.1,0.85,84.96,1.45,144.9,1.9,190.17,2.41,241.38,0.63,63.36,2.61,261.09,2.17,216.54,1.18,118.26,2.3,229.5,5.3,529.92,3.07,307.17,8.15,814.68,7.67,767.07,13.53,1352.97,11.41,1141.38,9.9,989.91,12.14,1214.37,15.52,1552.14,5.65,564.84,4.02,401.67,2,199.62,3.17,316.89,117.03,0.68,54.88,0.32,3,4,3
PO1000000143,2020,REA HOLDINGS,REA KALTIM,PERDANA PALM OIL MILL,RSPO Certified,"RSPO Certified, MB",3/31/23,0.26,116.15,"0.25854, 116.149918",IDN,Indonesia,Kalimantan Timur,Kutai Kartanegara,1-Fully Verified,REA KALTIM PLANTATION PERDANA,2113,211300.2,2111.08,4424.46,442446.03,8.27,827.46,11.92,1191.6,11.67,1166.85,14.74,1474.47,11.04,1104.39,26.67,2667.33,12.28,1227.69,17.88,1787.67,34.02,3401.55,14.93,1492.92,24.24,2424.33,33.96,3395.79,53.71,5371.02,64.77,6477.3,34.24,3423.69,99.67,9966.96,33.44,3343.5,59.79,5979.42,31.33,3133.08,13.75,1374.84,7.99,799.2,5.31,530.91,625.62,0.3,1487.38,0.7,1,2,3
PO1000000144,"2020,2019,2021",WILMAR GROUP,MUSTIKA SEMBULUH,MUSTIKA SEMBULUH 1,RSPO Certified,"RSPO Certified, MB",3/31/23,-2.59,112.51,"-2.5905, 112.511283",IDN,Indonesia,Kalimantan Tengah,Kotawaringin Timur,1-Fully Verified,,154.5,15449.94,186.38,222.78,22278.15,7.18,718.38,29.49,2948.58,9.2,920.07,16.9,1689.93,23.16,2316.33,52.76,5275.8,4.2,420.03,3.06,306,1.24,123.84,0.79,79.02,2.9,290.43,0.93,92.52,0.71,71.46,0.65,65.43,1.17,116.73,0.86,86.22,0.5,49.5,0.32,31.86,0.41,41.31,0.25,24.57,0.7,69.66,1.07,106.74,154.5,1,0,0,2,5,1
PO1000000146,"2020,2021,2019",WILMAR GROUP,KERRY SAWIT INDONESIA,KERRY SAWIT INDONESIA 1,RSPO Certified,"RSPO Certified, MB",3/31/23,-2.78,112.51,"-2.784633, 112.509533",IDN,Indonesia,Kalimantan Tengah,Seruyan,1-Fully Verified,,0.13,12.69,0.14,0.25,24.93,0,0,0,0,0,0,0,0,0,0.36,0,0,0.04,3.69,0.03,3.24,0,0.36,0.03,3.06,0.02,2.43,0,0,0,0,0,0,0,0,0,0,0,0,0,0,0,0,0,0,0,0,0,0,0.13,1,0,0,1,5,1
PO1000000148,"2019,2021,2020",ROYAL GOLDEN EAGLE,INTI INDOSAWIT SUBUR,UKUI I,RSPO Certified,"RSPO Certified, MB",3/31/23,-0.22,102.1,"-0.2232, 102.095",IDN,Indonesia,Riau,Pelalawan,1-Fully Verified,,587.51,58751.28,637.08,736.99,73699.02,30.89,3088.89,8.07,806.76,5.48,548.37,36.1,3609.54,48.7,4869.9,0.36,35.55,16.21,1620.99,22.82,2281.59,13.75,1375.38,27.18,2717.91,42.75,4275.36,40.51,4050.81,14.33,1433.16,15.21,1521.45,13.12,1311.66,39.78,3978.45,25.03,2503.08,14.7,1469.61,18.05,1804.59,14.64,1464.21,31.72,3172.5,19.22,1921.86,498.62,0.85,88.9,0.15,5,5,3
PO1000000156,"2020,2019,2021",SIME DARBY,SIME DARBY PLANTATION BHD,JABOR (SOU 12),RSPO Certified,"RSPO Certified, MB",3/31/23,3.96,103.31,"3.960833, 103.308889",MYS,Malaysia,Trengganu,Kemaman,1-Fully Verified,,253.72,25371.63,432.32,1047.44,104743.89,2.1,209.52,6.15,614.61,2.77,277.29,3.51,351.45,2.83,282.6,1.97,196.65,0.57,57.33,4.7,469.71,3.68,367.74,4.99,498.87,5.62,562.05,6.84,684.36,4.27,426.96,21.27,2127.33,9.24,924.3,20.8,2079.9,13.83,1383.3,6.75,675.36,13.19,1318.68,7.38,737.73,5.41,541.26,4.61,461.43,152.48,0.6,101.23,0.4,3,3,3
PO1000000157,"2021,2020,2019",SIME DARBY,SIME DARBY PLANTATION BHD,TENNAMARAM (SOU 6),RSPO Certified,"RSPO Certified, IP",3/31/23,3.4,101.42,"3.395639, 101.417614",MYS,Malaysia,Selangor,Kuala Selangor,1-Fully Verified,,232.8,23279.67,297.19,561.49,56148.84,13.54,1354.5,6.23,623.34,5,500.4,6.66,665.64,6.9,690.48,3.12,312.03,8.43,843.48,4.29,429.12,14.22,1422.36,4.55,455.04,2.33,232.56,4.63,463.32,4.27,427.32,9.39,938.61,1.99,199.35,5.17,516.69,6.4,640.08,4.63,463.41,8.01,801.45,3.41,341.37,4.56,456.3,3.3,329.85,131.07,0.56,101.73,0.44,3,3,3
PO1000000169,"2020,2019,2021",WILMAR GROUP,SABAHMAS PLANTATION SDN BHD,RIBUBONUS,RSPO Certified,"RSPO Certified, MB",3/31/23,5.69,117.09,"5.686858, 117.09226",MYS,Malaysia,Sabah,Beluran,1-Fully Verified,,829.21,82920.6,827.45,1534.95,153495.09,18.56,1855.71,4.9,490.05,6.99,698.67,7,699.75,7.35,734.58,7.17,716.94,3.75,375.03,5.64,563.58,7.79,779.22,7.25,725.22,8.99,899.46,23.02,2302.2,2.37,236.61,4.74,474.21,1.35,134.91,2.18,217.71,9.81,981.45,5.62,561.96,5.13,512.91,3.7,369.63,3.47,347.31,3.58,358.29,150.35,0.18,678.85,0.82,2,1,3
PO1000000170,"2021,2020,2019",MUSIM MAS,MAJU ANEKA SAWIT,MAJU ANEKA SAWIT,RSPO Certified,"RSPO Certified, IP",3/31/23,-2.48,112.65,"-2.478167, 112.647611",IDN,Indonesia,Kalimantan Tengah,Kotawaringin Timur,1-Fully Verified,,153.53,15352.56,195.16,240.72,24071.58,0.48,48.24,1.9,190.35,0.26,26.19,1.21,120.96,2.17,217.08,61.18,6118.2,20.86,2085.75,4.38,438.21,2.16,216.36,1.05,104.85,1.81,181.08,2.1,209.79,2.52,252.36,4.94,494.28,10.97,1097.01,3.56,356.22,0.85,85.05,0.32,31.95,1.22,122.49,0.73,72.81,0.65,64.53,0.64,64.44,125.98,0.82,27.54,0.18,2,5,2
PO1000000180,2020,MUSIM MAS,BERKAT SAWIT SEJATI,BERKAT SAWIT SEJATI,RSPO Certified,"RSPO Certified, IP",3/31/23,-2.32,103.71,"-2.3192778, 103.7116389",IDN,Indonesia,Sumatera Selatan,Musi Banyuasin,1-Fully Verified,,1192.39,119239.11,1277.11,2082.31,208231.47,21.44,2144.34,10.44,1044.27,3.7,370.17,30.59,3059.46,24.42,2442.42,61.6,6159.51,45.21,4520.88,85.57,8556.75,22.88,2288.07,17.76,1775.52,38.97,3897.18,107.9,10790.46,33.31,3330.54,46.43,4643.19,34.1,3409.74,33.86,3386.16,21.46,2145.96,27.87,2787.48,18.28,1827.54,22.81,2280.6,17.82,1781.82,27.03,2702.79,753.45,0.63,438.94,0.37,3,3,3
PO1000000182,"2020,2019,2021",SIME DARBY,SIME DARBY PLANTATION BHD,GIRAM (SOU 29),RSPO Certified,"RSPO Certified, MB",3/31/23,4.59,118.19,"4.586785, 118.193914",MYS,Malaysia,Sabah,Tawau,1-Fully Verified,,183.91,18390.6,201.97,460.39,46039.05,1.25,125.1,3.52,352.44,1.56,155.97,4.78,477.54,2.8,279.63,2.47,246.6,1.3,129.69,3.52,352.26,0.88,88.47,2.72,272.16,1.42,142.02,2.19,219.24,1.05,105.48,5.5,550.44,2.29,228.78,3.52,352.26,2.32,231.84,5.54,554.13,3.75,375.3,3.82,382.5,12.49,1249.11,8.6,860.49,77.31,0.42,106.59,0.58,5,3,5
PO1000000183,"2021,2019,2020",SIME DARBY,SIME DARBY PLANTATION BHD,GUNUNG MAS (SOU 21),RSPO Certified,"RSPO Certified, IP",3/31/23,2.24,103.14,"2.243544, 103.137941",MYS,Malaysia,Johor,Segamat,1-Fully Verified,,683.7,68370.3,641.66,1366.9,136690.2,7.66,765.99,6.17,616.68,4.41,441.18,3.83,382.86,2.67,266.85,1.15,114.93,2.69,269.1,0.96,95.76,7.04,703.53,2.36,236.34,6.03,602.91,3.83,383.04,3.34,334.08,4.44,443.7,7.92,792,11.78,1177.92,10.5,1049.67,5.61,560.88,8.52,852.21,5.37,537.3,4.63,462.69,4.9,490.14,115.8,0.17,567.91,0.83,2,1,3
PO1000000184,"2019,2020,2021",BAKRIE,BAKRIE SUMATERA PLANTATIONS,UNIT KISARAN,RSPO Certified,"RSPO Certified, MB",3/31/23,3.04,99.58,"3.04075, 99.581444",IDN,Indonesia,Sumatera Utara,Asahan,1-Fully Verified,,133.28,13328.37,194.57,380.37,38036.7,2.53,252.63,1.45,145.26,1.99,199.44,3.61,360.81,4.68,468,3.24,324.09,2.83,283.32,0.05,4.77,2.39,239.22,4.06,405.9,2.67,266.67,2.31,230.94,0.4,40.32,1.19,118.89,0.41,41.49,1.93,192.96,1.55,154.89,0.84,84.33,5.19,519.21,1.59,159.03,1.23,123.48,1.09,108.9,47.25,0.35,86.04,0.65,3,2,3
PO1000000185,"2020,2021,2019",HAP SENG PLANTATIONS HOLDINGS BERHAD,HAP SENG PLANTATIONS (RIVER ESTATES) SDN BHD,BUKIT MAS,RSPO Certified,"RSPO Certified, IP",3/31/23,5.34,118.47,"5.3373003, 118.47364",MYS,Malaysia,Sabah,Kinabatangan,1-Fully Verified,,140.63,14063.22,151.34,285.81,28580.58,2.17,217.08,1.08,107.64,0.13,12.78,4.29,429.39,0.8,80.19,2.88,288.36,2.99,298.8,3.92,391.86,0.32,31.77,4.13,413.01,2.87,287.28,7.32,731.61,3.8,380.43,3.54,354.24,1.07,107.37,5.35,534.69,5.29,529.2,1.15,115.11,5.05,505.35,6.35,634.59,2.36,236.25,4.4,440.1,71.27,0.51,69.36,0.49,4,3,3
PO1000000187,"2020,2019,2021",SIME DARBY,SIME DARBY PLANTATION BHD,DIAMOND JUBILEE (SOU 18),RSPO Certified,"RSPO Certified, IP",3/31/23,2.32,102.48,"2.324247, 102.482843",MYS,Malaysia,Melaka,Jasin,1-Fully Verified,,417.12,41711.67,556.67,953.89,95388.57,21.68,2167.83,27.3,2729.88,8.1,809.55,6.81,680.67,13.97,1397.07,5.52,551.61,15.91,1590.66,7.59,758.52,13.23,1323.36,1.05,105.12,15.53,1553.04,9.62,962.37,5.41,540.9,20.44,2044.35,13.58,1358.37,28.01,2800.62,20.15,2014.65,17.53,1753.11,20.17,2017.44,17.61,1760.85,15.14,1513.62,9.11,911.25,313.45,0.75,103.67,0.25,4,4,3
PO1000000190,"2021,2020,2019",SIME DARBY,SIME DARBY PLANTATION BHD,CHAAH (SOU 20),RSPO Certified,"RSPO Certified, IP",3/31/23,2.15,102.97,"2.148725, 102.973994",MYS,Malaysia,Johor,Batu Pahat,1-Fully Verified,,107.3,10730.34,114.77,186.05,18604.62,4.58,458.28,0.32,32.04,6.48,648.45,4.66,465.57,4.91,490.59,1.6,159.84,1.04,103.77,0.03,2.7,0.62,61.92,0.06,5.58,5.48,547.92,3.35,335.43,1.33,132.66,0.38,37.98,0.1,10.26,0.44,43.65,1.09,108.99,3.26,326.07,2.26,226.08,0.67,67.14,1.69,169.2,3.03,302.76,47.37,0.44,59.93,0.56,3,3,3
PO1000000191,"2020,2019,2021",SIME DARBY,SIME DARBY PLANTATION BHD,ELPHIL (SOU 3),RSPO Certified,"RSPO Certified, MB",3/31/23,4.89,101.09,"4.89058, 101.093096",MYS,Malaysia,Perak,Kuala Kangsar,1-Fully Verified,,806.17,80616.87,986.58,1648.34,164834.01,12.39,1238.67,4.75,475.2,7.69,768.87,6.03,602.82,5.71,571.41,5.71,570.51,5.32,531.9,4.62,461.61,8.01,801.27,8.24,824.49,6.37,636.75,15.36,1536.48,8.3,829.98,18.39,1838.7,20.51,2050.56,26.79,2678.67,18.69,1869.3,14.29,1428.57,14.72,1472.49,11.66,1165.95,10.7,1070.46,10.38,1038.33,244.63,0.3,561.54,0.7,3,2,3
PO1000000192,"2021,2020,2019",SIME DARBY,SIME DARBY PLANTATION BHD,BUKIT PUTERI (SOU 10),RSPO Certified,"RSPO Certified, MB",3/31/23,4.2,101.86,"4.202694, 101.862639",MYS,Malaysia,Pahang,Lipis,1-Fully Verified,,2103.33,210332.88,2022.28,3385.61,338560.56,10.89,1089.45,38.3,3830.49,11.31,1131.21,17.1,1710,23.64,2364.3,11.16,1116.45,13.72,1371.69,14.2,1419.66,29.55,2955.06,25.3,2530.35,13.9,1390.14,46.12,4611.78,11.09,1109.43,47.99,4798.98,22.9,2289.51,47.07,4706.91,32.2,3220.38,22.28,2228.13,17.47,1746.9,10.05,1004.58,15.12,1512.36,13.67,1367.28,495.05,0.24,1608.28,0.76,2,1,3
PO1000000193,"2020,2019,2021",SIME DARBY,SIME DARBY PLANTATION BHD,SERI INTAN (SOU 5),RSPO Certified,"RSPO Certified, IP",3/31/23,3.97,100.99,"3.969228, 100.985558",MYS,Malaysia,Perak,Hilir Perak,1-Fully Verified,,129.65,12965.49,236.93,504.3,50429.97,4.69,468.81,3.81,381.24,2.25,225.27,2.91,290.61,5.42,541.53,2.63,262.62,2.19,219.42,1.77,176.94,3.74,374.49,6.51,650.7,1.84,184.05,2.74,274.32,3.41,340.74,4.96,495.54,4.64,463.86,12.8,1279.8,11.68,1168.47,8.66,866.07,6.1,610.38,4.51,450.72,5.86,585.99,7.9,789.93,111.02,0.86,18.64,0.14,5,5,3
PO1000000194,"2021,2020,2019",SIME DARBY,SIME DARBY PLANTATION BHD,BUKIT BENUT (SOU 22),RSPO Certified,"RSPO Certified, IP",3/31/23,1.93,103.35,"1.931143, 103.347365",MYS,Malaysia,Johor,Keluang,1-Fully Verified,,122.44,12244.05,146.36,204.05,20405.43,11.41,1141.29,5.32,531.54,2.23,223.38,3.59,359.1,2.83,282.87,7.92,791.82,6.16,615.6,4.05,405.18,5.3,529.74,3.23,323.37,7.95,795.15,4.18,418.14,4.31,430.65,5.16,516.24,4.76,476.01,4.25,425.16,10.23,1022.67,6.75,675.36,7.34,733.68,6.7,669.6,3,299.97,4.56,456.03,121.23,0.99,1.22,0.01,4,5,2
PO1000000195,"2020,2019,2021",SIME DARBY,SIME DARBY PLANTATION BHD,SELABA (SOU 5),RSPO Certified,"RSPO Certified, MB",3/31/23,3.99,101.08,"3.9889722, 101.081278",MYS,Malaysia,Perak,Hilir Perak,1-Fully Verified,,66.72,6671.61,93.7,178.18,17817.66,2.88,288,1.84,183.78,0.25,25.47,0.42,41.85,1.78,177.75,1.1,109.53,2.66,266.22,0.97,97.38,3.91,390.69,3.42,342.27,0.26,25.56,1.53,153.27,0.98,98.28,2.37,237.42,1.21,120.6,5.25,524.61,4.37,436.86,2.39,238.95,0.86,86.4,1.23,123.21,1.56,156.06,1.23,123.3,42.47,0.64,24.24,0.36,3,4,3
PO1000000198,"2020,2021,2019",WILMAR GROUP,SRI KAMUSAN SDN BHD,SRI KAMUSAN,RSPO Certified,"RSPO Certified, MB",3/31/23,6.2,117.29,"6.203802, 117.291189",MYS,Malaysia,Sabah,Beluran,1-Fully Verified,,532.03,53203.14,575.18,727.15,72715.32,13.59,1358.55,17.63,1763.01,5.31,531.27,15.64,1564.38,15.96,1595.88,21.66,2166.03,23.04,2303.55,28.41,2840.94,32.4,3240.36,35.15,3514.68,22.99,2299.05,23.35,2334.6,11.56,1156.14,11.39,1139.4,8.37,837.18,14.26,1425.6,7.06,705.87,4.06,406.08,2.66,265.77,7.08,708.48,5.13,513.09,1.89,189.36,328.59,0.62,203.44,0.38,2,3,3
PO1000000199,"2020,2019,2021",IOI CORPORATION,SYARIKAT PUKIN LADANG KELAPA SAWIT SDN BHD,PUKIN,RSPO Certified,"RSPO Certified, IP",3/31/23,2.72,102.91,"2.72235, 102.911",MYS,Malaysia,Pahang,Rompin,1-Fully Verified,,121.79,12178.98,145.31,183.52,18351.99,4.31,431.01,3.09,308.79,0.09,8.91,4.79,478.71,19.04,1903.68,9.3,929.79,4.57,456.75,5.84,584.37,11.99,1198.62,0.83,82.89,28.6,2860.11,2.68,267.84,5.53,553.32,11.19,1119.06,2.49,248.94,1.54,154.08,3.1,309.6,0.64,63.63,3.39,339.48,0.72,71.73,0.1,10.44,0.2,20.34,121.79,1,0,0,1,5,1
PO1000000201,"2021,2020,2019",KUALA LUMPUR KEPONG (KLK),KUALA LUMPUR KEPONG BHD,KEKAYAAN PALM OIL MILL,RSPO Certified,"RSPO Certified, IP",3/31/23,2.2,103.27,"2.204546, 103.270394",MYS,Malaysia,Johor,Keluang,1-Fully Verified,,104.57,10456.56,133.79,174.51,17451.36,16.73,1673.46,10.01,1001.16,4.79,478.8,3.67,366.84,1.92,192.06,2.6,260.1,3.78,378,2.22,222.3,4.56,455.58,1.41,141.21,4.54,454.5,1.66,166.41,1.64,164.16,2.32,231.75,2.33,233.28,3.07,306.99,3.94,394.38,1.97,197.37,3.97,396.63,2.64,263.88,1.43,142.65,6.37,637.29,87.59,0.84,16.98,0.16,5,5,3
PO1000000223,"2019,2021,2020",MRICOP,"MONG RETHTHY INVESTMENT CAMBODIA OIL PALM CO., LTD",ANLONG KROPEU PALM OIL MILL,RSPO Certified,"RSPO Certified, IP",3/31/23,10.96,103.91,"10.959694, 103.907833",KHM,Cambodia,Kaôh Kong,Kampong Seila,1-Fully Verified,,4455.9,445589.73,6612.5,8803.13,880313.4,19.45,1944.63,19.52,1951.56,35.13,3513.15,43.69,4368.51,96.38,9638.19,69.26,6926.22,142.4,14240.34,55.51,5551.02,86.42,8641.62,141.25,14125.23,74.79,7478.73,96.16,9616.23,72.2,7219.62,66.55,6655.23,59.7,5970.15,102.9,10290.15,94.79,9478.98,75.53,7553.16,114.05,11405.07,108.44,10844.37,104.1,10409.58,71.5,7150.32,1749.72,0.39,2706.18,0.61,3,3,3
PO1000000227,"2020,2019",FGV HOLDINGS BERHAD,FGV PALM INDUSTRIES SDN BHD,SEMENCHU,Not RSPO Certified,,3/31/23,1.58,104.1,"1.578283, 104.104929",MYS,Malaysia,Johor,Kota Tinggi,1-Fully Verified,,87.55,8755.2,107.3,119.67,11967.12,0.1,10.17,30.2,3020.49,1.05,105.48,7.4,740.43,21.61,2160.99,5.09,509.49,2.16,216.18,1.25,124.92,0.72,71.55,0.86,85.68,0.34,33.75,0.37,37.26,0.07,7.2,0.19,19.35,0.18,18.27,0.68,68.4,3.72,372.06,1.24,123.66,0.5,49.77,0.11,10.98,0.16,15.84,0.11,10.8,78.13,0.89,9.42,0.11,1,5,1
PO1000000234,"2020,2019",FGV HOLDINGS BERHAD,FGV PALM INDUSTRIES SDN BHD,WA HA,RSPO Certified,"RSPO Certified, MB",3/31/23,1.79,104.08,"1.792735, 104.076218",MYS,Malaysia,Johor,Kota Tinggi,1-Fully Verified,,104.07,10406.97,107,124.34,12433.95,1.46,145.62,0.92,92.07,0.18,18.45,11.58,1157.94,17.28,1728.45,6.4,640.44,4.93,493.02,3.04,303.84,3.5,350.19,0.99,99.18,15.81,1581.12,12.22,1222.02,2.31,231.39,1.59,158.76,0.53,52.74,1.06,106.02,1.13,112.59,0.54,53.82,1.39,139.14,1.72,172.17,0.98,97.83,0.12,11.61,89.68,0.86,14.39,0.14,2,5,2
PO1000000235,"2020,2019",FGV HOLDINGS BERHAD,FGV PALM INDUSTRIES SDN BHD,LOK HENG,Not RSPO Certified,,3/31/23,1.72,104.12,"1.720542, 104.119997",MYS,Malaysia,Johor,Kota Tinggi,1-Fully Verified,,110.03,11002.68,117.88,157.77,15777.09,4.19,419.31,7.95,795.42,2.09,209.43,7.45,745.11,5.48,548.28,2.55,255.06,10.65,1064.97,6,600.3,16.51,1651.32,3.19,318.87,7.1,709.74,4.99,498.87,12,1199.61,3.45,344.88,0.46,45.9,1.04,104.04,1.35,135.18,1.02,101.7,1.52,152.1,0.39,38.7,0.59,58.86,0.17,17.28,100.15,0.91,9.88,0.09,1,5,1
PO1000000236,"2020,2019",FGV HOLDINGS BERHAD,FGV PALM INDUSTRIES SDN BHD,ADELA,RSPO Certified,"RSPO Certified, MB",3/31/23,1.55,104.19,"1.552768, 104.1873",MYS,Malaysia,Johor,Kota Tinggi,1-Fully Verified,,64.6,6459.75,103.48,283.76,28375.65,0.14,13.95,11.57,1157.13,0.14,14.4,4.19,419.49,1.58,158.13,0.26,25.92,0.02,2.25,1.42,141.75,1.11,111.42,0.57,56.7,3.75,375.12,4.14,414.45,1.69,168.66,6.41,640.62,1.9,189.63,3.67,366.57,1.84,184.5,1.15,114.75,3.6,359.91,0.81,80.73,0.21,20.52,0.23,22.95,50.4,0.78,14.2,0.22,1,4,2
PO1000000238,"2020,2021,2019",UNITED PLANTATIONS,UNITED PLANTATIONS BHD,JENDARATA,RSPO Certified,"RSPO Certified, IP",3/31/23,3.85,100.97,"3.853889, 100.968333",MYS,Malaysia,Perak,Hilir Perak,1-Fully Verified,,52.91,5290.74,84.58,236.96,23695.92,2.65,264.69,1.24,124.11,0.89,88.83,0.43,42.66,0.52,51.93,0.76,76.23,0.64,63.63,0.79,78.75,2.13,212.94,1.9,189.72,0.4,39.87,1.16,116.37,1.53,153.36,6.89,688.86,4.67,466.56,3.59,359.19,10.46,1045.98,4.64,463.95,3.95,395.37,1.15,114.66,1.18,118.26,0.74,74.07,52.3,0.99,0.61,0.01,3,5,1
PO1000000240,"2020,2019,2021",UNITED PLANTATIONS,UNITED PLANTATIONS BHD,ULU BASIR,RSPO Certified,"RSPO Certified, IP",3/31/23,3.72,101.26,"3.724444, 101.255833",MYS,Malaysia,Perak,Batang Padang,1-Fully Verified,,376.81,37680.66,382.31,798.15,79814.7,8.7,869.76,6.09,608.85,2.71,270.81,6.73,673.11,3.57,357.48,1.95,194.94,6.44,644.4,8.66,866.43,13.19,1319.13,10.62,1061.73,3.95,395.01,4.15,415.17,11.52,1151.91,9.43,943.38,3.14,314.37,5.48,548.1,2.77,277.02,4.76,476.01,7.63,762.66,1.5,149.85,3.37,337.41,1.33,132.57,127.7,0.34,249.11,0.66,2,2,3
PO1000000242,"2020,2021",UNITED PLANTATIONS,UNITED PLANTATIONS BHD,ULU BERNAM,RSPO Certified,"RSPO Certified, IP",3/31/23,3.75,101.15,"3.745278, 101.146111",MYS,Malaysia,Perak,Hilir Perak,1-Fully Verified,,78.99,7898.76,92.55,121.16,12115.8,5.11,510.93,4.63,463.05,0.79,79.11,3.36,336.33,4.69,469.44,1.2,119.88,3.45,344.52,4.08,408.33,5.72,572.13,2.19,219.15,0.96,95.85,2.74,274.41,1.71,170.55,7.73,772.74,4.75,475.02,6.59,658.89,9.88,987.57,1.62,162.45,0.47,47.16,0.41,41.04,1.79,178.92,1.2,120.33,75.08,0.95,3.91,0.05,3,5,2
PO1000000243,"2021,2020",UNITED PLANTATIONS,UNITED INTERNATIONAL ENTERPRISES (M) SDN BHD,UIE,RSPO Certified,"RSPO Certified, IP",3/31/23,4.44,100.72,"4.443889, 100.722778",MYS,Malaysia,Perak,Manjung,1-Fully Verified,,82.57,8257.41,104.73,141.79,14179.14,0.42,41.85,0.78,77.94,0.34,33.93,0.28,27.72,0.47,47.43,0.28,28.35,0.96,95.58,0.19,19.35,1.81,180.99,5.1,509.58,5.74,573.84,5.19,518.58,11.88,1187.55,10.48,1047.69,8.49,849.33,8.39,838.98,4.96,495.99,1.95,195.48,1.42,141.84,0.53,53.1,0.9,89.73,0.51,50.67,71.06,0.86,11.52,0.14,3,5,2
PO1000000254,"2020,2019",FGV HOLDINGS BERHAD,FGV PALM INDUSTRIES SDN BHD,KOTA GELANGGI,RSPO Certified,"RSPO Certified, MB",3/31/23,3.92,102.49,"3.921733, 102.489533",MYS,Malaysia,Pahang,Jerantut,1-Fully Verified,,1474.32,147431.97,1412.57,2869.68,286967.79,20.17,2017.44,37.86,3785.67,12.88,1288.26,7.9,789.57,23.95,2394.99,6.26,625.86,1.42,142.29,5.89,588.87,2.71,271.08,2.44,244.35,2.33,232.56,4.02,402.48,8.93,892.62,10.04,1004.49,23.42,2342.43,33.19,3318.93,37.61,3760.83,55.64,5563.8,38.16,3815.73,25.75,2574.72,13.94,1394.19,7.61,761.4,382.13,0.26,1092.19,0.74,2,2,3
PO1000000255,"2019,2020",FGV HOLDINGS BERHAD,FGV PALM INDUSTRIES SDN BHD,LEPAR UTARA 6,Not RSPO Certified,,3/31/23,3.97,102.69,"3.970817, 102.691667",MYS,Malaysia,Pahang,Jerantut,1-Fully Verified,,269.42,26941.68,276.25,628.02,62802.27,1.21,120.6,2.86,285.75,1.95,194.76,0.31,30.69,0.25,25.38,0.22,22.23,7.79,779.4,1.97,197.01,4.62,462.15,3.43,343.35,16.97,1696.77,13.34,1333.53,3.07,306.9,6.44,643.59,3.8,379.89,9.05,905.4,9.98,998.28,2.22,221.85,8.46,845.55,0.44,44.46,7.02,702.36,9.54,954,114.94,0.43,154.48,0.57,4,3,4
PO1000000261,"2021,2020,2019",KUALA LUMPUR KEPONG (KLK),KL-KEPONG (SABAH) SDN BHD,BORNION,RSPO Certified,"RSPO Certified, MB",3/31/23,5.61,117.79,"5.609, 117.7899",MYS,Malaysia,Sabah,Kinabatangan,1-Fully Verified,,98.4,9839.88,123.4,168.97,16896.51,0.2,20.34,0.35,35.28,0.18,18.18,0.45,45.27,0.23,23.4,0.25,25.38,0.67,66.87,1.67,166.77,1.49,148.86,5.5,550.17,1.55,154.53,1.15,115.38,0.65,64.8,4.52,451.8,3.2,319.95,4.56,455.76,4.77,477,3.15,315.27,4.88,487.71,8.55,854.82,11.73,1172.61,10.22,1021.86,69.92,0.71,28.48,0.29,5,4,5
PO1000000262,"2019,2021,2020",KUALA LUMPUR KEPONG (KLK),KL-KEPONG (SABAH) SDN BHD,RIMMER,Not RSPO Certified,,3/31/23,5.02,118.57,"5.0193, 118.5715",MYS,Malaysia,Sabah,Lahad Datu,1-Fully Verified,,18.79,1878.66,18.08,13.36,1335.69,0,0.45,0.02,1.62,0,0,0.01,1.44,0.02,1.98,0,0.36,0.04,3.78,0.01,0.9,0.01,1.26,0.02,1.89,0.03,2.52,0.03,2.7,0.45,44.82,1.69,169.11,1.45,145.17,3.02,302.4,5.4,540,4.58,458.01,1.64,164.16,0.04,3.69,0.02,1.8,0.02,2.25,18.5,0.98,0.28,0.02,1,5,1
PO1000000263,"2020,2021,2019",KUALA LUMPUR KEPONG (KLK),KL-KEPONG (SABAH) SDN BHD,LUNGMANIS,RSPO Certified,"RSPO Certified, IP",3/31/23,5.08,118.59,"5.08395, 118.58825",MYS,Malaysia,Sabah,Lahad Datu,1-Fully Verified,,221.39,22139.46,217.42,333.53,33353.19,0.2,19.62,0.44,44.19,0.59,59.04,2.97,296.73,0.22,22.41,0.19,18.54,0.34,34.29,0.45,44.73,0.23,23.49,0.63,62.55,3.02,302.31,1.01,101.25,2.37,236.79,1.22,121.86,0.05,4.68,0.03,3.24,6.37,637.02,7.15,714.78,9.88,987.93,14.19,1419.48,11.97,1196.55,10.43,1043.28,73.95,0.33,147.45,0.67,5,2,5
PO1000000272,2020,FGV HOLDINGS BERHAD,FGV PALM INDUSTRIES SDN BHD,LEPAR UTARA 4,Not RSPO Certified,,3/31/23,3.88,102.82,"3.878967, 102.815467",MYS,Malaysia,Pahang,Kuantan,1-Fully Verified,,358.16,35815.86,331.35,704.03,70402.77,15.2,1520.1,14.95,1495.08,14.39,1439.01,0.85,85.23,0.34,33.93,10.98,1098.36,0.24,24.03,1.65,165.33,1.43,142.65,11.23,1123.02,14.89,1488.51,14.49,1449,3.19,318.96,4.06,405.81,1.88,188.28,1.09,109.08,2.18,218.25,2.43,243.36,4.39,438.66,2.03,203.31,0.58,57.69,0.23,22.68,122.7,0.34,235.46,0.66,1,2,3
PO1000000279,"2020,2021,2019",ROYAL GOLDEN EAGLE,INTI INDOSAWIT SUBUR,MUARA BULIAN,RSPO Certified,"RSPO Certified, MB",3/31/23,-1.59,103.2,"-1.5851, 103.201217",IDN,Indonesia,Jambi,Batang Hari,1-Fully Verified,,625.88,62587.89,654.24,779.23,77922.72,2.87,286.74,4.24,424.17,3.17,317.16,32.12,3212.37,56.65,5664.87,59.06,5906.43,34,3400.29,29.47,2947.05,27.56,2756.25,0,0,19.26,1925.73,29.89,2989.26,12.85,1284.93,13.76,1375.92,15.7,1569.87,28.2,2820.33,21.73,2173.23,15.42,1542.42,10.56,1055.79,12.39,1238.67,10.31,1031.22,8.85,884.88,448.08,0.72,177.8,0.28,3,4,3
PO1000000280,"2019,2020,2021",KUALA LUMPUR KEPONG (KLK),KUALA LUMPUR KEPONG BHD,JERAM PADANG,RSPO Certified,"RSPO Certified, IP",3/31/23,2.74,102.41,"2.735111, 102.4085",MYS,Malaysia,Negeri Sembilan,Jempol,1-Fully Verified,,532.71,53271.18,660.94,1495.97,149597.46,14.07,1406.52,19.25,1925.19,13.98,1398.15,8.05,804.96,18.88,1887.66,10.66,1066.23,13.77,1376.73,8.78,877.77,22.82,2281.86,1.66,166.14,19.3,1930.5,28.87,2887.47,5.33,533.43,21.16,2115.99,7.03,703.26,21.23,2122.74,18.96,1896.12,18.5,1849.5,22.57,2256.75,14.24,1423.8,12.82,1281.6,7.77,776.61,329.69,0.62,203.02,0.38,3,3,3
PO1000000283,"2020,2021,2019",MP EVANS,PANGKATAN INDONESIA,PANGKATAN,RSPO Certified,"RSPO Certified, MB",3/31/23,2.1,99.95,"2.10305, 99.94766",IDN,Indonesia,Sumatera Utara,Labuhanbatu,1-Fully Verified,,33.31,3330.63,35.66,55.81,5581.35,1.22,121.95,1.16,116.1,0.25,25.02,2.34,233.64,0.24,24.48,3.63,363.33,0.19,19.35,0.02,2.07,1.41,141.03,0.06,5.85,0.05,4.86,0.28,27.63,2.24,224.37,0.8,79.56,0.22,21.69,0.74,73.89,0.34,33.93,0.18,17.55,0.36,35.64,0.36,36.45,0.26,25.83,0.09,9.27,16.43,0.49,16.87,0.51,2,3,3
PO1000000284,"2019,2020,2021",SAMPOERNA AGRO,AEK TARUM,BELIDA,RSPO Certified,"RSPO Certified, MB",3/31/23,-3.84,104.97,"-3.836633, 104.969517",IDN,Indonesia,Sumatera Selatan,Ogan Komering Ilir,1-Fully Verified,,350.03,35002.53,667.76,1110.76,111075.66,4.56,456.48,4.62,461.97,1.11,111.24,12.55,1254.69,4.28,427.86,2.61,261.27,10.57,1056.51,25.88,2587.5,31.49,3149.46,5.69,568.62,14.24,1423.89,15.71,1570.86,4.57,457.38,10.65,1065.15,9.7,969.93,9.6,960.48,12.79,1279.08,31.21,3120.75,20.57,2057.49,28.61,2861.19,10.72,1071.9,18.31,1831.32,290.05,0.83,59.98,0.17,5,5,3
PO1000000286,"2020,2021,2019",MUSIM MAS,UNGGUL LESTARI,UNGGUL LESTARI,RSPO Certified,"RSPO Certified, IP",3/31/23,-1.6,112.6,"-1.5958444, 112.598831",IDN,Indonesia,Kalimantan Tengah,Kotawaringin Timur,1-Fully Verified,,18.38,1838.16,17.3,22.22,2222.46,0.03,3.24,0.13,13.14,0.01,1.08,0.2,20.07,0.03,3.33,0.15,15.39,0.21,21.24,2.23,222.66,3.36,335.52,5.3,530.01,0.51,51.39,0.36,36.36,0.06,5.94,0.24,23.85,0.34,34.02,0.6,60.48,0.23,22.95,0.11,10.8,0.08,8.1,0.03,2.88,0.01,0.63,0.04,3.51,14.27,0.78,4.12,0.22,1,4,1
PO1000000294,"2019,2021,2020",SIME DARBY,SIME DARBY PLANTATION BHD,FLEMINGTON (SOU 4),RSPO Certified,"RSPO Certified, IP",3/31/23,3.93,100.86,"3.928056, 100.857222",MYS,Malaysia,Perak,Hilir Perak,1-Fully Verified,,223.63,22362.57,341.69,462.36,46236.42,3.15,315.09,4.41,441,1.59,158.76,3.44,344.07,6.39,638.91,2.77,276.84,7.07,707.04,5.39,539.19,5.56,555.93,4.92,491.94,5.5,549.81,7.51,750.96,5.63,562.95,13.11,1311.48,5.53,553.41,10.09,1009.17,11.79,1178.82,10.58,1058.31,13.29,1329.03,11.82,1181.7,8.11,810.9,5.02,502.29,152.68,0.68,70.95,0.32,4,4,3
PO1000000295,"2020,2021,2019",SIME DARBY,SIME DARBY PLANTATION BHD,KERDAU (SOU 11),RSPO Certified,"RSPO Certified, MB",3/31/23,3.57,102.28,"3.569444, 102.278333",MYS,Malaysia,Pahang,Temerloh,1-Fully Verified,,153.02,15302.16,192.88,268.23,26823.15,3.3,329.58,1.83,183.24,1.79,179.37,2.82,282.42,5.47,547.29,1.95,194.94,2.44,243.9,6.64,664.02,9.83,982.89,9.42,942.21,2.77,276.84,9.76,975.87,4.89,489.15,17.8,1780.38,12.96,1295.91,17.22,1721.7,8.8,879.66,5.21,520.74,2.88,288,3.17,316.53,3.42,341.64,2.79,279.18,137.15,0.9,15.87,0.1,3,5,2
PO1000000296,"2019,2020,2021",SIME DARBY,SIME DARBY PLANTATION BHD,KOK FOH (SOU 16),RSPO Certified,"RSPO Certified, MB",3/31/23,2.78,102.5,"2.784667, 102.504167",MYS,Malaysia,Negeri Sembilan,Jempol,1-Fully Verified,,131.98,13197.78,173.73,301.32,30131.91,9.59,959.04,11.45,1144.53,0.77,77.04,6.2,619.65,5.63,562.59,6.03,602.82,8.55,854.82,1.17,117.45,4.7,470.34,0,0,5.74,574.47,12.94,1293.57,3.7,369.9,6.75,675.36,8.19,818.73,7.52,752.04,5.93,593.01,9.57,956.61,10.23,1023.12,4.91,490.59,2.91,290.88,2.17,217.08,131.98,1,0,0,3,5,1
PO1000000297,"2020,2021,2019",SIME DARBY,SIME DARBY PLANTATION BHD,LABU (SOU 13),Not RSPO Certified,,3/31/23,2.75,101.8,"2.748889, 101.8045",MYS,Malaysia,Negeri Sembilan,Seremban,1-Fully Verified,,647.13,64712.88,861.16,1595.65,159565.14,10.36,1035.81,18.54,1853.55,5.73,573.3,18.53,1852.83,12.14,1214.46,9.79,978.66,16.12,1611.99,13.42,1342.44,15.7,1569.51,11.07,1106.55,7.69,769.23,9.51,951.03,9.16,916.29,27.71,2771.19,13.68,1367.91,20.55,2054.88,15.68,1567.89,14.57,1457.19,12.26,1225.71,9.6,960.3,11.31,1130.85,10.36,1035.54,293.47,0.45,353.66,0.55,3,3,3
PO1000000298,"2020,2019,2021",SIME DARBY,SIME DARBY PLANTATION BHD,SUA BETONG (SOU 15),RSPO Certified,"RSPO Certified, IP",3/31/23,2.53,101.9,"2.52833, 101.895278",MYS,Malaysia,Negeri Sembilan,Port Dickson,1-Fully Verified,,98.47,9846.99,135.66,259.12,25912.17,11.65,1165.23,3.83,383.4,2.41,241.29,3.06,306.09,3.83,383.22,1.57,157.05,4.43,443.43,2.62,261.54,3.66,366.12,4.17,417.15,2.9,290.16,3.22,322.29,2.53,253.35,6.05,605.07,3.27,327.24,2.91,291.06,2.37,237.42,4.25,424.8,1.5,149.94,2.56,256.41,4.09,408.96,1.49,149.49,78.41,0.8,20.06,0.2,4,4,3
PO1000000300,"2020,2021,2019",SIME DARBY,SIME DARBY PLANTATION BHD,MELALAP (SOU 27),RSPO Certified,"RSPO Certified, MB",3/31/23,5.23,115.99,"5.230789, 115.986263",MYS,Malaysia,Sabah,Tenom,1-Fully Verified,,1644.86,164486.07,1686.96,3239.26,323925.57,11.25,1124.55,23.96,2396.34,7.96,796.5,13.52,1351.8,21.58,2157.66,14.81,1480.77,17.46,1745.82,12.83,1283.4,14.14,1413.81,7.49,749.25,21.92,2191.86,38.32,3832.47,32.2,3220.47,71.51,7150.77,47.27,4727.43,33.63,3362.58,24.8,2480.13,20.22,2022.12,25.13,2512.71,17.69,1769.31,12.41,1241.1,7.94,793.89,498.05,0.3,1146.81,0.7,2,2,3
PO1000000301,"2020,2019,2021",SIME DARBY,SIME DARBY PLANTATION BHD,HADAPAN (SOU 24),RSPO Certified,"RSPO Certified, MB",3/31/23,1.76,103.45,"1.76216, 103.448669",MYS,Malaysia,Johor,Kulaijaya,1-Fully Verified,,84.1,8409.69,118.78,175.22,17522.28,3.22,321.57,4.9,489.51,1.22,122.22,2.94,294.3,2.66,266.4,3.3,329.58,3.47,347.4,1.32,132.21,3.39,339.3,0.82,81.9,3.02,301.77,1.46,146.25,3.27,326.61,3.57,357.48,3.67,367.38,4.74,473.67,3.43,342.9,1.54,153.99,2,200.34,1.05,104.85,1.67,166.95,1.33,132.66,57.99,0.69,26.1,0.31,3,4,3
PO1000000302,"2020,2021,2019",SIME DARBY,SIME DARBY PLANTATION BHD,CHERSONESE (SOU 2),RSPO Certified,"RSPO Certified, MB",3/31/23,4.98,100.46,"4.978457, 100.461902",MYS,Malaysia,Perak,Kerian,1-Fully Verified,,90.76,9075.51,154.64,519.6,51959.52,1.64,164.34,8.32,831.87,0.95,95.22,1.11,111.24,3.48,348.39,1.91,190.98,1.65,164.97,1.95,195.39,2.4,239.76,1.95,195.12,3.88,388.35,2.55,255.15,0.69,69.03,3.79,378.72,4.24,424.44,2.52,252.36,2.19,219.24,4.24,423.99,5.5,549.81,3.39,339.3,3.02,302.13,1.61,160.56,63,0.69,27.75,0.31,4,4,3
PO1000000304,"2020,2019,2021",SIME DARBY,SIME DARBY PLANTATION BHD,LAVANG (SOU 31),RSPO Certified,"RSPO Certified, IP",3/31/23,3.43,113.6,"3.4283333, 113.60028",MYS,Malaysia,Sarawak,Bintulu,1-Fully Verified,,244.81,24480.81,296.24,356.83,35683.02,6.21,621.36,1.32,132.3,2.67,266.76,2.16,215.55,6.7,670.23,23.22,2321.64,15.17,1516.68,12.46,1245.51,9.3,929.52,2.38,237.6,13.43,1343.34,29.05,2905.2,9.34,934.02,9.81,981.18,6.94,693.81,10.36,1035.81,14.16,1416.33,13.86,1386.27,19.59,1958.76,12.13,1213.38,5.91,590.58,10.14,1014.21,236.3,0.97,8.51,0.03,4,5,2
PO1000000305,"2020,2021,2019",SIME DARBY,SIME DARBY PLANTATION BHD,RAJAWALI (SOU 32),RSPO Certified,"RSPO Certified, IP",3/31/23,3.37,113.4,"3.372505, 113.400597",MYS,Malaysia,Sarawak,Bintulu,2-High Confidence,,481.05,48104.91,581.98,734.73,73473.03,6.28,627.84,8.59,858.78,5.95,595.35,23.62,2361.87,23.62,2362.32,12.93,1293.48,23.45,2345.49,33.2,3319.74,12.68,1267.92,5.97,597.24,11.84,1184.13,14.83,1483.02,17.56,1755.9,20.66,2065.68,16.12,1612.44,23.82,2381.85,21.95,2194.65,20.71,2070.81,18.87,1886.85,22.9,2289.69,10.65,1064.52,22.33,2233.26,378.53,0.79,102.52,0.21,4,4,3
PO1000000306,"2020,2019,2021",SIME DARBY,SIME DARBY PLANTATION BHD,DERAWAN (SOU 33),RSPO Certified,"RSPO Certified, MB",3/31/23,3.39,113.35,"3.390203, 113.345417",MYS,Malaysia,Sarawak,Bintulu,1-Fully Verified,,2.3,229.77,2.78,4.23,423.45,0,0,0,0,0,0,0,0,0,0,0,0,0,0,0,0,0,0.09,0,0,0,0,0,0,0.05,5.31,0.02,2.25,0,0,0.07,7.38,0,0,0.61,61.29,0.52,52.47,1.02,102.24,0,0,0,0,2.3,1,0,0,1,5,1
PO1000000307,"2021,2020,2019",SIME DARBY,SIME DARBY PLANTATION BHD,ULU REMIS (SOU 23),RSPO Certified,"RSPO Certified, IP",3/31/23,1.83,103.46,"1.834444, 103.4625",MYS,Malaysia,Johor,Keluang,1-Fully Verified,,129.63,12962.97,142.88,175.98,17598.42,6.44,644.04,8.03,802.89,2.62,262.17,6.87,686.52,3.61,360.54,8.11,811.35,6.16,616.14,3.73,373.41,5.29,528.57,3.02,302.4,9.99,998.64,4.25,424.53,6.39,638.73,11.02,1102.23,5.75,574.83,7.3,730.44,6.72,671.58,7.13,713.34,8.23,822.78,4.89,489.15,2.08,207.99,1.43,142.65,129.05,1,0.58,0,3,5,1
PO1000000314,"2020,2019,2021",SIME DARBY,TEGUH SEMPURNA,PEMANTANG,RSPO Certified,"RSPO Certified, IP",3/31/23,-2.15,112.29,"-2.148333, 112.292778",IDN,Indonesia,Kalimantan Tengah,Seruyan,1-Fully Verified,,179.53,17953.38,264.56,405.62,40562.37,1.56,155.79,3.19,318.51,2.14,214.11,10.34,1034.19,14.6,1459.71,35.31,3531.24,31.98,3197.88,12.7,1270.44,11.2,1120.32,7.17,716.67,11.7,1170.09,6.03,603,2.5,249.66,2.76,276.03,4.62,461.61,10.52,1052.01,6.4,640.44,3.65,364.77,3.65,365.31,5.44,544.05,1.73,172.62,2.13,212.94,179.53,1,0,0,3,5,1
PO1000000315,"2021,2020,2019",SIME DARBY,BAHARI GEMBIRA RIA,LADANG PANJANG,RSPO Certified,"RSPO Certified, MB",3/31/23,-1.79,103.79,"-1.791666, 103.791388",IDN,Indonesia,Jambi,Muaro Jambi,1-Fully Verified,,146.99,14698.98,170.86,419.34,41933.7,1.68,168.21,2.94,294.21,0.37,36.72,5.87,587.43,2.22,222.21,1.65,164.97,5.5,550.08,3.2,320.22,2.89,289.08,0,0,0.49,48.51,2.8,280.44,2.45,245.16,2.33,233.1,3.46,345.78,3.9,389.52,4.43,442.71,6.5,650.25,1.56,155.88,4.99,499.14,5.93,592.65,8.6,859.59,73.76,0.5,73.23,0.5,5,3,4
PO1000000316,"2020,2019",SIME DARBY,BINA SAINS CEMERLANG,SUNGAI PINANG,RSPO Certified,"RSPO Certified, MB",3/31/23,-2.99,103.41,"-2.985722, 103.406028",IDN,Indonesia,Sumatera Selatan,Musi Rawas,1-Fully Verified,,484.92,48492,579.67,726.48,72648.45,11.17,1117.26,5.99,599.22,1.66,166.23,11.76,1176.12,4.87,486.72,34.54,3453.93,2.46,245.7,16.29,1628.55,13.43,1342.89,11.45,1144.71,18.2,1819.62,54.09,5409.36,14.15,1414.8,28.66,2866.32,20.97,2096.73,28.91,2890.8,15.6,1560.15,16.13,1612.53,18.76,1876.14,25.4,2540.34,19.74,1974.06,31.25,3124.89,405.47,0.84,79.45,0.16,5,5,3
PO1000000317,"2020,2021,2019",SIME DARBY,ANEKA INTI PERSADA,TELUK SIAK,RSPO Certified,"RSPO Certified, MB",3/31/23,0.59,101.66,"0.591389, 101.658889",IDN,Indonesia,Riau,Siak,1-Fully Verified,,62.24,6223.5,119.08,129.65,12965.4,1.28,128.43,0.35,34.56,0.05,4.95,2.14,213.75,5.79,579.33,2.85,285.21,2.85,284.67,1.39,138.96,3.73,372.96,1.86,185.94,0.71,71.01,1.26,126.27,9.66,966.24,10.56,1055.52,8.25,825.21,6.13,612.9,11.02,1101.51,7.06,706.05,6.79,679.14,1.83,183.15,0.52,52.2,1.78,178.02,62.24,1,0,0,3,5,1
PO1000000318,"2020,2019,2021",SIME DARBY,BHUMIREKSA NUSA SEJATI,TELUK BAKAU,RSPO Certified,"RSPO Certified, IP",3/31/23,0.26,103.59,"0.2565, 103.588833",IDN,Indonesia,Riau,Indragiri Hilir,1-Fully Verified,,1306.63,130662.81,1569.72,6283.51,628351.38,24.69,2468.61,19.2,1920.42,8.78,878.4,26.45,2644.83,60.56,6055.83,10.85,1084.86,12.94,1293.66,11.03,1103.4,15.12,1511.82,17.31,1730.88,20.23,2022.75,28.8,2880.27,15.95,1594.98,82.49,8249.49,22.04,2203.83,53.25,5324.94,35.67,3566.61,33.14,3314.16,39.2,3920.04,28.12,2812.14,32.49,3249.09,15,1499.85,613.31,0.47,693.32,0.53,3,3,3
PO1000000319,"2020,2021,2019",SIME DARBY,BERSAMA SEJAHTERA SAKTI,GUNUNG ARU,RSPO Certified,"RSPO Certified, MB",3/31/23,-3.49,116.17,"-3.494722, 116.166667",IDN,Indonesia,Kalimantan Selatan,Kota Baru,1-Fully Verified,,1279.08,127908.36,1493.8,3515.9,351589.5,17.27,1726.74,27.61,2760.93,15.76,1576.44,31.35,3135.42,17.79,1779.48,27.91,2791.17,47.74,4773.78,16.17,1616.94,29.94,2993.76,9.91,991.35,21.04,2104.02,43.02,4302.09,30.82,3081.78,50.25,5024.79,63.99,6399,41.49,4148.91,42.04,4203.81,26.09,2609.1,26.48,2647.89,39.47,3946.86,4.65,464.67,9.61,960.66,640.4,0.5,638.69,0.5,2,3,3
PO1000000320,"2020,2019",SIME DARBY,GUTHRIE PECCONINA INDONESIA,"RANTAU PANJANG POM, PT GPI",RSPO Certified,"RSPO Certified, MB",3/31/23,-2.92,103.75,"-2.916183, 103.750833",IDN,Indonesia,Sumatera Selatan,Musi Banyuasin,1-Fully Verified,,1166.81,116681.31,1359.91,1927.57,192757.14,25.15,2514.51,12.77,1277.01,6.04,603.72,23.37,2336.58,15.94,1593.81,42.36,4236.03,9.2,919.8,67.15,6714.54,37.35,3735.27,25.96,2596.23,18.52,1852.11,124.41,12441.42,32.37,3237.3,40.59,4058.64,25.88,2587.86,37.42,3741.84,24.79,2479.14,25.4,2539.8,21.18,2117.79,21.24,2123.55,15.98,1598.4,29.24,2923.83,682.29,0.58,484.52,0.42,3,3,3
PO1000000321,"2020,2021,2019",SIME DARBY,INDOTRUBA TENGAH,SEKUNYIR,RSPO Certified,"RSPO Certified, MB",3/31/23,-2.44,112.01,"-2.444722, 112.006667",IDN,Indonesia,Kalimantan Tengah,Kotawaringin Barat,1-Fully Verified,,114.54,11453.76,216.66,539.74,53973.54,0.53,52.74,8.04,803.97,0.24,23.67,2.16,215.73,0.83,82.53,1.29,129.15,0.6,60.12,1.42,141.93,1.25,124.56,0.85,84.96,0.84,84.24,1.76,175.59,7.64,763.74,11.34,1134.36,5.5,549.9,3.35,334.53,1.27,126.99,1.14,113.76,5.46,546.21,3.24,323.82,9.03,902.79,3.12,312.03,70.87,0.62,43.66,0.38,5,3,4
PO1000000322,"2020,2019,2021",SIME DARBY,KRIDATAMA LANCAR,SUKAMANDANG,RSPO Certified,"RSPO Certified, IP",3/31/23,-2.06,112.32,"-2.06215, 112.315367",IDN,Indonesia,Kalimantan Tengah,Kotawaringin Timur,1-Fully Verified,,146.13,14613.12,219.71,389.77,38977.38,0.59,59.31,0.6,60.21,0.89,89.37,12.26,1226.07,15.38,1538.28,28.89,2888.91,14.09,1409.13,26.19,2619.18,9.32,932.22,4.39,439.02,4.13,412.83,1.63,162.72,0.74,74.07,1.19,118.71,0.74,73.62,6.63,663.3,8.76,875.52,2.38,237.78,3.87,387.36,6.11,611.28,1.54,153.54,2.01,201.15,146.13,1,0,0,3,5,1
PO1000000323,"2021,2020",SIME DARBY,LAGUNA MANDIRI,RANTAU FACTORY,RSPO Certified,"RSPO Certified, IP",3/31/23,-2.44,116.11,"-2.439167, 116.114167",IDN,Indonesia,Kalimantan Selatan,Kota Baru,1-Fully Verified,,150.92,15092.19,194.65,275.42,27541.62,2.44,243.9,2.31,230.76,0.31,31.05,6.71,671.22,6.87,687.24,7.96,796.23,4.56,455.94,0.55,54.9,6.18,618.48,1.96,195.75,1.75,175.14,1.19,118.71,2.04,203.85,6.75,675.36,4.58,458.28,9.1,909.54,9.13,913.32,7.4,739.98,6.94,694.26,4.81,480.69,17.88,1788.3,15.42,1541.7,126.85,0.84,24.08,0.16,5,5,5
PO1000000324,"2020,2021,2019",SIME DARBY,LANGGENG MUARA MAKMUR,BEBUNGA,RSPO Certified,"RSPO Certified, IP",3/31/23,-2.37,116.33,"-2.373611, 116.329722",IDN,Indonesia,Kalimantan Selatan,Kota Baru,1-Fully Verified,,637.59,63758.7,825.49,1210.78,121078.44,4.93,492.93,6.44,644.04,1.68,167.67,11.16,1116.36,22.36,2235.78,33.83,3383.01,23.04,2303.91,12.42,1242,31.18,3117.78,6.12,612.27,14.46,1446.48,25.09,2509.29,14.2,1419.75,19.59,1958.67,34.62,3462.12,60.27,6027.3,12.25,1224.9,16.81,1681.11,17.97,1797.3,9.49,949.41,17.16,1715.58,13.81,1381.23,408.89,0.64,228.7,0.36,4,4,3
PO1000000325,"2019,2021,2020",SIME DARBY,LADANGRUMPUN SUBURABADI,ANGSANA,RSPO Certified,"RSPO Certified, MB",3/31/23,-3.61,115.61,"-3.614333, 115.610833",IDN,Indonesia,Kalimantan Selatan,Tanah Bumbu,1-Fully Verified,,176.82,17681.76,213.7,204.29,20429.19,1.26,125.73,3.34,333.63,1.47,146.79,3.99,398.52,4.49,449.1,3.32,331.74,6.85,684.63,5.44,543.96,10.24,1024.11,3.89,389.34,10.96,1095.93,12.32,1231.83,17.24,1723.95,31.41,3140.91,32.05,3205.17,16.22,1621.8,4.64,464.4,6.23,623.16,8.62,861.75,2.33,232.65,4,399.69,2.86,286.02,176.82,1,0,0,3,5,1
PO1000000326,"2020,2021,2019",SIME DARBY,LAHAN TANI SAKTI,ALUR DUMAI,RSPO Certified,"RSPO Certified, IP",3/31/23,1.56,100.54,"1.561111, 100.541667",IDN,Indonesia,Riau,Rokan Hilir,1-Fully Verified,,78.7,7870.32,91.57,155.84,15583.77,0.16,16.02,0.88,88.47,0.09,8.64,1.87,186.84,4.22,421.56,2.83,282.78,1.22,122.49,1.51,151.02,7.35,735.03,1,100.44,0.44,43.83,2.96,295.83,2.91,291.42,2.51,250.56,3.37,337.14,7.19,719.37,3.75,374.58,4.19,419.22,0.56,56.43,0.82,82.08,1.77,177.12,0.76,75.96,52.37,0.67,26.33,0.33,3,4,3
PO1000000327,"2019,2021,2020",SIME DARBY,PARIPURNA SWAKARSA,PONDOK LABU,RSPO Certified,"RSPO Certified, IP",3/31/23,-2.48,116.51,"-2.481389, 116.5125",IDN,Indonesia,Kalimantan Selatan,Kota Baru,1-Fully Verified,,134.91,13491.18,220.33,434,43399.53,4.29,429.12,8.11,810.63,0.66,65.79,2.5,249.75,2.08,207.63,1.95,195.3,6.69,668.7,1.48,148.23,4.72,472.32,0.41,41.22,6.04,603.54,5.54,553.86,4.51,451.08,3.82,381.6,2,200.16,6.43,642.78,8.24,824.04,11.3,1130.04,11.92,1191.6,4.05,405.36,4.89,489.15,1.09,108.81,102.71,0.76,32.2,0.24,3,4,3
PO1000000328,2021,SIME DARBY,SWADAYA ANDIKA,SELABAK,Not RSPO Certified,,3/31/23,-2.51,116.21,"-2.507222, 116.206389",IDN,Indonesia,Kalimantan Selatan,Kota Baru,1-Fully Verified,,150.79,15079.05,230.53,336.28,33627.6,1.12,112.5,2.27,226.89,0.32,31.68,1.46,145.71,0.99,99.18,3.49,348.66,1.63,162.9,0.81,81.36,6.94,693.9,1.24,124.2,1.03,102.6,1.74,174.33,3.24,323.73,6.2,620.46,8.86,886.14,16.42,1641.78,12.78,1278.09,10.56,1055.52,11.03,1103.4,6.21,620.55,21.26,2126.34,21.38,2137.68,140.98,0.93,9.81,0.07,5,5,5
PO1000000330,"2021,2019,2020",SIME DARBY,TUNGGAL MITRA PLANTATIONS,MANGGALA,RSPO Certified,"RSPO Certified, IP",3/31/23,1.52,100.73,"1.520525, 100.7319",IDN,Indonesia,Riau,Rokan Hilir,1-Fully Verified,,366.56,36656.37,420.71,641.53,64153.26,1.88,188.28,3.65,365.04,3.04,304.11,3.72,371.61,11.64,1163.7,16.04,1603.62,13.77,1377.27,16.84,1684.17,19.69,1969.11,14.32,1432.08,4.26,425.97,19.61,1960.56,19.39,1938.51,15.68,1567.89,8.48,847.8,34.44,3444.48,16.67,1667.16,13.14,1313.73,5.88,587.52,5.17,516.6,6.61,661.05,6.73,672.66,260.63,0.71,105.93,0.29,3,4,3
PO1000000331,"2020,2019,2021",SIME DARBY,TAMACO GRAHA KRIDA,UNGKAYA,RSPO Certified,"RSPO Certified, MB",3/31/23,-2.22,121.56,"-2.222778, 121.563611",IDN,Indonesia,Sulawesi Tengah,Morowali,1-Fully Verified,,632.02,63202.5,625.49,967.8,96779.79,0.96,96.03,7.64,764.01,2.06,205.65,7.43,742.86,1.58,157.68,1.62,161.64,1.1,110.16,0.51,51.48,3.89,388.53,2.7,269.82,1.28,127.62,13.13,1313.46,7.31,730.53,8.8,880.2,8.69,868.59,10.58,1058.31,6.66,666.36,5.91,590.76,6.97,696.6,16.26,1625.67,1.2,120.42,2.42,242.37,118.69,0.19,513.34,0.81,1,1,3
PO1000000338,"2020,2021,2019",BOUSTEAD PLANTATIONS BERHAD,BOUSTEAD PLANTATIONS BHD,SUNGAI JERNIH,RSPO Certified,"RSPO Certified, IP",3/31/23,3.34,103.1,"3.337, 103.099972",MYS,Malaysia,Pahang,Pekan,1-Fully Verified,,35.02,3501.72,35.26,48.2,4820.22,0.07,6.93,0.05,5.4,0.4,40.32,0.04,3.96,0.32,31.95,0.17,16.74,3.13,312.84,2.3,230.13,3.9,389.97,8.55,855,3.4,339.84,0.73,73.08,0.93,92.7,1.71,170.55,0.29,29.07,0.37,36.54,0.09,8.55,0.6,60.03,0.78,78.39,0.51,51.12,1.12,112.05,0.15,15.03,29.6,0.85,5.42,0.15,3,5,3
PO1000000340,"2020,2019,2021",KERESA PLANTATIONS SDN BHD,KERESA MILL SDN BHD,KERESA,RSPO Certified,"RSPO Certified, MB",3/31/23,3.16,113.6,"3.164113, 113.600176",MYS,Malaysia,Sarawak,Bintulu,1-Fully Verified,,1616.5,161649.54,1574.59,2563.76,256375.8,10.71,1070.64,8.95,894.96,29.38,2938.05,85.43,8543.34,40.27,4027.32,38.44,3843.54,106.42,10642.14,83.37,8337.33,130.79,13079.43,34.67,3466.62,31.23,3123.45,50.84,5084.01,30.03,3003.39,32.68,3268.35,13.37,1336.68,15.68,1567.8,24.83,2482.65,42.4,4240.26,32.95,3294.54,27.58,2757.96,27.36,2736.27,33.65,3364.92,931.04,0.58,685.46,0.42,3,3,3
PO1000000345,"2020,2021,2019",ROYAL GOLDEN EAGLE,INTI INDOSAWIT SUBUR,TUNGKAL ULU,Not RSPO Certified,,3/31/23,-1.3,102.98,"-1.301383, 102.97935",IDN,Indonesia,Jambi,Tanjung Jabung B,3-Low Confidence,,452.84,45283.5,460.57,960.04,96003.63,6.23,623.07,8.11,811.35,3.7,370.08,9.17,917.1,4.07,406.98,13.23,1323.36,9.18,917.73,50.8,5080.05,31.46,3146.31,5.93,592.92,9.87,987.03,15.76,1576.17,11.89,1189.35,9.28,927.54,11.78,1178.1,18.91,1891.35,19.99,1998.54,16.12,1611.63,20.7,2070.36,13.53,1352.61,26.75,2674.89,21.6,2160.18,338.07,0.75,114.77,0.25,5,4,4
PO1000000347,"2020,2019,2021",SIME DARBY,SIME DARBY PLANTATION BHD,KEMPAS (SOU 17),RSPO Certified,"RSPO Certified, IP",3/31/23,2.24,102.48,"2.243522, 102.481386",MYS,Malaysia,Melaka,Jasin,1-Fully Verified,,272.21,27220.68,437.59,634.44,63444.42,6.58,657.9,4.36,435.96,2.91,290.88,3.06,306.45,7.83,782.64,5.71,571.14,8.74,874.35,6.11,611.28,9.07,906.93,2.13,213.03,14.61,1460.61,7.35,735.21,5.9,589.68,14.68,1467.63,12.06,1206.45,18.95,1895.04,14.32,1432.17,7.72,771.66,12.02,1202.49,10.5,1050.21,9.28,928.44,6.51,650.79,190.41,0.7,81.8,0.3,4,4,3
PO1000000352,"2021,2019,2020",SOCFIN,SOCFIN INDONESIA,TANAH GAMBUS,RSPO Certified,"RSPO Certified, IP",3/31/23,3.2,99.4,"3.204167, 99.403889",IDN,Indonesia,Sumatera Utara,Batu Bara,1-Fully Verified,,78.31,7831.44,158.12,335.73,33572.88,5.68,567.99,1.08,107.91,1.63,163.44,3.39,338.58,3.31,330.57,3.3,330.21,1.93,192.6,1.07,107.01,7.6,759.87,6.78,677.7,2.79,279.27,3.25,324.99,1.65,164.61,1.91,190.89,3.72,371.52,3.6,359.82,2.59,259.29,6.81,680.58,1.73,172.62,1.55,155.07,0.81,81.45,1.25,125.46,67.41,0.86,10.9,0.14,3,5,2
PO1000000354,"2020,2019,2021",DHARMA SATYA NUSANTARA (DSN),SWAKARSA SINAR SENTOSA,PKS-1,RSPO Certified,"RSPO Certified, MB",3/31/23,1.12,116.85,"1.124295, 116.851821",IDN,Indonesia,Kalimantan Timur,Kutai Timur,1-Fully Verified,,94.27,9426.6,168.38,231.48,23148.45,3.66,365.67,2.53,252.99,0.66,66.15,1.7,169.92,12.65,1264.95,19.44,1944.09,1.45,144.63,0.56,55.89,3.45,345.15,1.82,182.34,3.9,390.06,2.35,234.81,0.91,90.54,3.28,327.96,1.17,116.64,3.64,363.87,0.81,80.55,0.31,30.96,0.67,66.87,0.67,66.69,0.29,29.07,1.09,108.63,66.98,0.71,27.28,0.29,2,4,2
PO1000000355,"2021,2020,2019",MUSIM MAS,MUSIM MAS HOLDINGS PTE LTD,PANGKALAN LESUNG,RSPO Certified,"RSPO Certified, IP",3/31/23,-0.05,102.08,"-0.05, 102.075",IDN,Indonesia,Riau,Pelalawan,2-High Confidence,,123.56,12356.28,220.83,289.6,28960.02,12.5,1249.56,2.2,220.5,0.05,4.95,10.03,1003.14,2.74,274.32,0,0.09,1.45,145.44,1.78,177.57,0.3,29.88,2.89,288.63,3.29,328.59,0.98,98.46,11.48,1148.04,14.1,1410.12,10.89,1088.55,21.75,2175.03,8.13,813.15,6.6,659.61,3.48,348.03,1.7,169.92,9.83,982.8,8.45,844.56,123.56,1,0,0,5,5,3
PO1000000382,"2019,2021,2020",ROYAL GOLDEN EAGLE,INTI INDOSAWIT SUBUR,BUATAN II,RSPO Certified,"RSPO Certified, MB",3/31/23,0.46,101.87,"0.460000, 101.867361",IDN,Indonesia,Riau,Pelalawan,1-Fully Verified,,1115.02,111501.54,1080.51,1979.98,197998.11,76.91,7691.49,96.7,9670.32,4.57,457.02,138.62,13861.89,60.09,6009.39,7.82,781.65,70.82,7082.01,73.93,7393.41,24.86,2485.98,28,2800.08,24.71,2470.95,36.48,3647.88,26.66,2666.34,30.75,3075.03,4.86,486,23.05,2304.63,10.62,1062,12.88,1288.08,12.38,1237.59,9.06,906.39,9.67,966.6,6.47,647.28,789.92,0.71,325.1,0.29,2,4,2
PO1000000411,"2020,2021,2019",KUALA LUMPUR KEPONG (KLK),ADEI PLANTATION AND INDUSTRY,MANDAU,RSPO Certified,"RSPO Certified, IP, MB",3/31/23,1.08,101.33,"1.081944, 101.333361",IDN,Indonesia,Riau,Bengkalis,1-Fully Verified,,949.5,94950.18,1022.67,1553.81,155381.04,16.97,1697.22,31.02,3102.12,11.12,1112.13,49.7,4969.53,35.83,3582.99,48.84,4883.76,40.05,4004.64,57.11,5710.95,63.63,6362.91,44.47,4446.63,22.44,2244.42,38.41,3841.02,27.88,2788.29,41.33,4132.53,15.18,1517.67,16.06,1606.05,11.57,1156.59,9.54,953.55,7.47,747.27,6.03,602.82,7.87,787.41,5.12,512.46,607.63,0.64,341.87,0.36,2,4,3
PO1000000427,"2019,2020,2021",KUALA LUMPUR KEPONG (KLK),KL-KEPONG (SABAH) SDN BHD,PINANG,RSPO Certified,"RSPO Certified, IP",3/31/23,4.45,118.28,"4.450414, 118.278194",MYS,Malaysia,Sabah,Semporna,1-Fully Verified,,147.34,14734.26,181.19,273.59,27359.37,1.67,167.04,1.28,128.43,0.57,56.7,6.65,664.92,4.51,451.35,9.76,975.87,2.29,229.41,6.23,622.8,2.69,269.1,5.9,589.77,2.52,252.45,7.13,713.07,4.87,487.26,3.46,346.14,3.01,301.41,1.93,192.87,4.71,471.06,6.69,669.33,4.18,418.41,10.65,1065.15,6.55,654.93,4.75,475.29,102.03,0.69,45.32,0.31,5,4,3
PO1000000428,"2020,2021,2019",KUALA LUMPUR KEPONG (KLK),KL-KEPONG (SABAH) SDN BHD,MILL 2,RSPO Certified,"RSPO Certified, IP",3/31/23,4.46,118.22,"4.4550861, 118.223825",MYS,Malaysia,Sabah,Tawau,1-Fully Verified,,36.29,3628.89,41.07,47.73,4772.97,0.36,36,0.51,50.94,0.11,11.25,1.71,170.91,1.03,103.32,3.4,339.66,2.21,220.77,0.59,59.49,2.26,225.63,3.13,313.02,0.46,46.26,0.82,81.63,4.16,416.25,6.13,613.26,1.73,173.43,0.6,59.58,0.1,10.17,0.65,65.34,0.14,14.49,0.04,3.69,1.47,146.88,0.4,39.78,32.02,0.88,4.27,0.12,4,5,3
PO1000000451,"2019,2020,2021",SOCFIN,SOCFIN INDONESIA,BANGUN BANDAR MILL,RSPO Certified,"RSPO Certified, IP",3/31/23,3.33,99.04,"3.33166, 99.043333",IDN,Indonesia,Sumatera Utara,Serdang Bedagai,1-Fully Verified,,82.1,8210.34,133.8,292.07,29207.34,4.72,472.5,1.58,158.31,2.17,216.81,4.02,402.21,1.16,115.74,2.24,223.92,1.29,128.52,1.63,163.35,4.71,470.88,2.51,250.65,1.69,169.11,3.52,352.35,2.57,256.86,3.9,390.24,4.93,492.57,4.5,449.55,3.77,377.19,5.34,533.52,3.71,370.53,4.1,410.22,4.17,417.24,2.55,254.88,70.77,0.86,11.33,0.14,5,5,3
PO1000000505,"2020,2021",KECK SENG (M) BERHAD,KECK SENG (M) BHD,MASAI,RSPO Certified,"RSPO Certified, MB",3/31/23,1.54,103.96,"1.540525, 103.964953",MYS,Malaysia,Johor,Johor Baharu,1-Fully Verified,,177.34,17733.87,342.28,777.86,77786.28,1.7,169.92,6.19,619.2,2.19,218.52,5.57,557.46,6.98,698.13,8.96,895.59,2.49,249.12,3.06,305.73,13.02,1302.3,7.12,712.17,1.74,174.24,4.26,426.06,1.79,179.37,7.19,718.92,5.61,561.06,7.09,708.93,8.83,882.9,8.62,862.02,12.74,1274.04,2.43,242.73,3.41,340.74,0.71,71.01,121.7,0.69,55.64,0.31,3,4,3
PO1000000514,"2020,2019",FGV HOLDINGS BERHAD,FGV PALM INDUSTRIES SDN BHD,JENGKA 3,Not RSPO Certified,,3/31/23,3.69,102.59,"3.6946583, 102.594722",MYS,Malaysia,Pahang,Maran,1-Fully Verified,,288.33,28832.85,329.4,569.96,56995.92,11.05,1104.57,5.32,531.81,0.96,96.03,2.86,286.2,3.69,369.18,1.92,192.15,1.07,107.01,1.91,190.98,0.73,72.9,1.26,125.64,0.54,53.73,4.56,455.67,1.53,153.27,2.62,261.72,7.38,737.91,6.34,633.96,1.35,135,6.8,679.86,3.35,335.16,4.2,419.67,7.83,783.36,4.97,497.34,82.23,0.29,206.1,0.71,3,2,4
PO1000000524,"2019,2020,2021",JC CHANG (PTE) LTD,ASIA OIL PALM SDN BHD,ASIA,RSPO Certified,"RSPO Certified, MB",3/31/23,5.29,118.21,"5.292781, 118.206817",MYS,Malaysia,Sabah,Kinabatangan,1-Fully Verified,,168.8,16879.77,187.44,268.63,26862.57,0.05,5.49,0.04,4.05,0.01,0.54,0.02,2.16,0.08,7.83,0.02,1.71,0.04,3.51,0.12,12.15,0.01,0.99,2.2,220.14,0.15,14.67,0.14,14.31,0.63,63.09,2.92,291.78,18.78,1878.39,9.98,997.65,9.4,940.05,11.38,1137.78,21.13,2113.29,13.69,1369.44,16.76,1675.62,10.95,1095.21,118.5,0.7,50.3,0.3,5,4,5
PO1000000527,"2021,2020,2019",JC CHANG (PTE) LTD,MELEWAR PROPERTIES SDN BHD,MELEWAR,RSPO Certified,"RSPO Certified, MB",3/31/23,5.27,118.05,"5.272222, 118.053444",MYS,Malaysia,Sabah,Kinabatangan,1-Fully Verified,,89.16,8915.76,107.51,211.33,21132.63,0.72,72.18,0.43,42.57,0.12,12.33,1.13,112.77,0.85,85.41,0.65,64.62,0.25,25.38,0.62,61.56,3.06,306.45,9.98,998.28,2.11,210.51,3.08,308.43,5.76,576.18,9.13,913.14,6.36,635.94,3.92,391.59,6.7,669.87,3.08,307.62,5.45,545.04,0.22,21.96,1.19,119.25,5.73,572.67,70.54,0.79,18.62,0.21,5,4,3
PO1000000530,2021,ANJ GROUP,"AUSTINDO NUSANTARA JAYA AGRI ",AUSTINDO NUSANTARA JAYA AGRI BINANGA,RSPO Certified,"RSPO Certified, MB",3/31/23,1.48,99.96,"1.479483, 99.957167",IDN,Indonesia,Sumatera Utara,Padang Lawas Utara,2-High Confidence,,80.6,8059.77,218.11,428.25,42824.52,0.43,43.38,0.36,35.91,0.11,10.53,1.27,127.44,1.14,114.21,0.74,74.07,0.71,71.28,0.89,88.74,6.14,613.53,0.99,99.27,4.97,497.43,0.38,37.98,2.18,218.34,2.96,296.28,1.89,188.91,2.59,259.38,1.49,148.95,8.35,835.29,7.99,799.11,5.57,557.46,12.58,1257.57,11.06,1106.1,74.81,0.93,5.79,0.07,5,5,5
PO1000000540,"2021,2020,2019",IOI CORPORATION,SYARIMO SDN BHD,SYARIMO,RSPO Certified,"RSPO Certified, IP",3/31/23,5.33,117.78,"5.334037, 117.781334",MYS,Malaysia,Sabah,Kinabatangan,1-Fully Verified,,224.41,22441.32,280.87,785.55,78554.52,13.12,1312.11,0.87,87.48,1.28,128.25,3.47,347.22,0.73,73.44,1.13,112.86,0.42,41.85,0.85,84.78,1.27,126.99,0.6,59.94,0.45,45.45,0.96,95.58,1.93,193.14,3.34,334.35,1.73,172.98,1.79,179.37,6.03,603.45,11.46,1145.88,15.77,1577.34,4.97,497.25,3.34,334.17,13.74,1373.76,89.28,0.4,135.14,0.6,5,3,4
PO1000000541,"2019,2021,2020",IOI CORPORATION,LADANG SABAH SDN BHD,LADANG SABAH,RSPO Certified,"RSPO Certified, IP",3/31/23,5.73,117.58,"5.729989, 117.57775",MYS,Malaysia,Sabah,Beluran,1-Fully Verified,,80.91,8091.45,95.36,119.34,11934.18,0.15,15.21,0.17,16.74,0.12,12.24,0.33,33.12,0.13,13.23,0.54,54.27,0.11,10.71,0.08,7.92,0.19,19.35,0.36,36.36,0.06,5.85,0.21,20.61,1.72,172.08,4.3,430.29,7.76,775.53,6.76,676.08,6.97,696.51,7.43,743.49,10.38,1038.33,9.91,991.35,2.24,223.74,8.17,817.38,68.1,0.84,12.81,0.16,5,5,4
PO1000000553,2020,SUNGAI BUDI,TUNAS BARU LAMPUNG,PT TUNAS BARU LAMPUNG TBK,Not RSPO Certified,,3/31/23,-2.91,104.91,"-2.9059216, 104.913874",IDN,Indonesia,Sumatera Selatan,Banyu Asin,1-Fully Verified,,56.92,5691.69,104.21,184.51,18451.44,0.31,30.96,1.05,105.48,1.07,107.37,1.75,174.87,2.59,259.38,8.93,893.16,6.23,622.53,5.02,502.38,4.15,415.08,1.68,168.21,0.27,27.36,4.26,425.61,0.68,68.13,1.89,188.64,1.83,182.97,3.96,395.91,1.83,183.15,2.3,229.95,1.43,143.01,2.91,290.79,1.13,113.31,1.26,125.91,56.54,0.99,0.38,0.01,3,5,1
PO1000000560,"2020,2021,2019",WILMAR GROUP,PERKEBUNAN MILANO,PINANG AWAM,RSPO Certified,"RSPO Certified, MB",3/31/23,1.84,100.2,"1.842826, 100.203138",IDN,Indonesia,Sumatera Utara,Labuhanbatu Selatan,1-Fully Verified,,35.96,3596.04,45.83,90,9000.18,1.15,114.57,0.15,14.58,0.61,60.66,0.19,19.35,0.21,20.52,0.04,4.32,0.15,14.94,0.18,18.45,0.12,11.61,0.12,12.06,0.48,48.33,0.34,33.84,1.17,117.36,0.65,64.98,0.47,46.71,0.68,68.31,1.71,171.09,2.08,207.9,3.93,393.39,3.6,360.45,0.76,75.87,1.45,145.44,20.25,0.56,15.71,0.44,4,3,3
PO1000000561,"2019,2020,2021",WILMAR GROUP,KENCANA SAWIT INDONESIA,KENCANA SAWIT INDONESIA,RSPO Certified,"RSPO Certified, MB",3/31/23,-1.47,101.51,"-1.46778, 101.514439",IDN,Indonesia,Sumatera Barat,Solok Selatan,1-Fully Verified,,1099.83,109983.15,1142.93,2722.36,272235.69,4.73,472.95,2.13,213.12,3.3,329.58,2.74,273.87,2.54,253.62,5.76,576.36,4.22,421.74,5.07,507.42,3.65,365.13,2.12,212.04,8.25,825.48,5.18,518.31,6.76,676.17,13.86,1386.27,10.3,1030.05,21.86,2185.65,36.14,3614.49,25.69,2569.41,24.52,2452.5,25.68,2568.33,39.73,3972.78,37.31,3730.77,291.56,0.27,808.27,0.73,5,2,4
PO1000000562,"2020,2021,2019",WILMAR GROUP,TANIA SELATAN,BURNAI TIMUR,RSPO Certified,"RSPO Certified, MB",3/31/23,-3.63,104.87,"-3.627, 104.869467",IDN,Indonesia,Sumatera Selatan,Ogan Komering Ilir,1-Fully Verified,,498.56,49855.86,793.74,1081.98,108197.55,2.47,246.78,3.16,315.99,3.44,344.16,6.26,626.13,7.07,706.68,15.91,1591.11,18.7,1870.2,6.65,665.28,12.11,1211.13,8.81,881.28,6.61,660.6,24.43,2443.23,8.73,872.55,17.95,1795.05,30.2,3020.31,24.01,2401.29,19.22,1922.31,12.52,1251.63,21.18,2117.7,23.77,2376.81,20.84,2083.5,13.67,1367.37,307.71,0.62,190.85,0.38,5,3,3
PO1000000567,2020,SALIM GROUP,SALIM IVOMAS PRATAMA,KAYANGAN,Not RSPO Certified,,3/31/23,1.66,100.59,"1.66325, 100.59025",IDN,Indonesia,Riau,Rokan Hilir,1-Fully Verified,,113.71,11370.78,113.84,225.9,22590.36,0.42,42.03,0.26,25.83,0.04,3.6,3.98,397.53,2.07,206.73,0.17,16.65,0.35,35.37,0.16,15.84,0.35,34.92,0.17,17.37,0.1,9.54,0.11,11.43,0.03,2.79,0.12,11.7,0.23,23.49,4.97,497.34,5.98,597.51,15.07,1507.14,5.89,589.41,1.86,186.12,0.51,50.58,3.52,351.72,46.35,0.41,67.36,0.59,3,3,3
PO1000000576,2020,FGV HOLDINGS BERHAD,FGV PALM INDUSTRIES SDN BHD,BUKIT MENDI,Not RSPO Certified,,3/31/23,3.21,102.3,"3.205803, 102.303442",MYS,Malaysia,Pahang,Bera,1-Fully Verified,,108.48,10848.06,152.83,270.37,27036.54,5.48,547.65,2.28,227.61,0.31,31.41,1.73,173.16,2.67,266.85,0.53,53.37,1.4,140.22,0.34,33.84,3.82,381.6,2.76,275.76,3.46,345.51,6.94,694.26,1.06,105.57,1.85,185.49,1.26,126.18,3.3,330.39,3.46,346.5,3.38,337.5,4.59,458.55,14.6,1459.89,4.05,405.36,7.44,744.12,76.71,0.71,31.77,0.29,5,4,4
PO1000000600,"2020,2021,2019",WILMAR GROUP,SARANA TITIAN PERMATA,SARANA TITIAN PERMATA PKS 1,Not RSPO Certified,,3/31/23,-2.89,112.54,"-2.894444, 112.543611",IDN,Indonesia,Kalimantan Tengah,Seruyan,1-Fully Verified,,913.14,91314.36,1256.47,2281.95,228195.36,0.98,97.83,5.46,546.03,11.32,1132.02,7.93,792.99,4.78,477.9,57.53,5753.16,67.78,6777.63,19.76,1976.13,5.25,525.33,0.6,60.21,11.81,1180.62,4.79,479.34,1.08,108.09,4.53,452.79,16.42,1641.6,80.5,8050.14,20.49,2049.3,14.85,1485,35.02,3501.99,3.7,369.63,0.96,95.58,2.15,214.83,377.68,0.41,535.46,0.59,1,3,3
PO1000000601,"2021,2020",WILMAR GROUP,AMP PLANTATION,AMP PLANTATION,RSPO Certified,"RSPO Certified, MB",3/31/23,-0.15,100.03,"-0.154717, 100.029167",IDN,Indonesia,Sumatera Barat,Agam,1-Fully Verified,,256.74,25674.21,332.45,703.16,70315.74,2.22,221.76,2.23,222.66,1.61,160.83,4.14,414.36,3.61,360.72,4.66,465.57,4.4,439.92,5.1,510.39,7.1,710.28,2.46,246.06,4.41,441,3.36,336.06,2.32,231.66,4.09,408.78,7.94,794.43,9.38,937.62,2.72,271.89,13.25,1325.16,3.85,384.57,1.77,176.67,3.9,389.52,3.08,307.89,97.58,0.38,159.16,0.62,3,3,3
PO1000000603,"2020,2019",FGV HOLDINGS BERHAD,FGV PALM INDUSTRIES SDN BHD,SEROJA,Not RSPO Certified,,3/31/23,3.59,102.56,"3.590383, 102.55915",MYS,Malaysia,Pahang,Maran,1-Fully Verified,,223.41,22341.24,262.96,649.68,64968.39,8.66,865.89,9.23,922.95,42.95,4294.89,11.97,1196.55,14.18,1417.77,6.55,654.93,7.24,723.96,2.52,251.64,1.56,156.24,3.81,381.42,1.16,115.74,6.49,648.63,5.93,593.28,4.15,414.9,3.37,336.87,12.18,1218.24,2.78,278.28,3.13,313.2,1.46,145.71,4.27,427.32,3.49,348.84,5.17,516.87,162.24,0.73,61.17,0.27,3,4,3
PO1000000607,"2019,2020",FGV HOLDINGS BERHAD,FGV PALM INDUSTRIES SDN BHD,JENGKA 21,RSPO Certified,"RSPO Certified, MB",3/31/23,3.74,102.49,"3.740236, 102.489625",MYS,Malaysia,Pahang,Maran,1-Fully Verified,,289.31,28930.68,330.07,660.4,66039.75,27.69,2769.48,18.92,1891.98,26.98,2698.38,18.34,1833.57,7.75,775.35,6.51,651.24,6.88,687.6,6.63,662.85,10.49,1048.86,7.74,773.82,9.98,997.83,13.99,1399.05,5.28,527.85,18.76,1875.69,6.8,679.86,10.09,1009.35,4.34,434.07,5.37,536.67,4.06,405.54,3.23,323.1,3.66,365.85,2.15,215.46,225.63,0.78,63.67,0.22,3,4,2
PO1000000614,"2020,2021,2019",UNIVANICH PALM OIL,UNIVANICH PALM OIL PUBLIC COMPANY LTD,LAMTHAP MILL,RSPO Certified,"RSPO Certified, MB",3/31/23,8,99.33,"8.000322, 99.330686",THA,Thailand,Krabi,Lam Thap,1-Fully Verified,,1042.42,104241.87,1526.07,2393.85,239385.42,9.11,911.16,18.2,1819.89,18.7,1870.02,30.18,3018.06,22.44,2244.15,25.91,2591.19,14.86,1486.35,21.72,2172.33,27.25,2725.2,41.06,4105.8,19.89,1989.36,17.3,1729.98,21.63,2163.06,42.29,4229.19,42.76,4275.54,53.53,5353.47,72.98,7297.92,47.68,4768.47,42.22,4221.9,43.97,4396.59,39.22,3921.75,33.81,3380.76,706.72,0.68,335.7,0.32,5,4,3
PO1000000638,"2020,2021,2019",KUALA LUMPUR KEPONG (KLK),SEKARBUMI ALAMLESTARI,TAPUNG KANAN,RSPO Certified,"RSPO Certified, MB",3/31/23,0.76,101.22,"0.757222, 101.219722",IDN,Indonesia,Riau,Kampar,1-Fully Verified,,223.9,22390.38,283.05,603.47,60346.62,2.5,250.29,1.81,180.9,7.95,794.79,16.05,1604.79,10.28,1028.25,8.58,858.24,2.64,263.52,3.11,310.59,10.59,1059.39,7.59,758.79,0.94,93.69,3.66,366.12,0.68,68.22,1.74,173.97,2.44,244.17,2.69,269.37,2.84,284.31,2.56,256.23,0.93,92.61,0.42,41.67,1.14,113.76,0.27,26.55,91.4,0.41,132.5,0.59,1,3,3
PO1000000674,"2019,2020",FGV HOLDINGS BERHAD,FGV PALM INDUSTRIES SDN BHD,PADANG PIOL,Not RSPO Certified,,3/31/23,4.02,102.39,"4.023889, 102.388333",MYS,Malaysia,Pahang,Jerantut,1-Fully Verified,,1813.03,181302.75,1712.6,3358.06,335806.38,14.21,1420.65,16.93,1692.9,6.75,674.73,6.98,697.59,14.18,1417.59,10.07,1007.1,4.44,443.97,6.56,655.92,8.51,850.59,10.29,1029.24,7.69,768.51,15.8,1580.49,11.8,1180.08,20.86,2086.02,32.17,3217.14,65.33,6532.83,75.36,7536.15,47.78,4777.83,29.81,2981.16,12.72,1271.97,13.36,1335.87,14.66,1465.65,446.24,0.25,1366.79,0.75,2,1,3
PO1000000694,"2020,2021,2019",UNIVANICH PALM OIL,UNIVANICH PALM OIL PUBLIC COMPANY LTD,TOPI MILL,RSPO Certified,"RSPO Certified, IP",3/31/23,8.58,98.92,"8.578792, 98.920751",THA,Thailand,Surat Thani,Prasaeng,1-Fully Verified,,188.6,18860.31,217.94,360.53,36053.19,3.23,323.01,2.98,297.54,1.28,127.89,3.96,396,2.74,274.5,4.21,421.02,3.64,364.5,0.35,34.83,12.8,1279.53,5.97,596.7,1.91,190.62,3.71,371.16,4.17,417.06,5.61,560.7,3.7,370.44,4.76,476.28,8.07,806.67,4.3,429.57,4.2,419.76,3.61,360.54,5.56,555.75,3.46,346.41,94.2,0.5,94.4,0.5,4,3,3
PO1000000695,"2020,2021,2019",UNIVANICH PALM OIL,UNIVANICH PALM OIL PUBLIC COMPANY LTD,SIAM MILL,RSPO Certified,"RSPO Certified, MB",3/31/23,8.39,98.73,"8.385622, 98.729131",THA,Thailand,Krabi,Ao Luk,1-Fully Verified,,97.99,9798.93,125.21,188.73,18873.27,1.73,172.71,2.44,243.63,1.54,154.26,1.9,189.9,1.78,178.02,2.48,247.77,3.62,361.98,1.49,149.49,5.16,516.06,2.92,292.41,0.98,97.56,1.47,147.24,2.14,213.57,3.3,330.03,2.9,289.8,3.72,371.52,4.73,473.49,2.76,276.03,2.45,244.71,1.57,156.51,2.68,267.57,1.55,154.71,55.29,0.56,42.7,0.44,3,3,3
PO1000000706,"2019,2020,2021",SIME DARBY,PERKASA SUBUR SAKTI,BLANG SIMPO,RSPO Certified,"RSPO Certified, MB",3/31/23,4.71,97.84,"4.70789, 97.838433",IDN,Indonesia,Aceh,Aceh Timur,1-Fully Verified,,250.96,25096.32,402.1,865.91,86590.8,1.58,157.86,0.54,53.82,0.23,22.59,0.79,78.84,0.78,78.03,0.42,42.03,0.96,96.12,0.34,34.2,2.87,287.28,3.42,341.91,3.47,346.68,13.62,1361.88,11.06,1106.01,16.76,1675.8,14.56,1456.38,10.65,1065.06,10.64,1063.89,10.9,1089.81,4.64,463.86,5.45,544.77,2.43,243.18,3.92,392.4,120.02,0.48,130.94,0.52,3,3,3
PO1000000762,"2020,2019",FGV HOLDINGS BERHAD,FGV PALM INDUSTRIES SDN BHD,TRIANG,RSPO Certified,"RSPO Certified, MB",3/31/23,3.27,102.58,"3.27, 102.577",MYS,Malaysia,Pahang,Bera,1-Fully Verified,,148.11,14811.03,198.17,341.03,34102.53,2.43,243,10.22,1022.04,1.31,131.31,2.89,288.81,9.53,953.19,5.55,555.12,4.3,429.57,3.07,306.81,3.65,365.31,4.19,418.68,2.85,284.58,19.43,1943.37,8.19,818.55,9.11,910.89,12.17,1216.98,16.16,1615.95,5.03,502.92,4.4,439.74,3.52,352.35,2.57,256.68,2.62,262.08,1.33,133.2,134.51,0.91,13.6,0.09,3,5,2
PO1000000819,2020,NATURAL HABITATS GROUP,EXTRACTORA NATURAL S.A. EXTRANATU,EXTRACTORA NATURAL S.A. EXTRANATU,RSPO Certified,"RSPO Certified, IP",3/31/23,0.68,-79.54,"0.678301, -79.539845",ECU,Ecuador,Esmeraldas,Esmeraldas,1-Fully Verified,,4023.85,402384.96,3973.36,7250.29,725028.66,11.78,1178.1,1.64,164.16,0.04,4.23,11.41,1141.38,49.93,4993.02,6.96,695.97,50.53,5053.05,41.61,4161.15,16.67,1666.8,0.87,86.58,36.17,3617.1,80.9,8090.28,17.31,1731.15,21.18,2117.52,14.62,1461.96,13.6,1360.26,39.29,3928.95,5.04,503.73,9.01,901.08,1.94,193.5,2.56,256.05,5.89,589.32,438.95,0.11,3584.9,0.89,1,1,3
PO1000000820,"2020,2019",FGV HOLDINGS BERHAD,FGV PALM INDUSTRIES SDN BHD,KEMASUL,RSPO Certified,"RSPO Certified, MB",3/31/23,3.27,102.23,"3.2725, 102.231389",MYS,Malaysia,Pahang,Bentong,1-Fully Verified,,708.16,70815.51,742.55,1083.27,108327.42,10.3,1029.78,13.5,1350.09,1.77,177.3,4.72,472.14,20.19,2018.79,9.43,943.02,13.91,1391.22,15.55,1554.93,35.25,3525.21,21.02,2101.68,13.15,1315.26,75.99,7598.61,37.96,3796.38,45.49,4548.6,12.42,1241.64,26.22,2621.79,20.8,2080.44,10.32,1031.94,12.54,1254.15,10,999.9,20.38,2037.6,11.12,1111.59,442.02,0.62,266.13,0.38,3,3,3
PO1000000829,"2019,2020,2021",SIME DARBY,SAJANG HEULANG,MUSTIKA,RSPO Certified,"RSPO Certified, MB",3/31/23,-3.49,115.74,"-3.4886111, 115.7386111",IDN,Indonesia,Kalimantan Selatan,Tanah Bumbu,1-Fully Verified,,123.65,12364.92,260.21,379.52,37952.19,3.23,323.01,6.9,689.76,1.9,190.44,9.93,993.42,4.63,463.14,8.69,868.95,1.38,137.52,0.94,94.05,2.74,273.6,0.64,63.54,7.09,708.75,10.41,1040.94,9.01,900.9,14,1400.4,11.06,1106.01,2.22,221.85,1.89,189.18,6.26,626.22,3.26,326.34,2.12,211.68,2.66,266.04,1.59,159.03,112.55,0.91,11.1,0.09,3,5,2
PO1000000879,"2021,2020,2019",PTPN III,PERKEBUNAN NUSANTARA III,SEI MANGKEI,RSPO Certified,"RSPO Certified, MB",3/31/23,3.13,99.34,"3.13077, 99.343861",IDN,Indonesia,Sumatera Utara,Simalungun,1-Fully Verified,,53.24,5323.68,73.8,172.45,17245.35,8.9,889.74,0.22,22.23,1.21,120.87,4,399.78,3.13,313.38,3.51,351.18,2.32,232.47,0.11,10.62,1.85,185.13,3.35,335.07,1.29,129.06,1.44,143.82,0.6,59.85,0.62,61.83,1,100.17,0.76,76.41,0.61,61.11,0.4,40.41,0.78,78.48,0.37,37.44,0.55,54.54,0.66,65.7,37.69,0.71,15.54,0.29,3,4,3
PO1000000884,"2020,2021,2019",BAKRIE,AGRO MITRA MADANI,AGRO MITRA MADANI,RSPO Certified,"RSPO Certified, MB",3/31/23,-1.08,103.11,"-1.077592, 103.110697",IDN,Indonesia,Jambi,Tanjung Jabung B,1-Fully Verified,,346.69,34668.81,453.91,999.65,99964.71,16.65,1665,8.61,861.03,11.89,1188.63,30.33,3033.36,11.74,1174.14,37.6,3759.66,25.1,2510.28,34.62,3461.85,19.96,1995.57,0.9,90.27,1.4,140.04,12.14,1214.01,3.12,311.67,8.12,811.71,4.92,492.12,10.42,1041.66,11.28,1128.15,4.26,425.79,5.84,583.65,3.43,342.63,3.58,357.75,5.54,554.49,271.43,0.78,75.25,0.22,3,4,3
PO1000000892,"2019,2020,2021",KUALA LUMPUR KEPONG (KLK),KUALA LUMPUR KEPONG BHD,TANJONG MALIM,RSPO Certified,"RSPO Certified, MB",3/31/23,3.7,101.49,"3.695, 101.485667",MYS,Malaysia,Selangor,Hulu Selangor,1-Fully Verified,,1059.37,105936.66,1106.41,2393.1,239310.45,12.8,1280.34,14.26,1425.87,5.89,589.41,9.77,977.49,14.82,1481.94,5.29,529.29,13.98,1397.88,13.78,1378.17,19.81,1980.72,16.85,1685.07,8.17,817.38,10.62,1061.73,5.11,511.11,13.69,1369.08,5.92,592.11,16.49,1648.62,14.99,1499.4,9.98,998.37,9.74,973.53,9.2,920.07,14.82,1481.85,9.87,986.85,255.86,0.24,803.5,0.76,3,1,3
PO1000000894,"2021,2020,2019",KUALA LUMPUR KEPONG (KLK),KUALA LUMPUR KEPONG BHD,BATU LINTANG,RSPO Certified,"RSPO Certified, IP",3/31/23,5.19,100.63,"5.193591, 100.62843",MYS,Malaysia,Kedah,Bandar Baharu,1-Fully Verified,,109.53,10953.36,136.73,213.2,21320.1,0.67,66.6,3.36,335.52,1.54,153.63,2.56,256.32,3.15,315.18,2.34,233.64,2.04,204.12,0.61,60.93,4.01,400.95,6.09,609.39,1.28,127.71,3.76,376.38,2.74,274.41,5.07,507.15,1.85,185.31,2.67,266.94,2.2,220.5,3.35,334.8,5.12,511.92,5.07,506.88,4.28,427.68,3.79,378.99,67.55,0.62,41.98,0.38,5,3,3
PO1000000895,"2020,2021,2019",KUALA LUMPUR KEPONG (KLK),KUALA LUMPUR KEPONG BHD,TUAN MEE,RSPO Certified,"RSPO Certified, MB",3/31/23,3.27,101.46,"3.265156, 101.463279",MYS,Malaysia,Selangor,Kuala Selangor,1-Fully Verified,,718.19,71819.46,1075.2,1870.66,187065.81,12.72,1272.06,11.07,1107,10.86,1085.76,20.18,2018.43,11.57,1157.49,7.91,791.46,9.11,910.89,7.61,760.68,19.67,1967.04,11.03,1103.22,5.16,516.42,10.48,1047.96,1.97,196.56,14.65,1465.38,8.35,835.47,17.42,1741.5,18.15,1814.85,13.51,1350.9,17.7,1770.39,7.61,761.13,11.85,1185.12,5.84,583.92,254.44,0.35,463.76,0.65,3,2,3
PO1000000896,"2019,2020,2021",KUALA LUMPUR KEPONG (KLK),KUALA LUMPUR KEPONG BHD,CHANGKAT CHERMIN,RSPO Certified,"RSPO Certified, IP",3/31/23,4.28,100.78,"4.27527, 100.78498",MYS,Malaysia,Perak,Manjung,1-Fully Verified,,158.57,15857.19,269.44,678.31,67830.93,0.72,71.73,2.47,247.32,2.3,229.95,1.61,160.83,5.14,513.81,2.69,268.74,5.42,541.71,2.31,231.21,8.98,898.2,7.22,722.34,3.15,315.45,3.87,386.73,2.35,235.08,6.22,622.08,10.86,1085.76,8.28,827.91,13.43,1342.62,6.22,621.54,6.77,676.98,6.3,630.27,3.52,351.72,5.01,500.94,114.83,0.72,43.74,0.28,4,4,3
PO1000000898,"2020,2019",FGV HOLDINGS BERHAD,FGV PALM INDUSTRIES SDN BHD,BUKIT KEPAYANG,RSPO Certified,"RSPO Certified, MB",3/31/23,3.35,102.6,"3.346311, 102.597375",MYS,Malaysia,Pahang,Bera,1-Fully Verified,,363.88,36387.54,428.11,631.17,63116.73,15.41,1540.8,46.26,4625.55,1.36,135.9,6.69,669.06,13.6,1359.9,6.62,661.95,8.62,861.75,4.9,489.6,5.44,544.05,18.06,1806.12,2.5,249.57,12.95,1295.19,5.88,587.61,16.38,1638.45,13.19,1319.22,11.52,1152,12.18,1217.7,12.79,1278.72,9.72,972.27,9.44,943.74,3.69,368.82,2.52,252.18,239.7,0.66,124.17,0.34,3,4,3
PO1000000901,"2020,2019",FGV HOLDINGS BERHAD,FGV PALM INDUSTRIES SDN BHD,TEMENTI,Not RSPO Certified,,3/31/23,3.26,102.6,"3.26472222, 102.598889",MYS,Malaysia,Pahang,Bera,2-High Confidence,,403.73,40372.83,392.29,541.23,54123.3,0.73,72.9,4.73,473.4,0.24,23.76,2.5,249.93,23.14,2313.63,14.55,1454.67,3.56,355.86,5.93,592.65,6.66,666.45,6.94,694.17,4,400.32,24.73,2473.47,5.83,582.75,23.63,2362.86,11.98,1198.26,6.48,648,5.79,579.42,4.03,403.47,2.82,282.06,3.46,345.87,1.5,150.21,2.82,282.42,166.07,0.41,237.66,0.59,2,3,3
PO1000000936,"2020,2021",HAP SENG PLANTATIONS HOLDINGS BERHAD,JEROCO PLANTATIONS SDN BHD,JEROCO 1,RSPO Certified,"RSPO Certified, IP",3/31/23,5.43,118.42,"5.431112, 118.417224",MYS,Malaysia,Sabah,Kinabatangan,1-Fully Verified,,57.15,5714.82,66.91,82.94,8293.68,0.18,18.18,0.08,7.56,0.06,5.58,2.48,248.04,0.08,8.46,2.39,238.59,0.74,73.98,0.8,80.01,0.02,1.8,1.27,127.44,2.01,200.88,0.77,76.86,0.04,4.5,3.21,321.21,1.88,188.1,5.59,558.99,3.36,335.79,5.42,541.62,1.02,102.15,1.29,128.52,4.94,494.1,3.07,306.54,40.69,0.71,16.46,0.29,5,4,4
PO1000000939,"2020,2021,2019",DHARMA SATYA NUSANTARA (DSN),DHARMA SATYA NUSANTARA,PT DHARMA SATYA NUSANTARA,RSPO Certified,"RSPO Certified, IP",3/31/23,1.25,116.73,"1.250806, 116.728917",IDN,Indonesia,Kalimantan Timur,Kutai Timur,1-Fully Verified,,1270.68,127068.48,1176.42,3149.52,314951.94,2.17,217.26,3,299.61,0.5,50.22,4.16,416.34,8.13,812.79,18.73,1872.99,1.72,172.44,18.2,1820.16,8.72,871.74,11.92,1192.5,3.24,323.64,1.6,160.11,4.23,422.82,3.07,307.08,2.04,204.21,31.39,3138.57,1.75,175.41,1.92,192.33,2.81,280.8,2.93,293.13,1.85,185.13,3.27,327.42,137.37,0.11,1133.32,0.89,1,1,3
PO1000000950,"2020,2021,2019",DHARMA SATYA NUSANTARA (DSN),DHARMA SATYA NUSANTARA,PKS 3,RSPO Certified,"RSPO Certified, IP",3/31/23,1.26,116.87,"1.256028, 116.87475",IDN,Indonesia,Kalimantan Timur,Kutai Timur,1-Fully Verified,,88.97,8897.49,94.55,59.97,5997.42,1.36,136.26,1.06,105.57,3.97,396.81,1.99,199.26,0.04,3.51,8.68,868.41,35.43,3542.76,7.25,725.13,15.38,1538.46,6.34,633.69,4.91,490.59,0.97,97.11,1.06,106.47,1.38,137.88,0.08,7.83,0.13,12.51,0.02,1.98,0.07,6.66,0,0.09,0.01,0.54,0,0.09,0,0.27,88.97,1,0,0,1,5,1
PO1000000953,"2019,2020,2021",WILMAR GROUP,BULUH CAWANG PLANTATIONS,DABUK REJO,RSPO Certified,"RSPO Certified, MB",3/31/23,-3.95,104.96,"-3.948633, 104.957367",IDN,Indonesia,Sumatera Selatan,Ogan Komering Ilir,1-Fully Verified,,270.04,27003.6,1029.54,1847.5,184749.57,3.65,364.59,1.59,159.3,0.8,80.46,3.07,306.81,4.67,467.37,3.18,317.97,2.18,218.07,2.21,220.59,2.12,212.4,1.81,181.08,2.29,228.69,3.34,333.9,0.84,84.06,3.09,309.15,3.84,384.39,10.13,1013.31,18.79,1878.84,29.21,2921.4,13.97,1396.62,13.24,1324.08,3.56,356.4,6.07,606.51,133.66,0.49,136.38,0.51,3,3,3
PO1000000967,"2020,2019",FGV HOLDINGS BERHAD,FGV PALM INDUSTRIES SDN BHD,FAJAR HARAPAN,Not RSPO Certified,,3/31/23,5.19,119.19,"5.194956, 119.187378",MYS,Malaysia,Sabah,Lahad Datu,1-Fully Verified,,196.72,19671.84,211.42,2053.21,205320.69,0.97,97.2,0.9,90.36,0.73,73.26,2.52,251.73,1.18,117.99,1.56,155.79,1.68,168.21,2.02,202.41,0.36,35.91,8.06,806.04,2.35,235.17,19.13,1913.04,15.06,1506.06,14,1400.13,9.62,962.1,14.46,1445.94,6.97,697.41,17.14,1714.41,7.58,758.07,3.6,360,1.74,173.7,4.58,457.65,136.23,0.69,60.49,0.31,3,4,3
PO1000000968,"2020,2019",FGV HOLDINGS BERHAD,FGV PALM INDUSTRIES SDN BHD,BAIDURI AYU,Not RSPO Certified,,3/31/23,5.08,118.94,"5.081152, 118.939752",MYS,Malaysia,Sabah,Lahad Datu,1-Fully Verified,,143.37,14337.36,150.28,227.42,22742.37,5.35,534.51,2.11,211.32,0.49,48.78,6,600.12,1.45,144.81,3.9,389.97,1.86,186.03,5.76,576,4.7,470.16,18.76,1876.5,5.65,565.11,15.16,1515.87,14.07,1406.88,13.41,1341.45,5.65,564.57,0.6,60.48,1.78,178.47,0.9,89.55,0.11,10.89,0.06,6.12,1.38,137.97,4.75,475.47,113.91,0.79,29.46,0.21,3,4,3
PO1000001031,"2019,2020,2021",SIME DARBY,SIME DARBY PLANTATION BHD,PAGOH (SOU 19),RSPO Certified,"RSPO Certified, MB",3/31/23,2.08,102.72,"2.077424, 102.718519",MYS,Malaysia,Johor,Muar,1-Fully Verified,,222.71,22271.04,251.14,421.94,42193.53,9.18,917.64,5.44,544.41,2.88,288.27,4.23,422.73,4.92,491.58,3.31,331.29,9.87,986.67,4.66,465.66,11,1099.8,3.01,300.87,8.28,828.45,6.7,670.5,4.47,447.48,13.29,1328.67,6.44,644.4,13.69,1369.26,9.7,970.11,5.16,515.79,10.36,1036.44,6.81,680.58,3.48,348.39,4.21,420.84,151.1,0.68,71.61,0.32,3,4,3
PO1000001043,"2020,2021,2019",WILMAR GROUP,BUMI SAWIT KENCANA,BUMI SAWIT KENCANA,RSPO Certified,"RSPO Certified, IP, MB",3/31/23,-2.23,112.49,"-2.230183, 112.49125",IDN,Indonesia,Kalimantan Tengah,Kotawaringin Timur,1-Fully Verified,,186.94,18694.26,277.3,310.22,31022.1,0.32,31.59,3.74,374.49,1.89,189.18,24.5,2450.07,23.05,2305.35,93.11,9310.59,16.43,1643.49,4.08,407.79,3.15,315.45,1.8,180.09,6.08,608.13,2.01,200.61,0.4,39.69,0.74,73.98,2.3,230.22,2.32,231.57,0.96,96.48,0.65,64.62,0.41,40.86,0.23,22.77,0.41,40.77,1.07,106.83,186.94,1,0,0,2,5,1
PO1000001050,2020,LAM SOON (THAILAND),UNITED PALM OIL INDUSTRY PUBLIC COMPANY LTD (UPOIC),UNITED PALM OIL INDUSTRY PUBLIC COMPANY LIMITED (UPOIC),RSPO Certified,"RSPO Certified, IP, MB",3/31/23,8.15,99.02,"8.1538, 99.0219",THA,Thailand,Krabi,Nua Khlong,1-Fully Verified,,297.38,29737.89,516.87,888.19,88818.93,3.89,388.53,4.66,466.29,6.37,637.11,6.5,649.89,4.03,403.11,9.18,917.64,5.56,556.29,3.42,342.18,10.88,1088.1,7.68,767.61,5.83,583.11,3.82,382.14,5.12,512.46,11.61,1161.09,11.29,1128.69,13.32,1332.27,16.34,1634.49,11.05,1105.02,10.62,1061.55,7.92,792.45,10.78,1077.57,9.67,967.5,179.55,0.6,117.83,0.4,4,3,3
PO1000001053,"2020,2021,2019",TDM BERHAD,TDM PLANTATION SDN BHD,KEMAMAN,RSPO Certified,"RSPO Certified, IP",3/31/23,4.4,103.25,"4.403, 103.248",MYS,Malaysia,Trengganu,Kemaman,1-Fully Verified,,541.36,54135.54,542.48,973.26,97326.36,8.82,881.64,11.64,1163.61,2.88,288.27,21.17,2117.16,11.1,1110.33,9.06,906.3,1.84,184.41,6.54,654.3,9.18,918.18,2.37,236.7,4.63,463.32,5.25,525.06,7.33,733.14,5.98,597.87,7.28,727.83,14.68,1468.17,12.42,1242.36,7.95,795.24,25.69,2569.23,8.22,821.79,10.1,1010.07,14.15,1415.16,208.3,0.38,333.05,0.62,3,3,4
PO1000001056,"2019,2020,2021",SINAR MAS,IVO MAS TUNGGAL,UJUNG TANJUNG,RSPO Certified,"RSPO Certified, MB",3/31/23,0.97,101.26,"0.969733, 101.26075",IDN,Indonesia,Riau,Siak,1-Fully Verified,,42.53,4252.68,42.98,73,7299.63,0.02,2.25,0.04,4.05,0.02,1.53,0.04,3.69,0.07,7.29,0.13,13.05,0.09,8.64,0.01,1.17,0.22,22.23,0.69,68.76,0.08,8.1,1.49,149.13,0.55,55.44,0.24,24.21,0.23,23.13,0.46,46.44,7,700.29,7.24,724.23,5.06,505.53,11.69,1168.74,2.12,212.31,0.03,2.88,37.53,0.88,5,0.12,4,5,3
PO1000001057,"2021,2020,2019",SINAR MAS,IVO MAS TUNGGAL,LIBO,RSPO Certified,"RSPO Certified, IP",3/31/23,0.93,101.21,"0.928611, 101.206389",IDN,Indonesia,Riau,Siak,1-Fully Verified,,126.25,12625.2,128.23,158.48,15848.19,0.3,30.15,0.03,3.15,0.06,5.67,0.39,39.42,0.53,53.28,0.49,48.51,0.16,16.02,0.15,14.76,0.7,70.02,0.67,67.05,0.43,43.38,3.69,368.73,10.92,1091.79,11.25,1125.18,1.92,191.52,15.74,1574.01,15.9,1590.48,7.75,775.35,21.13,2113.38,13.78,1377.81,1.98,198.27,0.45,44.64,108.43,0.86,17.83,0.14,3,5,2
PO1000001058,"2020,2021,2019",SINAR MAS,IVO MAS TUNGGAL,SAM-SAM,RSPO Certified,"RSPO Certified, MB",3/31/23,0.94,101.3,"0.9375, 101.3002",IDN,Indonesia,Riau,Siak,1-Fully Verified,,500.69,50069.34,544.57,946.95,94694.94,8.85,884.97,11.82,1181.97,6.79,678.96,44.69,4469.13,25.13,2512.8,16.51,1650.51,39.14,3914.46,22.07,2207.16,31.66,3166.47,20.74,2074.41,18.31,1831.05,28.79,2878.74,13.29,1328.67,32.86,3286.17,13.35,1334.88,10.21,1020.51,32.33,3232.98,14.75,1474.65,21.87,2187.27,48.86,4885.65,10.89,1089.36,5.2,520.29,478.11,0.95,22.58,0.05,3,5,2
PO1000001060,"2019,2020,2021",SINAR MAS,BUANA WIRALESTARI MAS,SEKIJANG,RSPO Certified,"RSPO Certified, MB",3/31/23,0.83,101.04,"0.833933, 101.044283",IDN,Indonesia,Riau,Kampar,1-Fully Verified,,138.87,13887.45,173.07,336.12,33611.58,1.88,187.92,1,99.54,0.6,60.21,5.54,554.49,1.64,163.62,3.98,397.8,1.15,115.02,0.27,27.36,1.41,141.03,0.75,74.97,0.13,12.69,0.94,93.87,0.11,10.98,0.45,45.18,1.03,102.6,1.2,119.88,1.37,136.62,1.55,154.8,9.95,994.95,11,1099.62,1.98,198.27,4.18,417.6,52.09,0.38,86.78,0.62,3,3,4
PO1000001061,"2020,2021,2019",SINAR MAS,BUANA WIRALESTARI MAS,NAGA SAKTI,RSPO Certified,"RSPO Certified, IP",3/31/23,0.78,101.05,"0.7827, 101.049567",IDN,Indonesia,Riau,Kampar,1-Fully Verified,,124.65,12465.09,142.81,254.38,25437.6,0.81,81.18,1,100.44,0.57,56.97,4.28,427.68,0.83,82.98,1.2,119.88,0.74,73.89,0.13,13.14,0.9,90.36,0.25,25.38,0.07,7.02,0.77,77.22,0.11,10.98,0.48,48.24,0.43,42.66,0.65,65.34,1.24,124.29,3.18,317.88,0.49,49.05,0.41,41.22,13.87,1386.9,24.19,2419.38,56.62,0.45,68.03,0.55,5,3,5
PO1000001062,"2020,2021,2019",SINAR MAS,RAMAJAYA PRAMUKTI,RAMARAMA,RSPO Certified,"RSPO Certified, MB",3/31/23,0.53,101.08,"0.533494, 101.076381",IDN,Indonesia,Riau,Kampar,1-Fully Verified,,158.43,15843.06,191.42,302.5,30250.26,5.88,588.42,0.4,40.23,0.37,36.72,1.64,164.16,12.83,1282.77,27.71,2770.65,13.85,1384.65,3.76,376.02,4.2,420.48,5.75,575.46,3.53,352.71,9.3,929.97,2.11,211.05,0.49,48.51,0.62,62.37,1.02,101.7,1.78,177.93,0.95,94.68,17.33,1733.49,10.27,1027.35,1.7,169.56,0.44,43.92,125.93,0.79,32.5,0.21,2,4,2
PO1000001064,"2019,2020,2021",SINAR MAS,BUMIPALMA LESTARIPERSADA,BUMI PALMA,RSPO Certified,"RSPO Certified, MB",3/31/23,-0.6,102.98,"-0.598056, 102.983333",IDN,Indonesia,Riau,Indragiri Hilir,1-Fully Verified,,1933.23,193322.97,2253.48,3969.92,396991.62,14.99,1499.22,10.37,1037.34,9.51,951.48,25.21,2520.54,22.82,2281.68,13.76,1376.01,12.02,1202.22,20.45,2045.34,17.24,1723.5,13.71,1370.88,20.6,2059.92,32.28,3227.85,12.52,1252.17,24.83,2483.01,25.65,2564.91,52.84,5284.08,55.97,5596.56,43.52,4352.31,40.22,4022.19,34.75,3475.44,16.54,1654.47,21.7,2170.26,541.51,0.28,1391.72,0.72,3,2,3
PO1000001065,"2021,2020,2019",SINAR MAS,MEGANUSA INTISAWIT,INDRA SAKTI,RSPO Certified,"RSPO Certified, IP",3/31/23,-0.57,102.31,"-0.5692, 102.305851",IDN,Indonesia,Riau,Indragiri Hulu,1-Fully Verified,,277.69,27769.05,313.49,563.95,56395.44,31.25,3124.98,17.59,1759.14,2.82,281.88,7.08,708.39,15.97,1597.41,2.86,285.57,3.69,369.36,8.47,847.44,4.67,466.65,18.74,1874.25,4.95,495.18,8.46,846.27,4.11,410.76,4.81,480.96,3.87,387.45,9.74,974.25,6.93,692.82,4.56,455.58,8.28,828.27,3.37,336.78,9.96,995.76,7.24,723.51,189.43,0.68,88.26,0.32,4,4,3
PO1000001079,"2020,2019",SINAR MAS,SINAR MAS AGRO RESOURCES AND TECHNOLOGY,PADANG HALABAN,RSPO Certified,"RSPO Certified, IP",3/31/23,2.32,99.84,"2.319167, 99.839444",IDN,Indonesia,Sumatera Utara,Labuhanbatu Utara,1-Fully Verified,,165.24,16523.73,191.25,422.28,42228.09,1.03,102.69,1.28,127.71,1.08,108,2.25,224.91,0.74,74.16,1.8,179.73,0.43,43.38,0.18,18.09,2.14,213.66,5.55,555.3,1.17,116.91,7.49,749.16,6.18,618.21,9.9,990.18,1.62,161.82,8.94,893.52,3.51,350.91,2.26,225.9,3.12,312.3,7.25,725.49,3.09,309.15,4.94,494.46,75.96,0.46,89.28,0.54,4,3,3
PO1000001094,"2019,2020,2021",IOI CORPORATION,IOI CORPORATION BHD,LEEPANG,RSPO Certified,"RSPO Certified, IP",3/31/23,5.55,118.44,"5.549056, 118.437595",MYS,Malaysia,Sabah,Kinabatangan,1-Fully Verified,,338.4,33840,364.79,677.7,67770.18,0.57,56.88,0.3,29.7,0.13,12.78,0.47,46.8,0.42,41.58,0.47,47.34,2.7,269.55,2.03,203.4,0.1,9.99,1.48,147.6,0.65,64.71,1.2,120.24,1.41,141.03,3.82,381.6,4.15,414.81,3.18,318.24,0.11,10.53,0.28,28.17,22.54,2253.87,17.99,1799.46,7.64,763.83,12.22,1221.75,83.84,0.25,254.56,0.75,4,1,4
PO1000001098,"2021,2020",IOI CORPORATION,IOI CORPORATION BHD,MORISEM,RSPO Certified,"RSPO Certified, IP",3/31/23,5.49,118.37,"5.493525, 118.370047",MYS,Malaysia,Sabah,Kinabatangan,1-Fully Verified,,153.43,15342.93,186.09,302.78,30278.34,1.15,114.66,1.25,125.46,1.22,122.4,1.03,103.14,0.58,57.78,0.55,54.72,3.67,367.11,6.93,693.18,0.21,21.15,12.54,1253.61,1.43,142.56,8.19,819,5.03,502.92,8.1,809.64,6.86,686.43,5.13,513.36,1.84,184.5,5.25,524.88,10.12,1012.5,10.41,1041.12,9.31,930.96,7.63,762.66,108.44,0.71,44.99,0.29,5,4,4
PO1000001113,"2020,2019,2021",TDM BERHAD,TDM PLANTATION SDN BHD,"SUNGAI TONG PALM OIL MILL ",RSPO Certified,"RSPO Certified, MB",3/31/23,5.31,102.91,"5.308094, 102.910417",MYS,Malaysia,Trengganu,Setiu,1-Fully Verified,,831.25,83124.9,1129.12,3684.71,368470.98,8.72,871.92,6.57,657,3.11,310.77,15.89,1588.77,4.99,498.51,2.35,235.17,7.6,760.5,3.85,385.47,4.37,437.49,5.39,539.46,2.63,263.25,5.52,551.61,11.62,1161.72,9.69,968.85,11.94,1193.94,26.4,2639.7,15.41,1540.71,8.94,893.7,13.62,1361.52,11.76,1176.3,15,1500.21,16.58,1657.53,211.94,0.25,619.31,0.75,3,2,4
PO1000001150,"2020,2019",SINAR MAS,TAPIAN NADENGGAN,LANGGA PAYUNG PALM OIL MILL,RSPO Certified,"RSPO Certified, MB",3/31/23,1.65,99.89,"1.654444, 99.886944",IDN,Indonesia,Sumatera Utara,Padang Lawas Utara,1-Fully Verified,,481.24,48123.99,529.39,1135.01,113500.98,6.22,621.81,8.04,804.06,1.88,187.83,10.43,1042.74,8.22,821.97,12.21,1220.58,3.91,390.96,14.7,1470.24,10.68,1067.85,9.2,920.16,17.42,1741.5,11.38,1138.14,15.23,1522.71,12.59,1258.74,7.9,789.66,14.05,1404.9,14.15,1415.43,10.96,1095.84,12.52,1251.81,16.15,1614.69,7.7,770.31,8.46,846.27,233.98,0.49,247.26,0.51,3,3,3
PO1000001151,"2021,2020",SINAR MAS,SINAR MAS AGRO RESOURCES AND TECHNOLOGY,BATU AMPAR,RSPO Certified,"RSPO Certified, MB",3/31/23,-3.2,116.02,"-3.1981, 116.0219",IDN,Indonesia,Kalimantan Selatan,Kota Baru,2-High Confidence,,545.29,54529.38,687.57,1161.93,116192.97,5.92,592.29,5.95,595.17,5.58,558.36,8.53,853.11,14.15,1415.25,18.05,1804.95,5.37,536.94,8.83,883.26,22.59,2259.36,4.41,441.27,18.26,1826.46,18.19,1819.44,16.6,1659.69,17.61,1761.12,53.03,5302.89,42.73,4272.57,20.4,2040.21,18.02,1801.62,46.16,4616.28,10.97,1097.1,9.12,911.88,4.85,485.28,375.34,0.69,169.95,0.31,3,4,3
PO1000001152,"2020,2021",SINAR MAS,SINAR MAS AGRO RESOURCES AND TECHNOLOGY,TANAH LAUR,RSPO Certified,"RSPO Certified, MB",3/31/23,-3.79,115.28,"-3.790278, 115.283056",IDN,Indonesia,Kalimantan Selatan,Tanah Laut,1-Fully Verified,,322.45,32245.11,477.05,879.71,87971.4,6.52,652.14,4.29,429.39,4.35,434.97,9.71,971.28,2.96,296.37,7.63,763.38,3.56,356.13,4.38,437.85,5.23,523.08,13.97,1396.71,15.94,1594.17,13.34,1333.8,2.29,229.05,9.37,937.17,14.73,1473.03,7.52,751.59,5.33,532.71,8.05,804.87,7.48,748.08,5.2,519.93,4.88,488.34,10.76,1076.31,167.5,0.52,154.95,0.48,4,3,3
PO1000001154,"2021,2020,2019",SINAR MAS,TAPIAN NADENGGAN,HANAU,RSPO Certified,"RSPO Certified, MB",3/31/23,-2.36,112.11,"-2.360861, 112.109694",IDN,Indonesia,Kalimantan Tengah,Seruyan,1-Fully Verified,,75.24,7524.09,174.04,394.89,39489.39,2.45,244.8,4.47,446.58,0.55,54.63,15.02,1501.92,9.12,912.24,3.66,366.12,2.39,239.22,4.46,446.31,1.91,190.89,0.66,65.7,1.24,124.11,1.8,180.27,0.49,48.96,1.46,146.34,1.3,129.69,1.59,159.03,1.17,117.45,0.68,67.77,1.17,117,2.71,270.81,2.23,223.47,1.02,102.06,61.55,0.82,13.69,0.18,3,5,3
PO1000001155,"2020,2021,2019",SINAR MAS,BINASAWIT ABADI PRATAMA,SUNGAI RUNGAU,RSPO Certified,"RSPO Certified, IP",3/31/23,-2.32,112.33,"-2.3206, 112.334",IDN,Indonesia,Kalimantan Tengah,Seruyan,1-Fully Verified,,24.98,2497.59,68.13,112.09,11209.41,1.53,153.36,0.56,55.53,0.04,3.6,1.14,113.94,1.03,103.32,2.2,220.32,0.24,24.21,1.57,157.14,0.27,27,1.99,199.26,1.26,126.09,0.23,23.04,0.06,6.03,0.4,39.6,0.43,42.75,0.41,40.86,0.13,13.23,0.77,76.77,0.58,57.87,0.07,7.2,0.89,88.92,0.51,51.21,16.31,0.65,8.66,0.35,4,4,3
PO1000001156,"2019,2020,2021",SINAR MAS,TAPIAN NADENGGAN,SEMILAR,RSPO Certified,"RSPO Certified, IP, MB",3/31/23,-2.25,112.34,"-2.248111, 112.340417",IDN,Indonesia,Kalimantan Tengah,Seruyan,1-Fully Verified,,82.52,8252.46,98.9,153.26,15325.56,0.73,73.35,0.7,70.2,0.55,54.99,29.47,2947.23,28.42,2842.38,28.22,2821.86,0.67,67.23,0.54,53.73,0.03,3.42,0.04,3.69,0.12,12.06,0.09,9.18,0,0,0.01,1.08,0.01,0.99,0.93,93.42,0,0.27,0,0.36,0,0,0,0,0,0,0,0,82.52,1,0,0,1,5,1
PO1000001207,"2021,2019,2020",CARGILL,AYU SAWIT LESTARI,PAKU JUANG,RSPO Certified,"RSPO Certified, IP",3/31/23,-2.43,110.82,"-2.433267, 110.817511",IDN,Indonesia,Kalimantan Barat,Ketapang,1-Fully Verified,,1469.33,146933.37,2050.85,4446.44,444643.83,13.79,1378.71,39.39,3938.67,8.5,850.41,19.54,1954.35,15.37,1536.84,46.23,4623.21,46.39,4638.51,4.87,487.35,42.89,4289.22,4.68,467.91,7.57,756.9,39.74,3973.95,4.39,438.75,83.8,8379.63,94.63,9463.14,150.91,15090.75,7.21,721.08,23.98,2398.14,16.39,1638.81,12.62,1261.89,26,2600.01,17.29,1729.35,726.18,0.49,743.16,0.51,3,3,3
PO1000001208,"2020,2021,2019",CARGILL,HARAPAN SAWIT LESTARI,MANIS MATA,RSPO Certified,"RSPO Certified, MB",3/31/23,-2.48,111.02,"-2.483162, 111.018391",IDN,Indonesia,Kalimantan Barat,Ketapang,1-Fully Verified,,105.76,10575.63,171.87,246.25,24624.54,5.4,540.18,0.94,94.14,0.26,25.92,1.14,113.85,0.38,38.07,1.49,148.68,0.98,98.46,0.43,43.11,2.21,220.68,0.22,21.87,0.28,28.35,1.95,194.67,0.67,67.23,3.07,306.72,1.82,181.98,4.63,463.05,2.14,214.38,3.24,323.82,2.4,239.58,2.61,261,10.32,1032.12,18.61,1861.02,65.19,0.62,40.57,0.38,5,3,5
PO1000001233,"2019,2020",FGV HOLDINGS BERHAD,FGV PALM INDUSTRIES SDN BHD,BUKIT SAGU,Not RSPO Certified,,3/31/23,3.97,103.15,"3.9669, 103.1487",MYS,Malaysia,Pahang,Kuantan,1-Fully Verified,,279.22,27921.87,281.8,428.5,42850.26,2.95,295.11,1.19,118.89,0.3,29.97,6.36,635.85,7.42,742.41,9.64,964.35,5.3,530.01,9.42,941.58,10.04,1003.77,13.22,1322.28,16.74,1673.64,26.71,2671.02,13.33,1332.9,13.65,1364.85,10.61,1061.37,20.55,2055.33,7.77,776.7,7.35,735.03,8.11,810.81,3.87,387,9.43,943.2,12.21,1220.67,216.17,0.77,63.05,0.23,5,4,3
PO1000001250,"2021,2020,2019",SOCFIN,SOCFIN INDONESIA,NEGERI LAMA,RSPO Certified,"RSPO Certified, IP",3/31/23,2.32,100.07,"2.31725, 100.070169",IDN,Indonesia,Sumatera Utara,Labuhanbatu,1-Fully Verified,,107.26,10726.38,162.89,229.32,22931.64,0.9,90.18,3.63,363.33,0.08,8.1,1.6,160.29,2.91,290.79,1.79,178.65,1.31,131.49,0.16,16.2,1.38,137.7,3.7,369.63,10.04,1003.59,3,299.52,4.56,456.3,5.84,583.74,7.17,717.03,5.71,571.41,2.48,247.59,5.68,567.72,4.06,405.54,2.97,296.55,3.6,360.09,3.92,392.4,76.48,0.71,30.79,0.29,5,4,3
PO1000001251,"2020,2021,2019",SOCFIN,SOCFIN INDONESIA,SUNGAI LIPUT,RSPO Certified,"RSPO Certified, IP",3/31/23,4.23,98.06,"4.2319, 98.0594",IDN,Indonesia,Aceh,Aceh Tamiang,1-Fully Verified,,61.03,6102.72,72.18,151.93,15192.9,0.57,56.79,0.16,16.02,0.89,89.37,0.61,61.29,0.11,11.16,0.44,44.28,1.06,105.57,1.64,163.62,3.12,311.94,1.67,166.77,0.11,10.71,1.16,115.92,0.71,70.83,2.28,228.24,1.85,184.59,2.8,280.17,0.87,86.94,4.35,435.42,0.53,52.65,0.88,88.29,0.7,70.29,0.7,69.84,27.21,0.45,33.82,0.55,3,3,3
PO1000001252,"2019,2020,2021",SOCFIN,SOCFIN INDONESIA,AEK LOBA,RSPO Certified,"RSPO Certified, IP",3/31/23,2.65,99.62,"2.651389, 99.617778",IDN,Indonesia,Sumatera Utara,Asahan,1-Fully Verified,,83.51,8351.28,85.72,104.71,10471.23,2.05,205.47,3.03,302.76,3.92,391.5,3.79,378.72,3.47,347.04,4.13,413.46,3.1,309.6,0.41,40.77,3.01,301.14,2.83,282.69,2.23,223.47,1.26,126.27,1.05,104.58,2.86,286.02,1.02,101.79,2.48,247.68,1.24,123.84,2.02,201.69,2.85,284.85,2.58,258.12,1.41,140.94,3.87,387.09,54.59,0.65,28.92,0.35,4,4,3
PO1000001256,"2021,2020,2019",SOCFIN,SOCFIN INDONESIA,MATA PAO MILL,RSPO Certified,"RSPO Certified, IP",3/31/23,3.53,99.09,"3.530833, 99.091944",IDN,Indonesia,Sumatera Utara,Serdang Bedagai,1-Fully Verified,,71.48,7148.07,176.89,280.57,28056.96,2.8,280.35,1.39,138.51,2.16,215.91,1.99,198.81,0.88,87.66,3.8,379.98,1.38,138.24,3.38,337.95,2.95,295.29,1.37,137.34,3.17,316.8,2.56,256.5,0.58,58.14,2.74,274.41,2.03,203.31,4.92,492.39,9.83,983.34,11.74,1174.23,4.43,443.34,1.18,118.26,2.02,202.14,0.95,95.22,68.28,0.96,3.2,0.04,3,5,2
PO1000001263,"2020,2021,2019",KULIM (MALAYSIA) BERHAD,EPA MANAGEMENT SDN BHD,TEREH,RSPO Certified,"RSPO Certified, IP",3/31/23,2.22,103.35,"2.217023, 103.352357",MYS,Malaysia,Johor,Keluang,1-Fully Verified,,106.84,10683.81,125,178.88,17887.86,11.09,1108.53,7.68,767.52,6.77,677.25,5.52,552.15,7.09,709.29,9.62,961.74,9.67,966.87,2.16,215.73,7.14,714.06,0.97,97.47,7.62,761.76,3.23,323.19,1.63,163.26,2.6,259.65,0.4,40.41,1.53,152.91,5.23,523.26,0.52,52.02,4.42,442.26,2.62,261.54,5.42,542.07,6.61,661.32,106.84,1,0,0,5,5,3
PO1000001264,"2019,2020,2021",KULIM (MALAYSIA) BERHAD,SINDORA BHD,SINDORA,RSPO Certified,"RSPO Certified, IP",3/31/23,1.99,103.46,"1.985372, 103.46231",MYS,Malaysia,Johor,Keluang,1-Fully Verified,,47.76,4776.12,47.72,58.86,5885.91,0.02,1.89,0.01,0.54,0,0.36,0.57,56.7,0.12,11.61,1.04,103.77,3.06,305.55,0.81,81.45,2.31,230.67,1.35,134.82,2.88,287.82,1.83,182.79,1.5,149.85,3.9,390.15,6.28,628.2,6.09,609.12,4.19,418.77,0.09,9.36,0.01,0.54,0.02,2.34,0.02,1.62,0.07,7.47,36.15,0.76,11.61,0.24,1,4,1
PO1000001265,"2020,2021,2019",KULIM (MALAYSIA) BERHAD,MAHAMURNI PLANTATIONS SDN BHD,PALONG COCOA,RSPO Certified,"RSPO Certified, IP",3/31/23,2.71,102.79,"2.7064, 102.785012",MYS,Malaysia,Johor,Segamat,1-Fully Verified,,110.66,11066.22,129.71,235.69,23569.11,1.41,141.39,2.67,266.94,0.27,26.82,4.08,408.15,7.38,737.91,3.65,365.22,4.98,498.24,4.69,469.26,9.15,915.3,0.37,37.26,15.29,1529.1,13.34,1334.43,0.97,96.75,1.45,145.44,1.87,186.84,3.77,377.01,2.12,212.49,1.5,150.12,1.66,165.78,1,100.26,1.64,164.07,4.77,477.18,88.06,0.8,22.6,0.2,4,4,3
PO1000001278,"2020,2019",SIPEF,AGRO MUKO,MUKOMUKO POM,RSPO Certified,"RSPO Certified, IP",3/31/23,-2.6,101.28,"-2.601342, 101.277978",IDN,Indonesia,Bengkulu,Mukomuko,1-Fully Verified,,92.33,9232.56,104.26,154.14,15413.76,0.49,48.51,0.38,37.62,0.36,36.27,0.58,57.87,0.31,30.78,0.37,36.81,0.71,71.46,0.12,12.33,0.34,34.38,0.14,14.04,0.23,23.04,1.39,138.51,10.32,1032.3,7.14,714.15,7.23,722.97,6.6,659.88,4.48,448.47,5.03,502.92,10.09,1008.99,0.52,51.93,0.35,34.56,5.36,535.59,62.53,0.68,29.79,0.32,4,4,3
PO1000001279,"2019,2020,2021",SIPEF,AGRO MUKO,BUNGA TANJUNG,RSPO Certified,"RSPO Certified, IP",3/31/23,-2.72,101.37,"-2.716388, 101.369444",IDN,Indonesia,Bengkulu,Mukomuko,1-Fully Verified,,329.09,32908.68,315.91,1247.33,124732.62,5.23,522.99,3.07,306.99,0.57,56.97,6.82,681.93,2.79,278.91,5.27,527.49,5.35,535.14,2.5,250.2,1.7,170.28,1.34,134.19,5.01,501.03,3.54,353.52,1.21,120.69,1.26,126.09,0.65,65.07,1.04,103.86,1.39,139.41,1.61,160.92,1.7,170.1,2.22,221.58,1.41,141.3,1.45,144.81,57.13,0.17,271.95,0.83,2,1,3
PO1000001285,"2020,2019",FGV HOLDINGS BERHAD,FGV PALM INDUSTRIES SDN BHD,BUKIT BESAR,Not RSPO Certified,,3/31/23,1.77,103.7,"1.772191, 103.7022",MYS,Malaysia,Johor,Kota Tinggi,2-High Confidence,,69.33,6932.88,72.99,89.17,8917.11,0.09,8.55,0.04,4.14,0.1,9.54,0.6,60.21,0.56,56.34,0.37,36.72,0.21,20.79,0.01,0.9,0.31,30.78,0.36,35.91,0.63,63,0.36,35.91,0.22,21.78,0.35,35.01,3.05,304.74,5.75,574.92,9,900.27,9.39,938.61,4.99,498.6,3.83,383.13,13.84,1384.11,5.17,516.78,59.21,0.85,10.12,0.15,5,5,5
PO1000001309,"2020,2019",FGV HOLDINGS BERHAD,FGV PALM INDUSTRIES SDN BHD,KULAI,RSPO Certified,"RSPO Certified, MB",3/31/23,1.74,103.65,"1.739556, 103.647292",MYS,Malaysia,Johor,Kulaijaya,2-High Confidence,,180.8,18080.46,303.8,516.69,51669.45,5.52,551.7,5.84,584.1,0.63,63.09,4.94,494.37,5.51,550.8,6.98,698.31,3.98,398.07,1.74,173.52,7.35,734.67,7.49,749.16,6.28,628.47,5.85,584.64,6.18,617.94,10.51,1050.75,10.52,1051.65,12.99,1299.15,8.26,826.02,10.47,1046.97,6.16,616.5,6.24,623.88,4.4,439.92,1.63,163.35,139.47,0.77,41.33,0.23,3,4,3
PO1000001310,"2019,2020",FGV HOLDINGS BERHAD,FGV PALM INDUSTRIES SDN BHD,PENGGELI,RSPO Certified,"RSPO Certified, MB",3/31/23,1.83,103.64,"1.827009, 103.639143",MYS,Malaysia,Johor,Kota Tinggi,1-Fully Verified,,84.86,8485.65,111.11,238.71,23871.15,18.55,1854.99,3.73,372.69,0.22,21.51,0.63,62.73,21.13,2113.47,6.19,619.47,1.59,159.39,0.16,15.84,2.17,216.99,0.96,96.3,2.21,221.4,1.24,124.47,0.47,47.16,1.46,146.07,2.7,269.82,1.92,192.24,1.36,136.35,2.54,253.98,2.14,214.11,1.62,161.91,3.65,365.4,5.68,568.26,82.35,0.97,2.51,0.03,5,5,3
PO1000001311,"2020,2019",FGV HOLDINGS BERHAD,FGV PALM INDUSTRIES SDN BHD,BELITONG,RSPO Certified,"RSPO Certified, MB",3/31/23,1.94,103.5,"1.937607, 103.4986",MYS,Malaysia,Johor,Keluang,1-Fully Verified,,132.17,13217.49,132.91,133.41,13341.06,2.62,262.26,5.25,525.24,0.92,92.16,2.44,244.26,3.29,328.68,2.29,228.51,7.36,735.75,4.16,415.71,4.66,466.29,6.63,663.39,47.46,4746.33,10.14,1014.48,1.16,115.92,3.42,342.27,0.8,80.1,1.05,105.21,0.68,67.68,0.16,15.93,0.14,14.04,1.01,100.53,1.07,107.28,1.19,119.16,107.91,0.82,24.26,0.18,3,5,2
PO1000001313,"2020,2019",FGV HOLDINGS BERHAD,FGV PALM INDUSTRIES SDN BHD,NITAR,RSPO Certified,"RSPO Certified, MB",3/31/23,2.41,103.66,"2.406759, 103.657348",MYS,Malaysia,Johor,Mersing,1-Fully Verified,,781,78100.29,835.96,1354.57,135457.02,24.37,2436.57,8.35,834.75,2.02,201.87,7.43,743.49,12.49,1248.57,12.57,1256.67,15.68,1567.71,23.24,2323.98,39.53,3953.34,34.36,3435.84,33.22,3322.44,25.12,2511.9,12.2,1220.13,18.69,1869.48,10.51,1051.11,18.19,1818.72,7.33,732.87,11.17,1116.54,6.52,652.05,6.53,653.04,6.29,629.37,13.71,1370.79,349.51,0.45,431.49,0.55,3,3,3
PO1000001314,"2019,2020",FGV HOLDINGS BERHAD,FGV PALM INDUSTRIES SDN BHD,KAHANG,Not RSPO Certified,,3/31/23,2.08,103.49,"2.075104, 103.494118",MYS,Malaysia,Johor,Keluang,1-Fully Verified,,291.6,29159.73,272.3,431,43099.56,0.37,37.08,1.64,164.43,4.63,463.41,5.57,556.65,0.96,95.85,4.93,492.66,1.28,127.98,0.27,26.73,3.17,316.62,2.6,259.56,3.96,396.36,9.49,949.41,0.37,36.99,3.93,393.39,4.37,437.22,3.71,371.07,1.67,167.31,0.59,59.22,0.97,97.38,1.21,121.14,0.13,13.05,0.25,24.93,56.08,0.19,235.51,0.81,1,1,3
PO1000001315,"2020,2019,2021",PASIFIK AGRO SENTOSA,BARUMUN AGRI SENTOSA,AEK SIGALA GALA,RSPO Certified,"RSPO Certified, MB",3/31/23,1.62,100.1,"1.621167, 100.102444",IDN,Indonesia,Sumatera Utara,Padang Lawas Utara,1-Fully Verified,,188.57,18857.07,273.66,792.52,79251.84,6.8,679.77,2.58,257.85,0.96,95.58,5.06,505.98,5.21,521.37,4.89,489.06,2.45,244.98,0.67,66.51,1.66,166.23,6.2,620.46,9.42,942.48,3.3,329.85,2.65,264.96,2.44,243.81,0.56,56.43,2.51,251.46,6.41,640.98,1.5,150.48,1.07,106.74,0.8,80.28,1.25,124.83,1.65,164.97,70.05,0.37,118.52,0.63,2,3,3
PO1000001320,"2020,2019",FGV HOLDINGS BERHAD,FGV PALM INDUSTRIES SDN BHD,LEPAR HILIR,RSPO Certified,"RSPO Certified, MB",3/31/23,3.65,103.01,"3.645278, 103.012778",MYS,Malaysia,Pahang,Kuantan,1-Fully Verified,,262.04,26204.13,269.53,239.85,23985.09,1.72,172.26,0.61,60.75,0.39,39.15,3.32,332.01,9.81,980.55,4.14,413.73,9.89,989.28,2.11,210.69,1.47,146.79,15.04,1503.9,8.21,821.34,20.44,2044.35,19.95,1995.12,22.35,2235.24,16.69,1669.05,17.04,1703.97,11.51,1150.56,16.79,1678.77,14.05,1405.44,8.16,816.03,9.36,935.91,7.24,724.5,220.29,0.84,41.75,0.16,4,5,3
PO1000001342,"2019,2021,2020",SINAR MAS,SUMBER INDAH PERKASA,SUNGAI BUAYA,RSPO Certified,"RSPO Certified, IP",3/31/23,-4.13,105.44,"-4.128611, 105.438839",IDN,Indonesia,Lampung,Mesuji,1-Fully Verified,,125.78,12577.95,290.77,552.49,55248.93,0.27,27.36,0.3,30.42,0.06,5.67,0.34,34.2,0.31,30.78,0.72,72.45,1.23,122.76,0.43,42.84,2.97,296.91,0.75,75.42,0.36,35.55,2.98,298.44,0.44,44.46,2.4,240.39,7.64,764.1,21.02,2102.31,4.04,403.65,10.08,1008.36,11.7,1170.09,15.28,1528.47,2.03,202.86,3.24,323.73,88.61,0.7,37.17,0.3,3,4,3
PO1000001343,"2020,2019,2021",SINAR MAS,SUMBER INDAH PERKASA,SUNGAI MERAH,RSPO Certified,"RSPO Certified, MB",3/31/23,-4.22,105.59,"-4.218444, 105.588769",IDN,Indonesia,Lampung,Tulangbawang,1-Fully Verified,,590.21,59020.74,1879.27,4177.76,417776.31,2.51,251.1,5.96,596.43,3.75,375.21,3.94,393.66,11.04,1103.58,5.67,566.55,5.47,547.2,1.54,153.99,11.22,1121.85,10.51,1051.02,3.88,388.26,46.5,4650.03,3.26,326.34,12.06,1206.09,23.77,2377.35,14.25,1424.7,20.23,2023.47,19.42,1941.75,25.66,2566.26,20.61,2061.45,22.42,2241.9,13.51,1351.26,287.19,0.49,303.01,0.51,4,3,4
PO1000001344,"2020,2021,2019",SINAR MAS,KRESNA DUTA AGROINDO,JELATANG,RSPO Certified,"RSPO Certified, MB",3/31/23,-2.07,102.49,"-2.072222, 102.485833",IDN,Indonesia,Jambi,Merangin,1-Fully Verified,,510.77,51076.62,565.4,802.8,80280,5.2,519.75,9.12,912.06,3.31,331.11,10.75,1074.78,6.52,652.14,13.86,1386.27,18.55,1855.26,21.61,2160.63,12.49,1248.66,12.57,1256.85,5.61,560.7,17.75,1774.98,3.61,361.35,7.4,740.16,7.92,792.45,21.18,2118.33,15.55,1555.2,9.2,919.98,7.47,746.91,10.42,1042.47,7.94,794.43,11.21,1121.13,239.26,0.47,271.51,0.53,3,3,3
PO1000001345,"2019,2020,2021",SINAR MAS,KRESNA DUTA AGROINDO,LANGLING,RSPO Certified,"RSPO Certified, MB",3/31/23,-2.1,102.37,"-2.100833, 102.374444",IDN,Indonesia,Jambi,Merangin,1-Fully Verified,,354.21,35420.94,452.15,895.38,89537.76,3.04,303.93,2.83,282.6,0.37,36.81,6.07,606.6,4.79,478.89,5.09,509.13,5.88,588.33,0.83,82.8,5.06,506.43,7.14,713.79,3.4,339.75,6.94,694.17,3.27,327.42,3.61,361.17,2.75,274.86,6.19,619.29,9.15,915.48,9.55,955.35,6.18,618.48,14.58,1458.36,18.97,1897.2,16.65,1664.55,142.35,0.4,211.86,0.6,5,3,5
PO1000001372,"2020,2019,2021",SINAR MAS,MASKAPAI PERKEBUNAN LEIDONG WEST INDONESIA,MASKAPAI PERKEBUAN LEIDONG WEST,RSPO Certified,"RSPO Certified, MB",3/31/23,-1.9,105.48,"-1.901389, 105.476389",IDN,Indonesia,Bangka Belitung,Bangka Barat,1-Fully Verified,,407.83,40783.32,481.07,715.22,71521.56,4.29,429.3,5,499.77,1.89,188.91,9.26,925.65,4.08,407.61,10.95,1095.3,4.13,413.19,23.58,2357.73,25.77,2576.61,4.19,418.77,12.04,1204.2,15.14,1513.98,5.63,563.31,16.42,1642.23,8.36,836.28,11.95,1195.2,9.49,948.96,8.83,883.17,19.34,1934.46,15.01,1501.29,10.41,1041.12,20.6,2059.83,246.37,0.6,161.46,0.4,5,3,4
PO1000001380,"2020,2021,2019",SIME DARBY,LAGUNA MANDIRI,BETUNG,RSPO Certified,"RSPO Certified, MB",3/31/23,-2.38,116.2,"-2.379167, 116.203056",IDN,Indonesia,Kalimantan Selatan,Kota Baru,1-Fully Verified,,244.4,24439.86,298.1,441.68,44168.13,1.16,116.37,3.69,369.45,0.7,69.57,4.83,482.76,4.13,412.74,8.58,857.7,6.98,698.04,4.51,450.72,18.17,1817.28,2.25,224.55,4.43,442.98,4.16,415.53,6.31,630.63,10.11,1010.79,18.45,1845.45,18.95,1895.49,16.25,1624.95,12.95,1295.01,4.31,430.92,3.74,373.59,9.78,978.48,11.24,1124.19,175.67,0.72,68.73,0.28,5,4,3
PO1000001381,"2019,2021,2020",SIME DARBY,BHUMIREKSA NUSA SEJATI,MANDAH FACTORY,RSPO Certified,"RSPO Certified, IP",3/31/23,0.12,103.55,"0.1159722, 103.5491389",IDN,Indonesia,Riau,Indragiri Hilir,1-Fully Verified,,962.84,96284.07,1071.6,3172.9,317290.14,12.05,1204.65,15.08,1507.5,7.08,707.76,13.7,1369.53,34.62,3461.85,4.54,454.14,3.15,315.45,4.12,411.93,5.08,508.32,9.69,969.12,4.32,432.36,18.74,1874.16,5.84,584.28,25.5,2549.97,10.77,1077.39,24.49,2449.08,21.41,2141.01,20.28,2028.33,26.91,2690.64,21.34,2134.35,21.29,2129.31,18.5,1849.59,328.51,0.34,634.33,0.66,3,2,4
PO1000001383,"2020,2019,2021",SINAR MAS,FORESTA LESTARI DWIKARYA,TANJUNG KEMBIRI,RSPO Certified,"RSPO Certified, MB",3/31/23,-3.03,107.77,"-3.0324871, 107.770416",IDN,Indonesia,Bangka Belitung,Belitung,1-Fully Verified,,1086.35,108635.31,1255.33,2942.16,294215.76,7.88,788.49,8.54,854.46,3.08,307.89,17.35,1735.11,6.07,606.69,18.31,1830.69,11.05,1104.84,13.9,1389.6,93.91,9391.23,17.99,1798.65,49.79,4978.62,43.9,4389.93,25.09,2508.84,37.12,3712.32,35.08,3507.75,40.26,4026.42,17.96,1795.68,9.95,995.13,14.3,1430.19,12.35,1234.62,12.96,1296,15.78,1577.61,512.61,0.47,573.75,0.53,3,3,3
PO1000001417,"2021,2020,2019",KUALA LUMPUR KEPONG (KLK),ADEI PLANTATION AND INDUSTRY,NILO 1,RSPO Certified,"RSPO Certified, MB",3/31/23,0.35,101.97,"0.3480556, 101.971667",IDN,Indonesia,Riau,Pelalawan,1-Fully Verified,,47.04,4704.48,108.11,163.8,16380,11.49,1149.3,2.65,265.41,0.16,16.11,5.09,508.68,1.48,148.5,1.68,167.76,2.99,299.34,0.35,35.28,0.11,11.43,3.52,351.99,4.45,445.14,5.7,569.97,0.81,81.09,0.69,68.76,1.1,110.43,11.44,1143.99,5.27,527.04,8.35,835.02,6.98,697.86,5.18,517.5,4.38,437.94,0.35,35.28,47.04,1,0,0,5,5,2
PO1000001418,"2019,2020,2021",KUALA LUMPUR KEPONG (KLK),ADEI PLANTATION AND INDUSTRY,NILO 2,RSPO Certified,"RSPO Certified, IP, MB",3/31/23,0.35,102.09,"0.3525, 102.094722",IDN,Indonesia,Riau,Pelalawan,1-Fully Verified,,1779.24,177923.61,1733.74,1912.41,191241.09,96.92,9691.83,35.13,3512.97,1.25,124.83,208,20800.26,110.11,11010.51,5.6,559.62,67.32,6732,80.46,8045.73,24.67,2467.17,159.26,15925.59,130.2,13019.67,67.67,6767.28,53.75,5374.98,67.91,6790.68,14.25,1424.52,27.88,2788.2,18.36,1836.36,15.66,1566.09,22.34,2234.25,21.72,2172.24,17.01,1700.91,17.31,1731.42,1262.77,0.71,516.46,0.29,3,4,3
PO1000001423,2020,GRUPO GRASCO,INDUSTRIAL AGRARIA LA PALMA S.A. (INDUPALMA),INDUSTRIAL AGRARIA LA PALMA S.A. (INDUPALMA),Not RSPO Certified,,3/31/23,7.7,-73.46,"7.703464, -73.455515",COL,Colombia,Cesar,San Alberto,1-Fully Verified,,1792.4,179240.4,3063.21,8518.18,851818.41,14.06,1406.34,8.64,863.55,5.07,506.52,11.49,1149.12,7.27,726.93,9.99,999,14.5,1450.35,6.03,603,10.99,1098.63,9.73,973.17,9.9,990.18,11.34,1134.27,3.25,324.63,8.88,887.67,4.69,469.08,7.13,713.25,14.71,1470.78,4.81,480.87,5.66,566.1,7.75,775.35,4.09,409.23,5.66,566.37,185.64,0.1,1606.76,0.9,1,1,3
PO1000001431,2020,AGROAMERICA,EXTRACTORA LA FRANCIA / AGROCARIBE,EXTRACTORA DEL ATLANTICO,RSPO Certified,"RSPO Certified, IP",3/31/23,15.58,-88.56,"15.582959, -88.559814",GTM,Guatemala,Izabal,Morales,1-Fully Verified,,3014.01,301401.18,3760.88,7782.94,778293.54,14.15,1414.62,39.5,3950.37,19.78,1978.2,21.37,2136.69,43.01,4301.28,16.18,1618.2,59.46,5946.48,24.94,2493.9,28.72,2871.99,41.68,4168.17,26,2600.1,32.29,3229.2,29.81,2981.07,31.03,3103.11,22.67,2266.92,94.15,9415.44,52.05,5204.7,37.64,3763.89,44.77,4476.87,59.62,5962.23,30.3,3030.3,21.08,2107.53,790.21,0.26,2223.8,0.74,3,2,3
PO1000001488,"2020,2019,2021",MP EVANS,PRIMA MITRAJAYA MANDIRI,BENUA PUHUN,RSPO Certified,"RSPO Certified, MB",3/31/23,-0.3,116.76,"-0.297714, 116.763666",IDN,Indonesia,Kalimantan Timur,Kutai Kartanegara,1-Fully Verified,,472.5,47250.27,669.25,1679.71,167970.6,3.39,338.58,2.7,270.36,1.54,154.44,4.99,499.23,1.49,149.04,4.45,445.14,15.53,1552.68,34.48,3447.81,59.52,5951.61,7.36,735.75,11.05,1105.47,12.05,1205.1,5.61,560.97,20.66,2066.13,7.23,723.15,16.9,1689.66,8.54,853.65,6.1,610.2,4.52,451.53,2.13,213.48,1.91,190.71,1.97,197.19,234.12,0.5,238.38,0.5,2,3,3
PO1000001529,"2021,2020,2019",MUSIM MAS,SIRINGO-RINGO,SIRINGO RINGO,RSPO Certified,"RSPO Certified, MB",3/31/23,2.1,99.77,"2.1, 99.77",IDN,Indonesia,Sumatera Utara,Labuhanbatu,1-Fully Verified,,262.72,26271.54,296.94,1645.95,164595.06,1.86,185.94,2.08,207.54,1.67,167.13,4.11,411.39,3.53,352.8,4.44,443.52,2.49,248.76,1.68,167.58,4.03,403.11,1.76,175.5,2.83,282.87,1.79,178.65,1.35,134.73,4.1,409.68,7.56,756.09,13.76,1375.74,11.91,1191.33,4.97,496.89,9.63,963.36,7.36,735.75,5.04,503.73,3.33,332.55,101.25,0.39,161.47,0.61,3,3,3
PO1000001564,"2019,2021,2020",PTPN III,PERKEBUNAN NUSANTARA III,AEK NABARA SELATAN,RSPO Certified,"RSPO Certified, MB",3/31/23,2.06,99.96,"2.058056, 99.955278",IDN,Indonesia,Sumatera Utara,Labuhanbatu,1-Fully Verified,,80.94,8093.79,83.54,142.8,14279.76,1.36,136.35,1.91,190.8,0.14,13.86,7.65,764.82,6.69,668.7,8.1,810.09,1.68,168.03,7.86,785.79,6.01,600.75,5.39,538.92,0.91,90.63,3.07,307.08,0.32,31.5,0.52,52.02,0.2,20.16,1.01,100.62,0.49,49.14,0.71,70.92,0.4,40.5,0.26,25.83,0.39,39.42,0.43,42.57,55.48,0.69,25.45,0.31,2,4,2
PO1000001565,"2020,2019,2021",PTPN III,PERKEBUNAN NUSANTARA III,AEK TOROP,RSPO Certified,"RSPO Certified, MB",3/31/23,1.79,100.16,"1.79278, 100.15583",IDN,Indonesia,Sumatera Utara,Labuhanbatu Selatan,1-Fully Verified,,36.95,3695.49,34.62,31.52,3152.34,1.78,178.38,0.14,14.31,0.03,3.15,0.18,17.82,0.08,8.1,3.88,388.44,5.9,589.68,0.1,10.35,5.79,579.06,1.28,128.43,1.17,117.36,0.52,51.75,1.62,161.64,0.66,66.24,0.12,11.88,0.18,17.64,0.96,95.58,0.3,29.79,0.14,13.86,0.39,38.52,0.24,23.76,0.1,9.72,25.55,0.69,11.4,0.31,2,4,2
PO1000001566,"2020,2021,2019",PTPN III,PERKEBUNAN NUSANTARA III,AEK RASO,RSPO Certified,"RSPO Certified, MB",3/31/23,1.7,100.17,"1.703883, 100.172217",IDN,Indonesia,Sumatera Utara,Labuhanbatu Selatan,1-Fully Verified,,108.11,10810.89,112.39,170.28,17027.82,2.69,268.56,0.16,16.2,0.01,1.17,0.55,55.26,0.24,24.03,2.74,273.87,2.73,272.88,1.12,111.6,4.15,415.17,1.24,124.47,11.14,1113.57,2.9,290.25,36.79,3679.02,3.36,336.15,4,399.69,2.44,244.26,5.02,502.29,2.6,260.1,2.15,215.28,3,299.97,3.99,398.7,0.18,17.64,93.2,0.86,14.91,0.14,3,5,3
PO1000001611,"2019,2021,2020",SINAR MAS,BUMI SAWIT PERMAI,BUMI SAWIT,RSPO Certified,"RSPO Certified, MB",3/31/23,-3.53,104.34,"-3.5257, 104.3443",IDN,Indonesia,Sumatera Selatan,Ogan Ilir,1-Fully Verified,,1564.01,156401.46,1971.67,2873.85,287384.94,29.69,2968.65,37.66,3766.05,22.08,2208.15,33.79,3379.14,37.97,3796.65,26.67,2666.97,59.49,5949,46.32,4631.76,88.36,8836.47,40.95,4095.09,37.39,3738.51,96.54,9653.67,33.08,3307.68,57.37,5737.14,44.43,4443.3,69.45,6945.03,69.04,6903.72,62.43,6242.67,33.57,3357.27,33.36,3335.85,28.88,2887.74,35.47,3547.35,1023.98,0.65,540.04,0.35,3,4,3
PO1000001612,"2020,2019,2021",SINAR MAS,SAWIT MAS SEJAHTERA,PANGKALAN PANJI,RSPO Certified,"RSPO Certified, MB",3/31/23,-2.95,104.47,"-2.948531, 104.466511",IDN,Indonesia,Sumatera Selatan,Banyu Asin,1-Fully Verified,,433.95,43395.21,611.07,832.54,83254.5,5.49,548.82,6.7,670.41,8.25,824.94,11.25,1124.64,8.1,809.55,12.81,1281.15,8.23,823.23,6.85,684.63,8.15,815.31,14.79,1479.33,14.74,1473.84,20.52,2052.36,18.01,1800.9,15.58,1558.35,23.92,2391.84,27.21,2721.33,26.29,2628.54,21.4,2139.66,15.28,1528.02,9.49,949.05,7.23,722.97,5.48,548.37,295.77,0.68,138.18,0.32,3,4,3
PO1000001618,"2021,2020,2019",TRIPUTRA AGRO PERSADA,GAWI BAHANDEP SAWIT MEKAR,GAWI BAHANDEP SAWIT MEKAR,RSPO Certified,"RSPO Certified, MB",3/31/23,-2.95,112.35,"-2.951233, 112.347033",IDN,Indonesia,Kalimantan Tengah,Seruyan,1-Fully Verified,,1706.64,170663.85,2148.05,3994.07,399406.59,1.43,142.74,5.79,578.61,6.6,659.79,10.65,1064.7,4.76,476.01,30.79,3079.26,79.58,7958.25,30.24,3024,7.02,701.64,1.78,178.29,50.8,5079.96,30.05,3005.37,7.67,766.53,14.29,1429.11,18.75,1874.97,393.97,39396.96,14.11,1411.11,8.07,807.03,26.68,2668.5,3.53,352.53,1.55,155.07,4.33,433.26,752.44,0.44,954.2,0.56,1,3,3
PO1000001619,"2019,2020,2021",TRIPUTRA AGRO PERSADA,BRAHMA BINA BAKTI,BRAHMA BINABAKTI,RSPO Certified,"RSPO Certified, MB",3/31/23,-1.35,103.33,"-1.3467, 103.327983",IDN,Indonesia,Jambi,Muaro Jambi,1-Fully Verified,,223.82,22381.83,252.21,344.92,34491.96,2.5,249.84,1.59,158.67,1.55,155.16,8.35,835.29,9.71,971.28,12.55,1255.32,18.28,1827.54,9.2,919.53,12.63,1263.33,4.36,436.32,1.7,169.83,4.51,451.26,1.4,139.86,4.71,470.97,2.76,275.94,12.28,1228.32,4.87,486.72,6.09,609.48,13.97,1397.16,14.58,1457.82,25.75,2574.63,16.61,1661.49,189.96,0.85,33.86,0.15,5,5,4
PO1000001631,"2020,2019,2021",SINAR MAS,DJUANDA SAWIT LESTARI,MUARA KANDIS,RSPO Certified,"RSPO Certified, MB",3/31/23,-2.9,103.18,"-2.900278, 103.1775",IDN,Indonesia,Sumatera Selatan,Musi Rawas,1-Fully Verified,,331.83,33183.18,491.26,784.99,78498.81,5.31,531.36,3.24,323.73,0.56,56.25,6.27,627.21,3.39,339.03,17.37,1737,2.31,231.3,17.79,1779.48,8.24,824.4,3.41,341.01,5.74,573.66,14.22,1422.18,2.93,292.68,7.2,719.73,7.5,750.42,10.18,1017.72,6.95,695.43,8.31,831.15,4.79,479.07,11.52,1152.45,8.17,817.29,16.82,1681.74,172.24,0.52,159.59,0.48,5,3,4
PO1000001637,"2020,2021,2019",SINAR MAS,AGRO LESTARI MANDIRI,PEKAWAI,Not RSPO Certified,,3/31/23,-1.52,110.46,"-1.521222, 110.458915",IDN,Indonesia,Kalimantan Barat,Ketapang,1-Fully Verified,,1421.5,142150.32,1363.24,2502.12,250212.42,4.92,491.67,8.33,832.86,2.07,206.55,11.67,1167.48,9.13,913.32,26.22,2622.06,20.64,2063.61,16.46,1645.74,34.61,3461.31,18.69,1868.85,14.3,1430.01,51.5,5149.98,38,3800.16,34.87,3487.23,43.32,4331.88,30.67,3066.84,17.42,1741.95,15,1500.39,18.56,1855.53,16.37,1637.28,10.61,1060.83,17.1,1709.55,460.45,0.32,961.05,0.68,3,2,3
PO1000001638,"2019,2021,2020",SINAR MAS,KENCANA GRAHA PERMAI,KENANGA,RSPO Certified,"RSPO Certified, MB",3/31/23,-2.14,110.52,"-2.1404, 110.5158",IDN,Indonesia,Kalimantan Barat,Ketapang,1-Fully Verified,,457.16,45716.13,581.82,869.31,86930.55,2.31,231.03,9.64,964.44,0.55,55.17,5.63,563.31,2.77,276.84,12.63,1263.24,11.09,1108.71,15.02,1502.01,38.06,3805.65,4.22,422.46,7.41,741.33,14.83,1483.47,4.45,444.87,25.2,2519.64,28.76,2876.13,7.95,795.15,11.88,1188.45,12.36,1236.33,25.22,2521.98,4.93,492.66,4.05,405.18,7.79,779.4,256.77,0.56,200.39,0.44,3,3,3
PO1000001654,"2020,2019",FGV HOLDINGS BERHAD,FGV PALM INDUSTRIES SDN BHD,EMBARA BUDI,Not RSPO Certified,,3/31/23,5.13,119.09,"5.132065, 119.092445",MYS,Malaysia,Sabah,Lahad Datu,1-Fully Verified,,154.59,15458.94,154.9,195.77,19577.25,2.07,207.27,1.78,177.75,0.4,39.69,2.74,273.87,1.24,124.2,7.43,742.77,4.9,489.96,6.83,682.56,5.66,566.19,25.41,2540.79,9.24,923.85,25.97,2596.86,10.97,1096.74,14.91,1490.67,2.4,239.67,2.19,218.97,1.73,172.71,0.03,3.15,1.7,169.74,1.41,141.03,0.49,48.87,0.19,18.72,129.66,0.84,24.93,0.16,1,5,1
PO1000001670,"2020,2021,2019",SIPEF,UMBUL MAS WISESA,UMBUL MAS WISESA,RSPO Certified,"RSPO Certified, IP",3/31/23,2.21,100.27,"2.210808, 100.271064",IDN,Indonesia,Sumatera Utara,Labuhanbatu Selatan,1-Fully Verified,,217.44,21743.91,283.15,301.87,30187.26,1.68,168.12,4.82,481.95,11.41,1141.47,27.6,2760.3,39.4,3939.75,16.39,1638.9,2.68,268.02,2.52,251.91,39.66,3965.85,15.8,1580.13,11.37,1136.79,11.74,1173.51,0.97,96.93,2.9,290.34,0.99,99.27,2,199.53,1.35,134.64,0.76,76.14,0.68,67.95,0.26,26.37,1.05,105.03,0.97,97.47,197,0.91,20.44,0.09,2,5,1
PO1000001683,"2019,2020,2021",BUMITAMA GUNAJAYA AGRO (BGA),WINDU NABATINDO LESTARI,PUNDU NABATINDO,RSPO Certified,"RSPO Certified, MB",3/31/23,-1.99,113.06,"-1.993167, 113.060706",IDN,Indonesia,Kalimantan Tengah,Kotawaringin Timur,1-Fully Verified,,1665.08,166508.1,2034.53,5555.37,555537.06,2.83,282.96,21.37,2137.32,18.91,1890.9,43.92,4391.73,26.37,2637,29.47,2946.6,53.41,5340.87,19.03,1902.51,28.07,2806.56,34.34,3434.13,21.2,2119.68,47.41,4741.11,33.71,3371.22,44.97,4496.58,42.25,4225.23,47.99,4798.8,19.93,1993.5,8.12,812.25,15.82,1582.2,9.4,939.78,14.36,1435.5,17.95,1794.51,600.81,0.36,1064.27,0.64,3,3,3
PO1000001684,"2020,2019,2021",BUMITAMA GUNAJAYA AGRO (BGA),KARYA MAKMUR BAHAGIA,GUNUNG MAKMUR,RSPO Certified,"RSPO Certified, MB",3/31/23,-1.76,112.6,"-1.761271, 112.597416",IDN,Indonesia,Kalimantan Tengah,Kotawaringin Timur,2-High Confidence,,2208.18,220817.88,2167.64,4165.1,416510.19,10.72,1072.08,24.88,2488.14,5.23,522.63,19.1,1910.16,6.38,638.1,16.31,1631.07,40.47,4047.48,45.62,4561.83,34.19,3419.1,61.45,6145.29,20.88,2087.82,49.4,4940.46,32.67,3266.73,45.45,4544.82,26.48,2648.16,37.62,3761.82,27.25,2724.84,20.07,2006.64,17.67,1767.24,22.19,2219.49,20.06,2006.19,29.38,2937.96,613.48,0.28,1594.7,0.72,3,2,3
PO1000001697,"2020,2019",FGV HOLDINGS BERHAD,FGV PALM INDUSTRIES SDN BHD,LANCANG KEMUDI,Not RSPO Certified,,3/31/23,5.23,119.06,"5.232319, 119.057997",MYS,Malaysia,Sabah,Lahad Datu,1-Fully Verified,,157.86,15785.91,160,201.04,20104.2,0.31,31.23,0.24,24.21,0.12,11.52,0.31,30.51,3.09,308.7,7.1,710.46,2.97,297,0.83,82.98,3.91,391.05,7.97,797.04,1.59,159.3,6.15,614.97,6.61,661.41,4.4,440.37,1.6,159.84,11.07,1107.27,7.36,736.38,19.07,1906.83,9.22,922.41,12.74,1274.49,6.35,635.49,12.35,1235.34,125.39,0.79,32.47,0.21,5,4,4
PO1000001698,"2019,2020",FGV HOLDINGS BERHAD,FGV PALM INDUSTRIES SDN BHD,HAMPARAN BADAI,Not RSPO Certified,,3/31/23,5.34,119.2,"5.336233, 119.204668",MYS,Malaysia,Sabah,Kinabatangan,1-Fully Verified,,190.64,19063.71,228.46,350.85,35084.88,1.23,122.85,1.48,147.87,1.37,137.07,8.69,868.86,2.85,284.58,1.19,118.8,1.7,170.37,1.47,147.15,0.11,11.25,3.46,346.5,0.44,44.19,6.09,609.3,5.28,527.94,7.27,727.02,8.22,821.52,8.47,846.99,21.26,2126.07,25.04,2504.34,12.14,1214.1,11.71,1170.54,9.05,905.22,10.93,1093.05,149.46,0.78,41.18,0.22,5,4,3
PO1000001699,"2020,2019",FGV HOLDINGS BERHAD,FGV PALM INDUSTRIES SDN BHD,MERCU PUSPITA,Not RSPO Certified,,3/31/23,5.21,119.01,"5.205806, 119.013742",MYS,Malaysia,Sabah,Lahad Datu,1-Fully Verified,,136.48,13647.51,133.58,213.54,21353.94,2.06,206.01,1.1,110.34,0.21,20.52,2.28,228.33,0.53,53.01,0.24,24.03,0.17,17.46,0.86,85.59,3.86,386.46,9.06,906.12,4.12,411.84,5.75,575.1,4.78,478.17,9.5,950.04,0.02,2.16,0.05,4.95,0.01,1.26,0.12,11.88,0.02,1.71,3.47,347.31,5.94,594.36,3.48,348.21,57.65,0.42,78.83,0.58,5,3,4
PO1000001700,"2020,2019",FGV HOLDINGS BERHAD,FGV PALM INDUSTRIES SDN BHD,NILAM PERMATA,Not RSPO Certified,,3/31/23,5.29,119.01,"5.290831, 119.009438",MYS,Malaysia,Sabah,Kinabatangan,1-Fully Verified,,461.76,46175.85,468.49,888.97,88896.96,0.2,20.16,0.05,5.31,0.04,3.6,0.14,13.68,0.07,7.11,0.07,6.57,0.08,8.19,0.09,8.82,0.04,4.23,0.38,38.34,0.28,28.08,1.88,187.74,1.11,110.52,2.76,275.85,0.43,42.75,3.23,322.56,0.02,1.8,2.68,268.2,0.38,38.07,0.04,4.41,1.79,178.56,4.01,401.31,19.76,0.04,442,0.96,2,1,3
PO1000001701,"2019,2020",FGV HOLDINGS BERHAD,FGV PALM INDUSTRIES SDN BHD,KEMBARA SAKTI,Not RSPO Certified,,3/31/23,5.36,119.09,"5.361039, 119.093",MYS,Malaysia,Sabah,Kinabatangan,1-Fully Verified,,49.55,4954.95,52.25,77.89,7789.32,0.04,3.51,0.02,2.16,0,0.27,0.04,4.41,0.01,1.44,0.02,2.34,0.01,0.63,0.02,1.53,0,0.27,0.05,4.95,0.02,1.62,0.11,11.07,0,0,0.16,16.11,0.03,3.42,0.95,95.49,0.03,2.88,2.82,281.61,5.5,550.17,1.82,182.34,4.97,497.07,6.71,671.31,23.35,0.47,26.2,0.53,5,3,5
PO1000001702,"2020,2019",FGV HOLDINGS BERHAD,FGV PALM INDUSTRIES SDN BHD,UMAS,Not RSPO Certified,,3/31/23,4.5,117.65,"4.496906, 117.650576",MYS,Malaysia,Sabah,Tawau,1-Fully Verified,,155.07,15506.82,175.33,211.12,21112.47,8.99,899.1,2.34,233.73,2.96,296.19,0.76,76.05,2.97,297.45,9.94,993.87,6.48,647.55,20.16,2016.18,13.35,1334.79,5.81,581.31,2.09,209.16,2.69,269.46,2.55,254.61,11.2,1120.32,11.78,1177.92,19.64,1964.07,13.48,1347.84,0.13,13.05,1.94,193.86,0.18,18,2.72,271.8,2.76,276.39,144.93,0.93,10.14,0.07,3,5,2
PO1000001703,"2020,2019",FGV HOLDINGS BERHAD,FGV PALM INDUSTRIES SDN BHD,KALABAKAN,Not RSPO Certified,,3/31/23,4.37,117.51,"4.370035, 117.512487",MYS,Malaysia,Sabah,Tawau,1-Fully Verified,,372.57,37257.03,411.08,1489.66,148965.57,4.47,447.48,5.78,578.25,9.73,972.99,16,1600.11,9.78,978.3,8.89,889.11,16.41,1640.52,4.61,460.62,22.78,2277.9,22.1,2209.5,9.3,930.42,13.67,1366.74,5.15,514.8,6.62,662.04,0.91,91.44,3.3,330.39,3.03,303.03,6.78,677.7,9.6,960.48,8.76,876.42,1.34,134.01,0.66,65.97,189.68,0.51,182.89,0.49,1,3,3
PO1000001722,"2019,2020,2021",SINAR MAS,SATYA KISMA USAHA,SUNGAI BENGKAL,RSPO Certified,"RSPO Certified, MB",3/31/23,-1.59,102.61,"-1.590556, 102.61",IDN,Indonesia,Jambi,Tebo,1-Fully Verified,,948.89,94888.71,1012.71,1360.85,136084.86,8.78,877.86,8.61,861.48,4.88,487.8,25.91,2590.74,30.08,3007.53,88.55,8855.37,41.83,4183.38,37.58,3758.13,43.33,4333.41,18.4,1839.51,20.5,2050.38,57.53,5753.34,25.17,2516.85,20.98,2098.35,14.75,1475.1,21.51,2150.82,15.13,1512.81,16.44,1643.67,12.39,1238.85,14.89,1488.69,21.08,2108.16,30,2999.88,578.32,0.61,370.57,0.39,4,3,3
PO1000001740,2020,WINGS AGRO,GAWI MAKMUR KALIMANTAN,JORONG,RSPO Certified,"RSPO Certified, MB",3/31/23,-3.82,114.96,"-3.822704, 114.963451",IDN,Indonesia,Kalimantan Selatan,Tanah Laut,1-Fully Verified,,30.41,3040.56,104.44,195.78,19578.15,6.6,660.06,1.6,159.84,1.51,151.38,5.34,533.97,0.24,24.39,1.54,153.99,0.5,50.4,0.07,7.47,0.23,23.22,1,99.9,1.28,127.71,0.86,86.4,0.67,66.6,1.62,162,1.62,162,0.78,77.76,0.69,68.67,0.63,63.45,0.72,72.45,0.56,56.16,0.49,48.78,0.46,45.72,29.02,0.95,1.38,0.05,3,5,2
PO1000001761,"2020,2019,2021",SINAR MAS,BUMI PERMAI LESTARI,BUKIT PERAK,RSPO Certified,"RSPO Certified, MB",3/31/23,-1.82,105.55,"-1.820147, 105.5509042",IDN,Indonesia,Bangka Belitung,Bangka Barat,1-Fully Verified,,942.7,94269.78,1108.36,1958.59,195859.44,13.87,1386.99,13.79,1379.34,7.8,779.94,18.31,1831.23,13.92,1392.3,20.31,2031.12,13.49,1348.92,32.07,3207.15,62.15,6214.59,16.98,1697.85,18.38,1837.89,38.13,3813.12,16.48,1647.63,48.41,4840.83,40.92,4091.94,40.34,4033.53,25.1,2510.01,28.25,2824.56,50.79,5079.06,35.61,3560.85,33.75,3375.18,41.87,4186.53,630.71,0.67,311.99,0.33,5,4,3
PO1000001765,"2021,2020",SINAR MAS,KRESNA DUTA AGROINDO,MUARA WAHAU,RSPO Certified,"RSPO Certified, MB",3/31/23,1.11,117.02,"1.111161, 117.023161",IDN,Indonesia,Kalimantan Timur,Kutai Timur,1-Fully Verified,,49.04,4904.46,97.25,147.04,14704.38,0.58,57.78,1.03,103.14,0.2,19.62,0.99,99.27,0.93,93.42,1.67,166.59,7.78,777.78,1.54,153.81,2.82,281.7,2.34,234.09,1.64,164.16,0.28,28.08,1.11,110.7,4.28,427.68,1.32,131.85,6.36,635.58,3.15,314.55,1.5,149.67,2.26,226.35,1.29,129.15,0.35,34.83,0.54,53.55,43.93,0.9,5.11,0.1,3,5,2
PO1000001774,"2020,2021,2019",SOCFIN,SOCFIN INDONESIA,SEUNAGAN,RSPO Certified,"RSPO Certified, IP",3/31/23,4.06,96.26,"4.06, 96.262222",IDN,Indonesia,Aceh,Nagan Raya,1-Fully Verified,,227.85,22785.12,298.78,1402.07,140206.86,5.82,582.3,1.8,179.64,2.97,297,6.28,628.38,14.01,1400.76,5.45,545.13,4.97,496.53,8.57,856.71,24.8,2479.95,17.65,1764.9,23.65,2364.57,8.23,822.96,7.22,721.8,8.35,834.93,3.33,332.64,4.66,465.93,8.65,864.63,3.9,390.24,3.05,304.83,2.3,230.22,3.11,311.4,3.06,306.09,171.82,0.75,56.04,0.25,3,4,3
PO1000001775,"2019,2020,2021",SOCFIN,SOCFIN INDONESIA,LAE BUTAR,RSPO Certified,"RSPO Certified, IP",3/31/23,2.39,97.96,"2.391111, 97.956667",IDN,Indonesia,Aceh,Aceh Singkil,1-Fully Verified,,396.39,39639.15,432.48,990.86,99085.68,8.26,825.93,2.88,287.55,14.25,1425.06,12.03,1203.21,14.38,1437.66,17.14,1714.5,9.27,926.73,17.17,1716.93,28.18,2818.17,5.77,576.81,3.3,329.94,4.18,417.78,2.73,273.15,2.11,210.78,1.32,131.76,1.4,140.22,3,300.15,4.9,489.69,2.51,250.56,3.09,308.97,2.91,291.24,3.96,395.73,164.73,0.42,231.67,0.58,3,3,3
PO1000001777,"2021,2020,2019",SOCFIN,SOCFIN INDONESIA,SEUMANYAM,RSPO Certified,"RSPO Certified, IP",3/31/23,3.97,96.57,"3.965278, 96.565278",IDN,Indonesia,Aceh,Nagan Raya,1-Fully Verified,,380.5,38050.2,416,1598.68,159868.44,4.43,442.62,2.78,278.19,3.95,395.19,3.55,355.05,3.82,381.87,3.07,307.44,2.75,275.13,2.02,201.96,6.23,623.25,4.17,416.97,7.08,708.12,2.96,295.83,4.83,482.67,6.42,642.06,4.78,477.63,5.15,515.34,4.3,430.11,3.36,336.24,2.35,234.54,3.68,368.1,7.68,768.24,3.93,393.48,93.3,0.25,287.2,0.75,3,1,3
PO1000001784,"2020,2021,2019",PTPN III,PERKEBUNAN NUSANTARA III,SEI BARUHUR,RSPO Certified,"RSPO Certified, MB",3/31/23,1.69,100.29,"1.688483, 100.285767",IDN,Indonesia,Sumatera Utara,Labuhanbatu Selatan,1-Fully Verified,,19.79,1978.74,21.63,38.91,3890.7,1.93,193.05,0.07,7.2,0.04,4.14,0.6,60.3,0.17,17.1,0.29,28.8,4.5,449.64,3.33,332.73,1.88,188.19,1.07,107.46,2.92,292.5,1.88,188.46,0.02,1.8,0,0.18,0,0.27,0.01,1.44,0.02,2.25,0.01,0.63,0,0.27,0.06,6.39,0.01,0.99,0.19,18.63,19.02,0.96,0.76,0.04,2,5,1
PO1000001867,"2019,2020,2021",SIME DARBY,SANDIKA NATAPALMA,LEMBIRU,RSPO Certified,"RSPO Certified, MB",3/31/23,-2.17,110.67,"-2.17, 110.667778",IDN,Indonesia,Kalimantan Barat,Ketapang,2-High Confidence,,521.03,52102.62,638.96,1336.97,133697.25,6.67,666.54,7.75,774.81,0.6,60.21,8.5,849.51,3.17,317.16,10.34,1033.74,14.21,1421.46,12.53,1253.07,37.31,3730.86,30.99,3099.33,37.88,3788.1,27.63,2763.45,13.68,1368.18,36.99,3699.09,35.63,3562.65,17.28,1727.64,23.56,2356.38,15.83,1582.74,21.87,2187,17.26,1726.11,15.9,1590.39,14.44,1444.05,410.02,0.79,111,0.21,4,4,3
PO1000001890,"2020,2019",FGV HOLDINGS BERHAD,FGV PALM INDUSTRIES SDN BHD,SG TENGI,Not RSPO Certified,,3/31/23,3.59,101.42,"3.586092, 101.415603",MYS,Malaysia,Selangor,Hulu Selangor,1-Fully Verified,,282.58,28258.2,275.82,486.88,48688.02,9.42,941.58,1.59,158.85,1.3,129.96,2.13,213.3,1.14,114.3,0.98,98.01,8.12,811.89,4.29,429.48,1.67,167.04,1.97,196.83,3.14,314.28,2.58,257.67,0.83,82.71,2.75,275.04,0.99,98.82,9.48,947.79,3.66,365.58,16.31,1630.8,10.36,1036.17,0.73,73.08,2.37,236.88,0.29,29.25,86.09,0.3,196.49,0.7,2,2,3
PO1000001891,"2019,2020",FGV HOLDINGS BERHAD,FGV PALM INDUSTRIES SDN BHD,PANCHING,Not RSPO Certified,,3/31/23,3.83,103.17,"3.826111, 103.166111",MYS,Malaysia,Pahang,Kuantan,1-Fully Verified,,413.46,41346.45,729.47,1775.07,177507.27,19.96,1996.2,25.18,2518.02,3.51,350.73,15.49,1548.81,7.85,784.98,10.98,1098,2.08,208.08,5.08,508.32,7.91,790.56,20.75,2074.95,6.33,633.42,20.62,2061.63,8.81,881.28,22.3,2229.84,7.96,796.5,23.49,2348.64,10.41,1041.12,7.91,791.19,12.67,1267.11,15.05,1504.89,33.12,3311.55,9.37,937.26,296.83,0.72,116.63,0.28,5,4,4
PO1000001892,"2020,2019",FGV HOLDINGS BERHAD,FGV PALM INDUSTRIES SDN BHD,BESOUT,RSPO Certified,"RSPO Certified, MB",3/31/23,3.88,101.28,"3.881294, 101.277061",MYS,Malaysia,Perak,Batang Padang,1-Fully Verified,,212.58,21258.18,217.95,302.77,30276.63,7.28,728.46,17.13,1713.06,2.96,295.65,9.67,966.87,10.61,1061.37,2.2,219.78,10.66,1066.41,7.5,750.15,29.7,2969.91,11.17,1116.63,2.18,218.16,7.25,724.86,7.04,704.16,15.14,1513.98,7.44,744.39,14.33,1432.53,12,1200.15,9.32,932.31,4.82,482.13,1.7,170.37,3.99,399.24,2.45,244.62,196.55,0.92,16.03,0.08,3,5,2
PO1000001893,"2020,2019",FGV HOLDINGS BERHAD,FGV PALM INDUSTRIES SDN BHD,TROLAK,Not RSPO Certified,,3/31/23,3.94,101.35,"3.937983, 101.350228",MYS,Malaysia,Perak,Batang Padang,1-Fully Verified,,418.38,41838.39,445.33,897.87,89786.88,2.91,291.24,2.12,212.04,1.79,178.56,3.57,357.21,7.4,740.16,1.98,197.64,8.09,809.1,2.59,258.93,6.21,620.64,5.89,588.87,3.14,314.19,15.08,1507.77,4.33,432.54,7.57,756.81,4.25,424.8,10,999.54,12.1,1210.32,7.46,745.74,42.82,4282.11,4.21,420.57,6.53,653.13,12.61,1260.81,172.63,0.41,245.76,0.59,3,3,3
PO1000001894,"2019,2020",FGV HOLDINGS BERHAD,FGV PALM INDUSTRIES SDN BHD,KERATONG 2,RSPO Certified,"RSPO Certified, MB",3/31/23,2.92,102.87,"2.919339, 102.873272",MYS,Malaysia,Pahang,Rompin,1-Fully Verified,,103.13,10313.37,110.08,115.17,11516.94,0.93,92.61,27.75,2775.06,14.11,1411.29,25.39,2539.35,2.47,246.78,2.49,249.21,1.16,116.37,0.5,49.86,2.04,203.67,0.41,40.86,4.14,413.73,2.23,223.11,1.17,116.55,0.63,63.45,0.36,36.18,1.31,131.4,1.16,115.56,1.73,173.25,0.39,39.24,0.31,30.96,0.69,68.85,0.16,16.11,91.53,0.89,11.6,0.11,2,5,1
PO1000001895,"2020,2019",FGV HOLDINGS BERHAD,FGV PALM INDUSTRIES SDN BHD,KERATONG 3,RSPO Certified,"RSPO Certified, MB",3/31/23,2.93,102.94,"2.929591, 102.935503",MYS,Malaysia,Pahang,Rompin,1-Fully Verified,,233.69,23368.86,224.43,208.6,20859.66,0.87,86.94,5.13,512.55,3.21,320.76,39.75,3974.67,2.49,248.94,16.65,1664.91,20.71,2070.54,4.68,468.18,4.8,479.61,6.11,610.65,8.12,812.34,9.8,979.92,10.6,1059.66,26.01,2601.27,11.55,1155.42,15.27,1527.03,11.81,1180.98,4.26,426.06,2.41,241.47,6.25,625.23,2.83,282.78,6.38,637.83,219.68,0.94,14.01,0.06,3,5,2
PO1000001896,"2020,2019",FGV HOLDINGS BERHAD,FGV PALM INDUSTRIES SDN BHD,NERAM,RSPO Certified,"RSPO Certified, MB",3/31/23,4.01,103.29,"4.006667, 103.288611",MYS,Malaysia,Trengganu,Kemaman,1-Fully Verified,,113.32,11332.08,122.72,185.8,18580.05,1.44,143.73,7.1,710.19,8.21,821.25,12.61,1260.72,2.57,256.77,4.37,436.59,0.63,62.55,4.24,423.54,6.67,666.99,6.46,645.75,1.61,161.28,0.33,32.58,0.35,35.01,0.77,77.31,1.66,166.14,2.13,213.12,1.17,116.55,2.17,216.9,2.44,243.63,1.49,148.95,8.64,864,8.67,867.06,85.71,0.76,27.61,0.24,5,4,4
PO1000001897,"2019,2020",FGV HOLDINGS BERHAD,FGV PALM INDUSTRIES SDN BHD,KRAU,Not RSPO Certified,,3/31/23,3.65,101.98,"3.647222, 101.976389",MYS,Malaysia,Pahang,Raub,1-Fully Verified,,601.28,60128.46,589.89,853.51,85350.69,12.87,1287.18,4.25,424.71,0.73,73.26,2.66,265.5,11.42,1141.83,4.96,495.81,5.23,522.72,2.49,249.48,9.21,920.61,15.74,1573.92,1.13,112.59,21.75,2174.94,11.67,1166.58,26.62,2662.38,5.96,595.89,30.57,3057.39,9,900.18,15.28,1528.2,27.01,2701.17,7.88,788.22,8.86,886.05,13.06,1305.9,248.35,0.41,352.94,0.59,3,3,3
PO1000001898,"2020,2019",FGV HOLDINGS BERHAD,FGV PALM INDUSTRIES SDN BHD,MEMPAGA,Not RSPO Certified,,3/31/23,3.53,101.98,"3.527222, 101.980278",MYS,Malaysia,Pahang,Bentong,1-Fully Verified,,1642.76,164275.92,1648.62,2640.42,264042.27,16.6,1660.05,53.8,5379.75,14.6,1460.16,10.47,1046.7,13.47,1347.03,14.81,1481.4,15.58,1557.9,10.16,1016.28,28.76,2876.4,22.39,2239.02,4.06,406.26,35.27,3527.28,9.23,923.13,37.95,3795.3,18.04,1804.32,34.93,3492.9,26.52,2652.21,27.23,2722.68,33.94,3393.9,29.82,2982.42,21.76,2176.11,22.42,2242.26,501.83,0.31,1140.92,0.69,3,2,3
PO1000001899,"2020,2019",FGV HOLDINGS BERHAD,FGV PALM INDUSTRIES SDN BHD,SERTING,Not RSPO Certified,,3/31/23,2.9,102.45,"2.900353, 102.445975",MYS,Malaysia,Negeri Sembilan,Jempol,1-Fully Verified,,139.95,13994.91,164.62,262.1,26209.71,3.14,314.19,3.85,385.38,1.91,191.16,3.42,341.55,5.57,556.56,2.26,225.9,4.03,403.29,1.83,182.7,2.41,240.93,0.33,32.76,11.35,1134.54,21.17,2116.71,9.03,903.06,22.73,2272.68,4.39,439.29,9.09,908.64,4.94,494.19,3.05,304.74,1.59,158.85,2.22,221.85,1.5,150.39,2.72,271.89,122.51,0.88,17.44,0.12,3,5,2
PO1000001901,"2019,2020",FGV HOLDINGS BERHAD,FGV PALM INDUSTRIES SDN BHD,JERANGAU BARAT,Not RSPO Certified,,3/31/23,4.92,103.14,"4.916111, 103.135278",MYS,Malaysia,Trengganu,Dungun,1-Fully Verified,,671,67099.68,632.25,1671.62,167162.13,2.81,280.98,6.65,664.83,1.41,141.3,2.44,244.44,2.55,255.24,3.24,323.73,3.05,304.74,3.9,390.06,2.92,292.14,20.47,2046.78,5.85,584.64,9.75,974.88,4.81,480.78,3.31,330.84,6.34,633.51,7.91,790.74,6.42,641.7,6.94,693.63,3.52,351.81,2.38,238.41,2.01,200.97,6.46,646.02,115.12,0.17,555.88,0.83,2,1,3
PO1000001902,"2020,2019",FGV HOLDINGS BERHAD,FGV PALM INDUSTRIES SDN BHD,JERANGAU BARU,Not RSPO Certified,,3/31/23,4.93,103.18,"4.934167, 103.184444",MYS,Malaysia,Trengganu,Hulu Terengganu,1-Fully Verified,,1020.68,102068.19,1176.98,2222.54,222254.37,13.26,1326.15,15.99,1598.94,6.92,692.46,23.18,2317.5,10.02,1001.61,10.42,1042.2,21.25,2125.44,10.4,1040.22,11.41,1140.57,12.41,1240.56,6.91,690.75,12.96,1296.36,18.27,1827.36,34.72,3471.93,23.45,2345.04,29.94,2993.76,52.84,5283.54,56.84,5683.59,30.31,3030.75,19.89,1989.45,18.21,1820.88,22.03,2202.75,461.62,0.45,559.06,0.55,3,3,3
PO1000001903,"2020,2019",FGV HOLDINGS BERHAD,FGV PALM INDUSTRIES SDN BHD,SELANCAR 2A,Not RSPO Certified,,3/31/23,2.65,103.02,"2.6522, 103.019",MYS,Malaysia,Pahang,Rompin,1-Fully Verified,,44.62,4461.84,40.18,98.8,9880.11,0.01,0.54,0.01,0.72,0,0.09,0.01,0.99,0.76,76.14,0.03,3.42,7.85,785.25,0,0.27,0.02,1.71,0,0,0.15,14.76,5.72,571.86,0.69,69.3,3.85,385.47,0.59,58.95,0.39,38.88,0.04,3.6,0,0.36,0.31,30.69,1.61,160.74,0.56,55.89,0.43,42.66,23.02,0.52,21.6,0.48,3,3,3
PO1000001904,"2019,2020",FGV HOLDINGS BERHAD,FGV PALM INDUSTRIES SDN BHD,SELANCAR 2B,RSPO Certified,"RSPO Certified, MB",3/31/23,2.64,103,"2.63879, 103.000000",MYS,Malaysia,Pahang,Rompin,1-Fully Verified,,453.17,45316.71,422.9,596.32,59631.84,6.35,634.77,4.79,479.16,0.53,52.74,1.85,184.59,9.99,999.36,16.04,1604.25,14.42,1441.71,2.99,298.89,13.03,1302.66,0.14,14.49,47.4,4740.39,20.32,2032.02,3.55,355.41,18.4,1840.23,1.11,111.33,2.02,202.23,10.94,1093.77,4.71,470.88,7.91,791.19,1.92,191.7,6.99,699.39,3.64,363.6,199.05,0.44,254.12,0.56,3,3,3
PO1000001905,"2020,2019",FGV HOLDINGS BERHAD,FGV PALM INDUSTRIES SDN BHD,SELENDANG,RSPO Certified,"RSPO Certified, MB",3/31/23,2.7,103.44,"2.703328, 103.440119",MYS,Malaysia,Pahang,Rompin,1-Fully Verified,,1311.23,131122.89,1367.44,3092.73,309273.03,7.04,704.43,24.47,2447.46,9.64,964.08,28.17,2816.82,43.88,4387.77,38.59,3858.93,51.75,5174.73,17.38,1737.99,19.76,1976.31,28.76,2875.68,46.8,4680.09,79.59,7959.06,47.08,4708.26,45.47,4546.89,31.93,3193.38,55.35,5535.18,26.59,2658.78,21.27,2126.52,23.5,2349.81,15.91,1590.57,16.15,1614.78,14.78,1477.62,693.85,0.53,617.38,0.47,3,3,3
PO1000001906,"2020,2019",FGV HOLDINGS BERHAD,FGV PALM INDUSTRIES SDN BHD,FPISB KILANG SAWIT CHALOK,Not RSPO Certified,,3/31/23,5.45,102.78,"5.453889, 102.7825",MYS,Malaysia,Trengganu,Setiu,1-Fully Verified,,1736.24,173624.4,1988.86,3260.64,326063.61,12.73,1272.51,8.22,822.24,3.65,365.49,8.78,877.86,9.42,942.03,14.53,1452.87,14.01,1401.48,11.99,1198.89,24.9,2489.67,26.23,2623.05,26.37,2637.45,56.29,5628.78,22.25,2225.43,51.76,5176.26,27.24,2723.67,44.74,4473.9,44.5,4449.51,31.43,3142.98,23.79,2379.24,19.78,1978.11,22.75,2275.11,28.12,2811.69,533.48,0.31,1202.76,0.69,3,2,3
PO1000001907,"2019,2020",FGV HOLDINGS BERHAD,FGV PALM INDUSTRIES SDN BHD,KERTEH,RSPO Certified,"RSPO Certified, MB",3/31/23,4.63,103.33,"4.6258333, 103.331944",MYS,Malaysia,Trengganu,Dungun,1-Fully Verified,,633.23,63323.01,820.57,3265.97,326596.95,14.59,1458.72,14.11,1410.75,2.32,232.47,16.27,1627.02,8.16,816.3,19.74,1973.88,8.17,816.93,16.37,1637.28,38.28,3828.42,8.9,889.83,19.66,1965.51,11.32,1132.11,6.73,673.02,21.14,2114.37,15.59,1559.25,17.19,1719.27,16.08,1607.58,14.98,1498.23,17.47,1747.26,5.12,511.83,13.16,1316.16,10.32,1032.39,315.69,0.5,317.54,0.5,3,3,3
PO1000001920,"2021,2020",SINAR MAS,TAPIAN NADENGGAN,JAK LUAY,RSPO Certified,"RSPO Certified, MB",3/31/23,0.95,116.92,"0.950833, 116.915",IDN,Indonesia,Kalimantan Timur,Kutai Timur,1-Fully Verified,,1009.46,100945.98,1147.06,2062.59,206259.48,8.23,822.69,8.18,818.01,2.18,217.8,6.75,674.91,7.05,704.52,32.09,3208.68,26.84,2683.71,25.17,2516.94,40.9,4090.32,30.26,3025.62,41.23,4123.08,17.12,1711.53,31.49,3149.01,55.3,5529.96,39.33,3933.45,93.91,9391.05,21.81,2181.42,21.45,2145.24,25.82,2582.19,18.08,1808.37,15.54,1554.48,14.2,1420.02,582.93,0.58,426.53,0.42,3,3,3
PO1000001960,"2020,2019,2021",PASIFIK AGRO SENTOSA,RIMBA MUJUR MAHKOTA,SIKARAKARA,RSPO Certified,"RSPO Certified, MB",3/31/23,0.67,99.09,"0.6720556, 99.092",IDN,Indonesia,Sumatera Utara,Mandailing Natal,1-Fully Verified,,1264.28,126427.86,1245.59,1886.69,188669.43,16.11,1611.09,10.08,1007.64,21.98,2198.16,26.9,2690.19,20.7,2069.64,15.03,1502.91,9.94,993.87,32.23,3223.08,41.37,4136.58,27.87,2786.58,80.66,8065.89,73.14,7313.67,29.46,2945.97,38.44,3844.26,39.16,3916.26,14.57,1457.37,15.83,1583.1,15.68,1568.25,9.78,978.3,7.45,744.57,12.82,1281.69,13.44,1343.7,572.63,0.45,691.65,0.55,3,3,3
PO1000001968,"2020,2021,2019",KUALA LUMPUR KEPONG (KLK),KUALA LUMPUR KEPONG BHD,KUALA PERTANG,RSPO Certified,"RSPO Certified, MB",3/31/23,5.62,102.24,"5.623056, 102.238056",MYS,Malaysia,Kelantan,Kuala Krai,1-Fully Verified,,1096.75,109674.72,1701.31,2886.67,288667.17,11.89,1188.81,7.79,778.77,7.35,734.67,11.03,1103.4,8.6,859.95,9.41,941.4,19.7,1969.92,9.37,936.81,31.93,3192.57,23.91,2390.76,14.88,1487.7,20.21,2020.59,10.62,1062,31.78,3178.08,22.65,2264.58,27.74,2774.25,21.75,2174.58,31.35,3135.06,34.56,3456.09,21.84,2183.58,25.7,2569.5,24.74,2473.56,428.77,0.39,667.98,0.61,3,3,4
PO1000001992,"2021,2020",ANJ GROUP,AUSTINDO NUSANTARA JAYA AGRI SIAIS,AUSTINDO NUSANTARA JAYA AGRI SIAIS,RSPO Certified,"RSPO Certified, MB",3/31/23,1.17,99.16,"1.17442, 99.15518",IDN,Indonesia,Sumatera Utara,Tapanuli Selatan,1-Fully Verified,,1649.75,164975.13,1592.94,3471.83,347182.92,4.89,489.33,11.02,1102.23,6.32,632.07,11.38,1137.69,30.05,3005.1,43.7,4369.68,20.78,2078.28,33.54,3353.76,37.96,3795.84,16.74,1674.18,34.39,3439.26,27.87,2786.94,12.37,1237.41,33.77,3376.89,13.46,1345.77,19.09,1909.44,17.72,1772.19,15.35,1534.59,10.64,1063.71,9.98,997.56,10.72,1071.99,15.31,1530.81,437.05,0.26,1212.7,0.74,2,2,3
PO1000002037,"2020,2019,2021",DHARMA SATYA NUSANTARA (DSN),DHARMA SATYA NUSANTARA,PKS 5,Not RSPO Certified,,3/31/23,-1.97,111.35,"-1.971111, 111.3519",IDN,Indonesia,Kalimantan Tengah,Lamandau,1-Fully Verified,PILAR WANA PERSADA,442.63,44263.26,419.57,576.88,57687.93,4.01,401.4,3.05,304.56,0.3,30.42,4.28,427.77,3.38,338.04,5.54,554.31,3.38,337.5,0.34,34.11,33.01,3301.38,27.74,2773.98,5.2,519.84,15.56,1556.01,9.44,943.65,19.96,1996.29,21.21,2121.48,17.88,1787.94,20.9,2089.98,12,1200.06,7.89,789.39,3.81,380.52,2.99,299.25,7.02,701.73,228.9,0.52,213.74,0.48,3,3,3
PO1000002063,"2021,2020,2019",ROYAL GOLDEN EAGLE,RIGUNAS AGRI UTAMA,PERANAP,RSPO Certified,"RSPO Certified, MB",3/31/23,-0.58,102.02,"-0.584722, 102.019444",IDN,Indonesia,Riau,Indragiri Hulu,1-Fully Verified,,120.52,12052.08,124.04,223.07,22307.04,2.82,282.06,1.07,107.01,0.54,54.27,1.3,129.96,1.41,140.67,1.1,110.25,0.64,64.26,3.46,345.51,3.91,391.23,8.94,893.52,1.04,103.68,9.97,997.47,3.64,363.78,5.14,513.81,3.18,318.06,3.85,384.75,4.72,472.5,2.93,293.13,2.41,241.02,5.02,501.93,3.26,325.53,5.22,522.36,75.57,0.63,44.95,0.37,5,3,3
PO1000002070,"2019,2021,2020",TIAN SIANG HOLDINGS SDN BHD,TIAN SIANG OILL MILL SDN BHD,TIAN SIANG OILL MILL,Not RSPO Certified,,3/31/23,5.4,117.88,"5.401358, 117.884679",MYS,Malaysia,Sabah,Kinabatangan,1-Fully Verified,,5.25,525.33,7.22,9.7,970.47,0.62,61.92,0.35,34.74,1.11,111.06,0.22,22.5,0.03,3.33,0.38,37.71,0.07,6.93,0,0.09,0,0.09,0.21,21.42,0.19,19.44,0.01,1.26,0.81,81.45,0.03,3.24,0.33,33.03,0.79,79.11,0.28,28.44,0.36,36,0.04,3.78,0.33,32.58,0.02,1.8,0.04,3.69,5.25,1,0,0,2,5,1
PO1000002088,"2020,2019,2021",DHARMA SATYA NUSANTARA (DSN),DHARMA SATYA NUSANTARA,PKS 4,RSPO Certified,"RSPO Certified, MB",3/31/23,1.15,116.75,"1.151778, 116.746333",IDN,Indonesia,Kalimantan Timur,Kutai Timur,1-Fully Verified,,107.19,10718.55,153.34,226.26,22626.27,6.85,685.17,2.09,208.71,13.23,1322.64,31.76,3176.01,5.16,515.7,1.36,136.17,0.52,52.11,4.7,470.16,7.11,710.91,1.76,175.77,1.36,136.35,3.05,305.01,6.32,632.07,2.96,296.01,2.49,248.67,1.99,198.9,0.35,34.65,0.17,17.28,0.48,48.06,0.4,40.5,1.51,150.93,0.71,71.1,96.33,0.9,10.86,0.1,3,5,2
PO1000002103,2020,WINGS AGRO,GAWI MAKMUR KALIMANTAN,SATUI,RSPO Certified,"RSPO Certified, MB",3/31/23,-3.74,115.46,"-3.737972, 115.455194",IDN,Indonesia,Kalimantan Selatan,Tanah Bumbu,1-Fully Verified,,157.95,15794.91,270.06,387.06,38705.85,10.57,1057.14,5.48,547.74,5.62,561.69,6.53,653.04,2.97,296.55,11.07,1106.82,3.3,329.85,1.57,156.78,7.16,715.95,10.32,1032.39,18.65,1864.98,9.22,922.14,4.99,499.05,16.12,1611.99,8.21,820.89,3.17,316.8,1.9,190.26,2.43,242.55,1.91,191.34,0.94,93.6,1.14,114.03,1.79,178.92,135.05,0.85,22.9,0.15,3,5,2
PO1000002130,2020,WILMAR GROUP,AGRONUSA INVESTAMA,AGRONUSA INVESTAMA 1 - SAMBAS,RSPO Certified,"RSPO Certified, MB",3/31/23,1.35,109.51,"1.353558, 109.507954",IDN,Indonesia,Kalimantan Barat,Sambas,1-Fully Verified,,74.35,7434.72,105.35,155.46,15546.15,1.08,108.09,1.52,151.65,0.39,38.52,0.92,91.62,1.27,127.26,8.61,861.12,4.77,476.91,3.04,303.57,2.94,294.12,0.98,97.83,0.67,67.05,0.56,55.62,0.56,55.53,0.69,69.3,0.43,43.29,0.99,99.18,1.15,114.66,5.48,548.01,10.63,1063.17,3.32,331.83,4.04,403.74,9.03,903.15,63.05,0.85,11.3,0.15,5,5,4
PO1000002133,"2020,2021",WILMAR GROUP,GERSINDO MINANG PLANTATION,GERSINDO MINANG PLANTATION,RSPO Certified,"RSPO Certified, MB",3/31/23,0.12,99.72,"0.120549, 99.718255",IDN,Indonesia,Sumatera Barat,Pasaman Barat,1-Fully Verified,,256.36,25635.69,356.94,682.48,68247.99,2.46,245.52,0.82,81.9,0.69,68.76,4.2,420.21,1.66,165.51,3.42,342.45,3.8,380.07,7.56,756.36,8.45,844.74,2.11,210.51,14.01,1401.3,6.99,698.94,6.55,654.75,5.69,569.25,5.46,545.76,8.75,874.71,6.73,673.29,6.41,641.16,3.25,325.17,15.05,1505.43,13.92,1392.12,5.16,516.24,133.14,0.52,123.22,0.48,5,3,4
PO1000002136,"2021,2020",HAP SENG PLANTATIONS HOLDINGS BERHAD,HAP SENG PLANTATIONS (RIVER ESTATES) SDN BHD,TOMANGGONG,RSPO Certified,"RSPO Certified, MB",3/31/23,5.43,118.66,"5.4273056, 118.65931",MYS,Malaysia,Sabah,Kinabatangan,1-Fully Verified,,1004.88,100488.42,983.92,1637.32,163731.6,6.31,631.08,8.13,813.33,2.81,280.8,13.7,1369.53,5.52,552.06,5.38,537.93,3.59,359.46,9.54,954.09,0.81,80.64,16.08,1607.67,8.09,809.01,11.27,1126.8,1.26,126.45,8.74,873.99,4.2,419.94,6.73,672.84,5.55,555.39,0.29,28.8,13.74,1374.48,4.46,445.77,5.46,545.94,3.24,324.36,144.9,0.14,859.98,0.86,2,1,3
PO1000002142,"2020,2019,2021",ROYAL GOLDEN EAGLE,TUNGGAL YUNUS ESTATE,TOPAZ,RSPO Certified,"RSPO Certified, MB",3/31/23,0.69,100.94,"0.689389, 100.935",IDN,Indonesia,Riau,Kampar,1-Fully Verified,,63.54,6354,78.32,127.93,12793.32,0.8,80.01,0.32,32.04,1,99.99,3.92,391.59,0.72,72.27,0.57,57.06,0.09,8.82,0.05,4.59,0.61,61.38,1.43,142.65,0.12,12.15,0.16,15.57,0.3,29.61,0.13,12.78,0.02,2.34,0.11,11.34,0.08,7.92,0.06,6.21,0.04,4.14,0.07,7.38,0.04,4.05,0.03,2.79,10.67,0.17,52.87,0.83,1,1,3
PO1000002143,"2021,2020,2019",ROYAL GOLDEN EAGLE,DASA ANUGERAH SEJATI,TAMAN RAJA,RSPO Certified,"RSPO Certified, MB",3/31/23,-1.18,103.01,"-1.176694, 103.007806",IDN,Indonesia,Jambi,Tanjung Jabung B,1-Fully Verified,,284.42,28441.71,309.41,332.52,33252.48,4.08,408.42,3.74,373.77,4.06,406.08,11.87,1187.46,3.31,331.2,7.41,741.33,12.98,1298.07,27.75,2775.15,12.58,1257.75,1.21,121.14,3.79,379.17,11.31,1130.85,10.84,1084.41,7.55,755.46,10.48,1047.78,17.67,1767.15,3.78,377.55,2.96,295.83,1.72,171.72,2.37,237.15,2.12,211.95,6.93,692.64,170.52,0.6,113.9,0.4,3,3,3
PO1000002144,"2019,2020,2021",ROYAL GOLDEN EAGLE,SUPRA MATRA ABADI,TANAH DATAR,RSPO Certified,"RSPO Certified, MB",3/31/23,3.15,99.56,"3.148056, 99.556389",IDN,Indonesia,Sumatera Utara,Batu Bara,1-Fully Verified,,56.2,5619.51,121.71,277.98,27797.67,1.16,116.37,0.14,14.22,0.83,82.98,0.63,62.82,0.32,32.13,0.21,21.15,0.65,64.89,0.49,48.96,1.67,166.86,3.59,359.01,0.26,25.56,0.71,70.56,0.04,4.32,1.73,172.8,0.16,16.29,1.5,149.85,0.74,73.62,0.66,65.79,1.55,154.53,0.48,47.7,2.14,214.38,0.71,71.01,20.36,0.36,35.84,0.64,4,3,4
PO1000002145,"2020,2019,2021",ROYAL GOLDEN EAGLE,SUPRA MATRA ABADI,AEK NABARA,RSPO Certified,"RSPO Certified, MB",3/31/23,2,99.94,"1.999722, 99.939722",IDN,Indonesia,Sumatera Utara,Labuhanbatu,1-Fully Verified,,129.75,12975.12,122.26,192.18,19218.42,0.64,63.72,0.44,43.92,0.17,17.19,1.41,140.85,0.66,66.42,2.46,246.33,2.49,249.03,11.7,1169.55,2.76,275.76,3.46,345.6,1.48,148.41,0.85,85.14,0.12,11.88,0.41,40.86,4.49,449.1,5.14,514.35,8.4,839.88,4.27,427.5,1.83,182.61,1.24,124.11,6.63,663.12,8.96,896.49,70.02,0.54,59.73,0.46,5,3,5
PO1000002146,"2020,2021,2019",ROYAL GOLDEN EAGLE,SUPRA MATRA ABADI,TELUK PANJIE,RSPO Certified,"RSPO Certified, MB",3/31/23,2,100.24,"2.002806, 100.243611",IDN,Indonesia,Sumatera Utara,Labuhanbatu Selatan,1-Fully Verified,,72.98,7298.19,88.04,255.82,25581.78,0.17,16.65,0.1,9.54,0.05,5.22,0.08,8.1,0.12,12.06,0.08,7.56,0.07,7.2,0.01,1.44,0.26,26.01,0.15,14.58,0.11,10.71,0.14,13.5,0.99,98.82,0.53,53.01,3.62,361.89,1.16,116.46,7.25,725.13,4.33,432.9,1.75,175.23,2.16,215.91,5.11,511.02,6.07,606.78,34.3,0.47,38.68,0.53,5,3,5
PO1000002147,"2019,2020,2021",ROYAL GOLDEN EAGLE,INTI INDOSAWIT SUBUR,NEGERI LAMA I,RSPO Certified,"RSPO Certified, MB",3/31/23,2.36,100.04,"2.359694, 100.041889",IDN,Indonesia,Sumatera Utara,Labuhanbatu,1-Fully Verified,,267.47,26747.1,598.15,1161.53,116152.56,1.4,140.49,4.16,416.16,0.23,23.04,4.16,416.34,3.78,378.45,1.39,138.96,2.57,257.4,0.49,48.78,2.26,226.35,20.28,2028.06,23.64,2364.3,23.53,2352.6,10.83,1083.15,20.02,2001.78,13.82,1382.31,28.93,2892.69,10.14,1014.3,9.98,998.28,7.17,717.39,2.26,225.72,7.54,754.02,4.9,490.23,203.51,0.76,63.96,0.24,3,4,3
PO1000002159,2020,SALIM GROUP,GUNUNG MAS RAYA,SUNGAI BANGKO,Not RSPO Certified,,3/31/23,1.59,100.68,"1.5857, 100.6765",IDN,Indonesia,Riau,Rokan Hilir,1-Fully Verified,,104.92,10492.47,134.97,265.07,26507.34,1.86,186.48,0.49,48.87,0.8,80.28,2.86,286.2,2.67,266.94,5,500.4,2.39,239.31,1.79,179.19,1.3,130.5,1.7,170.19,0.65,65.43,1.37,136.8,2.82,281.52,3.75,374.76,2.24,224.1,5.18,518.49,3.34,333.9,2.97,297,2.76,275.67,2.82,282.06,4.97,497.25,2.84,284.04,56.59,0.54,48.33,0.46,5,3,4
PO1000002198,"2020,2019,2021",SINAR MAS,BINASAWIT ABADI PRATAMA,PT BINASAWIT ABADI PRATAMA - PERDANA MILL,Not RSPO Certified,,3/31/23,-2.42,112.36,"-2.422506, 112.359586",IDN,Indonesia,Kalimantan Tengah,Seruyan,1-Fully Verified,,144.27,14426.82,187.9,188.04,18804.33,0.9,89.73,9.06,906.12,2.28,227.52,3.72,372.42,13.11,1310.76,54.49,5448.78,29.62,2961.72,19.17,1916.82,5.21,521.01,0.85,85.41,1.93,192.87,1.62,162.27,0.18,18.36,0.68,67.68,0.47,46.53,0.79,79.38,0.22,21.6,0.26,25.65,0.23,23.49,0.19,19.08,0.06,5.76,0.68,68.31,144.27,1,0,0,1,5,1
PO1000002219,2020,LONSUM,PERUSAHAAN PERKEBUNAN LONDON SUMATRA INDONESIA,BEGERPANG,Not RSPO Certified,,3/31/23,3.46,98.82,"3.458888, 98.823333",IDN,Indonesia,Sumatera Utara,Deli Serdang,1-Fully Verified,,48.28,4828.5,79.75,127.56,12755.88,2.4,239.67,3.07,306.63,2.54,254.34,0.35,35.1,0.12,12.24,0.03,2.97,0.08,8.1,0.39,38.97,0.33,33.12,0.38,38.07,0.29,29.34,1.73,173.16,0.15,15.21,2.43,243.45,0.72,71.91,0.89,88.65,0.85,84.6,1.19,119.34,2.46,245.97,1.01,101.16,2.18,218.34,1.3,129.78,24.9,0.52,23.38,0.48,5,3,4
PO1000002227,2020,LONSUM,PERUSAHAAN PERKEBUNAN LONDON SUMATRA INDONESIA,DOLOK,Not RSPO Certified,,3/31/23,3.16,99.43,"3.16491, 99.43033",IDN,Indonesia,Sumatera Utara,Batu Bara,1-Fully Verified,,38.31,3830.85,44.52,64.15,6415.2,3.1,309.6,0.97,97.29,1.36,135.81,1.41,140.94,0.36,35.73,2.11,211.5,1.37,136.89,0.03,2.7,1.15,114.84,0.47,47.34,1.22,122.31,0.71,71.37,0.1,9.63,0.63,62.82,0.28,27.54,0.65,64.71,1.36,136.26,2.38,237.51,1.02,101.97,0.46,46.44,1.05,104.94,1.22,121.86,23.4,0.61,14.91,0.39,4,3,3
PO1000002320,"2020,2021",SINAR MAS,SINAR MAS AGRO RESOURCES AND TECHNOLOGY,BATU KAPUR,Not RSPO Certified,,3/31/23,-2.94,116.05,"-2.942661, 116.047451",IDN,Indonesia,Kalimantan Selatan,Kota Baru,1-Fully Verified,,406.72,40672.26,422.64,1192.62,119262.06,1.05,105.12,1.33,132.93,0.83,82.98,2.11,210.51,2.03,202.86,2.1,210.15,0.66,65.88,1,99.72,2.02,202.41,0.73,72.81,1.6,160.29,2.12,211.68,2.66,266.22,4.63,462.6,7.16,716.4,18.01,1800.99,2.46,246.24,4.04,404.37,4.72,471.78,1.11,110.79,7.2,720.09,9.09,909,78.66,0.19,328.06,0.81,3,1,4
PO1000002335,"2021,2020,2019",PTPN III,PERKEBUNAN NUSANTARA IV,PULAU RAJA,RSPO Certified,"RSPO Certified, MB",3/31/23,2.7,99.62,"2.701905, 99.623998",IDN,Indonesia,Sumatera Utara,Asahan,2-High Confidence,,27.09,2708.82,27.27,33.94,3393.63,3.05,304.74,0.15,15.21,0.02,1.62,0.17,16.92,0.03,2.7,0.88,88.47,0.81,81,0.13,12.96,0.43,43.02,2.08,208.44,2.62,261.63,1.39,138.78,1.02,102.06,5.13,512.91,0.3,29.97,0.04,3.78,0.72,72.18,0.46,45.81,0.03,3.33,0.03,2.88,0.77,76.68,0.01,0.72,20.26,0.75,6.83,0.25,3,4,3
PO1000002356,"2019,2020,2021",MUSIM MAS,GUNTUNG IDAMAN NUSA,GUNTUNG IDAMAN NUSA 1,RSPO Certified,"RSPO Certified, MB",3/31/23,0.16,103.29,"0.16161, 103.289583",IDN,Indonesia,Riau,Indragiri Hilir,1-Fully Verified,,390.58,39058.29,452.48,629.57,62956.8,8.37,836.73,20.46,2045.79,16.33,1633.32,27,2700.27,24.09,2408.85,6.33,632.97,6.01,601.2,7.36,736.11,5.27,526.77,11.08,1107.9,4.9,489.78,16.7,1670.49,3.3,330.39,15.52,1552.5,3.43,343.08,8.81,880.65,20.98,2097.63,13.39,1339.02,4.35,435.24,4.65,465.39,4.36,435.6,3.41,340.92,236.11,0.6,154.48,0.4,3,3,3
PO1000002360,2020,CARGILL,INDO SAWIT KEKAL,RIVER VIEW,RSPO Certified,"RSPO Certified, IP",3/31/23,-2.51,110.91,"-2.514533, 110.914703",IDN,Indonesia,Kalimantan Barat,Ketapang,1-Fully Verified,,230.25,23025.15,267.23,383.95,38394.9,2.42,242.1,6.53,653.04,1.73,172.89,4.89,489.42,6.98,697.95,43.12,4312.35,15.37,1537.47,7.63,763.11,21.14,2114.28,6.62,661.86,5.69,569.25,5.64,563.76,2.93,293.22,5.01,501.3,5.43,542.79,18.27,1827.09,3.83,382.86,1.7,170.01,1.23,123.39,1.28,127.8,1.14,114.48,2.71,270.54,171.31,0.74,58.94,0.26,2,4,2
PO1000002367,2020,LONSUM,PERUSAHAAN PERKEBUNAN LONDON SUMATRA INDONESIA,TURANGIE,Not RSPO Certified,,3/31/23,3.48,98.27,"3.479046, 98.267726",IDN,Indonesia,Sumatera Utara,Langkat,1-Fully Verified,,313.89,31389.12,299.87,651.12,65112.3,1.52,151.83,0.61,60.75,0.56,56.16,0.62,62.46,0.59,59.13,0.66,65.79,0.72,72,4.8,479.88,4.23,423.09,6.3,629.64,3.21,321.39,1.96,196.11,0.65,64.98,2.11,210.96,0.82,82.35,2.42,242.46,3.16,315.99,2.74,274.5,3.38,338.4,1.72,171.81,3.25,325.44,2.59,259.2,48.64,0.15,265.25,0.85,3,1,3
PO1000002415,2020,UNKNOWN,"THAI TALLOW AND OIL CO, LTD",THAITALLOW AND OIL CO.LTD (SITE 1),RSPO Certified,"RSPO Certified, IP, MB",3/31/23,8.53,99.1,"8.5336472, 99.104283",THA,Thailand,Surat Thani,Prasaeng,1-Fully Verified,,210.44,21043.8,276.56,475.4,47539.89,2.34,234,2.72,271.98,3.95,394.65,3.89,388.8,3.14,314.46,6.78,677.88,2.68,268.2,3.57,357.21,5.26,526.23,7.54,754.47,4.35,435.06,4.17,417.33,5.46,546.39,10.94,1094.49,9.14,913.95,11.49,1148.76,21.68,2168.19,12.24,1224,9.67,967.32,9.3,930.06,11.49,1148.58,9.01,900.9,160.83,0.76,49.61,0.24,5,4,3
PO1000002439,"2020,2019,2021",GENTING PLANTATIONS,GENTING PLANTATIONS BERHAD,GENTING AYER ITEM,RSPO Certified,"RSPO Certified, IP",3/31/23,1.86,103.21,"1.856092, 103.209291",MYS,Malaysia,Johor,Keluang,1-Fully Verified,,573.33,57332.52,716.98,1582.9,158289.93,13.03,1303.2,8.49,848.52,4.03,403.02,10.27,1026.72,11.69,1169.1,6.8,680.13,16.91,1691.19,4.78,478.08,13.72,1372.32,6.17,617.13,13.88,1387.53,9.39,939.15,5.14,513.72,13.57,1356.75,12.73,1272.87,22,2200.05,22.16,2215.89,14.63,1462.77,19.45,1944.63,13.18,1318.05,17.98,1797.93,9.22,922.32,269.21,0.47,304.11,0.53,3,3,3
PO1000002491,"2021,2020,2019",ROYAL GOLDEN EAGLE,INTI INDOSAWIT SUBUR,UKUI II,RSPO Certified,"RSPO Certified, IP",3/31/23,-0.28,102.12,"-0.277042, 102.116078",IDN,Indonesia,Riau,Indragiri Hulu,1-Fully Verified,,148.83,14882.85,178.25,286.94,28694.34,5.89,588.78,1.37,136.62,1.55,154.8,8.11,811.08,10.97,1096.74,0.41,41.04,7.34,734.04,3.38,338.13,0.41,41.31,8.51,850.68,6.94,694.44,4.4,440.46,0.32,31.59,0.37,37.26,0.1,10.26,1.53,152.82,1.2,120.33,0.41,41.49,0.64,64.26,0.51,51.3,6,600.48,7.54,754.2,77.92,0.52,70.91,0.48,5,3,4
PO1000002520,"2019,2021,2020",PTPN III,PERKEBUNAN NUSANTARA IV,PABATU,RSPO Certified,"RSPO Certified, MB",3/31/23,3.29,99.11,"3.286111, 99.109167",IDN,Indonesia,Sumatera Utara,Serdang Bedagai,1-Fully Verified,,361.4,36140.04,401.76,1274.22,127422.09,8.53,852.66,4.03,403.11,5.01,501.39,7.04,703.71,4.8,480.42,7.82,782.46,2.08,208.17,4.09,408.69,9.6,959.94,4.26,425.52,2.65,265.14,4.07,407.43,3.42,342,4.74,473.58,6.15,615.06,11.27,1127.16,12.23,1223.01,9.37,936.81,4.3,429.66,4.81,481.32,3.81,380.97,3.19,319.32,127.28,0.35,234.13,0.65,3,2,3
PO1000002539,"2020,2019,2021",PTPN III,PERKEBUNAN NUSANTARA IV,DOLOK ILIR,RSPO Certified,"RSPO Certified, MB",3/31/23,3.12,99.16,"3.120417, 99.159067",IDN,Indonesia,Sumatera Utara,Simalungun,1-Fully Verified,,398.65,39864.6,489.39,927.22,92722.23,11.32,1132.02,1.4,140.49,1.11,110.97,4.81,481.23,2.82,282.24,4.95,494.82,3.45,345.24,1.47,146.61,7.03,702.99,8.55,854.91,7.8,780.12,8.03,802.8,3.18,318.06,14.54,1453.5,9.12,911.52,19.34,1934.19,11.63,1162.62,10.99,1098.81,7.75,774.54,9.65,965.25,6.28,628.11,8.57,857.43,163.78,0.41,234.86,0.59,3,3,3
PO1000002543,"2020,2021,2019",TIAN SIANG HOLDINGS SDN BHD,TIAN SIANG OILL MILL (AIR KUNING) SDN BHD,TIAN SIANG AIR KUNING,RSPO Certified,"RSPO Certified, MB",3/31/23,4.16,101.16,"4.1614, 101.1648",MYS,Malaysia,Perak,Batang Padang,1-Fully Verified,,3.38,337.59,7.06,12.63,1262.7,0.08,7.74,0.02,1.8,0.01,0.99,0.02,1.53,0,0.45,0.16,16.47,0.58,57.51,0,0,0.06,6.03,0.13,13.41,0.02,2.34,0.12,11.61,0,0.36,0.15,14.67,0.24,24.03,0.07,6.93,0.1,9.63,0.08,8.28,0.07,7.47,0.01,1.17,0.18,18.45,0.1,9.81,2.21,0.65,1.17,0.35,5,4,4
PO1000002607,"2020,2021",ROYAL GOLDEN EAGLE,INTI INDOSAWIT SUBUR,TANJUNG SELAMAT,RSPO Certified,"RSPO Certified, MB",3/31/23,2.13,100.01,"2.128889, 100.008889",IDN,Indonesia,Sumatera Utara,Labuhanbatu,1-Fully Verified,,69.56,6956.01,98.8,226.53,22652.64,0.24,24.48,0.17,16.92,0.25,24.57,0.74,74.16,0.42,41.76,0.19,18.63,0.07,6.66,0.02,1.62,0.21,21.24,0.26,26.46,0.25,25.47,6.26,625.95,14.8,1480.23,22.63,2262.87,6.37,637.02,8.71,870.93,7.32,731.52,2.37,236.88,3.3,330.21,1.17,116.73,3.15,315.45,1.13,112.95,69.56,1,0,0,4,5,2
PO1000002608,"2021,2020,2019",ROYAL GOLDEN EAGLE,GUNUNG MELAYU,GUNUNG MELAYU II,RSPO Certified,"RSPO Certified, MB",3/31/23,2.75,99.47,"2.749444, 99.469722",IDN,Indonesia,Sumatera Utara,Asahan,1-Fully Verified,,114.34,11433.6,113.56,149.22,14922.09,2.34,233.64,0.74,74.34,0.58,58.41,4.86,485.91,2.34,233.55,0.54,54.36,1.72,172.44,0.56,55.89,19.71,1970.73,14.36,1435.77,12.15,1215.18,9.39,938.88,1.09,108.81,0.33,32.67,3.19,318.78,1.57,157.32,0.16,15.84,0.26,26.19,0.47,46.8,0.15,14.67,0.58,57.69,0.05,5.49,77.13,0.67,37.2,0.33,1,4,2
PO1000002609,"2020,2021,2019",ROYAL GOLDEN EAGLE,SAUDARA SEJATI LUHUR,GUNUNG MELAYU I,RSPO Certified,"RSPO Certified, MB",3/31/23,2.79,99.6,"2.791667, 99.598333",IDN,Indonesia,Sumatera Utara,Asahan,1-Fully Verified,,17.43,1742.67,17.77,16.88,1687.77,0.61,61.02,0.8,80.1,3.17,317.25,1.5,150.03,0.01,0.9,1.28,127.98,1.78,177.57,1.66,165.87,2.67,267.48,0.05,4.59,0.01,0.54,0.1,9.81,0,0,0.02,1.53,0.01,1.26,0,0.36,0.12,11.88,0,0.45,0.05,5.13,0.01,0.54,0.86,86.13,0.18,18.09,14.89,0.85,2.54,0.15,4,5,3
PO1000002631,"2019,2020,2021",FIRST RESOURCES,ARINDO TRISEJAHTERA,ARINDO TRI SEJAHTERA,Not RSPO Certified,,3/31/23,0.58,100.93,"0.580556, 100.926111",IDN,Indonesia,Riau,Kampar,1-Fully Verified,MALIM,30.54,3054.24,44.93,29.27,2927.34,0.06,6.3,0.11,11.16,0.11,10.53,0.15,15.39,0.97,97.38,1.35,134.64,0.88,87.57,0.05,5.49,0.26,26.1,0.06,5.58,0.11,10.98,0.27,26.73,0.01,1.26,0.29,28.71,0.01,0.81,0.03,3.06,0.23,23.13,9.74,973.8,11.08,1108.17,2.19,219.24,12,1199.61,0.03,3.24,30.54,1,0,0,5,5,5
PO1000002637,"2020,2021,2019",FIRST RESOURCES,MERIDAN SEJATISURYA PLANTATION,MERIDAN SEJATI SURYA PLANTATION,RSPO Certified,"RSPO Certified, MB",3/31/23,0.54,101.73,"0.5380278, 101.729888",IDN,Indonesia,Riau,Siak,1-Fully Verified,,30.04,3003.75,106.13,185.88,18587.52,1.25,124.92,0.36,35.82,0.19,19.26,3.16,315.63,3.88,388.17,0.9,89.64,0.58,58.41,0.09,9.36,0.21,20.79,1.08,107.73,0.73,72.54,0.5,50.4,0.1,10.26,0.27,27.27,0.47,46.53,1.13,112.59,0.82,81.99,0.77,76.86,0.53,52.83,0.17,17.46,2.25,224.73,4.14,413.73,23.57,0.78,6.47,0.22,5,4,5
PO1000002653,2020,SALIM GROUP,SERIKAT PUTRA,LUBUK RAJA,Not RSPO Certified,,3/31/23,0.13,102.13,"0.1263, 102.126247",IDN,Indonesia,Riau,Pelalawan,1-Fully Verified,,65.38,6537.96,67.23,98.98,9897.75,0.65,64.71,0.16,15.66,0.03,2.61,0.69,69.03,0.35,35.37,3.82,381.78,0.33,32.76,0.24,23.67,0.07,7.38,1.09,109.17,0.35,35.01,0.05,4.59,0.22,22.05,0.23,23.49,0.15,14.85,0.49,48.6,0.5,49.5,0.34,33.84,0.41,41.31,0.52,51.93,0.94,93.69,0.75,75.15,12.36,0.19,53.02,0.81,3,1,3
PO1000002676,"2020,2021,2019",GOODHOPE,AGRO INDOMAS,SUNGAI PURUN,RSPO Certified,"RSPO Certified, IP",3/31/23,-2.52,112.42,"-2.524252, 112.4168",IDN,Indonesia,Kalimantan Tengah,Seruyan,1-Fully Verified,,30,2999.97,93.64,191.29,19128.87,0.55,55.35,2.17,217.26,0.26,25.92,1.01,100.8,3.19,318.6,3.58,357.93,1.27,127.17,4.05,405,1.28,127.71,0.15,15.3,0.22,21.69,1.03,103.41,0.32,31.95,0.75,75.06,1.49,149.4,2.52,252.36,0.61,61.38,0.2,19.62,0.34,34.29,0.18,18.18,0.31,30.87,0.22,22.32,25.72,0.86,4.28,0.14,3,5,2
PO1000002677,"2020,2021",GOODHOPE,AGRO INDOMAS,TERAWAN,RSPO Certified,"RSPO Certified, MB",3/31/23,-2.56,112.37,"-2.559957, 112.3736",IDN,Indonesia,Kalimantan Tengah,Seruyan,1-Fully Verified,,100.81,10081.17,211.49,496.52,49651.65,0.84,83.88,4.22,421.56,0.75,75.15,4.6,459.72,11.38,1138.32,10.97,1097.1,3.22,322.02,2.12,211.59,4.34,434.25,0.97,97.11,1.1,110.43,1.59,158.94,1.31,131.31,2.29,228.96,2.77,276.84,6.83,683.37,1.02,102.42,1.01,100.89,1.19,119.34,0.38,38.34,0.5,49.95,1.88,187.92,65.29,0.65,35.52,0.35,3,4,3
PO1000002706,"2020,2021,2019",BOUSTEAD PLANTATIONS BERHAD,BOUSTEAD GRADIENT SDN BHD,NAK,RSPO Certified,"RSPO Certified, MB",3/31/23,5.9,117.85,"5.900126, 117.854233",MYS,Malaysia,Sabah,Sandakan,1-Fully Verified,,470.91,47091.15,624.09,1505.92,150591.6,9.26,926.1,7.25,725.13,1.98,197.91,16.35,1634.67,9.24,923.67,11.7,1170.09,8.24,824.49,14.1,1409.58,11.98,1198.35,12.13,1212.57,4.92,491.58,7.7,770.31,4.45,444.6,10.57,1056.6,13.87,1386.99,15.61,1560.6,8.21,821.34,9.77,977.22,10.32,1032.48,8.09,808.65,7.61,760.86,6.46,645.57,209.79,0.45,261.12,0.55,3,3,3
PO1000002746,2020,GRUPO NUMAR,COMPAÑÍA INDUSTRIAL ACEITERA COTO 54 S.A.,"COTO 54 GUAYCARA, COTO MILL",RSPO Certified,"RSPO Certified, IP",3/31/23,8.63,-83,"8.629799, -83.002992",CRI,Costa Rica,Puntarenas,Golfito,1-Fully Verified,,3535.58,353558.07,4038.36,8264.35,826435.08,7.1,710.19,10.4,1040.13,6.86,685.62,5.76,576,23.5,2349.9,9.49,949.41,18.18,1817.64,34.18,3417.84,32.21,3220.65,8.32,831.51,10.84,1084.23,21.58,2157.93,9.87,987.21,17.18,1718.28,6.4,640.26,10.45,1045.35,27.94,2794.5,16.51,1651.41,21.29,2129.22,14.38,1437.93,12.01,1201.32,11.39,1139.13,335.86,0.09,3199.72,0.91,1,1,3
PO1000002766,2020,GRUPO NUMAR,COMPAÑÍA INDUSTRIAL ACEITERA COTO 54 S.A.,AGRIALIM S.A.,RSPO Certified,"RSPO Certified, MB",3/31/23,9.53,-84.28,"9.533781, -84.283963",CRI,Costa Rica,Puntarenas,Parrita,1-Fully Verified,,1311.93,131193.45,1625.15,2989.51,298951.47,18.81,1881.09,5.74,574.38,1.92,192.15,6.34,634.41,3.11,310.86,4.59,458.82,4.15,415.17,5.79,578.52,17.36,1735.56,1.39,139.23,4.61,460.71,12.42,1241.55,2.23,222.66,3.58,358.47,0.96,96.12,2.5,250.02,6.88,688.05,4.81,480.6,3.42,341.91,3.1,309.69,2.46,245.79,2.69,268.65,118.84,0.09,1193.09,0.91,1,1,3
PO1000002767,2020,GRUPO NUMAR,COMPAÑÍA INDUSTRIAL ACEITERA COTO 54 S.A.,"COTO 54 AGUIRRE, NARANJO MILL",RSPO Certified,"RSPO Certified, IP",3/31/23,9.41,-84.09,"9.40719, -84.085971",CRI,Costa Rica,Puntarenas,Aguirre,1-Fully Verified,,2387.34,238733.82,2642.73,4696.9,469690.47,10.64,1063.53,11.94,1193.94,3.65,365.13,3.94,393.66,6.34,634.5,10.95,1095.12,3.82,381.69,5.48,547.56,24.72,2472.12,2.12,212.04,5,499.68,13.52,1351.89,1.94,193.5,2.7,269.55,1.03,102.6,3.43,343.35,10.87,1087.2,8.58,858.06,4.57,457.02,4.2,419.76,3.1,309.96,2.79,279.45,145.31,0.06,2242.03,0.94,1,1,3
PO1000002779,"2020,2019",UNKNOWN,OLAM INTERNATIONAL LTD,OLAM INTERNATIONAL LTD,RSPO Certified,"RSPO Certified, IP",3/31/23,-0.02,10.2,"-0.021987, 10.197727",GAB,Gabon,Estuaire,Komo,3-Low Confidence,,7825.02,782502.12,7775.61,11239.08,1123908.3,7.15,715.32,15.77,1577.43,14.79,1478.97,0.27,27.36,9.97,997.47,12.12,1211.94,13.36,1335.87,7.44,744.3,6.1,610.29,5.65,565.02,18.32,1831.59,23.61,2361.15,52.77,5277.06,56.76,5676.12,15.96,1595.7,15.56,1556.46,23.41,2340.99,15.89,1588.68,20.02,2002.14,18.65,1864.71,10.58,1058.13,21.9,2190.24,386.07,0.05,7438.95,0.95,1,1,3
PO1000002799,"2020,2021",KWANTAS CORPORATION BERHAD,KWANTAS OIL SDN BHD,HARANKY,Not RSPO Certified,,3/31/23,5.21,118.06,"5.2129912, 118.064423",MYS,Malaysia,Sabah,Kinabatangan,1-Fully Verified,,18.68,1867.95,23.78,49.88,4988.25,0.08,8.19,0.04,3.87,0.03,3.15,0.12,11.52,0.04,3.87,0.01,0.63,0,0,0.02,2.43,0,0.27,0.07,6.66,0.4,39.87,1.57,156.6,1.29,129.33,0.18,17.55,0.15,14.76,0.08,8.46,0.5,49.95,0.03,2.97,3.02,301.86,0.53,53.46,0.12,11.61,1.03,103.14,9.3,0.5,9.38,0.5,4,3,4
PO1000002872,2020,NATURACEITES S.A.,NATURACEITES S.A.,PATAXTE,RSPO Certified,"RSPO Certified, IP",3/31/23,15.34,-89.29,"15.3448, -89.2918",GTM,Guatemala,Izabal,El Estor,1-Fully Verified,,1843.97,184396.95,2807.16,6324.96,632496.06,9.26,925.74,11.92,1191.87,5.56,556.11,4.76,476.28,8.97,897.12,4.42,441.9,11.1,1109.88,6.54,654.03,6.12,612.36,9.97,997.47,7.68,767.79,9.69,968.58,10.96,1096.02,10.21,1020.69,7.69,769.14,47.1,4710.06,16.35,1635.3,23.11,2311.47,23.13,2313.27,17.89,1789.2,18.16,1816.47,10.68,1068.21,281.29,0.15,1562.68,0.85,2,1,3
PO1000002895,"2020,2019,2021",KUALA LUMPUR KEPONG (KLK),STEELINDO WAHANA PERKASA,STEELINDO WAHANA PERKASA,RSPO Certified,"RSPO Certified, IP",3/31/23,-2.72,108.06,"-2.723503, 108.062656",IDN,Indonesia,Bangka Belitung,Belitung Timur,1-Fully Verified,,643.17,64316.61,1037.44,1999.02,199902.24,6.81,680.58,4.07,407.16,2.06,206.28,8.33,832.86,1.96,196.38,8.44,844.29,2.69,269.37,9.27,926.91,30.37,3037.23,10.74,1074.15,10.26,1026,16.46,1645.92,6.9,690.48,17.23,1723.32,20.5,2049.84,18.97,1897.2,7.41,740.7,11.02,1102.14,28.59,2858.94,20.89,2088.72,24.53,2453.22,15.31,1531.17,282.83,0.44,360.34,0.56,4,3,4
PO1000002913,"2021,2020,2019",ROYAL GOLDEN EAGLE,RIGUNAS AGRI UTAMA,BUNGO TEBO,RSPO Certified,"RSPO Certified, MB",3/31/23,-1.35,102.46,"-1.346526, 102.456315",IDN,Indonesia,Jambi,Tebo,1-Fully Verified,,1616.29,161629.11,1585.96,2487.04,248704.38,18.73,1872.63,13.57,1356.84,1.96,196.11,10.29,1029.42,13.64,1364.31,52.09,5209.38,19.52,1951.83,10.78,1078.29,61.65,6165.27,16.31,1630.62,50.5,5049.99,93.83,9383.31,121.51,12150.54,71.06,7105.77,46.41,4641.3,59.37,5937.03,31.76,3175.74,24.74,2473.92,29.81,2980.8,11.57,1156.86,15.47,1547.46,16.23,1623.06,790.8,0.49,825.49,0.51,3,3,3
PO1000002998,"2019,2020",FGV HOLDINGS BERHAD,FGV PALM INDUSTRIES SDN BHD,KEMAHANG,Not RSPO Certified,,3/31/23,5.87,102.01,"5.866111, 102.005556",MYS,Malaysia,Kelantan,Tanah Merah,1-Fully Verified,,3032.67,303266.52,3813.73,7582.15,758215.08,26.6,2659.77,39.02,3901.68,23.98,2397.6,50.5,5050.35,25.34,2534.13,27.01,2701.26,44.4,4440.33,19.78,1978.38,51.35,5134.59,45.23,4523.31,55.13,5512.95,32.2,3220.11,18.92,1891.53,49.45,4945.05,46.1,4610.43,56.52,5651.82,53.08,5308.29,45.62,4561.65,42.7,4269.78,39.83,3983.4,47.84,4783.95,49.79,4979.43,890.4,0.29,2142.27,0.71,3,2,3
PO1000003004,"2020,2019,2021",ROYAL GOLDEN EAGLE,HARI SAWIT JAYA,NEGERI LAMA II,RSPO Certified,"RSPO Certified, MB",3/31/23,2.36,100.04,"2.359722, 100.035278",IDN,Indonesia,Sumatera Utara,Labuhanbatu,1-Fully Verified,,35.33,3533.13,45.49,47.56,4755.69,0.13,12.87,0.44,44.37,0,0.45,0.19,18.63,0.13,13.05,0.09,8.73,0.02,1.8,0.02,2.34,0.37,36.72,3.76,376.38,3.56,355.86,10.14,1014.03,0.59,58.68,0.75,74.97,0.38,38.43,1.4,139.59,4.75,475.11,3.45,345.06,6.17,617.31,1.32,131.85,3.08,308.16,0,0,35.33,1,0,0,5,5,2
PO1000003031,2020,UNKNOWN,PALMERAS DE LA COSTA S.A.,PALMERAS DE LA COSTA,RSPO Certified,"RSPO Certified, IP",3/31/23,10.1,-74.01,"10.101325, -74.0101",COL,Colombia,Cesar,El Copey,1-Fully Verified,,1896.15,189614.97,5328.36,10413.16,1041316.2,28.91,2890.53,16.54,1653.93,60.47,6047.19,18.47,1846.98,16.14,1614.15,17.4,1740.15,21.81,2181.06,27.65,2765.43,17.71,1771.2,14.12,1411.56,8.58,858.06,22.04,2203.74,7.68,768.33,13.1,1310.49,21.57,2157.48,43.07,4307.22,50.81,5080.59,39.06,3906.27,31.66,3165.75,22.72,2272.23,17.33,1733.49,28.04,2804.13,544.9,0.29,1351.25,0.71,3,2,3
PO1000003038,2020,UNKNOWN,CHUMPORN PALM OIL INDUSTRY PUBLIC COMPANY LTD,CHUMPORN PALM OIL INDUSTRY PUBLIC COMPANY LIMITED MILL,RSPO Certified,"RSPO Certified, IP, MB",3/31/23,10.84,99.22,"10.841667, 99.221222",THA,Thailand,Chumphon,Tha Sae,1-Fully Verified,,1012.95,101295.09,1170.2,2624.99,262498.77,1.03,102.87,1.54,153.63,0.87,86.76,1.36,135.99,3.55,354.78,3.12,312.03,3.26,326.43,1.35,134.82,9.4,939.96,3.07,306.9,3.42,342.27,3.52,352.17,5.49,549.27,16.22,1621.98,8.53,852.93,17.32,1732.32,17.93,1793.43,12.79,1278.54,16.35,1634.76,16.81,1680.93,15.54,1554.48,12.73,1273.41,175.21,0.17,837.74,0.83,3,1,4
PO1000003045,"2020,2019",FGV HOLDINGS BERHAD,FGV PALM INDUSTRIES SDN BHD,ARING A,Not RSPO Certified,,3/31/23,4.94,102.36,"4.940833, 102.364167",MYS,Malaysia,Kelantan,Gua Musang,1-Fully Verified,,916.41,91641.15,850.12,1678.69,167869.26,1.32,131.58,12.25,1225.17,6.61,661.14,30.82,3081.78,22.37,2237.04,15.85,1585.08,15.15,1514.79,5.07,507.42,8.44,844.29,14.96,1495.71,17.62,1762.02,23.89,2388.6,12.38,1238.31,19.1,1910.16,5.94,593.55,4.76,475.83,5.58,558,4.97,497.43,7,699.57,1.97,196.74,0.78,77.76,2.85,285.39,239.67,0.26,676.74,0.74,1,2,3
PO1000003100,"2019,2020,2021",HAP SENG PLANTATIONS HOLDINGS BERHAD,JEROCO PLANTATIONS SDN BHD,JEROCO 2,RSPO Certified,"RSPO Certified, MB",3/31/23,5.43,118.42,"5.431112, 118.417224",MYS,Malaysia,Sabah,Kinabatangan,1-Fully Verified,,57.15,5714.82,66.91,82.94,8293.68,0.18,18.18,0.08,7.56,0.06,5.58,2.48,248.04,0.08,8.46,2.39,238.59,0.74,73.98,0.8,80.01,0.02,1.8,1.27,127.44,2.01,200.88,0.77,76.86,0.04,4.5,3.21,321.21,1.88,188.1,5.59,558.99,3.36,335.79,5.42,541.62,1.02,102.15,1.29,128.52,4.94,494.1,3.07,306.54,40.69,0.71,16.46,0.29,5,4,4
PO1000003112,"2021,2020,2019",PTPN III,PERKEBUNAN NUSANTARA III,SISUMUT,RSPO Certified,"RSPO Certified, MB",3/31/23,1.96,100.11,"1.964028, 100.108167",IDN,Indonesia,Sumatera Utara,Labuhanbatu Selatan,1-Fully Verified,,37.79,3778.92,40.06,77.56,7756.11,3.61,360.99,11.04,1104.21,0.24,23.85,1.63,162.99,5.52,552.33,0.91,91.44,0.32,32.49,0.05,4.59,0.35,34.83,0.2,19.53,0.32,31.59,0.33,32.58,0.03,2.79,0.03,3.42,0.08,7.65,0.13,12.69,0.26,26.01,0.4,39.87,1.38,137.97,2.34,233.82,2.5,250.2,0.33,32.85,31.99,0.85,5.8,0.15,5,5,3
PO1000003116,2020,GRUPO JAREMAR,COMPAÑÍA AGRICOLA INDUSTRIAL CEIBEÑA S.A.  (CAICESA),COMPAÑÍA AGRICOLA INDUSTRIAL CEIBEÑA S.A.  (CAICESA),RSPO Certified,"RSPO Certified, MB",3/31/23,15.69,-87.07,"15.6887222, -87.065111",HND,Honduras,Atlántida,San Francisco,1-Fully Verified,,2337.1,233709.93,2844.26,7300.3,730029.87,4.46,445.68,5.24,523.98,4.86,486,7.6,759.6,4.11,411.48,10.06,1005.93,13.91,1391.31,6.97,697.32,9.68,968.31,5.73,572.76,9.05,905.49,6.34,633.6,14.22,1421.64,14.61,1460.52,14.96,1495.89,32.44,3243.78,47.99,4798.98,31.15,3115.44,30.04,3003.84,35.35,3535.29,30.88,3087.54,26.88,2688.03,366.52,0.16,1970.58,0.84,3,1,3
PO1000003117,2020,GRUPO JAREMAR,AGRICOLA TORNABE SA DE CV (AGROTOR),AGRICOLA TORNABE SA DE CV (AGROTOR),RSPO Certified,"RSPO Certified, MB",3/31/23,15.73,-87.59,"15.7320194, -87.58903",HND,Honduras,Atlántida,Tela,1-Fully Verified,,486.34,48633.57,612.51,1414.6,141459.93,1.27,126.9,0.8,80.46,1.51,150.84,1.19,119.43,0.91,90.9,1.39,139.23,2.98,297.72,2.43,242.55,5.34,534.42,0.88,88.38,2.33,232.74,1.72,171.9,3.98,398.16,4.63,462.69,3.53,352.98,3.02,302.13,9.95,995.13,5.04,504,8.59,858.69,5.62,562.5,4.26,426.42,3.58,357.66,74.96,0.15,411.38,0.85,2,1,3
PO1000003150,"2020,2021,2019",WILMAR GROUP,MENTAYA SAWIT MAS,MENTAYA SAWIT MAS,RSPO Certified,"RSPO Certified, MB",3/31/23,-2.16,112.57,"-2.16469, 112.56942",IDN,Indonesia,Kalimantan Tengah,Kotawaringin Timur,2-High Confidence,,142.1,14210.1,214.39,322.29,32229.27,0.24,23.76,3.06,306.36,1.57,156.87,4.95,494.55,1.15,114.84,12.02,1201.68,18.48,1848.15,24.68,2467.71,4.76,475.56,1.67,166.68,5.25,524.97,3.37,336.78,1.24,124.29,2.26,225.63,6.48,648.18,2.02,202.41,1.82,182.25,1.28,127.89,0.97,96.57,0.4,39.78,1.06,106.38,2.27,227.07,100.98,0.71,41.12,0.29,3,4,3
PO1000003196,"2019,2020,2021",FGV HOLDINGS BERHAD,PONTIAN UNITED PLANTATIONS BHD,PONTIAN FICO,Not RSPO Certified,,3/31/23,5.42,118.15,"5.423837, 118.145415",MYS,Malaysia,Sabah,Kinabatangan,1-Fully Verified,,183.88,18387.72,235.44,357.61,35760.78,0.15,15.3,0.38,38.34,0.76,76.32,4.8,480.24,0.38,37.8,2.37,236.97,0.28,28.17,0.37,36.72,0.64,63.63,2.2,220.14,0.21,20.52,0.51,50.67,2.84,284.31,9.54,954.09,8.41,840.78,4.56,456.21,5.17,516.87,11.64,1163.88,7.32,732.06,7.99,799.11,7.59,758.61,0.21,20.52,78.31,0.43,105.56,0.57,3,3,3
PO1000003210,"2020,2021,2019",PTPN III,PERKEBUNAN NUSANTARA IV,GUNUNG BAYU,RSPO Certified,"RSPO Certified, MB",3/31/23,3.14,99.37,"3.144075, 99.37348",IDN,Indonesia,Sumatera Utara,Simalungun,1-Fully Verified,,47.1,4709.61,54.78,91.03,9102.87,5.92,592.11,0.69,68.67,2.69,268.65,1.78,178.38,0.53,53.1,0.66,66.15,0.93,93.33,0.07,7.02,2.36,236.07,4.99,498.51,2.04,204.03,1.37,137.25,0.4,40.23,0.9,90.09,0.16,16.11,2.56,255.69,1.98,197.73,0.07,6.75,2.35,234.63,0.15,15.03,0.53,53.01,0.48,47.88,33.6,0.71,13.49,0.29,3,4,3
PO1000003254,"2019,2020,2021",CARGILL,HINDOLI,MUKUT,RSPO Certified,"RSPO Certified, IP",3/31/23,-2.44,104.42,"-2.441389, 104.419444",IDN,Indonesia,Sumatera Selatan,Musi Banyuasin,1-Fully Verified,,994.61,99460.8,1541.4,3440.78,344078.19,3.67,366.84,2.73,272.88,2.49,249.21,5.45,545.31,1.42,141.66,10.07,1006.83,42.42,4241.61,26.97,2697.39,21.79,2178.54,24.2,2420.46,93.98,9397.53,107.84,10783.98,35.84,3583.89,33.75,3375.09,69.32,6931.71,24.64,2464.38,23.86,2385.54,20.28,2027.7,15.74,1573.65,12.01,1201.23,11.86,1185.66,10.91,1090.62,601.22,0.6,393.39,0.4,3,3,3
PO1000003257,"2020,2019",CITRA BORNEO INDAH (CBI),MITRA MENDAWAI SEJATI,SUAYAP,RSPO Certified,"RSPO Certified, MB",3/31/23,-2.27,111.72,"-2.2652528, 111.723078",IDN,Indonesia,Kalimantan Tengah,Kotawaringin Barat,1-Fully Verified,,266.91,26691.39,259.63,423.68,42367.86,2.19,219.33,7.07,707.22,0.46,45.72,28.27,2827.26,31.18,3117.96,52.29,5228.64,31.91,3190.86,21.45,2145.24,19.09,1909.08,9.16,916.2,3.22,321.75,4.61,460.98,1.07,107.37,6.49,649.26,4.39,439.29,3.63,362.97,6.23,622.89,2.85,285.39,0.52,52.47,0.55,54.99,0.44,43.83,0.82,82.08,237.91,0.89,29.01,0.11,1,5,1
PO1000003258,"2019,2020",CITRA BORNEO INDAH (CBI),KALIMANTAN SAWIT ABADI,NATAI BARU,RSPO Certified,"RSPO Certified, MB",3/31/23,-2.6,111.67,"-2.60415, 111.66735",IDN,Indonesia,Kalimantan Tengah,Kotawaringin Barat,2-High Confidence,,1318.92,131892.48,1574.85,2657.71,265771.08,9.6,959.58,6.59,659.07,6.9,690.21,24.69,2468.79,18.58,1858.41,68.23,6823.35,45.75,4575.33,26.57,2657.34,32.03,3203.37,14.92,1492.2,19.84,1983.87,50.22,5022.09,21.45,2145.42,46.18,4617.54,75.85,7584.75,121.82,12182.13,8.57,856.98,8.63,862.74,4.72,471.6,9.03,902.97,8.76,875.61,11.95,1194.75,640.88,0.49,678.04,0.51,2,3,3
PO1000003262,"2020,2019",FGV HOLDINGS BERHAD,FGV PALM INDUSTRIES SDN BHD,TERSANG,Not RSPO Certified,,3/31/23,4.11,101.8,"4.106944, 101.801389",MYS,Malaysia,Pahang,Lipis,1-Fully Verified,,717.39,71739.45,663.46,1298.05,129805.38,1.42,142.2,8.59,859.14,1.09,109.44,4.3,429.66,2.34,234.18,5.12,511.83,8.31,830.79,4.91,491.22,30.4,3040.38,17.5,1750.14,4.35,435.24,10.68,1068.03,1.33,133.02,2.31,230.76,1.81,180.99,12.02,1202.13,9.32,931.86,3.91,391.23,6.83,683.46,7.53,752.67,9.89,989.01,6.26,626.04,160.23,0.22,557.16,0.78,3,1,3
PO1000003324,2020,OLEOFLORES,GRUPO OLEOFLORES,OLEOFLORES,RSPO Certified,"RSPO Certified, MB",3/31/23,10.1,-73.24,"10.097972, -73.235556",COL,Colombia,Cesar,La Paz,1-Fully Verified,,2248.97,224897.49,4398.54,7966.95,796695.48,9.87,987.3,17.28,1728.36,28.17,2817.09,8.39,839.07,11.11,1110.96,11.58,1158.48,21.51,2151.36,10.64,1063.62,10.99,1099.17,6.36,635.67,10.73,1072.71,11.64,1163.52,10.78,1078.02,9.97,996.84,7.52,752.4,17.23,1723.32,21.91,2191.05,16.31,1631.43,8.2,820.26,10.39,1039.14,9.89,989.37,13.67,1367.1,284.16,0.13,1964.81,0.87,2,1,3
PO1000003333,"2020,2019,2021",GOODHOPE,AGRO BUKIT,SUNGAI BINTI,RSPO Certified,"RSPO Certified, MB",3/31/23,-2.56,112.77,"-2.56225, 112.768067",IDN,Indonesia,Kalimantan Tengah,Kotawaringin Timur,1-Fully Verified,,318.45,31844.79,335.58,416.7,41669.91,0.29,28.89,1.68,167.76,3.04,303.84,1.68,167.94,13.02,1301.58,137.17,13717.44,47.62,4762.08,6.7,670.05,5.41,540.81,2.52,252.45,12.02,1202.49,9.02,902.43,3.5,350.19,9.52,951.93,11.24,1124.46,22.42,2241.81,1.21,120.78,0.69,69.12,1.36,136.44,0.67,67.14,0.27,26.64,0.68,67.95,291.74,0.92,26.71,0.08,1,5,1
PO1000003359,"2020,2019",FGV HOLDINGS BERHAD,FGV PALM INDUSTRIES SDN BHD,MAOKIL,Not RSPO Certified,,3/31/23,2.29,103,"2.29123, 102.995553",MYS,Malaysia,Johor,Muar,1-Fully Verified,,165.27,16527.33,161.58,261.1,26109.81,1.46,146.34,1.12,111.69,0.78,78.03,1.56,155.88,1.49,149.04,5.02,501.93,10.14,1013.67,0.63,63.27,2.73,273.24,0.22,21.96,6.58,658.44,6.08,607.77,2.53,252.63,20.7,2070.09,5.19,519.12,5.29,529.47,6.5,649.62,5.76,576.36,3.06,306.45,2.59,258.66,0.68,67.68,0.8,80.01,90.91,0.55,74.36,0.45,2,3,3
PO1000003414,"2020,2019",FGV HOLDINGS BERHAD,FGV PALM INDUSTRIES SDN BHD,AIR TAWAR,Not RSPO Certified,,3/31/23,1.67,104.03,"1.666944, 104.026944",MYS,Malaysia,Johor,Kota Tinggi,1-Fully Verified,,86.82,8682.03,115.38,214.71,21471.3,30.64,3064.5,17.72,1771.92,0.2,20.25,0.71,71.46,0.68,67.77,0.39,38.97,0.7,69.75,2.13,212.67,2.45,244.8,6.39,639.18,2.06,205.83,1.06,106.47,0.39,38.52,1.44,144.27,4.83,483.12,1.72,171.99,0.79,79.38,0.92,92.25,0.25,25.2,0.42,41.94,0.34,34.11,0.2,19.8,76.44,0.88,10.38,0.12,1,5,1
PO1000003486,"2021,2020,2019",WILMAR GROUP,RIMBA HARAPAN SAKTI,RIMBA HARAPAN SAKTI,RSPO Certified,"RSPO Certified, MB",3/31/23,-2.84,112.57,"-2.835778, 112.57178",IDN,Indonesia,Kalimantan Tengah,Seruyan,1-Fully Verified,,307.13,30712.68,383.44,589.39,58939.29,0.37,36.99,1.04,103.95,2.11,211.5,0.66,66.15,29.07,2907.45,21.74,2173.5,13.64,1364.4,8.03,802.62,16.64,1663.83,20.8,2080.17,21.32,2131.83,5.42,541.98,1.9,190.08,3.08,308.34,5.53,552.6,10.1,1009.53,1.91,191.34,1.38,138.33,2.12,211.86,0.57,57.33,0.52,51.66,12.94,1293.57,180.89,0.59,126.24,0.41,3,3,3
PO1000003491,"2020,2019,2021",BUMITAMA GUNAJAYA AGRO (BGA),GUNAJAYA KARYA GEMILANG,KENDAWANGAN,RSPO Certified,"RSPO Certified, MB",3/31/23,-2.45,110.27,"-2.445833, 110.265833",IDN,Indonesia,Kalimantan Barat,Ketapang,1-Fully Verified,,524.79,52479.18,743.97,2178.11,217810.98,1.14,114.12,2.33,232.56,0.73,72.72,2.55,254.7,1.73,172.89,9.29,928.71,17.58,1758.06,20.21,2020.77,28.12,2811.51,9.71,971.46,16.86,1686.42,29.9,2989.98,14.06,1405.8,44.2,4419.81,64.61,6461.46,18.08,1808.37,9.73,972.81,13.45,1345.32,15.54,1553.58,6.3,630.36,3.34,333.63,6.33,632.52,335.78,0.64,189.02,0.36,3,4,3
PO1000003496,"2020,2021,2019",KRETAM HOLDINGS BERHAD,SYARIKAT KRETAM MILL SDN BHD,KRETAM,RSPO Certified,"RSPO Certified, IP",3/31/23,5.66,117.84,"5.657167, 117.837528",MYS,Malaysia,Sabah,Sandakan,1-Fully Verified,,80.85,8084.88,84.67,199.49,19949.13,1.44,143.73,0.83,83.07,0.14,14.31,4.92,491.76,2.92,292.5,1.33,133.29,3.17,317.43,0.91,90.72,1.95,194.67,3.46,345.6,7.03,702.99,3.75,375.21,2.63,263.07,3.86,386.1,2.39,239.4,5.39,538.74,3.23,323.19,3.5,350.1,1.66,166.32,0.16,16.29,3.52,352.26,0.17,17.28,58.38,0.72,22.47,0.28,3,4,3
PO1000003497,2020,PASIFIK AGRO SENTOSA,MITRA ANEKA REZEKI,BANYUASIN,Not RSPO Certified,,3/31/23,-2.72,104.36,"-2.722018, 104.358599",IDN,Indonesia,Sumatera Selatan,Banyu Asin,1-Fully Verified,MITRA ANEKA REZEKI,152.59,15258.69,251.78,425.47,42547.41,0.82,82.26,1.03,102.87,1.02,101.88,5.64,563.76,1.34,134.01,1.86,185.67,3.69,368.73,3.51,351.27,4.51,450.72,1.71,170.64,2.89,288.99,13.2,1320.3,3.86,385.83,11.42,1142.1,8.75,875.07,7.36,736.2,12.38,1237.86,14.74,1474.11,10.33,1032.84,7.38,737.55,6.25,625.05,3.32,331.56,126.99,0.83,25.59,0.17,4,5,3
PO1000003666,2020,UNKNOWN,PITAK PALM OIL CO.,PITAK PALM OIL CO.,RSPO Certified,"RSPO Certified, IP, MB",3/31/23,7.74,99.31,"7.74324, 99.309558",THA,Thailand,Trang,Sikao,1-Fully Verified,,361.48,36148.5,500.2,944.35,94435.29,2.06,205.65,4.37,436.86,6.57,657,11.49,1149.03,9.62,961.56,7.77,777.15,2.55,254.88,8.46,845.55,11.68,1168.02,5.18,518.31,6.29,628.56,4.62,462.33,7.47,746.55,11.32,1132.02,10.75,1074.69,15.17,1516.68,17.26,1725.75,12.9,1289.7,11.5,1150.29,9.08,908.46,7.43,742.95,5.65,565.02,189.17,0.52,172.31,0.48,3,3,3
PO1000003712,"2020,2019,2021",ACE AGRICULTURAL SDN BHD,ACE OIL MILL SDN BHD,ACE OIL MILL,Not RSPO Certified,,3/31/23,2.91,102.78,"2.911917, 102.779806",MYS,Malaysia,Pahang,Rompin,1-Fully Verified,,179,17899.56,176.95,182.99,18299.07,9.41,940.68,9.67,966.6,3.1,309.51,7.11,710.55,5.73,572.94,2.95,295.38,3.77,376.92,9.5,950.4,12.37,1236.6,5.79,578.88,12.67,1266.57,4.45,445.32,3.34,334.44,3.39,339.21,4.47,447.21,14.2,1420.11,8.42,841.95,3.53,353.34,6.69,669.15,2.26,225.63,2.86,285.57,4.75,474.57,140.42,0.78,38.58,0.22,3,4,3
PO1000003713,"2020,2021,2019",ACHI JAYA PLANTATIONS SDN BHD,ACHI JAYA PLANTATIONS SDN BHD,JOHOR LABIS,Not RSPO Certified,,3/31/23,2.25,103.05,"2.251472, 103.051306",MYS,Malaysia,Johor,Segamat,2-High Confidence,,231.45,23144.76,258.53,301.37,30137.4,10.58,1057.95,2.69,269.1,2.64,263.79,5.79,579.33,6.24,623.97,4.23,423.18,6.65,665.28,2.36,235.53,12.83,1282.77,1.89,189.27,17.87,1786.95,12.43,1242.99,6.53,653.49,11.93,1193.49,8.44,844.2,11.56,1156.41,13.53,1353.33,11.77,1176.75,11.88,1188,9.04,903.87,8.97,897.21,10.08,1007.55,189.94,0.82,41.5,0.18,5,5,3
PO1000003714,"2020,2019,2021",ALTO SDN BHD,ALAMBUMI PALM OIL MILL SDN BHD,ALAMBUMI,Not RSPO Certified,,3/31/23,3.59,113.67,"3.585436, 113.670645",MYS,Malaysia,Sarawak,Miri,1-Fully Verified,,124.95,12494.97,156.9,218.69,21869.1,2.15,215.28,0.56,56.07,0.27,26.55,1.61,161.46,3.89,388.71,1.72,171.72,2.22,222.3,10.47,1047.06,6.77,676.98,4.37,436.95,4.46,446.13,9.17,916.74,1.57,157.05,3.37,336.51,2.16,215.64,3.37,337.41,6.81,680.58,4.66,465.75,5.89,588.87,3.85,384.75,4.78,477.99,6.56,655.92,90.66,0.73,34.29,0.27,5,4,3
PO1000003715,"2020,2021,2019",ARAH KAWASAN SDN BHD,ARAH KAWASAN SDN BHD,ARAH KAWASAN,Not RSPO Certified,,3/31/23,5.28,100.69,"5.278791, 100.686093",MYS,Malaysia,Kedah,Bandar Baharu,1-Fully Verified,,235.79,23578.74,259.43,719.6,71959.86,0.99,98.91,3.46,346.32,1.26,125.82,2.2,220.5,2.2,220.32,1.83,183.06,2.59,258.93,3.36,335.52,5.5,550.08,6.87,686.97,2.18,218.16,5.77,576.81,3.61,361.08,5.69,568.8,7.9,789.93,6.36,635.58,6.94,693.72,5.65,564.93,4.01,401.04,5.83,582.84,4.43,442.62,4.61,460.53,93.22,0.4,142.56,0.6,3,3,3
PO1000003716,"2020,2019,2021",AWAN TIMUR GROUP,AWAN TIMUR PALM OIL MILL RESOURCES (PERAK) SDN BHD,AWAN TIMUR,Not RSPO Certified,,3/31/23,4.53,100.73,"4.531477, 100.730584",MYS,Malaysia,Perak,Larut and Matang,1-Fully Verified,,112.54,11253.51,136.25,197.37,19736.82,1.94,193.77,2.68,267.75,0.33,33.12,1.22,122.31,1.35,134.82,0.82,81.54,1.22,121.59,0.55,54.54,1.1,110.34,1.71,170.64,6.89,688.68,11.61,1160.91,2.58,258.48,3.16,315.63,6.27,626.67,6.85,684.54,4.84,484.2,1.61,161.28,1.51,151.2,1.56,155.88,1.13,113.49,0.74,73.98,61.65,0.55,50.88,0.45,2,3,3
PO1000003717,"2020,2021,2019",MALAYSIAN KUWAIT INVESTMENT CO. SDN BHD,BALUNG PALM OIL MILL SDN BHD,BALUNG,Not RSPO Certified,,3/31/23,4.38,118.19,"4.379055, 118.186119",MYS,Malaysia,Sabah,Tawau,2-High Confidence,,112.63,11262.87,148.06,308.02,30801.87,2.8,280.08,4.25,425.07,1.27,126.99,4.08,407.61,0.86,85.95,1.05,104.85,0.44,44.37,1.35,135.45,0.38,38.25,2.65,265.05,1.57,156.6,3.3,329.58,3.47,346.77,2.44,244.08,2.43,243,5.14,514.08,3.9,390.24,5.95,595.35,4.72,471.6,3.58,358.29,3.77,376.65,6.8,680.22,66.2,0.59,46.43,0.41,5,3,4
PO1000003718,"2020,2019,2021",BAN DUNG PALM OIL INDUSTRIES SDN BHD,BAN DUNG PALM OIL INDUSTRIES SDN BHD,BAN DUNG,Not RSPO Certified,,3/31/23,2.05,102.88,"2.045553, 102.879797",MYS,Malaysia,Johor,Batu Pahat,1-Fully Verified,,348,34800.03,394.96,743.72,74371.5,9.16,915.75,6.1,609.84,1.59,158.94,6.82,681.93,4.23,422.55,4.89,488.79,3.81,380.79,2.09,208.71,7.28,727.65,1.68,167.76,6.62,662.31,5.44,543.69,3.01,300.78,6.72,671.76,4.07,407.34,9.02,901.71,9.39,938.88,5.7,570.33,7.77,777.15,8.2,819.63,5.76,575.82,3.93,393.39,123.25,0.35,224.75,0.65,3,2,3
PO1000003719,"2020,2019",BBC HOLDINGS (SARAWAK) SDN BHD,BBC PALM OIL MILL SDN BHD,BBC,Not RSPO Certified,,3/31/23,3.06,113.07,"3.063214, 113.068154",MYS,Malaysia,Sarawak,Bintulu,1-Fully Verified,,1776.35,177635.25,1828.61,2318.28,231827.67,76.72,7672.23,27.56,2756.16,24.7,2470.23,88.82,8882.37,50.27,5026.86,38,3799.71,157.92,15792.21,141.22,14121.63,82.48,8247.87,29.98,2997.54,48.27,4826.97,39.95,3995.01,30.93,3093.48,52.23,5222.52,35.29,3529.08,65.18,6517.53,59.01,5900.94,30.55,3054.6,56.02,5602.14,30.9,3090.15,23.68,2367.63,24.42,2441.88,1214.09,0.68,562.27,0.32,3,4,3
PO1000003720,"2020,2019,2021",NGIN KONG GROUP,BEAUFORT PALM OIL MILL SDN BHD,BEAUFORT,Not RSPO Certified,,3/31/23,5.31,115.7,"5.308611, 115.705",MYS,Malaysia,Sabah,Beaufort,1-Fully Verified,,2022.58,202257.9,2319.14,5546.89,554688.63,18.73,1873.44,16.02,1601.55,9.47,946.71,21.13,2113.11,32.68,3267.9,26.24,2624.49,21.37,2136.96,39.84,3984.48,23.73,2373.03,24.74,2474.1,38.52,3852,46.25,4625.46,18.92,1892.16,54.45,5445.18,48.24,4824.09,88.74,8873.55,24.73,2472.84,24.97,2496.51,24.8,2480.49,16.02,1602.36,13.77,1376.73,10.34,1033.56,643.71,0.32,1378.87,0.68,2,2,3
PO1000003721,"2021,2020,2019",BELL GROUP,SYARIKAT PERUSAHAAN KELAPA SAWIT SDN BHD,SYARIKAT PERUSAHAAN KELAPA SAWIT,Not RSPO Certified,,3/31/23,2.17,103.06,"2.166967, 103.058453",MYS,Malaysia,Johor,Segamat,2-High Confidence,,111,11099.88,159.32,217.96,21796.47,5.89,589.32,2.22,222.3,1.4,139.59,3.36,336.06,4.44,443.88,2.4,239.67,3.78,377.82,0.56,55.71,3.59,358.92,1.91,191.34,4.19,419.22,5,500.49,1.44,143.64,4.54,453.96,3.83,383.04,6.08,608.22,3.63,363.24,3.39,338.76,3.67,366.84,3.18,318.24,3.38,337.86,4.22,422.46,76.11,0.69,34.89,0.31,4,4,3
PO1000003724,"2020,2019,2021",BELL GROUP,BELL PALM INDUSTRIES SDN BHD,BELL PALM INDUSTRIES,Not RSPO Certified,,3/31/23,1.92,102.89,"1.916778, 102.89175",MYS,Malaysia,Johor,Batu Pahat,1-Fully Verified,,460.04,46004.49,586.78,868.41,86840.55,10.61,1061.01,6.89,689.04,3.58,357.93,10.81,1080.63,9.59,959.13,7.43,743.22,19.71,1970.73,4.17,417.42,10.51,1050.75,6.17,617.13,15.68,1567.98,7.38,738.27,3.51,350.73,11.59,1158.93,7.53,752.67,17.34,1734.21,13.34,1333.62,11.33,1132.92,11.6,1159.92,9.05,905.13,9.49,949.41,7.95,795.06,215.26,0.47,244.79,0.53,3,3,3
PO1000003725,"2021,2020,2019",BORNEO AGRO-RESOURCES SDN BHD,BORNEO AGRO-RESOURCES SDN BHD,BORNEO AGRO-RESOURCES,Not RSPO Certified,,3/31/23,3.28,113.43,"3.276304, 113.426606",MYS,Malaysia,Sarawak,Bintulu,1-Fully Verified,,5.9,589.86,5.32,3.63,362.61,0,0,0,0.27,0,0.18,0.41,41.13,3.08,307.8,0.62,62.46,0.05,4.77,0.02,1.71,0.04,4.5,0.05,4.95,0.25,25.2,0.09,9.45,0.06,5.67,0,0,0,0,0,0.36,0,0,0.09,9.36,0.07,7.47,0.02,2.16,0.02,1.8,0.03,2.61,4.92,0.83,0.98,0.17,2,5,1
PO1000003726,"2020,2019,2021",SAWIT KINABALU SDN BHD,SAWIT KINABALU SDN BHD,APAS BALUNG,Not RSPO Certified,,3/31/23,4.37,118.1,"4.371767, 118.101486",MYS,Malaysia,Sabah,Tawau,1-Fully Verified,,652.49,65249.01,763.7,1332.18,133218.09,8.05,805.32,14.34,1433.61,3.01,300.87,24.97,2497.14,11.58,1157.67,10.24,1023.93,4.85,484.92,16.71,1670.58,3.56,355.95,19.32,1932.12,9.77,977.31,10.16,1015.74,6.52,651.69,12.18,1217.79,6.81,681.39,12.8,1280.25,7.21,721.17,11.23,1122.75,10.78,1078.11,7.32,731.88,7.62,761.58,6.9,690.3,225.92,0.35,426.57,0.65,3,2,3
PO1000003727,"2019,2020,2021",SAWIT KINABALU SDN BHD,SAWIT KINABALU SDN BHD,BORNEO SAMUDERA SDN BHD (KUNAK MILL),Not RSPO Certified,,3/31/23,4.76,118.14,"4.75734, 118.138401",MYS,Malaysia,Sabah,Kunak,1-Fully Verified,,96.24,9623.7,99.1,236.65,23664.78,0.77,77.31,0.7,70.2,0.13,12.96,1.01,101.16,0.81,80.64,0.3,29.88,0.24,24.12,0.39,38.88,0.04,4.05,2.69,269.28,5.67,567.09,4.22,422.01,4.87,487.08,2.25,225.36,4.23,423,1.68,168.48,2.82,281.97,4.84,484.2,3.61,360.54,1.04,104.04,0.25,24.75,0.49,48.78,43.06,0.45,53.18,0.55,2,3,3
PO1000003728,"2020,2021,2019",SAWIT KINABALU SDN BHD,SAWIT KINABALU SDN BHD,LANGKON,Not RSPO Certified,,3/31/23,6.57,116.71,"6.571735, 116.708337",MYS,Malaysia,Sabah,Kota Marudu,2-High Confidence,,3234.93,323493.03,3639.07,8591.3,859129.56,42.63,4263.03,39.1,3909.69,14.95,1494.9,40.35,4034.61,51.27,5126.58,44.16,4416.12,43.34,4334.04,27.96,2796.39,53.15,5314.86,45.22,4522.41,55.32,5532.3,47.81,4780.71,37.73,3772.53,84.1,8409.96,69.39,6939.36,67.13,6713.28,45.74,4574.25,47.35,4735.17,51.96,5195.7,36.35,3635.28,34,3399.84,24.49,2449.35,1003.5,0.31,2231.43,0.69,3,2,3
PO1000003729,"2020,2021,2019",SAWIT KINABALU SDN BHD,SAWIT KINABALU SDN BHD,LUMADAN,Not RSPO Certified,,3/31/23,5.26,115.66,"5.256014, 115.656269",MYS,Malaysia,Sabah,Beaufort,1-Fully Verified,,1017.36,101736.45,1086.58,2447.88,244788.21,10.51,1051.2,7.42,742.41,6.07,606.51,10.42,1042.2,7.15,715.41,11.05,1104.93,12.25,1224.81,18.58,1857.78,18.63,1863.27,24.67,2467.08,33.97,3397.23,28.39,2838.69,10.79,1078.56,41.22,4122.45,32.78,3277.98,23.13,2313.18,15.57,1556.73,8.91,891.36,9.52,952.38,8.59,859.41,6.74,673.65,4.68,468.45,351.06,0.35,666.31,0.65,2,2,3
PO1000003731,"2019,2020,2021",SAWIT KINABALU SDN BHD,SAWIT KINABALU SDN BHD,SERUDUNG,Not RSPO Certified,,3/31/23,4.36,117.36,"4.357696, 117.35908",MYS,Malaysia,Sabah,Tawau,1-Fully Verified,,1336.12,133611.75,1351.33,3648.82,364881.6,27.37,2737.08,20.92,2092.05,15.56,1556.37,38.65,3865.23,20.29,2028.69,17.09,1708.65,7.62,762.03,5.27,527.49,7.15,714.6,10.69,1069.38,24.58,2458.08,15.9,1590.39,3.64,363.87,21.78,2178.18,4.96,495.54,5.16,515.52,21.13,2113.38,20.43,2042.73,7.34,734.04,11.62,1162.08,18.45,1844.73,15.08,1508.31,340.68,0.25,995.43,0.75,3,2,3
PO1000003733,"2020,2021,2019",SAWIT KINABALU SDN BHD,SAWIT KINABALU SDN BHD,SEBRANG,Not RSPO Certified,,3/31/23,4.99,118.56,"4.989722, 118.555103",MYS,Malaysia,Sabah,Lahad Datu,1-Fully Verified,,359.14,35913.78,414.62,1500.71,150071.13,4.85,484.74,9.29,928.62,0.59,59.31,8.75,874.8,6.78,678.42,12.13,1213.38,2.77,276.66,9.37,937.44,2.79,279.27,19.88,1987.92,3.82,381.78,7.12,711.99,3.27,326.79,7.25,724.59,3.81,380.61,8.3,830.43,4.95,495.45,2.71,271.08,5.25,525.24,3.28,328.23,7.62,762.48,3.64,363.87,138.23,0.38,220.91,0.62,3,3,3
PO1000003734,"2019,2020,2021",BOUSTEAD PLANTATIONS BERHAD,BOUSTEAD EMASTULIN SDN BHD,SEGARIA,RSPO Certified,"RSPO Certified, IP",3/31/23,4.48,118.4,"4.48163, 118.39817",MYS,Malaysia,Sabah,Semporna,1-Fully Verified,,22.64,2263.5,22.2,26.39,2638.71,1.81,180.9,2.52,251.91,3,300.33,0.75,75.15,0.01,0.72,0.02,2.34,0.4,39.69,3.58,357.93,0,0.27,0.03,3.33,0.02,1.71,0,0.18,0,0.45,0,0.09,0,0.36,0,0,0.52,52.38,0.22,22.5,0.22,21.51,0.05,4.86,0,0.09,2.8,280.35,15.97,0.71,6.66,0.29,5,4,4
PO1000003735,"2021,2020,2019",BOUSTEAD PLANTATIONS BERHAD,BOUSTEAD PELITA KANOWIT OIL MILL SDN BHD,PELITA KANOWIT,Not RSPO Certified,,3/31/23,2.16,112.1,"2.163581, 112.099521",MYS,Malaysia,Sarawak,Kanowit,1-Fully Verified,,2064.14,206414.46,2151.03,5102.99,510298.92,8.03,802.98,6.4,639.63,10.72,1071.81,12.97,1297.26,9.99,998.55,9.5,950.13,8.37,836.64,2.71,270.9,33.03,3303.36,27.18,2718,16.59,1658.79,43.46,4345.92,30.76,3076.29,59.54,5954.22,51.24,5124.15,38.97,3897.09,47.66,4766.49,45.14,4514.22,30.19,3018.78,19.3,1929.6,14.98,1497.6,19.6,1959.66,546.32,0.26,1517.82,0.74,2,2,3
PO1000003736,"2020,2021,2019",BOUSTEAD PLANTATIONS BERHAD,BOUSTEAD RIMBA NILAI SDN BHD,RIMBA NILAI,Not RSPO Certified,,3/31/23,6.26,117.31,"6.257292, 117.313204",MYS,Malaysia,Sabah,Beluran,1-Fully Verified,,1.64,163.62,2.22,4.87,487.08,0,0,0,0,0,0,0,0,0.01,0.9,0,0,0.18,17.82,1.02,101.7,0.02,1.53,0,0.09,0,0.18,0,0,0.3,29.61,0.05,5.04,0.01,1.17,0.03,2.88,0,0,0,0,0,0,0,0,0,0,0,0,1.61,0.98,0.03,0.02,1,5,1
PO1000003737,"2019,2020,2021",BOUSTEAD PLANTATIONS BERHAD,BOUSTEAD RIMBA NILAI SDN BHD,SEGAMAHA,RSPO Certified,"RSPO Certified, MB",3/31/23,5.21,117.81,"5.210414, 117.80966",MYS,Malaysia,Sabah,Lahad Datu,1-Fully Verified,,658.46,65845.62,629.03,1419.17,141916.95,0.12,11.7,0.21,20.7,0.86,85.86,2.07,206.55,1.45,145.26,2.07,207.36,5.33,532.62,2.46,246.15,3.01,300.6,1.19,119.16,0.28,27.63,2.94,293.58,4.26,426.33,5.31,530.55,7.89,789.03,3.94,393.57,4.14,414.18,5.52,552.15,7.81,781.29,6.55,654.57,3.26,325.98,10.15,1014.93,80.8,0.12,577.66,0.88,3,1,3
PO1000003738,"2021,2020,2019",BOUSTEAD PLANTATIONS BERHAD,BOUSTEAD TELOK SENGAT SDN BHD,TELOK SENGAT,RSPO Certified,"RSPO Certified, MB",3/31/23,1.57,104.04,"1.566934, 104.044935",MYS,Malaysia,Johor,Kota Tinggi,1-Fully Verified,,78.67,7867.17,92,235.69,23568.75,5.15,514.62,6.77,677.07,1.04,104.04,2.99,298.53,5.01,501.21,1.49,148.77,2.24,224.01,2.06,206.46,0.36,35.91,1.81,181.17,1.98,198.09,4.29,429.39,1.67,167.31,4,399.51,2.88,287.73,5.25,525.42,4.85,485.19,3,299.7,4.27,427.14,2.37,236.97,3.47,346.59,1.89,189.18,68.84,0.88,9.83,0.12,4,5,3
PO1000003739,"2020,2019",KILANG KELAPA SAWIT SELUMPUR SDN BHD,KILANG KELAPA SAWIT SELUMPUR SDN BHD,SELUMPUR,Not RSPO Certified,,3/31/23,2.67,102.81,"2.6663, 102.807",MYS,Malaysia,Johor,Segamat,1-Fully Verified,,22.14,2214,25.99,27.16,2715.75,2.46,245.7,1.47,146.88,0.2,20.43,2.24,223.74,3,299.97,2.69,269.28,1.15,115.29,0.21,21.33,3.44,344.25,0,0.45,0.26,25.74,1.07,107.28,0.18,17.91,0.18,17.82,0.26,25.92,0.92,91.71,0.23,22.77,0.61,61.29,0.56,55.53,0.08,7.65,0.18,17.55,0.11,10.62,21.49,0.97,0.65,0.03,2,5,1
PO1000003740,"2019,2020,2021",CAM RESOURCES BERHAD,CENTRAL PALM OIL MILL SDN BHD,CENTRAL,Not RSPO Certified,,3/31/23,4.89,100.67,"4.891535, 100.668979",MYS,Malaysia,Perak,Larut and Matang,1-Fully Verified,,138.5,13850.1,215.63,585.11,58510.98,1.35,135.27,4.71,470.52,1.25,125.01,1.17,116.64,3.4,340.2,2.51,251.01,1.63,162.54,3.45,344.7,2.38,237.6,2.96,296.1,2.02,201.87,1.58,157.95,1.11,111.24,3.13,312.84,1.04,104.13,2.84,284.13,2.23,223.2,2.04,203.85,2.35,234.9,1.84,183.78,5.12,512.01,1.56,156.33,51.66,0.37,86.84,0.63,4,3,4
PO1000003741,"2020,2019",IJM PLANTATIONS BERHAD,IJM EDIBLE OILS SDN BHD,SABANG 1,Not RSPO Certified,,3/31/23,6.23,117.53,"6.2338, 117.5288",MYS,Malaysia,Sabah,Beluran,1-Fully Verified,,484.63,48463.38,576.3,1182.43,118242.81,9.64,964.08,7.96,795.69,3.01,301.41,10.94,1094.22,15.14,1513.71,11.94,1193.94,2.12,212.49,10.22,1022.31,16.49,1649.07,11.22,1122.3,2.3,230.13,18.58,1857.51,0.62,61.83,7.62,762.3,10.31,1030.59,10.35,1034.73,3.9,390.33,11.25,1124.73,7.81,780.57,2.76,275.85,5.8,579.6,3.64,364.41,183.62,0.38,301.02,0.62,3,3,3
PO1000003742,"2020,2021,2019",MHC PLANTATIONS BHD,CEPATWAWASAN GROUP BHD,PROLIFIC YIELD,Not RSPO Certified,,3/31/23,5.72,117.83,"5.717481, 117.827607",MYS,Malaysia,Sabah,Sandakan,1-Fully Verified,,137.4,13739.85,163.96,301.91,30191.13,1.98,197.73,1.99,199.44,0.56,56.07,4.88,487.53,1.75,175.23,2.09,208.89,2.01,200.88,1.72,172.17,2.58,257.58,2.82,281.61,1.26,126,3.62,361.98,5.45,545.49,6.68,667.8,3.49,349.02,3.17,316.71,5.9,589.95,7.67,766.62,7.69,769.41,4.05,405.45,5.56,556.2,1.96,196.02,78.88,0.57,58.52,0.43,4,3,3
PO1000003743,"2019,2020,2021",CLASSIC PALM OIL MILL SDN BHD,CLASSIC PALM OIL MILL SDN BHD,CLASSIC,Not RSPO Certified,,3/31/23,2.6,102.62,"2.600889, 102.624639",MYS,Malaysia,Negeri Sembilan,Tampin,1-Fully Verified,,185.81,18580.59,221.5,331.62,33162.39,23.51,2351.16,21.07,2107.17,8.65,865.44,12.51,1251.09,18.63,1862.91,13.04,1304.19,4.97,497.25,2.7,269.91,6.35,635.4,0.01,1.44,8.76,875.61,5.83,583.29,0.64,63.72,4.06,405.54,2.77,277.47,10.73,1073.43,7.5,750.24,2.33,233.01,2.63,263.43,2.25,225,4.07,406.53,3.3,329.58,166.33,0.9,19.48,0.1,3,5,2
PO1000003745,"2020,2021,2019",LKPP CORPORATION SDN BHD,DOMINION SQUARE SDN BHD,DOMINION SQUARE,Not RSPO Certified,,3/31/23,3.62,103.16,"3.619765, 103.160623",MYS,Malaysia,Pahang,Kuantan,1-Fully Verified,,107.06,10705.59,181.78,423.83,42383.07,2.12,211.95,0.99,99.36,1.08,108.09,2.33,232.56,4.41,441,4.07,406.53,1.64,163.98,1.61,160.83,1.75,175.05,3.27,327.24,1.74,173.97,2.01,201.42,2.19,218.52,9.84,983.7,4.34,433.62,12.03,1203.12,7.28,728.19,4.84,483.66,5.35,534.6,11.26,1126.26,1.29,129.24,10.15,1015.2,95.58,0.89,11.47,0.11,5,5,3
PO1000003746,"2020,2021,2019",DUPONT & LEOSK ENTERPRISES,DUPONT & LEOSK ENTERPRISES SDN BHD,GEDOK MAS,Not RSPO Certified,,3/31/23,2.58,102.42,"2.577947, 102.423929",MYS,Malaysia,Negeri Sembilan,Tampin,1-Fully Verified,,336.51,33650.82,422.64,747.29,74728.89,13.88,1387.98,19.69,1969.47,3.06,306.45,1.64,163.98,9.82,982.08,8.95,894.87,7.9,790.38,7.01,700.65,17.76,1775.7,1.34,133.92,10.33,1033.29,10.05,1004.67,4.73,472.59,26.2,2620.35,13.56,1355.76,17.73,1772.55,19.82,1981.62,12.68,1267.92,11.82,1181.52,8.84,884.25,8.95,895.05,6.73,673.2,242.48,0.72,94.03,0.28,3,4,3
PO1000003747,"2019,2020,2021",NEGRI SEMBILAN OIL PALMS BOARD,ENG THYE PLANTATIONS BHD,LADANG GULA,Not RSPO Certified,,3/31/23,4.95,100.47,"4.954957, 100.468919",MYS,Malaysia,Perak,Kerian,1-Fully Verified,,16.87,1686.6,29.12,45.08,4507.65,0.08,8.37,2.19,219.24,0.03,3.15,0.01,1.08,0.02,1.8,0.04,4.14,0.01,1.26,0.03,2.52,0.25,24.84,0.26,26.19,0.29,28.98,0.25,24.93,1.1,110.43,1.29,129.42,1.06,105.93,1.53,152.82,1.03,103.32,0.18,18.36,0.09,8.55,0.59,59.04,0.88,88.2,0.41,41.49,11.64,0.69,5.23,0.31,5,4,3
PO1000003749,"2021,2020,2019",RISDA ESTATES SDN BHD,RISDA ESTATES SDN BHD,RISDA SG AMBAT,Not RSPO Certified,,3/31/23,2.19,103.88,"2.194746, 103.87798",MYS,Malaysia,Johor,Mersing,1-Fully Verified,,673.81,67381.38,713.4,2367.05,236705.4,12.03,1203.12,8.36,835.92,1.2,119.61,5.98,598.23,6.48,648.18,12.66,1265.58,14.62,1462.41,2.98,298.26,10.22,1021.77,32.74,3273.75,34.96,3496.23,26.5,2650.32,24.18,2418.3,32.99,3299.4,16.43,1642.77,14.57,1457.01,20.6,2060.28,15.69,1569.15,7.2,719.82,2.5,250.2,5.31,531.45,1.78,178.2,310,0.46,363.81,0.54,2,3,3
PO1000003750,"2020,2021,2019",RISDA ESTATES SDN BHD,RISDA ESTATES SDN BHD,RISDA ULU KERATONG,Not RSPO Certified,,3/31/23,2.74,102.91,"2.737472, 102.910556",MYS,Malaysia,Pahang,Rompin,1-Fully Verified,,114.75,11474.64,136.23,153.22,15322.23,0.86,86.22,7.73,772.56,3.8,379.98,13.6,1360.44,3.73,372.87,5.08,508.14,7.08,708.3,0.93,92.52,12.46,1245.6,0.94,93.78,45.49,4549.32,4.89,489.33,3.95,395.19,5.1,510.12,0.17,17.37,2.65,265.32,2.12,212.31,0.88,88.11,1.55,155.34,0.83,83.25,0.56,55.62,0.45,45.36,114.75,1,0,0,2,5,1
PO1000003751,"2019,2020,2021",BOUSTEAD PLANTATIONS BERHAD,EVER YIELD TRADING SDN BHD,EVER YIELD KKS,Not RSPO Certified,,3/31/23,5.65,117.33,"5.645967, 117.328",MYS,Malaysia,Sabah,Beluran,1-Fully Verified,,124.6,12459.96,191.77,484.8,48480.21,5.34,533.52,3.32,331.56,4.64,464.13,9.62,962.28,3.3,330.39,4.83,482.94,1.28,128.43,0.47,47.43,4.7,470.34,1.38,137.97,0.67,66.51,1.44,143.55,0.19,19.26,2.74,274.23,2.28,228.06,1.04,104.31,1.93,192.69,4.48,447.57,2.02,202.32,0.28,27.72,1.62,162,8.88,887.94,66.45,0.53,58.15,0.47,5,3,4
PO1000003752,"2020,2021,2019",FAR EAST HOLDINGS BERHAD,KILANG SAWIRA MAKMUR SDN BHD,SAWIRA MAKMUR,Not RSPO Certified,,3/31/23,2.97,103.09,"2.967583, 103.092444",MYS,Malaysia,Pahang,Rompin,1-Fully Verified,,113.5,11350.26,125.45,186.12,18611.82,2.39,238.95,0.34,34.47,0.6,60.3,5,500.31,9.02,901.71,9.97,997.47,3.79,378.9,10.02,1001.79,3.49,348.84,6.8,680.22,5.58,557.64,10.85,1084.59,4.52,451.89,9.35,934.65,2.81,281.07,6.09,608.76,6.35,635.31,5,500.31,6.34,634.14,2.48,247.95,0.35,35.37,0.25,25.02,111.4,0.98,2.11,0.02,1,5,1
PO1000003753,"2020,2021,2019",FELCRA BERHAD,FELCRA PROCESSING & ENGINEERING SDN BHD,FELCRA BUKIT KEPONG,Not RSPO Certified,,3/31/23,2.39,102.88,"2.390676, 102.881994",MYS,Malaysia,Johor,Muar,1-Fully Verified,,269.17,26916.75,313.84,636.74,63674.37,12.08,1208.16,6.42,642.33,2.07,207.45,6.41,640.53,6.58,657.72,7.9,789.75,7.26,726.3,3.58,357.93,12.21,1220.58,0.25,24.57,18.02,1801.89,8.68,867.87,4.55,454.77,14.29,1429.11,10.81,1080.72,17.28,1728.27,12.65,1265.22,11.16,1116.18,6.79,678.51,3.86,385.56,3.98,397.98,2.79,279,179.6,0.67,89.56,0.33,3,4,3
PO1000003754,"2019,2020,2021",FELCRA BERHAD,FELCRA PROCESSING & ENGINEERING SDN BHD,FELCRA MARAN,Not RSPO Certified,,3/31/23,3.57,102.69,"3.570918, 102.685688",MYS,Malaysia,Pahang,Maran,1-Fully Verified,,274.2,27420.03,333.64,1232.81,123281.19,6.87,687.06,2.64,263.88,2.3,229.95,3.21,321.03,4.7,470.07,5.66,566.1,7.14,713.7,7.26,725.76,5.18,517.59,6.94,693.99,2.06,206.28,10.76,1075.68,3.36,336.15,11.85,1184.76,15.33,1532.79,15.13,1512.63,7.78,777.87,7.37,737.28,4.91,490.59,4.37,436.95,4.59,458.82,3.82,381.96,143.21,0.52,130.99,0.48,3,3,3
PO1000003755,"2020,2021,2019",FELCRA BERHAD,FELCRA PROCESSING & ENGINEERING SDN BHD,FELCRA NASARUDDIN,Not RSPO Certified,,3/31/23,4.32,100.94,"4.323522, 100.938307",MYS,Malaysia,Perak,Perak Tengah,1-Fully Verified,,299.73,29972.79,437.34,639.32,63932.31,6.45,645.03,5.73,573.03,4.29,428.67,4.39,439.02,9.67,967.32,4.08,407.7,6.53,652.77,8.66,866.43,13.9,1390.41,8.74,873.9,6.36,636.39,15.27,1526.76,7.62,762.12,18.66,1865.7,13.92,1391.58,16.9,1689.57,13.01,1301.4,10.53,1053.09,6.84,684.18,3.58,357.57,7.85,785.25,5.52,552.15,198.5,0.66,101.23,0.34,3,4,3
PO1000003756,"2020,2021,2019",FELCRA BERHAD,FELCRA PROCESSING & ENGINEERING SDN BHD,FELCRA SEBERANG PERAK,Not RSPO Certified,,3/31/23,4.15,100.84,"4.148111, 100.839765",MYS,Malaysia,Perak,Perak Tengah,1-Fully Verified,,149.09,14909.31,283.76,468.62,46862.46,6.25,624.6,2.35,235.17,0.31,31.05,1.52,152.46,1.98,198.45,4.39,438.75,14.11,1410.75,8.3,829.89,14.47,1447.2,13.84,1384.11,1.93,193.05,3.4,340.02,2.11,210.6,5.81,581.22,6.78,677.79,4.65,464.94,3.78,377.55,1.15,114.75,0.7,70.2,1.24,124.47,1.3,129.96,1.25,124.56,101.62,0.68,47.48,0.32,3,4,3
PO1000003757,"2019,2020,2021",FELCRA BERHAD,FELCRA PROCESSING & ENGINEERING SDN BHD,FELCRA SUNGAI MELIKAI,Not RSPO Certified,,3/31/23,2.39,103.8,"2.388242, 103.801396",MYS,Malaysia,Johor,Mersing,1-Fully Verified,,6.16,616.23,6.59,11.22,1122.39,0.01,0.81,0.01,1.35,0,0,0,0,0.03,3.42,0,0,0,0.18,0,0,0,0,0.05,5.22,0,0.36,0.3,30.15,0.58,57.51,2.83,283.05,0.18,17.73,0.76,75.69,0.04,3.51,0.09,9,0.13,13.32,0.02,1.71,0.02,1.53,0.25,24.75,5.29,0.86,0.87,0.14,3,5,3
PO1000003758,"2020,2021,2019",FELCRA BERHAD,FELCRA PROCESSING & ENGINEERING SDN BHD,FELCRA PROCESSING & ENGINEERING,Not RSPO Certified,,3/31/23,4,101.17,"3.999611, 101.167028",MYS,Malaysia,Perak,Hilir Perak,1-Fully Verified,,78.43,7842.51,109.54,313.42,31341.51,5.93,592.92,3.81,381.15,0.36,36.27,2.72,271.8,2.47,247.32,0.87,86.94,2.41,241.38,0.58,58.5,3.49,348.84,3.89,388.8,1.19,118.89,2.68,268.02,2.36,236.25,2,200.43,1.18,118.08,2.11,210.96,2.09,209.16,4.98,498.06,2.25,225.09,1.58,158.31,3.47,346.95,1.48,148.41,53.93,0.69,24.5,0.31,4,4,3
PO1000003759,"2020,2021,2019",FELCRA BERHAD,FELCRA JAYA SAMARAHAN SDN BHD,FELCRA JAYA SAMARAHAN,Not RSPO Certified,,3/31/23,1.39,110.46,"1.390556, 110.455461",MYS,Malaysia,Sarawak,Samarahan,1-Fully Verified,,2900.84,290083.77,3330.58,6779.21,677921.04,15.63,1562.58,13.27,1326.87,17.49,1749.33,33.2,3319.65,32.01,3200.76,31.47,3147.12,54.98,5497.74,70.04,7003.89,65.44,6544.26,45.59,4559.04,50.65,5064.93,40.61,4061.07,40.41,4040.82,46.3,4630.05,33.25,3325.05,72.09,7209.36,55.14,5514.3,38.08,3807.63,35.62,3561.57,21.25,2124.9,33.32,3332.25,24.75,2474.73,870.58,0.3,2030.26,0.7,3,2,3
PO1000003760,"2019,2020",FGV HOLDINGS BERHAD,FGV PALM INDUSTRIES SDN BHD,CHINI 3,RSPO Certified,"RSPO Certified, MB",3/31/23,3.37,102.93,"3.366486, 102.931272",MYS,Malaysia,Pahang,Pekan,1-Fully Verified,,865.44,86544.45,847.86,1251.14,125114.04,16.58,1658.07,6.63,663.3,14,1400.13,7.21,721.35,48.52,4851.63,22.93,2293.29,27.22,2722.23,20.11,2010.87,20.3,2030.13,22.61,2260.53,14.25,1424.7,27.98,2798.46,4.21,420.57,9.12,911.7,20.81,2081.16,25.17,2517.3,22.29,2228.85,20.36,2035.98,18.42,1842.3,21.22,2121.75,37.89,3789.09,24.91,2491.2,452.75,0.52,412.7,0.48,5,3,4
PO1000003761,"2020,2019",FGV HOLDINGS BERHAD,FGV PALM INDUSTRIES SDN BHD,JERAGAN BISTARI,Not RSPO Certified,,3/31/23,5.35,119.14,"5.351045, 119.143998",MYS,Malaysia,Sabah,Kinabatangan,1-Fully Verified,,60.07,6006.69,63.17,68.8,6880.05,0.08,8.37,0.06,6.21,0.02,1.89,0.05,5.13,0.02,1.71,0.04,3.69,0.02,1.89,0.04,3.51,0.01,1.26,0.05,5.13,0.03,3.24,0.06,5.67,1.82,181.89,0.88,88.2,0.83,82.71,6.66,666.27,1.59,159.3,1.78,178.02,5.64,564.21,5.88,588.15,6.02,601.65,3.51,351.45,35.1,0.58,24.97,0.42,5,3,5
PO1000003766,"2020,2019",FGV HOLDINGS BERHAD,FGV PALM INDUSTRIES SDN BHD,SAMPADI,Not RSPO Certified,,3/31/23,1.62,109.95,"1.619547, 109.948545",MYS,Malaysia,Sarawak,Lundu,1-Fully Verified,,856.27,85627.35,937.81,3003.08,300307.95,9.23,923.04,6.21,620.55,6.85,684.99,8.49,849.06,4.38,437.67,6.11,611.28,11.07,1106.91,29.23,2922.93,24.4,2439.9,12.66,1266.3,45.03,4503.15,30.19,3019.23,33.48,3348,27.27,2726.64,19.4,1940.4,20.67,2066.76,21.31,2131.2,20.02,2001.96,11.32,1131.84,5.57,557.1,7.87,786.6,10.27,1026.54,371.02,0.43,485.25,0.57,3,3,3
PO1000003767,"2019,2020",FGV HOLDINGS BERHAD,FGV PALM INDUSTRIES SDN BHD,TENGGAROH,RSPO Certified,"RSPO Certified, MB",3/31/23,2.05,103.93,"2.05401, 103.933",MYS,Malaysia,Johor,Mersing,2-High Confidence,,464.97,46497.06,469.11,869.77,86976.9,3.71,370.89,1.72,172.08,0.33,33.48,4.92,491.67,12.29,1229.04,24.12,2412.27,32.04,3203.64,4.2,419.76,15.49,1549.17,26.43,2642.94,23.38,2337.75,23.98,2397.6,7.29,729.09,14.08,1408.5,4.38,438.03,5.12,511.74,11.07,1106.82,17.17,1717.38,11.58,1158.03,5.29,528.84,6.46,645.75,5.9,590.31,260.95,0.56,204.02,0.44,3,3,3
PO1000003769,"2020,2019",FGV HOLDINGS BERHAD,FGV PALM INDUSTRIES SDN BHD,TENGGAROH TIMOR,Not RSPO Certified,,3/31/23,2.08,104.01,"2.082064, 104.00722",MYS,Malaysia,Johor,Mersing,1-Fully Verified,,147.93,14793.21,179.57,591.77,59176.8,1.31,130.95,1.11,110.88,0.67,66.87,1.77,177.48,6.54,653.85,11.74,1173.51,9.46,946.08,0.95,95.22,3.17,316.89,18.31,1831.32,15.36,1536.12,5.59,559.08,6,599.85,11.42,1141.83,2.91,290.61,5.08,507.69,2.75,274.86,1.94,193.77,4.58,457.92,3.07,307.35,2.79,278.64,0.28,28.26,116.79,0.79,31.14,0.21,3,4,2
PO1000003770,"2020,2021,2019",FOONG LEE SAWI MINYAK SDN BHD,FOONG LEE SAWI MINYAK SDN BHD,FOONG LEE SAWI MINYAK,Not RSPO Certified,,3/31/23,4.92,101.11,"4.924211, 101.105208",MYS,Malaysia,Perak,Kuala Kangsar,1-Fully Verified,,2199.84,219984.21,2062.11,4452.07,445206.78,9.85,985.41,15.19,1519.38,6.7,669.87,4.48,448.02,7.02,702.27,5.95,594.72,9.22,922.14,10.33,1032.75,14.59,1459.17,17.15,1715.31,16.42,1642.41,23.8,2380.5,9.47,946.53,34.59,3458.52,39.49,3949.02,45.14,4513.5,28.25,2825.28,16.87,1687.05,12.39,1238.94,10.77,1076.58,12.02,1202.49,5.85,585.45,355.55,0.16,1844.29,0.84,2,1,3
PO1000003771,"2019,2020,2021",JOHAWAKI PLANTATION SDN BHD,GABUNGAN PERUSAHAAN MINYAK LANGKAP SDN BHD,LANGKAP,Not RSPO Certified,,3/31/23,4.06,101.14,"4.056506, 101.139214",MYS,Malaysia,Perak,Hilir Perak,1-Fully Verified,,99.01,9901.44,197.8,459.78,45978.12,3.18,317.52,2.12,212.22,1.35,134.82,2.26,225.81,3.54,353.79,1.95,195.21,2.75,275.04,1.28,128.16,4.03,403.29,5.05,504.81,1.58,158.22,3.07,307.26,0.67,67.32,1.68,167.76,1.47,147.15,3.38,337.77,3.02,302.49,1.59,159.3,1.76,176.49,1.73,172.53,2.11,210.69,0.71,70.83,50.28,0.51,48.73,0.49,3,3,3
PO1000003776,"2020,2021,2019",GENTING PLANTATIONS,GENTING SDC SDN BHD,GENTING INDAH,RSPO Certified,"RSPO Certified, MB",3/31/23,5.38,116.93,"5.375197, 116.934967",MYS,Malaysia,Sabah,Tongod,1-Fully Verified,,47.93,4793.4,47.52,81.11,8111.25,9.74,974.07,19.5,1950.39,3.69,369.27,0.65,64.53,0.58,58.5,0.04,3.78,0.32,32.49,0.29,28.8,0.31,31.41,0.7,69.75,0.23,23.04,0.24,24.12,0.02,2.34,0.14,14.49,0.22,22.5,0.28,28.17,0.28,27.63,0.17,17.28,0.35,35.28,0.15,15.48,0.06,5.58,0.06,6.3,38.05,0.79,9.88,0.21,1,4,1
PO1000003777,"2020,2021,2019",GENTING PLANTATIONS,GENTING SDC SDN BHD,GENTING JAMBONGAN,RSPO Certified,"RSPO Certified, MB",3/31/23,6.65,117.45,"6.651844, 117.446257",MYS,Malaysia,Sabah,Beluran,1-Fully Verified,,112.91,11290.59,176.5,327.86,32785.74,0.01,1.44,0.04,3.69,0.1,9.54,7.93,792.63,4.4,439.74,5.12,511.92,3.65,364.68,0.93,93.24,0.11,10.89,0.5,50.22,0.35,34.92,0.25,25.47,0.09,9,0.74,73.71,5.29,528.93,3.83,382.59,3.6,360.27,0.3,29.61,0.58,58.32,1.38,137.52,0.41,40.59,1.62,162.36,41.21,0.37,71.69,0.63,3,3,3
PO1000003778,"2019,2020,2021",GENTING PLANTATIONS,GENTING SDC SDN BHD,GENTING MEWAH,RSPO Certified,"RSPO Certified, MB",3/31/23,5.52,117.71,"5.518017, 117.7088",MYS,Malaysia,Sabah,Kinabatangan,1-Fully Verified,,150.55,15055.11,227.85,268.39,26839.17,0.9,89.91,1.57,156.87,1,100.26,4.56,456.3,2.59,259.38,4.93,492.66,3.75,374.76,6.24,623.88,5.25,524.97,6.52,651.78,3.59,359.37,2.6,259.83,0.93,93.42,1.71,170.64,3.85,385.29,4.21,420.84,6.61,660.51,7.02,701.73,5.02,502.11,4.99,498.78,8.37,836.73,10.77,1077.21,96.97,0.64,53.58,0.36,5,4,4
PO1000003781,"2020,2021,2019",GLOBAL ENTERPRISE OIL MILL SDN BHD,GLOBAL ENTERPRISE OIL MILL SDN BHD,GLOBAL ENTERPRISE,Not RSPO Certified,,3/31/23,5.49,117.99,"5.490111, 117.988556",MYS,Malaysia,Sabah,Kinabatangan,1-Fully Verified,,133,13299.84,176.07,256.69,25668.63,1.2,119.88,1.59,159.3,0.62,61.92,3.27,326.52,5.32,531.63,6.51,650.97,2.86,286.38,1.67,167.31,0.73,73.35,4.05,404.82,0.7,70.47,2.14,213.75,0.85,84.96,1.68,167.85,2.53,252.81,1.94,193.77,3.18,318.33,2.26,225.54,1,99.99,1.12,111.96,2.25,225.36,3.32,332.1,50.79,0.38,82.21,0.62,3,3,3
PO1000003782,"2020,2021,2019",SINAR MAS,PARAMITRA INTERNUSA PRATAMA,BELIAN,Not RSPO Certified,,3/31/23,0.49,111.85,"0.487029, 111.845392",IDN,Indonesia,Kalimantan Barat,Kapuas Hulu,1-Fully Verified,,374.05,37404.63,390.75,580.41,58041.27,1.78,178.38,2.93,292.68,3.1,310.32,5.16,516.24,4.05,405.27,5.35,535.05,4.71,471.06,15.01,1501.47,36.77,3677.4,20.73,2073.06,34.22,3421.62,28.22,2822.22,4.77,476.64,17.14,1714.23,8.8,880.47,7.36,736.2,5.8,580.05,5.13,512.91,5.01,501.03,5.21,521.01,1.5,149.85,1.47,146.61,224.24,0.6,149.81,0.4,2,3,2
PO1000003784,"2019,2020,2021",BORNEO PACIFIC (HOLDINGS) SDN BHD,GOLDEN ELATE OIL MILL SDN BHD,GOLDEN ELATE,Not RSPO Certified,,3/31/23,5.14,118.84,"5.13729, 118.837979",MYS,Malaysia,Sabah,Lahad Datu,1-Fully Verified,,315.76,31575.78,325.74,690.54,69054.3,1.32,132.03,7.54,754.47,2.36,235.62,3.9,389.79,5.38,537.93,8.36,836.28,1.36,135.9,2.85,284.67,0.6,60.12,6.67,666.9,5.64,564.48,5.54,554.49,1.59,159.48,1.09,108.54,0.19,19.44,0.28,27.72,1.17,117.18,2.36,235.53,0.84,84.42,1.38,138.06,2.35,234.63,13.79,1379.16,76.57,0.24,239.19,0.76,4,1,4
PO1000003785,"2021,2020,2019",HAVYS OIL MILL SDN BHD,HAVYS OIL MILL SDN BHD,HAVYS,Not RSPO Certified,,3/31/23,2.89,102.66,"2.892339, 102.662724",MYS,Malaysia,Pahang,Bera,2-High Confidence,,445.77,44576.64,464.81,576.63,57663.09,25.05,2504.52,5.46,546.3,1.06,106.38,4.69,469.17,6.64,663.93,7.03,702.81,9.5,949.95,14.01,1401.3,25.63,2562.75,1.37,137.43,39.2,3920.04,43.89,4388.76,10.26,1025.64,23.82,2382.03,20.89,2088.54,18.82,1881.9,13.13,1313.28,28.26,2826.18,12.08,1208.07,5.5,550.26,6.07,607.32,1.09,108.81,323.45,0.73,122.31,0.27,2,4,2
PO1000003787,"2020,2021,2019",HOK HUAT GROUP SDN BHD,HOK HUAT OIL MILL SDN BHD,KLUANG,Not RSPO Certified,,3/31/23,2.06,103.36,"2.058694, 103.361583",MYS,Malaysia,Johor,Keluang,1-Fully Verified,,116.76,11675.61,152.22,380.96,38095.65,3.14,313.83,3.01,300.6,1.4,139.77,1.57,156.51,0.81,80.55,2.67,267.3,2.65,264.51,1.03,103.23,3.22,322.47,3.06,305.55,8.8,879.57,5.72,572.49,3.36,335.61,4.56,456.3,3.36,336.06,7.1,709.74,6.03,602.73,5.98,598.05,7.96,795.78,5.91,591.21,5.79,578.79,1.34,134.1,88.45,0.76,28.31,0.24,4,4,3
PO1000003789,"2019,2020",IJM PLANTATIONS BERHAD,IJM EDIBLE OILS SDN BHD,DESA TALISAI,Not RSPO Certified,,3/31/23,5.71,117.54,"5.706359, 117.535848",MYS,Malaysia,Sabah,Beluran,1-Fully Verified,,133.85,13385.07,150.34,191.8,19179.81,0.6,59.67,0.44,44.46,0.32,31.95,0.66,66.06,1,100.08,9.68,967.68,1.98,198.45,6.12,612.36,5.85,585.18,2.96,295.65,4.29,428.67,7.99,799.29,5.46,545.76,3.94,393.57,5.26,526.05,2.76,275.67,14.01,1401.12,7.44,743.76,1.73,173.16,2.77,276.57,1.01,100.71,4.3,429.84,90.56,0.68,43.29,0.32,3,4,3
PO1000003790,"2019,2020",IJM PLANTATIONS BERHAD,IJM EDIBLE OILS SDN BHD,MINAT TEGUH,Not RSPO Certified,,3/31/23,5.82,117.87,"5.817892, 117.869394",MYS,Malaysia,Sabah,Sandakan,1-Fully Verified,,62.41,6240.51,67.21,89.31,8931.24,0.06,6.03,0.08,8.1,0.01,1.17,0.06,6.12,0.03,2.88,0.01,1.17,0.02,2.16,0.01,0.63,0.01,1.44,0.02,1.89,0.01,1.35,0.06,6.21,0.07,7.47,1.38,137.88,1.85,185.13,0.16,15.66,2.79,279.09,4.75,475.29,7.74,774.45,5.36,535.5,2.41,241.47,2.2,219.87,29.11,0.47,33.3,0.53,5,3,4
PO1000003792,"2020,2019",IJM PLANTATIONS BERHAD,IJM EDIBLE OILS SDN BHD,SABANG 2,Not RSPO Certified,,3/31/23,6.35,117.48,"6.35182, 117.479338",MYS,Malaysia,Sabah,Beluran,1-Fully Verified,,412.66,41265.9,567.77,1588.68,158867.55,15.97,1597.05,5.8,580.5,8.49,849.24,11.53,1152.9,14.18,1418.49,9.7,969.75,2.48,247.5,8.13,812.61,6.86,686.43,3.6,360,2.98,298.44,2.28,228.33,3.55,354.96,3.62,362.34,13.64,1363.5,3.91,391.32,2.94,294.12,1.25,124.56,1.37,137.07,5.15,514.98,10.65,1065.33,16.03,1603.17,154.13,0.37,258.53,0.63,4,3,4
PO1000003793,"2020,2021",YAYASAN SABAH GROUP,INNOPRISE PLANTATIONS BHD,SERIJAYA INDUSTRI SDN BHD,Not RSPO Certified,,3/31/23,4.79,117.35,"4.792969, 117.353614",MYS,Malaysia,Sabah,Tongod,1-Fully Verified,,3631.26,363126.15,3307.55,5739.29,573928.56,6.86,686.43,10.29,1029.33,15.41,1540.62,26.85,2685.42,28.47,2846.97,53.56,5355.99,63.28,6327.81,107.01,10701.18,87.91,8791.11,74.03,7402.95,25.75,2575.26,27.24,2723.85,13.86,1386.45,54.71,5470.74,54.88,5488.2,57.35,5735.25,30.81,3080.88,20.21,2020.95,20.25,2024.55,12.72,1272.15,22.35,2234.88,20.45,2045.07,834.26,0.23,2797,0.77,2,1,3
PO1000003795,"2021,2020,2019",SAWIT KINABALU SDN BHD,SAWIT KINABALU SDN BHD,SEPAGAYA,Not RSPO Certified,,3/31/23,5.63,118.12,"5.633883, 118.12495",MYS,Malaysia,Sabah,Sandakan,1-Fully Verified,,199.64,19963.89,232.21,415.02,41502.42,1.67,166.86,21.33,2132.73,1.86,186.3,3.68,368.28,5.92,591.66,3.54,353.52,7.52,751.68,8.02,801.72,5.39,539.28,2.73,272.97,0.43,43.11,0.47,47.25,0.77,76.59,1.13,112.59,4.82,482.49,2.54,253.53,6.38,638.46,5.27,526.95,6.83,683.19,1.13,112.95,0.42,42.21,0.44,43.83,92.28,0.46,107.36,0.54,1,3,3
PO1000003796,"2020,2021,2019",IOI CORPORATION,IOI CORPORATION BHD,UNICO,RSPO Certified,"RSPO Certified, MB",3/31/23,5.15,118.22,"5.150056, 118.222056",MYS,Malaysia,Sabah,Lahad Datu,1-Fully Verified,,71.49,7148.88,93.19,246.88,24688.17,1.06,106.29,0.69,69.21,0.24,24.39,3.27,326.61,2.67,267.39,1.95,195.48,0.41,41.13,1.25,124.74,0.57,56.97,2.76,276.3,0.66,66.33,2,200.16,3.78,378,2.96,296.01,0.4,40.23,1.14,113.76,3.68,368.19,3.4,339.57,1.13,113.13,0.45,45.27,1.93,193.05,1.65,164.61,38.07,0.53,33.42,0.47,4,3,3
PO1000003797,"2019,2020,2021",IOI CORPORATION,IOI CORPORATION BHD,UNICO DESA,RSPO Certified,"RSPO Certified, IP, MB",3/31/23,5.41,118.53,"5.4130889, 118.529333",MYS,Malaysia,Sabah,Kinabatangan,1-Fully Verified,,392.07,39207.33,426.05,1046.7,104670,1.56,156.15,0.75,74.79,0.19,18.81,3.14,314.01,5.49,548.64,3.26,326.07,1.26,126,3.77,377.1,1.86,186.12,15.42,1542.24,9.11,910.98,18.49,1849.05,16.44,1644.3,6.2,620.28,7.41,741.42,4.82,482.31,3.76,375.93,5.91,590.85,2.43,242.73,10.7,1070.28,1.39,138.6,6.2,620.28,129.57,0.33,262.5,0.67,3,2,3
PO1000003798,"2020,2021,2019",JAYA TIASA HOLDINGS BERHAD,JT OIL DEVELOPMENT SDN BHD,WEALTH HOUSES,Not RSPO Certified,,3/31/23,2.39,111.35,"2.389539, 111.352246",MYS,Malaysia,Sarawak,Daro,2-High Confidence,,398.46,39846.42,424.95,546.15,54615.24,3.18,318.24,3.82,382.14,1.68,167.76,1.43,143.37,40.95,4095.27,20.15,2015.01,47.09,4709.16,4.55,454.86,43.99,4398.66,22.58,2257.56,18.98,1897.56,36.87,3686.67,5.5,549.99,12.8,1279.62,4.86,486.09,5.23,522.99,7.69,769.23,0,0,4.34,433.62,2.66,265.5,2.16,216.36,1.64,164.25,292.14,0.73,106.33,0.27,2,4,2
PO1000003799,"2020,2021,2019",JAYA TIASA HOLDINGS BERHAD,MAUJAYA SDN BHD,MAUJAYA,Not RSPO Certified,,3/31/23,2.44,111.52,"2.438934, 111.524427",MYS,Malaysia,Sarawak,Daro,1-Fully Verified,,244.88,24488.28,274.4,461.38,46138.23,3,299.97,0.72,72.18,0.12,12.24,1.1,110.16,11.76,1176.03,20.14,2014.2,34.44,3443.58,2.09,208.8,46.06,4605.93,10.23,1022.94,16.89,1689.12,11.8,1180.08,7.74,773.55,6.6,660.42,6.26,625.95,1.86,185.85,2.47,247.14,2.03,202.68,1.62,162,0.69,69.03,0.29,28.8,0.68,68.22,188.59,0.77,56.29,0.23,1,4,2
PO1000003800,"2019,2020,2021",JAYA TIASA HOLDINGS BERHAD,MAXIWEALTH HOLDINGS SDN BHD,LASSA,Not RSPO Certified,,3/31/23,2.52,111.64,"2.519721, 111.640773",MYS,Malaysia,Sarawak,Matu,1-Fully Verified,,199.06,19906.11,205.79,295.34,29534.04,0.3,29.88,0.19,18.72,0.22,22.23,0.18,18.27,0.56,55.62,1.99,198.63,7.8,780.3,2.25,225.18,76.38,7637.94,13.99,1399.05,10.91,1090.71,11.66,1166.13,1.21,121.05,2.78,277.56,1.99,198.54,1.98,198.36,1.58,157.95,0.63,63.45,0.62,61.83,0.25,25.38,1.33,132.93,0.51,51.21,139.31,0.7,59.75,0.3,2,4,2
PO1000003801,"2021,2019,2020",MAFRICA CORPORATION SDN BHD / PALMGROUP HOLDINGS SDN BHD,PALMGROUP PALM OIL MILL SDN BHD,PALM GROUP,Not RSPO Certified,,3/31/23,2.82,112.63,"2.823906, 112.634518",MYS,Malaysia,Sarawak,Selangau,1-Fully Verified,,1431.05,143105.49,1380.14,2819.15,281915.1,18.01,1800.81,5.76,576,6.7,669.96,18.4,1840.05,20.77,2077.02,44.88,4487.58,26.87,2687.04,7.15,715.32,111.21,11121.39,59.92,5991.84,26.76,2675.79,40.15,4014.81,9.96,996.3,21.37,2136.69,24.8,2480.4,25.64,2563.74,21.47,2146.86,21.03,2102.67,27.01,2701.08,15.43,1543.23,11.45,1144.71,4.66,465.93,569.39,0.4,861.66,0.6,2,3,3
PO1000003803,"2020,2021,2019",JC CHANG (PTE) LTD,SANKINA OIL MILLS SDN BHD,TAKON,Not RSPO Certified,,3/31/23,5.06,118.81,"5.064444, 118.812222",MYS,Malaysia,Sabah,Lahad Datu,1-Fully Verified,,238,23800.23,274.95,493.7,49369.59,3.8,379.98,13.69,1368.9,2.7,269.82,15.19,1519.29,4.61,460.8,4.78,478.17,3.13,313.02,4.18,417.6,0.44,43.83,5.47,546.75,1.07,107.19,2.07,207,0.39,38.7,0.89,89.46,0.77,76.68,3.16,316.17,4.79,479.25,6.62,661.86,7.86,785.61,10.77,1077.48,9.83,983.16,6.48,647.73,112.68,0.47,125.32,0.53,4,3,4
PO1000003804,"2019,2020,2021",JENG HUAT (BAHAU) REALTY SDN BHD,JENG HUAT (BAHAU) REALTY SDN BHD,JENG HUAT,Not RSPO Certified,,3/31/23,3.1,102.46,"3.103806, 102.458083",MYS,Malaysia,Pahang,Bera,1-Fully Verified,,158.9,15889.68,185.79,338.33,33832.53,14.06,1406.34,4.77,476.91,0.23,23.13,1.44,144.09,3.63,362.79,0.51,51.39,1.66,165.69,2.9,290.34,9.85,985.14,4.88,487.98,8.07,807.21,8.6,860.49,14.56,1455.93,8.68,867.6,8.19,819.18,15.82,1581.66,4.23,423,9.49,949.41,6.44,644.04,1.48,148.23,4.09,409.05,5.38,537.75,138.97,0.87,19.92,0.13,4,5,3
PO1000003805,"2020,2021,2019",JENG HUAT (BAHAU) REALTY SDN BHD,KAHANG PALM OIL MILL SDN BHD,KAHANG PALM OIL MILL SDN BHD,Not RSPO Certified,,3/31/23,2.34,103.44,"2.342278, 103.4384",MYS,Malaysia,Johor,Keluang,1-Fully Verified,,719,71900.1,683.82,973.11,97310.79,7.89,789.3,6.19,619.02,7.72,772.47,13.67,1366.92,13.16,1315.62,7.73,773.1,3.4,339.66,5.8,580.41,8.93,892.89,11.59,1158.84,6.26,626.4,9.24,924.39,8.8,880.2,11.53,1152.99,7.56,755.82,11.73,1172.7,16.8,1680.03,9.41,941.13,1.26,126.36,5.68,567.9,7.53,752.67,3.02,302.31,184.91,0.26,534.09,0.74,2,2,3
PO1000003806,"2020,2021,2019",FGV HOLDINGS BERHAD,ASIAN PLANTATIONS MILLING SDN BHD,ASIAN PLANTATIONS MILLING,Not RSPO Certified,,3/31/23,3.59,114.23,"3.58705, 114.225871",MYS,Malaysia,Sarawak,Marudi,1-Fully Verified,,2171.97,217196.55,2016.44,3892.91,389290.59,6,600.03,4.61,461.34,4.08,408.15,7.52,752.49,22.16,2216.16,15.61,1560.78,16.32,1631.52,18.84,1883.52,28.04,2803.77,9.14,913.5,35.85,3584.7,59.21,5921.46,11.28,1127.7,28.43,2842.56,17.6,1759.86,24.97,2496.51,19.35,1935.36,28.66,2866.32,21.05,2105.19,12.13,1212.84,12.03,1202.76,10.85,1085.04,413.72,0.19,1758.25,0.81,2,1,3
PO1000003809,"2019,2020,2021",KESEDAR,KESEDAR PERKILANGAN SDN BHD,PALOH 3,Not RSPO Certified,,3/31/23,5,102.27,"4.99986, 102.27477",MYS,Malaysia,Kelantan,Gua Musang,1-Fully Verified,,285.4,28539.81,298.94,661.92,66192.3,4.8,479.61,6.46,646.29,1.95,194.76,9.19,919.35,1.65,164.79,4.59,459.36,12.77,1277.1,6.62,661.5,7.65,765,23.75,2374.65,24.78,2477.97,11.18,1118.34,6.97,697.05,32.09,3208.86,16.47,1646.82,27.33,2732.85,6.64,664.47,3.48,347.94,4.09,408.87,6.36,635.67,2.18,218.07,2.91,290.79,223.9,0.78,61.5,0.22,3,4,2
PO1000003811,"2020,2021,2019",KIAN HOE PLANTATIONS BHD,KIAN HOE PLANTATIONS BHD,CORONATION,Not RSPO Certified,,3/31/23,2.02,103.27,"2.022778, 103.267194",MYS,Malaysia,Johor,Keluang,1-Fully Verified,,144.47,14446.62,203.75,297.12,29711.7,10.81,1080.54,4.32,432.09,0.86,86.22,4.59,459.45,5.23,523.17,2.83,283.32,5.86,585.99,2.17,216.54,8.08,808.11,2.88,288.09,6.72,671.94,3.63,363.24,4.07,406.8,5.93,592.56,6.39,638.64,9.2,920.16,7.98,797.67,6.69,669.24,9.23,922.95,5.08,507.78,6.5,650.07,2.28,228.33,121.33,0.84,23.14,0.16,4,5,3
PO1000003812,"2020,2021,2019",HOK HUAT GROUP SDN BHD,HOK HUAT OIL MILL SDN BHD,BUKIT PASIR,Not RSPO Certified,,3/31/23,2.09,102.7,"2.085126, 102.697623",MYS,Malaysia,Johor,Muar,1-Fully Verified,,141.65,14165.28,202.6,359.79,35978.67,4.23,422.64,2.51,251.1,1.69,168.84,5.01,501.12,5.37,536.58,2.49,249.48,6.07,607.23,2.47,246.6,8.41,841.23,0.46,46.35,5.69,568.8,4.28,428.4,5.22,522.36,8.52,852.48,5.02,502.11,6.7,669.96,4.52,451.62,3.24,324.27,4.54,453.6,4.37,436.77,1.65,164.97,1.64,164.34,94.11,0.66,47.54,0.34,3,4,3
PO1000003813,"2019,2020,2021",FORTUNA GROUP,KILANG KELAPA SAWIT FORTUNA SDN BHD,FORTUNA,Not RSPO Certified,,3/31/23,6.05,117.22,"6.0475, 117.219722",MYS,Malaysia,Sabah,Beluran,1-Fully Verified,,1309.55,130955.22,1321.98,3257.98,325798.2,14.56,1456.11,13.73,1372.59,11.41,1140.57,34.36,3436.29,8.9,890.01,12.02,1201.59,21.59,2158.56,26.7,2670.21,17.51,1751.4,32.11,3211.38,13.35,1334.52,20.17,2016.63,10.03,1002.6,15.62,1561.59,16.26,1626.12,15.48,1547.64,15.64,1563.75,20.32,2032.29,19.47,1947.33,10.58,1057.59,12.39,1239.3,16.9,1689.66,379.08,0.29,930.47,0.71,3,2,3
PO1000003814,"2020,2019",UNKNOWN,SIANG,KILANG KELAPA SAWIT LADANG SIANG,Not RSPO Certified,,3/31/23,1.63,104.22,"1.633611, 104.218889",MYS,Malaysia,Johor,Kota Tinggi,1-Fully Verified,PH PALM EXPRESS,144.32,14432.13,191.22,472.15,47214.54,4.15,414.9,10.17,1016.73,1.61,161.28,5.61,561.15,9.49,949.14,6.12,612,3.06,306.18,1.84,183.51,9.65,964.53,6.64,664.38,11.79,1179.18,9.48,947.7,1.86,185.94,15.12,1512.27,5.32,531.9,8.13,813.42,1.94,193.77,1.7,169.83,3.63,362.88,1.35,134.91,0.74,73.53,0.28,27.72,119.67,0.83,24.65,0.17,1,5,1
PO1000003815,"2020,2021,2019",JOHAWAKI PLANTATION SDN BHD,KILANG KELAPA SAWIT LEKIR SDN BHD,LEKIR,Not RSPO Certified,,3/31/23,4.15,100.78,"4.151198, 100.781185",MYS,Malaysia,Perak,Perak Tengah,1-Fully Verified,,98.8,9880.29,193.64,592.56,59255.91,5.17,517.23,6.71,671.22,4.73,472.95,4.14,413.91,3.15,314.73,2.22,222.3,5.14,514.35,2.29,229.05,3.18,318.15,3.79,379.17,4.73,473.04,4.75,475.2,2.07,207.27,2.08,208.26,2.3,230.31,4.69,469.26,4.23,423.09,7.91,791.1,3.74,373.5,2.76,275.85,2.91,290.7,3.36,336.06,86.07,0.87,12.74,0.13,4,5,3
PO1000003816,"2019,2020,2021",FELCRA BERHAD,FELCRA BHD,SELAMA,Not RSPO Certified,,3/31/23,5.18,100.72,"5.178291, 100.716671",MYS,Malaysia,Perak,Kampar,1-Fully Verified,,422.62,42262.29,414.93,896.97,89696.97,2.04,204.3,3.15,315.18,1.52,151.74,6.18,617.67,5.03,503.01,6.25,624.51,2.4,239.58,7.59,758.97,3.91,390.69,5.43,543.06,4.36,436.14,9.62,961.83,3.87,387.45,5.44,544.14,2.98,297.81,6.69,668.97,6.47,646.74,5.17,517.23,8.8,879.93,3.07,307.08,2.91,290.79,2.26,226.17,105.13,0.25,317.49,0.75,2,1,3
PO1000003817,"2021,2020,2019",NGAN & NGAN HOLDINGS SDN BHD,KILANG MINYAK SAWIT KAMUNTING SDN BHD,KAMUNTING,Not RSPO Certified,,3/31/23,4.92,100.72,"4.922709, 100.719732",MYS,Malaysia,Perak,Larut and Matang,1-Fully Verified,,441.7,44170.47,490.1,830.89,83089.08,2,199.71,9.39,939.06,2.47,247.14,3.65,365.49,8.52,851.58,5.46,546.39,3.35,335.16,10.64,1063.98,6.76,676.17,9.08,907.56,3.91,390.87,6.32,631.62,4.21,420.75,5.5,550.35,3.95,395.01,3.83,382.68,4.99,499.14,5.94,594.45,5.46,546.21,3.97,397.08,7.33,733.14,6.63,663.48,123.37,0.28,318.33,0.72,3,2,3
PO1000003818,"2020,2021,2019",KILANG MINYAK SAWIT TG TUALANG (1997) SDN BHD,KILANG MINYAK SAWIT TG TUALANG (1997) SDN BHD,TG TUALANG,Not RSPO Certified,,3/31/23,4.31,101.04,"4.305207, 101.039023",MYS,Malaysia,Perak,Kinta,1-Fully Verified,,888.82,88881.75,1242.86,2435.06,243505.53,6.46,645.57,6.71,670.86,7.12,711.54,7.37,736.92,6.43,642.69,6.3,630.36,6.98,697.59,6.01,600.75,10.01,1000.98,7.93,793.26,5.54,553.5,9.55,954.72,6.72,671.85,9.62,961.74,6.67,666.54,17.75,1775.16,16.84,1684.35,14.81,1481.31,10.28,1027.71,10.27,1027.44,14.71,1470.69,8.4,840.33,202.46,0.23,686.36,0.77,3,1,3
PO1000003819,"2019,2020,2021",BELL GROUP,KILANG SAWIT BELL SDN BHD,KILANG SAWIT BELL,Not RSPO Certified,,3/31/23,5.2,118.08,"5.204698, 118.077104",MYS,Malaysia,Sabah,Kinabatangan,1-Fully Verified,,212.22,21221.73,214.9,414.49,41448.87,1.45,145.35,2.28,227.61,0.41,40.77,3.75,375.3,4.39,438.75,1.58,157.86,4.17,417.42,4.71,470.61,2.25,224.64,23.66,2366.28,15.68,1567.98,8.52,851.85,8.36,835.92,5.76,576.09,2.68,268.38,9.94,994.23,9.13,913.41,7.2,720.27,2.11,210.96,0.41,40.95,4.89,488.97,4.45,445.41,127.79,0.6,84.43,0.4,3,3,3
PO1000003820,"2020,2021,2019",YUWANG GROUP,KILANG SAWIT LEMBING SDN BHD,LEMBING,Not RSPO Certified,,3/31/23,3.89,103.1,"3.892699, 103.09959",MYS,Malaysia,Pahang,Kuantan,1-Fully Verified,,1097.4,109739.61,1047.42,1926.88,192688.11,4.74,473.85,9.1,910.26,3.82,381.87,12.94,1293.57,8.55,855.18,10.69,1068.93,1.23,123.39,12.35,1235.43,4.59,458.64,7.7,770.31,4.31,431.01,9.82,982.17,4.92,491.67,12.76,1276.2,15.59,1559.34,19.04,1903.77,11.7,1169.82,16.92,1692.45,20.26,2026.35,11.34,1134.45,12.46,1245.51,5.97,596.79,220.81,0.2,876.59,0.8,2,1,3
PO1000003821,"2020,2021,2019",KILANG SAWIT MUAR BHD,KILANG SAWIT MUAR BHD,MUAR,Not RSPO Certified,,3/31/23,2.01,102.68,"2.009418, 102.679904",MYS,Malaysia,Johor,Muar,1-Fully Verified,,313.95,31394.79,412.31,657.66,65765.7,3.95,395.1,2.88,287.64,2.25,224.82,7.29,728.55,5.22,521.73,4.6,459.54,11.73,1173.42,3.36,336.15,8.41,840.78,3.09,308.7,6.95,694.71,5.4,539.91,2.58,258.48,11.84,1183.59,5.5,549.72,12.69,1268.55,9.61,961.11,9.88,987.84,8.97,896.58,7.02,701.91,5.83,583.2,5.71,571.41,144.73,0.46,169.21,0.54,3,3,3
PO1000003822,"2019,2020,2021",KETENGAH HOLDINGS SDN BHD,KILANG SAWIT PANJI ALAM SDN BHD,PANJI ALAM,Not RSPO Certified,,3/31/23,4.37,103.35,"4.374444, 103.349167",MYS,Malaysia,Trengganu,Kemaman,1-Fully Verified,,486.19,48619.08,655.33,982.18,98218.26,3.3,330.39,6.47,647.1,5.08,508.32,14.19,1419.48,8.79,879.3,20.24,2023.92,10.45,1045.44,26.25,2625.39,11.66,1166.4,29.78,2977.92,11.13,1112.94,9.74,973.53,11.35,1134.72,11.14,1114.02,9.29,929.25,17.86,1785.96,11.24,1123.83,9.2,919.62,9.53,952.56,7.36,735.75,10.92,1091.52,7.34,734.13,262.31,0.54,223.88,0.46,3,3,3
PO1000003823,"2021,2020,2019",BELL GROUP,KILANG SAWIT UNITED BELL SDN BHD,UNITED BELLL,Not RSPO Certified,,3/31/23,1.57,103.47,"1.565451, 103.467984",MYS,Malaysia,Johor,Pontian,1-Fully Verified,,965.96,96596.28,1647.3,5666.69,566668.98,13.24,1323.72,12.59,1259.1,3.64,364.14,16.52,1652.49,18.64,1863.54,17.48,1747.71,14.08,1407.6,9.1,910.44,23.49,2349,17.76,1775.7,28.38,2838.33,19.88,1987.92,8.8,880.2,27.52,2752.29,23.01,2300.85,32.67,3267.36,41.72,4171.59,26.44,2643.57,20.71,2071.44,16.97,1696.68,20.28,2027.7,12.06,1205.55,424.97,0.44,540.99,0.56,3,3,3
PO1000003824,"2020,2021,2019",KIM LOONG RESOURCES BERHAD,DESA KIM LOONG PALM OIL SDN BHD,DESA KIM LOONG,Not RSPO Certified,,3/31/23,5.13,116.27,"5.129927, 116.265564",MYS,Malaysia,Sabah,Keningau,1-Fully Verified,,1494.04,149403.51,1671.02,3242.5,324249.57,27.38,2738.43,23.61,2360.97,4.88,488.34,13.25,1324.53,18.75,1875.33,10.72,1071.63,11.22,1122.39,16.68,1668.15,18.13,1812.69,11.35,1134.81,20.9,2089.8,29.19,2919.24,25.76,2575.89,63.61,6361.02,30.38,3038.04,39.29,3929.22,21.45,2145.42,25.62,2561.67,31.05,3105.27,21.22,2121.57,21.37,2137.32,20.95,2094.93,506.77,0.34,987.27,0.66,3,2,3
PO1000003825,"2019,2020,2021",KIM LOONG RESOURCES BERHAD,KIM LOONG PALM OIL MILLS SDN BHD,KOTA TINGGI,Not RSPO Certified,,3/31/23,1.81,103.96,"1.808028, 103.961972",MYS,Malaysia,Johor,Kota Tinggi,1-Fully Verified,,296.08,29608.29,360.7,780.05,78004.89,2.2,219.6,4.85,484.65,5.34,533.52,25.97,2597.31,17.9,1789.83,14.74,1473.75,7.16,716.04,5.03,503.46,9.24,923.94,7.18,718.38,8.73,873.45,6.75,675,2.56,255.51,6.67,666.9,4.52,452.07,9.55,954.81,8.37,837.27,3.02,301.68,1.42,142.2,3.09,308.61,2.25,225,1.2,119.88,157.73,0.53,138.35,0.47,2,3,3
PO1000003826,"2021,2020,2019",KIM LOONG RESOURCES BERHAD,KIM LOONG SABAH MILLS SDN BHD,TELUPID,Not RSPO Certified,,3/31/23,5.47,116.99,"5.467278, 116.989556",MYS,Malaysia,Sabah,Tongod,1-Fully Verified,,1265.32,126532.44,1279.57,2634.42,263441.7,28.4,2840.22,15.48,1548.18,12.28,1227.51,13.27,1326.69,8.98,897.57,9.09,908.73,9.6,959.58,18.66,1866.24,31.77,3176.55,20.28,2027.7,6.84,684,26.71,2671.47,13.7,1370.43,31.48,3147.66,11.65,1165.41,12.69,1269.27,25.5,2549.79,17.81,1781.01,11.8,1179.63,11.37,1136.79,9.4,939.51,6.84,684.18,353.58,0.28,911.74,0.72,2,2,3
PO1000003827,"2020,2021,2019",N.Y. HIEW (HOLDINGS) SDN BHD,KILANG KELAPA SAWIT PINANGAH SDN BHD,PINANGAH,Not RSPO Certified,,3/31/23,4.49,118.44,"4.491019, 118.437699",MYS,Malaysia,Sabah,Semporna,1-Fully Verified,,591.43,59142.6,732.86,2608.61,260861.31,10.39,1038.78,16.19,1619.37,2.33,233.28,20.71,2071.44,13.83,1383.12,14.57,1457.46,5.41,541.17,8.45,845.46,2.31,231.12,19.66,1966.23,5.66,565.83,10.42,1041.75,6.34,633.69,10.68,1067.94,14.88,1487.61,11.74,1173.69,12.57,1257.39,15.72,1572.39,15.88,1587.78,10.2,1019.88,7.88,787.5,7.05,704.97,242.88,0.41,348.55,0.59,3,3,3
PO1000003828,"2019,2020,2021",KRETAM HOLDINGS BERHAD,ABEDON OIL MILL SDN. BHD,ABEDOM POM,RSPO Certified,"RSPO Certified, MB",3/31/23,5.31,117.97,"5.3117778, 117.9739167",MYS,Malaysia,Sabah,Kinabatangan,1-Fully Verified,,205.52,20551.5,283.06,512.61,51261.3,5.24,523.8,3.6,360.36,6.15,614.97,8.74,874.26,2.6,260.28,2.58,257.76,3.45,345.15,2.95,294.75,1.88,187.56,7.55,754.74,7.51,751.05,10.15,1015.02,7.56,756.36,11.11,1110.96,7.73,772.83,13.99,1399.41,15.19,1519.11,13.33,1332.63,17.14,1713.78,11.62,1161.9,12.71,1271.43,9.99,999.09,182.77,0.89,22.74,0.11,5,5,3
PO1000003830,"2020,2021,2019",KUALA LUMPUR KEPONG (KLK),KUALA LUMPUR KEPONG BHD,PALOH KKS,Not RSPO Certified,,3/31/23,2.21,103.21,"2.211246, 103.213124",MYS,Malaysia,Johor,Keluang,1-Fully Verified,,102.51,10251.09,114.28,130.18,13018.05,7.75,774.99,7.1,709.92,4.2,419.85,4.97,497.43,5.71,570.96,1.87,186.84,0.76,75.51,1.32,132.21,3.46,346.32,0.41,41.13,5.22,521.55,2.66,265.95,1.86,185.58,4.4,440.1,4.62,461.52,7.24,723.87,5.06,505.89,3.38,338.13,3.44,343.62,3.54,353.88,3.63,362.7,2.17,217.35,84.75,0.83,17.76,0.17,4,5,3
PO1000003831,"2020,2021,2019",KUANTAN TRADING OIL MILL SDN BHD,KUANTAN TRADING OIL MILL SDN BHD,KUANTAN TRADING,Not RSPO Certified,,3/31/23,2.73,102.94,"2.729528, 102.940028",MYS,Malaysia,Pahang,Rompin,1-Fully Verified,,17.04,1704.15,16.03,7.88,788.04,0,0.09,0.01,0.72,0,0,0,0.18,0,0.36,0,0.18,0.01,1.44,0.57,56.97,0.91,91.08,0.28,28.17,6.57,656.82,3.79,379.17,2,200.07,2.15,215.01,1.02,102.06,0.08,8.37,0.01,0.54,0.04,3.87,0.03,3.33,0,0.09,0.01,0.81,0.01,0.9,17.04,1,0,0,1,5,1
PO1000003833,"2019,2020,2021",LADANG RAKYAT TERENGGANU SDN BHD,LADANG RAKYAT TERENGGANU SDN BHD,LADANG RAKYAT,Not RSPO Certified,,3/31/23,4.14,103.22,"4.140742, 103.218992",MYS,Malaysia,Trengganu,Kemaman,1-Fully Verified,,691.76,69175.71,747.85,2472.93,247293.09,11.87,1186.83,8.94,893.52,2.21,221.04,15.91,1590.66,10.23,1022.76,13,1299.6,2.04,204.21,11.23,1122.57,7.86,786.24,19.62,1961.55,13.92,1391.85,9.15,915.21,19.5,1950.03,12.2,1220.49,25.91,2591.19,31.14,3114,11.05,1104.66,11.62,1161.72,10.18,1017.99,2.87,286.74,4.07,406.89,7.59,759.06,262.09,0.38,429.67,0.62,2,3,3
PO1000003834,"2021,2019,2020",LADANG TAI TAK (KOTA TINGGI) SDN BHD,LADANG TAI TAK (KOTA TINGGI) SDN BHD,TAI TAK,Not RSPO Certified,,3/31/23,1.69,103.86,"1.693889, 103.858611",MYS,Malaysia,Johor,Kota Tinggi,1-Fully Verified,,283.18,28318.23,462.32,951.4,95140.17,3.11,310.95,4.15,415.44,2.44,244.17,9.44,943.74,7.53,753.39,10.54,1053.63,4.24,424.44,4.34,434.16,6.88,687.51,6.01,600.57,8.44,843.84,11.08,1108.17,11.97,1196.82,15.26,1525.95,9.33,933.48,12.46,1245.78,10.91,1090.89,10.14,1014.3,9.87,986.67,8.39,838.53,12.35,1235.25,4.25,424.71,183.12,0.65,100.06,0.35,4,4,3
PO1000003835,"2020,2021,2019",LAM SOON (M) BERHAD,LAM SOON PLANTATIONS SDN BHD,LAM SOON,RSPO Certified,"RSPO Certified, IP",3/31/23,5.25,118.18,"5.254833, 118.175167",MYS,Malaysia,Sabah,Kinabatangan,1-Fully Verified,,52.89,5289.3,55.6,59.14,5913.63,0.06,6.12,0.05,5.49,0.01,0.54,3.92,392.49,0.15,15.21,0,0.27,0.01,1.17,0.09,9.45,0.02,1.71,6.58,658.26,4.18,417.6,5.5,549.72,4.91,490.95,5.9,590.49,1.1,110.43,3.44,344.25,2.09,208.8,1.03,103.41,4.06,405.72,1.64,163.89,0.92,91.62,4.27,427.14,49.95,0.94,2.95,0.06,5,5,3
PO1000003836,"2019,2020,2021",LENGA PALMOIL INDUSTRIES SDN BHD,LENGA PALMOIL INDUSTRIES SDN BHD,LENGA,Not RSPO Certified,,3/31/23,2.23,102.57,"2.226357, 102.569333",MYS,Malaysia,Johor,Ledang,1-Fully Verified,,320.52,32052.06,418.4,657.94,65794.14,10.56,1056.15,7.5,749.52,4.62,462.15,5.08,507.78,9.9,989.91,4.85,484.83,10.15,1014.84,5.69,568.8,11.16,1116,2.25,224.91,7.85,785.07,7.65,765.36,3.38,338.31,8.29,828.72,7.11,711.18,13.17,1316.52,12.81,1280.52,8.53,853.38,11.29,1128.87,10.37,1037.16,8.37,836.64,6.39,638.55,176.95,0.55,143.57,0.45,3,3,3
PO1000003838,"2021,2020,2019",LFK GROUP,LADANG MILLS SDN BHD,LADANG MILL,Not RSPO Certified,,3/31/23,5.62,117.65,"5.618283, 117.645283",MYS,Malaysia,Sabah,Kinabatangan,1-Fully Verified,,312.48,31247.73,335.16,752.29,75228.93,1.38,137.97,0.52,52.2,0.24,24.39,1.33,132.57,0.74,73.8,0.4,40.41,0.55,54.9,2.06,205.65,2.6,260.37,9.21,921.24,6.6,659.7,5.45,545.13,1.71,170.55,11.1,1109.52,10.41,1040.76,4.58,458.1,8.28,827.73,7.19,718.74,11.62,1162.08,11.03,1103.22,3.94,394.29,4.87,487.26,105.81,0.34,206.67,0.66,3,2,3
PO1000003839,"2020,2021,2019",LIZIZ PLANTATION SDN BHD,LIZIZ PLANTATION SDN BHD,LIZIZ,Not RSPO Certified,,3/31/23,4.87,101.81,"4.871817, 101.805583",MYS,Malaysia,Kelantan,Gua Musang,1-Fully Verified,,3.25,324.99,3.34,5.15,514.8,0.01,0.54,0,0.09,0.04,4.23,0.02,2.07,1.65,165.15,0.69,68.67,0.18,17.73,0,0.45,0.01,0.81,0,0,0.01,0.63,0.09,8.55,0.01,0.81,0.02,1.98,0,0.18,0.01,1.08,0.25,25.29,0.01,1.26,0,0,0.02,1.71,0.03,3.06,0,0.09,3.04,0.94,0.21,0.06,2,5,1
PO1000003840,"2019,2020,2021",LKPP CORPORATION SDN BHD,LKPP CORPORATION SDN BHD,LCSB LEPAR,Not RSPO Certified,,3/31/23,3.59,103.08,"3.592639, 103.083",MYS,Malaysia,Pahang,Pekan,2-High Confidence,,901.86,90185.85,1025.7,1848.17,184817.07,8.96,895.86,26.88,2688.3,2.73,273.15,23.3,2330.1,23.95,2394.9,20.77,2077.38,17,1699.56,4.4,439.92,11.26,1125.9,24.49,2449.35,16.83,1683,37.96,3795.84,9.62,962.1,41.04,4104,32.49,3249.27,54.83,5482.71,15.62,1561.5,20.84,2083.86,35.22,3522.33,17.37,1736.91,13.04,1303.74,9.62,961.92,468.22,0.52,433.64,0.48,3,3,3
PO1000003841,"2021,2020,2019",MALBUMI GROUP,SUKAU PALM OIL MILL SDN BHD,SUKAU,Not RSPO Certified,,3/31/23,5.57,118.21,"5.568408, 118.205663",MYS,Malaysia,Sabah,Sandakan,1-Fully Verified,,199.87,19987.02,237.29,496.07,49606.74,1.66,166.41,1.64,163.62,1.01,100.89,2.98,298.44,3.11,310.86,2.61,260.91,4.79,478.62,2.09,208.8,1.5,150.03,6.11,611.37,2.3,229.68,3.78,378,2.59,259.38,6.67,667.17,7.24,723.6,4.97,497.34,3.77,376.65,6.1,610.2,3.24,324.36,1.3,129.78,2.89,288.54,1.45,144.81,73.79,0.37,126.08,0.63,3,3,3
PO1000003842,"2019,2020,2021",MALMAJU BINA SDN BHD,MALMAJU BINA SDN BHD,MALMAJU BINA,Not RSPO Certified,,3/31/23,5.17,100.67,"5.1748, 100.6741",MYS,Malaysia,Perak,Kampar,1-Fully Verified,,664.48,66448.44,673.99,2811.83,281183.13,2.86,286.47,5.51,551.43,2.49,249.48,4.27,427.41,9.1,910.08,5.18,517.77,3.87,387.27,11.5,1150.02,11.44,1143.63,22.58,2257.92,12.24,1224.09,8.61,860.85,7.99,799.29,13.97,1396.89,8.83,882.9,9.71,971.46,8.3,830.16,9.67,967.14,8.09,809.46,6.92,691.56,8.72,872.37,9.89,989.37,191.77,0.29,472.71,0.71,3,2,3
PO1000003843,"2021,2020,2019",MALPOM INDUSTRIES BHD,MALPOM INDUSTRIES BHD,MALPOM INDUSTRIES,Not RSPO Certified,,3/31/23,5.21,100.48,"5.207778, 100.483889",MYS,Malaysia,Pulau Pinang,Seberang Perai Selatan,1-Fully Verified,,339.39,33938.73,678.78,1833.06,183306.33,0.43,42.84,3.48,348.48,1.11,110.7,3.21,321.21,3.48,347.58,2.71,270.72,2.66,265.68,2.49,249.3,4.85,485.46,5.91,590.76,5.81,581.22,5.47,546.93,2.45,245.07,9.46,946.44,6.26,626.22,8.05,805.32,6.73,672.75,4.89,488.61,6.1,610.2,5.32,531.81,5.81,580.77,3.71,370.98,100.39,0.3,239,0.7,3,2,3
PO1000003844,"2019,2020,2021",MALSA CORPORATION SDN BHD,MALSA CORPORATION SDN BHD,MALSA,Not RSPO Certified,,3/31/23,5.78,117.66,"5.781927, 117.657208",MYS,Malaysia,Sabah,Beluran,1-Fully Verified,,365.88,36588.06,413.82,953.79,95378.58,1.11,110.88,1.03,103.5,1.61,161.1,3.19,319.23,1.56,155.88,1.66,165.78,1.93,193.32,3.33,333.09,1.93,193.41,2.19,219.06,1.44,143.91,3.32,332.01,3.39,339.03,7.97,797.31,6.73,672.57,6.6,659.7,9.82,981.72,6.71,671.13,8.23,822.51,7.27,726.93,5.31,530.73,3.85,385.02,90.18,0.25,275.7,0.75,3,1,3
PO1000003845,"2020,2021,2019",MANILAL & SONS (MALAYA) SDN BHD,AUMKAR PLANTATIONS SDN BHD,AUMKAR,Not RSPO Certified,,3/31/23,4.75,117.87,"4.747442, 117.86882",MYS,Malaysia,Sabah,Lahad Datu,1-Fully Verified,,465.45,46545.39,497.56,2072.61,207261.36,8.59,858.69,4.95,494.91,3.31,331.02,9.15,914.85,4.35,435.33,5.28,528.12,3.29,329.22,4.77,476.82,5.4,540,7.81,780.93,4.91,491.22,2.86,285.93,0.55,55.17,3.31,331.29,6.08,607.86,5.37,537.3,6.57,656.64,8.61,860.94,9.75,974.97,9.04,903.51,11.69,1169.37,9.55,954.63,135.19,0.29,330.27,0.71,3,2,4
PO1000003846,"2019,2020,2021",MELAKA TONG BEE SDN BHD,NAM BEE COMPANY SDN BHD,NAM BEE,Not RSPO Certified,,3/31/23,2.5,102.49,"2.496667, 102.490583",MYS,Malaysia,Negeri Sembilan,Tampin,1-Fully Verified,,190.11,19011.24,247.01,434.49,43448.94,6.43,642.69,8.92,891.99,3.66,365.58,1.89,189.45,6.67,667.08,7.02,701.55,9.5,950.22,2.27,226.71,5.13,512.55,0.37,37.26,6.76,675.72,8.66,865.98,2.3,230.31,10.05,1004.76,5.54,553.68,13.09,1308.96,16.58,1658.07,7.88,787.59,7.31,730.89,7.43,743.04,8.54,854.19,5.87,587.34,151.86,0.8,38.26,0.2,5,4,3
PO1000003849,"2021,2020,2019",MINSAWI INDUSTRIES (KUALA KANGSAR) SDN BHD,MINSAWI INDUSTRIES (KUALA KANGSAR) SDN BHD,MINSAWI,Not RSPO Certified,,3/31/23,4.9,100.91,"4.903604, 100.906978",MYS,Malaysia,Perak,Kuala Kangsar,1-Fully Verified,,1477.41,147740.67,1503.6,3881.53,388153.17,12.06,1206.27,16.87,1687.41,7.88,788.4,11.25,1124.91,16.52,1652.31,16.04,1604.43,18.4,1840.14,14.52,1452.33,18.01,1800.81,27.47,2746.71,40.95,4094.91,18.17,1817.46,11.73,1172.88,29.48,2948.04,17.71,1771.2,27.4,2739.78,24.49,2448.81,22.31,2231.37,19.59,1958.76,22.54,2254.41,27.78,2777.67,17.53,1753.02,438.72,0.3,1038.69,0.7,3,2,3
PO1000003850,"2019,2020,2021",PUI GROUPS,MJM (PALM OIL MILL) SDN BHD,MJM,Not RSPO Certified,,3/31/23,3.96,113.79,"3.960915, 113.791539",MYS,Malaysia,Sarawak,Miri,1-Fully Verified,,10.66,1066.32,10.28,9.38,938.34,0.08,8.1,0,0,0,0,0.02,1.98,0.13,12.96,1.23,122.94,2.86,286.02,2.02,201.69,0.23,23.22,0.05,5.04,1.9,190.44,1.16,116.37,0.21,20.61,0.24,24.03,0.16,16.38,0.11,10.8,0,0.27,0.04,4.5,0.01,0.63,0.07,6.75,0.02,1.71,0.04,4.5,10.59,0.99,0.07,0.01,1,5,1
PO1000003851,"2020,2021,2019",GOLDEN LAND BERHAD,TANAH EMAS OIL PALM PROCESSING SDN BHD,TANAH EMAS,Not RSPO Certified,,3/31/23,5.65,117.29,"5.646992, 117.292872",MYS,Malaysia,Sabah,Beluran,1-Fully Verified,,323.51,32350.95,451.37,1212.34,121233.96,7.69,768.87,3.54,353.79,8.84,883.98,4.8,480.24,2.11,210.96,4.31,430.92,1.89,188.91,13.89,1388.97,8.95,894.78,5.76,575.82,1.9,189.72,8.35,835.29,2.96,295.83,9.56,956.43,13.51,1351.44,8.42,842.31,10.29,1028.79,8.56,855.63,4.86,486,4.75,475.11,6.34,634.05,11.85,1185.3,153.13,0.47,170.38,0.53,4,3,4
PO1000003853,"2019,2020,2021",NGAN & NGAN HOLDINGS SDN BHD,TEMERLOH MILL SDN BHD,TEMERLOH,Not RSPO Certified,,3/31/23,4.65,100.69,"4.648028, 100.694972",MYS,Malaysia,Perak,Larut and Matang,1-Fully Verified,,287.22,28722.06,305.32,579.05,57905.01,0.89,88.92,4.32,432.45,0.94,94.05,2.03,202.95,4.4,440.01,1.02,101.79,1.62,161.91,2.79,278.55,4.05,404.73,2.45,244.71,3.02,302.31,4.75,475.38,4.6,460.44,8.77,876.87,6.25,625.41,7.03,703.08,7.53,753.21,4.9,489.6,7.15,714.51,5.56,555.84,5.19,519.39,2.49,249.3,91.75,0.32,195.47,0.68,3,2,3
PO1000003854,"2021,2020,2019",NGIN KONG GROUP,PITAS PALM OIL MILL SDN BHD,PITAS,Not RSPO Certified,,3/31/23,6.68,116.96,"6.675202, 116.960096",MYS,Malaysia,Sabah,Pitas,1-Fully Verified,,1826.16,182616.48,2014.53,3946.54,394653.87,30.4,3039.57,18.97,1897.47,14.57,1456.92,44.06,4406.13,46.23,4622.85,38.7,3869.55,26.99,2699.01,35.88,3588.12,52.18,5217.93,43.51,4350.96,30.95,3095.28,49.21,4920.84,42.4,4239.54,99.65,9964.53,51.28,5128.38,50.71,5071.05,31.15,3115.35,46.53,4653.36,36.8,3680.37,23.04,2304.27,20.81,2080.8,18.81,1881,852.83,0.47,973.33,0.53,3,3,3
PO1000003855,"2019,2020,2021",NPC RESOURCES BERHAD,BERKAT SETIA SDN BHD,BERKAT SETIA,Not RSPO Certified,,3/31/23,5.71,117.62,"5.710034, 117.620773",MYS,Malaysia,Sabah,Beluran,1-Fully Verified,,245.76,24575.85,248.42,492.42,49242.06,0.7,70.47,0.68,67.86,0.59,59.13,1.17,116.55,0.16,16.47,2.26,226.26,0.33,33.12,0.47,46.89,2.46,245.61,6.98,698.31,1.94,193.68,4.06,405.72,1.74,173.7,10.51,1051.29,1.94,193.5,2.75,274.68,5.44,543.96,5.94,593.64,3.62,361.8,3.61,360.9,3.09,309.42,6.47,646.74,66.9,0.27,178.86,0.73,3,2,4
PO1000003856,"2020,2021,2019",BUDAYA POTENSI SDN BHD,SUNGAI RUKU OIL PALM PLANTATION SDN BHD,SUNGAI RUKU,Not RSPO Certified,,3/31/23,5.56,117.9,"5.56367, 117.90028",MYS,Malaysia,Sabah,Kinabatangan,1-Fully Verified,,217.07,21707.19,278.01,513.32,51332.22,3.54,354.42,1.51,151.29,1.89,189.09,10.15,1014.84,3.43,343.35,3.11,310.95,3.11,311.49,5.28,528.03,3.83,383.31,6.11,611.19,1.39,138.6,2.43,242.73,2.8,280.08,9.21,920.7,9.72,972.27,5.48,548.28,5.87,587.16,7.57,756.99,8.84,883.62,7.53,752.58,5,499.95,7.03,702.72,114.84,0.53,102.24,0.47,4,3,3
PO1000003857,"2019,2020,2021",PANTAI REMIS PALM OIL MILL SDN BHD,PANTAI REMIS PALM OIL MILL SDN BHD,PANTAI REMIS,Not RSPO Certified,,3/31/23,4.37,100.7,"4.367164, 100.696154",MYS,Malaysia,Perak,Manjung,1-Fully Verified,,193.49,19348.65,315.94,454.31,45430.83,1.97,196.56,4.18,417.6,3.51,351.18,7.38,737.73,3.86,386.1,3.58,358.11,4.68,468.27,3.49,349.38,5.11,510.93,1.83,182.88,6.82,682.47,5.22,522.45,4.74,473.94,6.33,632.7,6.41,640.89,4.95,494.82,7.5,750.42,6.82,681.66,9.92,992.34,6.84,684.27,5.99,599.49,5.61,560.7,116.75,0.6,76.74,0.4,4,3,3
PO1000003858,"2020,2021,2019",PEMBANGUNAN LADANG HASSAN SDN BHD,PEMBANGUNAN LADANG HASSAN SDN BHD,LADANG HASSAN,Not RSPO Certified,,3/31/23,5.78,117.7,"5.78435, 117.700146",MYS,Malaysia,Sabah,Sandakan,1-Fully Verified,,196.75,19674.54,223.69,360.25,36025.11,3.98,398.25,6.48,647.64,2.56,256.32,3.07,307.08,2.35,235.08,1.62,161.82,1.32,131.94,3.41,341.01,4.63,463.23,3.53,352.8,1.33,132.57,3.21,320.76,6.41,641.25,4.64,464.49,5.59,558.81,8.87,887.13,3.65,365.13,9.95,994.86,17.17,1717.11,8.79,879.39,2.04,204.3,3.66,365.76,108.27,0.55,88.48,0.45,3,3,3
PO1000003859,"2019,2020,2021",PERAK AGRO OIL FARM SDN BHD,PERAK AGRO MILLS SDN BHD,KAMPUNG GAJAH,Not RSPO Certified,,3/31/23,4.24,100.97,"4.2428, 100.9689",MYS,Malaysia,Perak,Perak Tengah,1-Fully Verified,,109.28,10927.71,153.51,255.72,25572.24,0.51,51.12,0.56,56.34,0.73,72.9,4.55,454.68,4.62,461.97,3.9,389.7,2.83,282.51,1.84,184.32,2.97,296.64,2.55,254.61,2.9,289.53,3.92,392.49,1.42,142.2,1.82,182.25,2.53,253.08,6.42,642.33,6.52,652.32,3.56,355.86,0.84,83.79,0.54,53.91,4.91,491.13,1.86,186.48,62.3,0.57,46.98,0.43,4,3,3
PO1000003860,"2020,2021,2019",PERAK MOTOR COMPANY SDN BHD,PERAK MOTOR COMPANY SDN BHD,PERAK MOTOR,Not RSPO Certified,,3/31/23,3.96,101.18,"3.964975, 101.178389",MYS,Malaysia,Perak,Hilir Perak,1-Fully Verified,,8.64,864.27,9.31,7.93,793.08,0.25,24.93,1.61,160.56,0,0,0,0,0.12,11.97,0.02,1.98,1.94,194.22,0.9,90.18,2.54,253.62,0.08,8.01,0.04,3.87,0.06,5.67,0.01,0.9,0,0.36,0,0,0,0.45,0.01,0.99,0.01,1.44,0.01,1.44,0.55,55.17,0.02,2.16,0,0,8.18,0.95,0.46,0.05,1,5,1
PO1000003861,"2019,2020,2021",PERTUBUHAN PELADANG NEGERI JOHOR (PPNJ),PERTUBUHAN PELADANG NEGERI JOHOR (PPNJ),PPNJ BUKIT BUJANG,Not RSPO Certified,,3/31/23,2.8,102.76,"2.799894, 102.758411",MYS,Malaysia,Johor,Segamat,1-Fully Verified,,49.73,4972.59,47.69,39.18,3918.15,2.42,242.1,5.87,587.34,0.05,4.77,1.15,115.47,6.98,697.95,3.02,301.59,3.25,324.99,1.87,187.29,3.95,395.46,0.79,78.66,0.86,86.13,2.01,201.15,0.65,65.34,5.25,524.97,0.21,20.52,2.51,251.19,0.97,96.57,4.07,407.34,1.89,188.82,0.76,76.5,0.28,27.63,0.02,2.07,48.84,0.98,0.89,0.02,1,5,1
PO1000003862,"2020,2021,2019",PERTUBUHAN PELADANG NEGERI JOHOR (PPNJ),PERTUBUHAN PELADANG NEGERI JOHOR (PPNJ),PPNJ KAHANG,Not RSPO Certified,,3/31/23,2.17,103.48,"2.1714, 103.4796",MYS,Malaysia,Johor,Keluang,1-Fully Verified,,200.7,20069.73,247.41,409.63,40962.6,2.43,242.91,3.6,359.91,2.04,204.12,10.26,1025.82,6.85,685.44,3.1,310.14,2.59,259.2,2.06,205.92,4.8,480.24,7.49,748.8,7.19,719.19,5.23,522.99,1.98,197.55,4.7,469.98,1.78,177.93,4.59,459.45,6.02,601.65,4.94,493.83,4.66,465.75,2.95,294.84,5.71,571.41,1.86,185.58,96.83,0.48,103.87,0.52,3,3,3
PO1000003863,"2019,2020,2021",BELL GROUP,PERUSAHAAN MINYAK SAWIT BINTANG SDN BHD,BINTANG PALM OIL MILL,Not RSPO Certified,,3/31/23,2.16,103.12,"2.157444, 103.123425",MYS,Malaysia,Johor,Batu Pahat,1-Fully Verified,,85.3,8530.29,93.3,146.4,14640.48,6.53,652.68,0.78,77.85,0.46,45.63,4.18,418.5,3.21,320.76,1.48,148.5,0.71,71.19,1.45,145.08,3.05,304.83,0.7,70.11,7.69,768.78,4.09,408.78,4.35,435.33,4.61,460.53,3.53,353.34,1.91,191.43,5.89,588.96,5.95,595.35,3.18,317.7,3.3,329.94,0.95,94.59,5.08,507.69,73.08,0.86,12.23,0.14,5,5,3
PO1000003864,2020,PINEHILL PACIFIC BERHAD,PINEHILL PLANTATIONS (MALAYSIA) SDN BHD,PINEHILL,Not RSPO Certified,,3/31/23,3.97,101.1,"3.969938, 101.096621",MYS,Malaysia,Perak,Hilir Perak,1-Fully Verified,,95.25,9524.52,116.64,187.57,18756.54,6.72,672.03,6.29,629.19,6.95,694.62,3.42,341.55,2.77,276.66,2.14,213.75,9.89,988.83,4.2,420.12,6.39,639.18,2.94,293.76,1.37,136.53,3.17,317.25,1.09,108.81,4.45,444.51,1.14,114.39,5.4,540.36,4.02,401.67,1.69,169.29,1.38,138.33,6.46,645.93,11.7,1169.91,1.51,151.29,95.08,1,0.17,0,5,5,3
PO1000003866,"2020,2021,2019",WILMAR GROUP,SUBURMAS PLANTATIONS SDN BHD,SUBURMAS,Not RSPO Certified,,3/31/23,3.53,113.36,"3.525253, 113.357533",MYS,Malaysia,Sarawak,Bintulu,1-Fully Verified,,123.23,12323.16,216.72,370.34,37033.83,1.2,119.52,0.81,81,0.27,26.55,0.3,29.52,0.15,15.39,1.21,121.23,1.82,182.25,4.08,408.42,10.95,1095.21,3.09,309.15,8.22,822.24,3.47,347.04,1.96,196.38,5.96,595.98,5.13,513.27,8.6,859.86,9.45,944.82,12.74,1273.5,15.44,1544.49,10.05,1005.03,6.14,614.43,10.08,1008,121.13,0.98,2.1,0.02,5,5,3
PO1000003868,"2019,2021,2020",PROSPER GROUP,CHEEKAH-KEMAYAN PLANTATIONS SDN BHD,CHEEKAH-KEMAYAN,RSPO Certified,"RSPO Certified, MB",3/31/23,3.15,102.48,"3.148583, 102.475361",MYS,Malaysia,Pahang,Bera,1-Fully Verified,,14.02,1402.02,19.22,14.76,1475.64,1.33,133.11,2.74,273.51,0.1,9.9,2.37,237.24,0.64,64.44,0.02,2.43,0.08,7.92,0,0.18,0.15,15.03,0.17,17.01,0.28,28.17,1.35,135,0.4,39.96,1.04,104.04,0.05,5.04,0.56,55.53,0.22,22.5,0.23,23.49,0.15,15.21,1.12,111.87,2.06,205.65,0.05,4.77,14.02,1,0,0,5,5,3
PO1000003869,"2020,2021,2019",FAR EAST HOLDINGS BERHAD,ENDAU PALM OIL MILL SDN BHD,ENDAU,Not RSPO Certified,,3/31/23,2.68,103.51,"2.679944, 103.505361",MYS,Malaysia,Pahang,Rompin,1-Fully Verified,,405.71,40571.01,580.27,1195.84,119583.99,15.53,1553.04,4.42,442.26,5.63,563.49,24.09,2409.21,34.39,3438.72,28.59,2858.67,12.63,1262.61,3.67,367.47,4.69,469.35,12.45,1244.79,13.53,1352.97,14.36,1435.77,5.79,578.88,13.66,1365.75,21.54,2153.52,19.65,1964.79,5.58,557.64,4.33,433.35,5.3,529.83,11.93,1193.13,9.59,959.4,8.41,840.69,279.75,0.69,125.96,0.31,3,4,3
PO1000003871,"2019,2021,2020",FAR EAST HOLDINGS BERHAD,KILANG KOSFARM SDN BHD,KOSFARM,Not RSPO Certified,,3/31/23,2.99,102.82,"2.9934, 102.820000",MYS,Malaysia,Pahang,Rompin,1-Fully Verified,,226.76,22676.04,222.43,530.08,53008.29,11.19,1119.15,2.83,282.69,5.07,507.24,2.23,222.84,1.7,169.56,0.26,26.01,0.58,57.69,2.82,281.97,3.88,388.17,12.06,1206,16.53,1652.58,16.51,1651.23,1.33,133.2,7.27,726.75,9.64,963.99,9.58,958.41,12.18,1217.52,15.95,1594.71,14.69,1469.25,4.98,497.97,11.59,1159.2,6.63,663.3,169.49,0.75,57.27,0.25,5,4,3
PO1000003872,"2020,2021",FAR EAST HOLDINGS BERHAD,PROSPER PALM OIL MILL SDN BHD,PROSPER,Not RSPO Certified,,3/31/23,2.89,102.52,"2.890795, 102.522013",MYS,Malaysia,Negeri Sembilan,Jempol,1-Fully Verified,,112.87,11287.17,143.99,212.21,21221.28,8.36,836.37,9.53,953.46,4.73,472.95,3.27,327.06,3,299.61,1.36,135.63,1.2,119.61,2.27,227.07,5.66,566.1,0.53,53.1,6.85,685.35,14.7,1469.79,11.14,1113.84,8.51,850.59,7.69,769.23,5.72,571.95,4.42,441.99,2.36,236.16,6.09,609.39,2.76,276.39,1.09,109.08,1.94,194.4,112.87,1,0,0,3,5,1
PO1000003873,"2021,2020,2019",FAR EAST HOLDINGS BERHAD,ROMPIN PALM OIL MILL SDN BHD,ROMPIN,Not RSPO Certified,,3/31/23,3.08,103.17,"3.077222, 103.174722",MYS,Malaysia,Pahang,Pekan,1-Fully Verified,,478.27,47827.35,497.18,802.66,80265.51,15.68,1568.16,17.21,1720.53,11.88,1187.73,18.47,1846.53,26.35,2635.2,7.79,778.68,10.54,1053.72,6.5,649.89,9.2,919.62,11.9,1189.53,11.27,1126.62,18.25,1825.29,13.64,1363.95,20.94,2093.94,12.12,1211.67,28.59,2858.94,17.88,1788.21,10.56,1055.97,7.37,736.83,6.96,695.61,12.01,1201.23,9.76,975.78,304.84,0.64,173.44,0.36,3,4,3
PO1000003874,"2019,2020,2021",FAR EAST HOLDINGS BERHAD,WUJUD WAWASAN SDN BHD,KOSMA / WUJUD WAWASAN,Not RSPO Certified,,3/31/23,3.03,102.84,"3.033934, 102.840363",MYS,Malaysia,Pahang,Rompin,1-Fully Verified,,126.05,12604.86,138.41,132.69,13268.52,1.71,170.91,0.68,68.22,3.8,380.43,0.61,61.2,1.32,132.39,1.67,166.68,0.37,37.17,6.6,659.52,3.26,326.25,5.13,513.36,7.48,747.9,14.56,1456.47,5.11,511.2,14.83,1483.11,9.19,919.17,3.41,341.28,5.47,546.84,4.75,475.29,6.82,682.02,2.26,226.17,8.07,807.39,6.31,630.81,113.44,0.9,12.61,0.1,5,5,3
PO1000003875,"2021,2020,2019",PALMHEAD HOLDINGS,PSS OIL MILL SDN BHD,PSS,Not RSPO Certified,,3/31/23,3.4,113.29,"3.39676, 113.287718",MYS,Malaysia,Sarawak,Bintulu,1-Fully Verified,,116.44,11643.93,147.04,233.24,23324.13,19.23,1923.12,7.53,753.39,2.27,226.53,0.61,61.2,13.08,1308.42,19.49,1948.77,10.1,1009.62,4.03,403.47,1.25,124.56,0.05,5.49,0.02,1.62,0.27,27,0.02,1.71,0.04,4.41,0.01,0.99,0.07,7.02,0.91,91.08,0.26,26.1,0.96,96.48,0.52,51.75,0.12,11.61,0,0.09,80.84,0.69,35.6,0.31,1,4,1
PO1000003876,"2019,2020,2021",QL RESOURCES,QL PLANTATION SDN BHD,QL MILL 1,Not RSPO Certified,,3/31/23,4.48,118.2,"4.476456, 118.198075",MYS,Malaysia,Sabah,Tawau,1-Fully Verified,,69.07,6906.96,74.97,130.79,13078.62,0.46,45.99,1.33,133.02,0.47,46.89,1.26,125.55,2.5,250.2,1.83,183.24,1.48,147.96,4.8,480.33,1.75,174.69,3.9,390.33,2.28,228.42,6.6,659.79,3.89,388.8,2.48,248.22,2.16,216,0.77,77.04,1.22,122.04,3.58,358.38,0.59,58.77,1.19,119.07,2.15,214.92,3.89,389.07,50.59,0.73,18.48,0.27,5,4,3
PO1000003877,"2020,2021,2019",RADIANT RESPONSE SDN BHD / SRI GANDA OIL MILL SDN BHD,SRI GANDA OIL MILL SDN BHD,SRI GANDA,Not RSPO Certified,,3/31/23,3.91,101.2,"3.913102, 101.198753",MYS,Malaysia,Perak,Hilir Perak,2-High Confidence,,59.62,5962.41,72.44,106.07,10606.68,5.63,563.31,3.07,307.44,1.26,126.09,0.56,56.16,1.96,196.2,0.51,50.67,0.92,91.71,0.86,85.77,2.73,272.97,1.56,155.52,1.44,143.55,0.66,66.15,1.87,187.47,4.3,430.11,4.68,467.73,1.59,159.12,3.59,359.01,2.4,239.94,5.76,575.64,8.3,829.89,3.22,322.29,1.1,110.43,57.97,0.97,1.65,0.03,5,5,3
PO1000003878,"2019,2020,2021",KETENGAH HOLDINGS SDN BHD,RAKYAT KETENGAH PERWIRA SDN BHD,RAKYAT KETENGAH PERWIRA,Not RSPO Certified,,3/31/23,4.12,103.2,"4.119153, 103.203506",MYS,Malaysia,Trengganu,Kemaman,1-Fully Verified,,239.29,23929.38,248.05,421.72,42172.29,2.6,259.83,0.43,43.02,0.08,7.56,1.22,121.86,0.58,57.69,4.95,495.18,4.67,467.46,2.23,223.29,19.69,1968.84,5.78,578.07,4.51,451.17,5.88,588.06,2.92,291.78,0.87,86.67,3.22,321.75,3.76,375.66,6.85,684.54,7.75,774.54,12.56,1255.86,7.25,725.4,10.68,1067.94,0.47,46.62,108.93,0.46,130.37,0.54,3,3,3
PO1000003879,"2021,2020,2019",DUPONT & LEOSK ENTERPRISES,PALM DISCOVERY SDN BHD,PALM DISCOVERY / KULAI MAS,Not RSPO Certified,,3/31/23,1.8,103.62,"1.802372, 103.623894",MYS,Malaysia,Johor,Keluang,1-Fully Verified,,62.77,6277.14,71.04,98.04,9803.79,3.6,360.18,2.42,242.46,0.73,73.17,2.4,240.12,1.5,150.03,1.82,182.43,11.54,1154.07,0.07,7.38,1.5,150.39,1.09,109.26,2,199.98,0.85,84.69,2.59,258.75,8.27,826.74,1.62,161.55,2.02,201.69,2.64,263.61,4.43,442.8,1.82,182.25,1.27,126.99,2.98,297.54,0.55,54.81,57.71,0.92,5.06,0.08,4,5,3
PO1000003880,"2019,2020,2021",YAYASAN SABAH GROUP,REGIONAL HARVEST SDN BHD,DUMPAS,Not RSPO Certified,,3/31/23,4.53,117.71,"4.534908, 117.705141",MYS,Malaysia,Sabah,Tawau,1-Fully Verified,,701.69,70168.68,738.8,2056.12,205611.84,22.35,2235.06,9.15,914.94,8.1,810.18,19.32,1932.03,20.74,2074.5,20.17,2016.63,14.27,1427.13,13.05,1305.09,25.23,2522.7,16.39,1639.44,16.09,1608.93,27.33,2733.03,16.37,1637.37,28.26,2826.09,11.25,1124.64,10.44,1043.55,6.62,661.59,13.18,1318.14,11.66,1165.68,4.29,428.85,8.63,863.28,11.54,1154.07,334.43,0.48,367.26,0.52,3,3,3
PO1000003881,"2021,2020,2019",RIMBUNAN HIJAU GROUP,"RH BALINGIAN ",RH BALINGIAN PALM OIL MILL SDN BHD,Not RSPO Certified,,3/31/23,2.87,112.45,"2.872164, 112.452378",MYS,Malaysia,Sarawak,Mukah,1-Fully Verified,,127.84,12784.14,116.22,44.83,4482.54,4.94,494.28,0.03,2.61,0,0,0.01,1.35,2.02,202.14,3.05,305.28,53.96,5396.22,4.03,403.47,43.76,4375.8,8.24,823.68,1.9,189.9,5.94,594.45,0.53,53.1,0.72,71.82,0.16,15.57,0.05,5.4,0,0,0.01,0.54,0.01,1.35,0.01,0.72,0.3,29.7,0.24,24.21,127.84,1,0,0,1,5,1
PO1000003882,"2019,2020,2021",RIMBUNAN SAWIT BERHAD,R.H. PLANTATIONS SDN BHD,RHP,Not RSPO Certified,,3/31/23,3.78,114.1,"3.775039, 114.10401",MYS,Malaysia,Sarawak,Marudi,1-Fully Verified,,586.04,58603.59,595.01,757.09,75708.99,4.78,477.54,3.25,325.44,2.19,219.33,3.33,332.64,5.19,518.67,5.56,555.66,9.53,953.19,12.61,1260.72,23.22,2321.55,5.63,563.4,18.49,1849.23,19.54,1954.26,17.45,1744.65,33.09,3308.94,13.53,1353.24,17.11,1710.63,12.05,1204.74,27.22,2721.96,15.57,1556.73,10.46,1046.16,7.32,732.06,9.1,910.35,276.21,0.47,309.82,0.53,3,3,3
PO1000003883,"2021,2020,2019",RIMBUNAN HIJAU GROUP,RH SELANGAU PALM OIL MILL SDN BHD,RH SELANGAU,Not RSPO Certified,,3/31/23,2.58,112.33,"2.584815, 112.334566",MYS,Malaysia,Sarawak,Mukah,1-Fully Verified,,178.88,17888.22,194.61,368.68,36867.78,0.47,47.07,0.95,95.49,0.49,49.14,1.27,126.9,3.51,351.27,1.11,110.61,10.34,1033.56,1.99,198.99,46.66,4665.6,8.3,829.98,1.23,122.85,8.63,863.1,3.63,362.61,6.51,651.06,4.87,486.81,1.2,120.15,2.06,205.65,1.09,108.72,1.28,127.62,1.19,118.89,2.17,216.81,2.12,212.04,111.05,0.62,67.83,0.38,3,3,3
PO1000003884,"2019,2020,2021",YUWANG GROUP,SACHIEW PLANTATIONS SDN BHD,SACHIEW,Not RSPO Certified,,3/31/23,3.76,113.7,"3.76455, 113.702656",MYS,Malaysia,Sarawak,Miri,1-Fully Verified,,305.4,30540.24,388.14,495.31,49531.14,25.96,2595.51,19.83,1983.24,26.92,2691.99,25.74,2574.18,27.6,2760.12,10.5,1049.85,9.49,949.41,10.98,1097.64,12.58,1257.66,7.78,778.23,15.71,1570.59,9.11,911.25,2.4,239.76,4.97,496.98,6.77,677.07,3.74,374.04,3.12,312.3,3.1,309.69,4.79,479.43,3.16,316.17,2.74,274.14,6.69,668.61,243.68,0.8,61.72,0.2,3,4,3
PO1000003886,"2020,2021,2019",SARAWAK LAND CONSOLIDATION AND REHABILITATION AUTHORITY (SALCRA),BAU PALM OIL MILL SDN BHD,BAU,Not RSPO Certified,,3/31/23,1.49,109.99,"1.490067, 109.985197",MYS,Malaysia,Sarawak,Lundu,1-Fully Verified,,898.18,89818.11,899.28,1730.79,173079.27,8.9,890.01,3.88,388.08,6.58,658.35,9.57,957.33,5.72,571.95,6.47,646.74,10.84,1084.32,10.69,1068.66,11.18,1118.16,7.48,748.26,19.94,1994.04,14.12,1412.19,11.28,1127.97,23.6,2359.53,12.42,1241.91,21.21,2121.21,16.68,1667.52,9.64,964.17,10.16,1015.56,7.47,747.45,10.01,1001.43,5.64,564.03,243.49,0.27,654.69,0.73,3,2,3
PO1000003887,"2019,2020,2021",SARAWAK LAND CONSOLIDATION AND REHABILITATION AUTHORITY (SALCRA),SERIAN PALM OIL MILL SDN BHD,SERIAN,Not RSPO Certified,,3/31/23,0.96,110.62,"0.956144, 110.622625",MYS,Malaysia,Sarawak,Serian,1-Fully Verified,,981.33,98133.21,1043.07,2116.64,211663.62,9.5,950.49,8.31,830.52,13.92,1391.58,8.39,838.71,7.77,777.24,2.39,238.95,4.7,469.89,16.13,1613.16,10.2,1020.24,15.7,1570.14,23.46,2346.48,20.77,2076.57,20.19,2018.61,25.84,2584.26,13.84,1383.66,18.77,1877.04,16.11,1610.91,26.07,2607.03,24.7,2470.32,12.01,1200.69,26.86,2685.6,15.29,1529.37,340.91,0.35,640.42,0.65,3,2,4
PO1000003888,"2021,2020,2019",SAYONG PLANTATION SDN BHD,SUNGEI KAHANG PALM OIL SDN BHD,SUNGEI KAHANG,Not RSPO Certified,,3/31/23,2.23,103.53,"2.23185, 103.526014",MYS,Malaysia,Johor,Keluang,1-Fully Verified,,2.04,204.39,3.96,6.92,692.28,0.43,43.29,0,0.36,0,0,0.12,11.52,0.01,0.99,0,0,0.16,16.11,0.01,0.9,0.28,27.99,0.4,39.51,0.29,28.71,0.27,26.64,0.01,0.54,0,0.18,0.01,0.72,0,0,0,0,0,0.36,0.01,0.9,0,0,0,0,0,0,1.99,0.97,0.06,0.03,1,5,1
PO1000003889,"2019,2020,2021",SARAWAK OIL PALMS BERHAD,SARAWAK OIL PALMS BHD,GALASAH,Not RSPO Certified,,3/31/23,3.61,113.66,"3.611044, 113.661384",MYS,Malaysia,Sarawak,Miri,1-Fully Verified,,292.18,29218.05,316.93,453.78,45378.18,4.16,415.98,1.69,168.75,3.1,309.78,5.44,543.87,11.11,1111.32,4.33,432.54,7.3,730.08,15.32,1532.07,18.51,1850.76,8.45,845.1,25.96,2596.23,20.29,2028.87,10.44,1043.64,13.15,1315.44,19.43,1943.37,23.21,2320.56,20.75,2075.31,22.49,2249.37,7.69,769.14,7.22,721.53,2.21,220.77,3.1,310.14,255.35,0.87,36.83,0.13,3,5,2
PO1000003890,"2021,2020,2019",SEONG THYE PLANTATIONS SDN BHD,SEONG THYE PLANTATIONS SDN BHD,LADANG PADANG KAHANG,Not RSPO Certified,,3/31/23,2.31,103.53,"2.309604, 103.529202",MYS,Malaysia,Johor,Keluang,2-High Confidence,,354.82,35481.69,376.41,900.83,90083.07,15.55,1555.11,9.93,992.97,4.61,460.62,12.69,1269.27,6.85,685.08,9.55,954.81,10.68,1068.39,6.11,610.65,9.89,989.1,12.18,1217.61,6.58,658.35,6.15,615.24,9.64,963.63,12.9,1289.61,4.17,416.52,4.8,480.33,10,1000.35,7.51,751.32,5.6,559.8,6.3,629.91,1.81,181.35,4.15,415.17,177.65,0.5,177.16,0.5,2,3,3
PO1000003891,"2020,2021",SETIA KAWAN KILANG KELAPA SAWIT SDN BHD,SETIA KAWAN KILANG KELAPA SAWIT SDN BHD,SETIA KAWAN,Not RSPO Certified,,3/31/23,5.44,100.63,"5.441292, 100.627419",MYS,Malaysia,Kedah,Kulim,1-Fully Verified,,194.99,19498.95,337.73,888.06,88806.33,3.97,397.44,4.32,432.09,2,200.07,5.07,507.33,3.03,303.3,5.31,531.09,2.26,225.72,4.51,450.9,4.27,427.32,6.21,620.73,2.84,283.68,5.26,525.87,3.5,350.28,8.39,839.43,5.7,570.06,6.12,611.64,12.38,1238.13,8.49,848.79,10.08,1007.91,7.81,781.02,10.36,1036.08,7.72,771.84,129.61,0.66,65.38,0.34,5,4,4
PO1000003892,"2020,2021,2019",SOLID ORIENT HOLDINGS SDN BHD,SOLID ORIENT HOLDINGS SDN BHD,SOLID ORIENT,Not RSPO Certified,,3/31/23,5.57,100.7,"5.5699, 100.699263",MYS,Malaysia,Kedah,Baling,1-Fully Verified,,3221.9,322190.01,3489.5,5378.72,537872.31,24.04,2403.63,66.98,6698.43,30.82,3081.69,37.75,3775.14,45,4500.18,38.44,3843.81,34.7,3469.86,47.73,4773.42,45.07,4506.57,78.06,7806.24,53.58,5357.7,56.44,5644.08,47.26,4725.72,111.4,11140.11,70.14,7013.61,88.89,8889.21,111.2,11120.22,85.51,8550.9,62.85,6284.52,56.55,5654.7,51.99,5199.03,42.55,4255.02,1286.94,0.4,1934.96,0.6,3,3,3
PO1000003893,"2019,2020,2021",SOLID ORIENT HOLDINGS SDN BHD,SOLID OIL PALM PLANTATION SDN BHD,SOLID,Not RSPO Certified,,3/31/23,3.74,113.59,"3.73694, 113.590325",MYS,Malaysia,Sarawak,Miri,2-High Confidence,,24.96,2496.42,23.24,16.58,1657.62,0.05,5.4,0.06,5.58,0,0.45,0.11,10.71,0.37,36.72,0.29,28.98,5.49,549,11.7,1169.91,1.5,150.03,1.34,133.74,0.73,72.81,1.58,158.31,0.12,11.88,0.06,5.76,0.19,18.99,0.09,9.36,0.06,6.39,0.13,13.32,0.28,28.26,0.19,19.26,0.2,19.89,0.04,3.51,24.58,0.98,0.38,0.02,2,5,1
PO1000003894,"2020,2021,2019",CHELLAM PLANTATIONS,CHELLAM PLANTATIONS (SABAH) SDN BHD,SOOK OIL MILL,Not RSPO Certified,,3/31/23,5.33,116.36,"5.334363, 116.362612",MYS,Malaysia,Sabah,Keningau,1-Fully Verified,,1182.75,118275.12,1262.81,1993.69,199369.08,8.44,844.02,9.41,941.04,2.32,231.84,9.34,933.57,11.64,1163.52,10.32,1032.3,13.74,1374.3,20.07,2006.55,35.24,3523.5,21.22,2122.2,26.78,2678.13,45.55,4554.63,29.01,2900.61,58.36,5836.5,41.88,4188.15,89.78,8977.77,12.76,1276.38,12.97,1296.99,8.28,827.73,9.92,992.25,7.84,783.9,6.37,636.75,491.23,0.42,691.52,0.58,2,3,3
PO1000003895,"2019,2020,2021",SOUTHERN KERATONG PLANTATIONS SDN BHD,SOUTHERN KERATONG PLANTATIONS SDN BHD,BUKIT BEREMBUN,Not RSPO Certified,,3/31/23,3.08,102.77,"3.075403, 102.766156",MYS,Malaysia,Pahang,Rompin,1-Fully Verified,,118.66,11866.14,147.77,141.77,14176.62,1.24,123.66,0.07,6.57,1.86,186.48,2.35,235.44,0.88,87.93,0.02,1.8,0.06,6.21,0.32,32.13,0.7,69.93,1.21,121.5,0.74,74.16,9.62,962.37,10.37,1036.8,11.07,1106.64,10.23,1022.85,1.97,197.37,7.85,785.16,7.11,711.18,7.67,767.34,3.84,384.21,7.29,729.09,10.41,1041.21,96.9,0.82,21.76,0.18,5,5,4
PO1000003896,"2020,2021,2019",SOUTHERN GROUP,SOUTHERN PERAK PLANTATIONS SDN BHD,SOUTHERN PERAK,Not RSPO Certified,,3/31/23,3.81,101.03,"3.806889, 101.029361",MYS,Malaysia,Perak,Hilir Perak,1-Fully Verified,,377.16,37715.67,665.46,1679.98,167997.87,15.62,1562.4,5.78,577.8,4.93,493.11,6.76,675.9,6.63,662.58,6.49,648.54,8.62,862.02,4.71,470.97,7.16,716.04,8.22,821.52,2.33,232.92,7.58,757.8,2.79,279.45,10.41,1041.3,8.07,807.21,18.52,1852.11,14.64,1463.94,11.37,1136.61,10.67,1066.95,12.93,1292.76,15.12,1512,11.21,1120.68,200.55,0.53,176.61,0.47,5,3,4
PO1000003897,"2019,2020,2021",SARAWAK PLANTATION BERHAD,SARAWAK PLANTATION AGRICULTURE DEVELOPMENT (SPAD) SDN BHD,MUKAH MILL,Not RSPO Certified,,3/31/23,2.65,112.33,"2.650825, 112.330089",MYS,Malaysia,Sarawak,Mukah,1-Fully Verified,,338.86,33886.26,354.84,473.21,47321.1,1.6,160.02,2.09,209.07,0.9,89.55,1.02,101.61,8.16,816.48,5.6,560.34,18.26,1825.83,0.43,43.2,37.85,3785.22,16.96,1696.23,1.93,193.41,42.34,4234.05,12.37,1236.51,16.74,1674.45,11.64,1164.42,8.69,869.22,6.45,645.21,3.51,351.36,9.39,938.97,6.59,659.43,11.65,1165.14,3.69,369,227.89,0.67,110.98,0.33,3,4,3
PO1000003898,"2021,2020,2019",SARAWAK PLANTATION BERHAD,SARAWAK PLANTATION AGRICULTURE DEVELOPMENT (SPAD) SDN BHD,NIAH,Not RSPO Certified,,3/31/23,3.87,113.86,"3.874177, 113.861357",MYS,Malaysia,Sarawak,Miri,1-Fully Verified,,266.84,26683.83,320.37,402.22,40221.72,4.73,473.49,8.09,809.37,4.34,434.25,11.1,1109.97,13.84,1384.11,13.44,1343.7,9.45,945.27,12.74,1273.5,9.84,984.33,7.22,722.07,12.63,1262.52,7.63,763.2,2.96,296.46,14.26,1426.14,14.28,1428.12,22.36,2236.41,7.42,742.41,3.67,366.57,3.65,365.22,4.06,405.99,11.3,1130.13,9.28,928.35,208.32,0.78,58.52,0.22,5,4,3
PO1000003899,"2019,2020,2021",IKHASAS GROUP / TANAH MAKMUR BERHAD,TANAH MAKMUR BHD,SRI JELUTUNG,Not RSPO Certified,,3/31/23,3.35,103.13,"3.351525, 103.127819",MYS,Malaysia,Pahang,Pekan,1-Fully Verified,,232.4,23239.62,244.62,398.68,39867.75,11.71,1170.9,5.17,516.96,2.42,242.46,3.86,386.1,4.49,449.19,2.04,203.94,4.64,463.95,1.28,128.16,3.35,334.89,3.78,377.91,10.53,1052.55,8.7,870.39,4.52,451.53,7.93,793.35,6.16,616.14,14.65,1464.84,7.94,794.25,8.78,877.86,3.38,338.31,6.21,621,7.58,757.53,9.05,904.86,138.17,0.59,94.23,0.41,5,3,4
PO1000003900,"2021,2020,2019",SERN LEE ENTERPRISE SDN BHD,ST PALM OIL MILL SDN BHD,ST PALM OIL MILL,Not RSPO Certified,,3/31/23,3.83,101.17,"3.834211, 101.174517",MYS,Malaysia,Perak,Hilir Perak,1-Fully Verified,,97.16,9716.04,108.26,128.06,12805.74,0.12,11.52,1.68,167.58,0.12,12.15,0.39,39.06,1.83,182.88,2.46,246.15,6.81,681.48,3.19,318.51,6.72,671.76,7.41,740.52,5.14,513.63,7.1,710.01,6.74,674.01,14.78,1477.89,1.91,190.98,5.18,518.13,6.38,638.46,3.61,360.72,1.04,104.22,3.05,304.56,2.63,263.34,0.64,63.9,88.91,0.92,8.25,0.08,3,5,2
PO1000003901,"2019,2020,2021",SUBURBAN PROPERTIES SDN BHD,SUBURBAN PROPERTIES SDN BHD,SUBURBAN PROPERTIES,Not RSPO Certified,,3/31/23,2.75,102.99,"2.748994, 102.989292",MYS,Malaysia,Pahang,Rompin,1-Fully Verified,,196.8,19680.03,187.02,209.25,20925.27,13.87,1387.44,4.79,479.07,0.28,28.26,4.86,486.36,5.8,579.6,3.68,368.46,0.13,13.41,0.43,42.57,2.44,244.35,0.41,40.59,13,1299.51,4.28,427.68,2.4,239.85,9.68,967.86,18.3,1829.61,24.97,2496.51,8.19,819.45,3.2,319.77,1.12,112.5,0.9,89.73,0.97,96.66,0.35,35.01,124.04,0.63,72.76,0.37,1,3,2
PO1000003902,"2021,2020,2019",SUNGAI KERANG DEVELOPMENT SDN BHD,SUNGAI KERANG DEVELOPMENT SDN BHD,SUNGAI KERANG,Not RSPO Certified,,3/31/23,4.4,100.84,"4.403481, 100.835955",MYS,Malaysia,Perak,Perak Tengah,1-Fully Verified,,147.94,14794.47,216.67,362.79,36278.73,5.65,565.38,3.12,311.58,0.77,76.77,1.59,159.48,2.65,264.87,3.29,328.86,1.53,153.09,1.07,107.01,7.12,712.35,7.94,793.53,6.16,615.6,3.71,370.89,3.19,318.78,7.16,716.31,7.2,720.18,15.34,1534.05,10.98,1098.36,10.05,1004.67,5.88,588.15,3.65,365.13,3.81,381.15,1.63,162.63,113.49,0.77,34.46,0.23,3,4,3
PO1000003903,"2019,2020,2021",KUMPULAN PERLADANGAN PKINK BHD,SYARIKAT LADANG SUNGAI TERAH SDN BHD,KILANG SAWIT SUNGAI TERAH,Not RSPO Certified,,3/31/23,4.98,101.96,"4.977872, 101.955083",MYS,Malaysia,Kelantan,Gua Musang,1-Fully Verified,,1551.07,155107.08,1525.47,3267.42,326742.39,20.67,2066.58,5.22,521.91,3.08,307.71,5,500.13,8.07,806.76,14.78,1477.89,40.8,4080.33,20.38,2037.96,49.37,4937.49,31.93,3193.2,24.68,2468.43,63.02,6302.43,24.74,2474.37,38.37,3837.06,39.38,3938.13,47.35,4734.81,29.81,2981.34,18.99,1898.73,34.06,3405.51,12.88,1288.08,22.95,2295,18.72,1871.91,574.26,0.37,976.81,0.63,3,3,3
PO1000003905,"2021,2020,2019",NGAN & NGAN HOLDINGS SDN BHD,SYARIKAT CAHAYA MUDA PERAK (OIL MILL) SDN BHD,CAHAYA MUDA PERAK,Not RSPO Certified,,3/31/23,4.16,101.28,"4.160967, 101.282921",MYS,Malaysia,Perak,Batang Padang,1-Fully Verified,,1293.88,129387.87,1309.95,3033.33,303333.39,2,199.8,2.32,232.47,1.41,141.39,3.11,310.68,3.83,383.04,3.15,315,5.26,526.23,4.7,470.16,8.89,889.2,9.52,952.47,4.66,465.75,9.65,964.89,4.27,426.78,14.9,1489.86,4.44,443.52,9.31,931.41,7.76,776.16,8.34,834.3,4.88,487.98,5.74,574.2,9.04,903.69,4.83,483.21,132.02,0.1,1161.86,0.9,2,1,3
PO1000003906,"2019,2020,2021",SYARIKAT PELADANG & PERUSAHAAN MINYAK SDN BHD,SYARIKAT PELADANG & PERUSAHAAN MINYAK SDN BHD,SYARIKAT PELADANG & PERUSAHAAN MINYAK,Not RSPO Certified,,3/31/23,3.98,100.99,"3.979658, 100.990561",MYS,Malaysia,Perak,Hilir Perak,1-Fully Verified,,23.26,2325.6,50.66,107.29,10729.44,0.13,12.6,0.85,84.96,0.32,31.68,0.24,24.21,0.09,9.36,0.23,22.95,0.39,39.06,0.49,49.23,1.4,139.86,1.35,135.27,0.75,75.33,1.59,158.85,1.04,104.31,1.34,133.65,0.21,21.33,0.54,53.64,0.7,69.93,1.08,108.18,2.82,281.88,1.81,180.9,0.32,31.95,0.68,67.95,18.37,0.79,4.89,0.21,3,4,3
PO1000003907,"2020,2019",SYNN HENG TRADING COMPANY SDN BHD,SYNN PALM OIL SDN BHD,SYNN,Not RSPO Certified,,3/31/23,4.83,100.7,"4.831397, 100.698407",MYS,Malaysia,Perak,Larut and Matang,1-Fully Verified,,353.69,35369.37,405.88,757.06,75706.11,1.3,129.78,2.83,283.14,1.31,131.22,1.37,136.98,3.19,318.51,1.6,159.66,1.94,193.59,2.89,288.63,6.79,679.14,4.58,458.01,4.37,437.13,4.39,439.47,3.23,323.28,7.22,722.43,4.92,491.58,5.95,594.54,5.82,582.48,5.27,526.95,6.52,652.32,6.1,609.75,4.46,445.68,2.26,226.26,88.31,0.25,265.39,0.75,3,1,3
PO1000003908,"2019,2020,2021",TA ANN HOLDINGS BHD,MANIS OIL SDN BHD,MANIS,Not RSPO Certified,,3/31/23,2.13,111.89,"2.131184, 111.893076",MYS,Malaysia,Sarawak,Sibu,1-Fully Verified,,2778.52,277852.14,2840.11,5437.78,543778.02,29.8,2979.99,26.73,2673.36,29.25,2924.73,30.34,3033.9,27.15,2714.94,14.96,1496.07,26.19,2618.64,22.38,2238.21,53.88,5388.03,33.14,3313.8,15.78,1578.24,89.45,8945.37,52.67,5267.34,75.36,7536.15,46.03,4602.78,56.91,5690.52,52.43,5242.77,41.64,4163.67,17.06,1706.13,15.02,1502.46,18.12,1812.24,32.25,3225.24,806.55,0.29,1971.98,0.71,3,2,3
PO1000003909,"2020,2021,2019",TACLICO COMPANY SDN BHD,TACLICO COMPANY SDN BHD,TACLICO,Not RSPO Certified,,3/31/23,5.51,100.6,"5.507567, 100.599592",MYS,Malaysia,Kedah,Kulim,1-Fully Verified,,586.8,58679.82,1394.5,2619.22,261921.78,6.86,685.71,18.78,1878.3,4.77,477.09,11.5,1150.2,9.54,953.64,10.59,1058.67,5.05,505.26,9.29,928.62,13.36,1335.96,17.2,1720.08,10.53,1052.64,11.74,1174.32,19.24,1924.29,27.84,2783.52,15.9,1590.12,18.35,1834.65,22.69,2269.44,25.74,2574,19.85,1985.4,15.48,1547.82,18.23,1822.77,14.89,1489.32,327.42,0.56,259.38,0.44,4,3,3
PO1000003911,"2020,2021,2019",TAMACO PLANTATION SDN BHD,TAMACO OIL MILL SDN BHD,TAMACO 2,Not RSPO Certified,,3/31/23,5.15,118.23,"5.154061, 118.228475",MYS,Malaysia,Sabah,Lahad Datu,1-Fully Verified,,148.91,14891.49,183.49,298.62,29861.91,0.78,78.21,0.43,42.66,0.02,1.8,0.54,53.73,0.87,86.94,1.15,114.84,0.38,38.25,0.48,48.42,0.04,4.5,6.27,626.76,4.45,445.23,3.81,380.7,7.33,733.05,3.82,381.96,7.34,734.13,10.77,1077.39,9.51,951.03,16.64,1664.28,9.73,972.9,8.46,846,13.6,1359.72,3.33,332.55,109.75,0.74,39.16,0.26,5,4,4
PO1000003912,"2020,2021",TACLICO COMPANY SDN BHD,TACLICO COMPANY SDN BHD,TANJUNG PANJANG,Not RSPO Certified,,3/31/23,5.64,118.33,"5.644344, 118.333054",MYS,Malaysia,Sabah,Kinabatangan,1-Fully Verified,,196.72,19671.93,226.22,484.56,48455.82,0.05,5.13,0.13,12.69,0.03,2.79,0.79,78.84,0.52,51.93,0.15,14.76,0.39,38.97,0.38,37.71,0.1,9.54,0.3,29.79,0.34,34.38,0.43,42.57,0.27,27.45,0.63,63.18,0.69,68.58,1.04,103.59,0.28,27.54,0.05,4.95,0.65,65.43,0.32,32.4,0.28,28.44,1.02,102.15,8.83,0.04,187.89,0.96,1,1,3
PO1000003914,"2020,2021,2019",TECK GUAN GROUP,ATLANTICA SDN BHD,ATLANTICA,Not RSPO Certified,,3/31/23,5.71,117.69,"5.712135, 117.686628",MYS,Malaysia,Sabah,Beluran,1-Fully Verified,,84.36,8436.24,91.44,171.85,17185.32,0.36,35.64,0.11,11.34,0.03,2.97,0.36,36.36,0.08,7.74,0.05,5.04,0.04,4.05,0.09,9,0.47,46.8,3.11,311.22,3.59,359.1,3.21,321.21,0.74,74.43,6.13,612.81,6.89,688.59,7.26,726.21,8.33,832.68,2.41,240.66,3.28,327.78,2.91,290.88,3.27,326.61,0.75,74.52,53.46,0.63,30.91,0.37,3,3,3
PO1000003915,"2019,2020,2021",TECK GUAN GROUP,BRANTIAN PALM OIL SDN BHD,BRANTIAN,Not RSPO Certified,,3/31/23,4.44,117.52,"4.436611, 117.516806",MYS,Malaysia,Sabah,Tawau,1-Fully Verified,,137.83,13783.23,177.35,636.48,63648.45,0.18,18.27,0.22,22.05,0.32,32.04,19.02,1901.79,19.63,1963.08,20.79,2079.09,7.45,744.84,1.68,168.48,0.62,61.65,0.2,19.53,1.46,146.07,0.32,31.77,0.55,55.17,0.4,39.69,2.61,261.45,4.05,404.55,6.91,690.84,1.72,171.54,3.71,370.71,1.06,106.38,4.21,420.57,5.62,561.51,102.71,0.75,35.12,0.25,5,4,3
PO1000003916,"2021,2020,2019",TECK GUAN GROUP,KONSEP MUKTAMAD SDN BHD,REX,Not RSPO Certified,,3/31/23,4.49,117.6,"4.487203, 117.598549",MYS,Malaysia,Sabah,Tawau,1-Fully Verified,,74.58,7458.39,93.45,213.38,21337.74,1.3,129.51,0.21,20.97,1.59,158.85,2.02,201.78,4.87,486.72,4.37,437.22,0.22,22.32,10.28,1027.98,2.9,289.98,2.5,249.75,0.56,55.89,2.11,211.05,0.15,14.58,3.17,316.62,4.54,454.41,2.95,295.02,2.26,225.63,0.49,49.05,0.95,94.86,0.39,38.79,0.86,85.77,0.42,41.67,49.08,0.66,25.5,0.34,3,4,3
PO1000003917,"2019,2020,2021",TECK GUAN GROUP,PROSPEROUS SEBATIK SDN BHD,PROSPEROUS SEBATIK,Not RSPO Certified,,3/31/23,4.19,117.79,"4.18921, 117.787665",MYS,Malaysia,Sabah,Tawau,1-Fully Verified,,38.39,3839.13,59.77,99.69,9969.39,0.57,57.06,1.14,113.94,0.86,85.77,1.3,130.32,1.86,185.76,1.4,139.5,1.31,131.22,0.9,90.36,0.6,60.03,1.02,102.42,0.27,27.36,0.76,76.23,0.4,39.6,1.14,114.21,0.6,59.94,1.81,180.63,0.12,12.42,0.04,3.69,0.06,6.12,0.28,27.9,0.17,17.1,0.28,27.63,16.89,0.44,21.5,0.56,2,3,3
PO1000003918,"2020,2021,2019",TECK GUAN GROUP,SUNGAI BURUNG INDUSTRIES SDN BHD,SUNGAI BURUNG,Not RSPO Certified,,3/31/23,4.4,118.14,"4.404281, 118.137855",MYS,Malaysia,Sabah,Tawau,1-Fully Verified,,8.59,858.96,18.12,25.51,2550.96,0.24,23.94,0.1,10.26,0.03,2.7,0.25,25.02,0.05,4.77,0.08,8.46,0.01,1.44,0.08,8.28,0,0.18,0.01,1.35,0.18,18.09,0.15,15.21,0.01,0.72,0.07,6.93,0.45,44.91,0.23,23.13,0.52,52.11,1.35,134.73,0.23,23.49,0.79,79.47,1.18,117.72,2.39,238.77,8.42,0.98,0.17,0.02,5,5,5
PO1000003922,"2019,2020,2021",TEE TEH SDN BHD,TEE TEH SDN BHD,TEE TEH,Not RSPO Certified,,3/31/23,2.84,102.87,"2.840728, 102.865883",MYS,Malaysia,Pahang,Rompin,1-Fully Verified,,4.3,430.2,6.69,9.63,962.55,0.08,8.37,0.44,43.56,0.55,54.63,1.3,130.41,0.07,6.66,0.1,10.26,0.31,31.41,0.04,4.14,0.46,45.63,0,0.27,0.08,8.01,0.03,2.61,0.1,9.72,0.01,0.99,0,0,0.1,9.81,0.03,2.88,0,0.18,0,0,0,0,0,0,0,0.36,3.7,0.86,0.6,0.14,1,5,1
PO1000003923,"2020,2021,2019",TH PLANTATIONS BERHAD,THP SARIBAS SDN BHD,GEDONG,Not RSPO Certified,,3/31/23,1.16,110.68,"1.155266, 110.676239",MYS,Malaysia,Sarawak,Serian,1-Fully Verified,,200.75,20075.04,224.36,360.79,36079.38,10.16,1015.56,3.26,325.71,8.92,892.17,8.25,825.48,16.17,1617.21,12.04,1204.29,14.18,1418.22,13.52,1351.89,4.51,450.81,1.77,176.76,4.36,436.14,7.1,709.83,1.82,181.53,5.7,570.24,1.01,101.07,2.17,217.08,0.81,81,0.86,85.59,0.96,96.03,0.69,69.3,1.12,112.5,0.76,76.41,120.15,0.6,80.6,0.4,2,3,3
PO1000003924,"2019,2020,2021",TH PLANTATIONS BERHAD,TH PLANTATIONS BHD,BUKIT LAWIANG,Not RSPO Certified,,3/31/23,1.97,103.43,"1.965939, 103.434303",MYS,Malaysia,Johor,Keluang,1-Fully Verified,,33.54,3354.48,35.86,46.41,4640.58,0.15,14.85,0.86,86.31,0.12,11.7,0.68,68.22,0.3,29.61,1.07,107.37,0.26,25.92,0.13,12.87,0.85,84.69,3.4,339.57,1.49,149.49,3.24,323.91,0.19,19.17,7.23,723.06,0.65,65.34,1.31,130.68,8.86,886.5,1.11,111.24,1.19,119.43,0.37,37.44,0.69,68.76,0.04,4.41,33.54,1,0,0,3,5,1
PO1000003925,"2021,2020,2019",TH PLANTATIONS BERHAD,TH PLANTATIONS BHD,PASIR BESAR,Not RSPO Certified,,3/31/23,2.62,102.51,"2.619444, 102.511667",MYS,Malaysia,Negeri Sembilan,Tampin,1-Fully Verified,,203.97,20396.61,257.11,552.19,55218.51,52.58,5257.53,43.89,4388.76,11.39,1138.68,4.15,414.81,9.72,972.36,2.69,268.56,5.77,576.81,6.7,670.41,17.3,1729.71,0.01,1.44,1.46,145.89,1.87,187.29,1.29,129.06,3.72,371.79,13.66,1366.38,20.89,2088.72,2.73,273.15,0.99,99.27,1.01,101.07,2.63,263.16,4.85,484.92,2.15,215.28,203.97,1,0,0,3,5,1
PO1000003926,"2019,2021,2020",TH PLANTATIONS BERHAD,THP KOTA BAHAGIA SDN BHD,KOTA BAHAGIA,Not RSPO Certified,,3/31/23,2.99,102.93,"2.986505, 102.927032",MYS,Malaysia,Pahang,Rompin,1-Fully Verified,,115.99,11599.02,131.23,139.16,13915.8,14.49,1448.64,4.07,406.98,2.38,237.6,9.12,911.7,4.69,468.72,3.3,329.76,2.51,251.19,1.51,151.11,6.41,640.89,3.25,324.99,4.89,488.52,6.82,681.93,2.29,228.96,4.85,485.46,0.89,88.74,3.63,362.61,3.21,320.85,3.18,317.79,2.84,284.22,5.6,559.8,1.21,121.5,5.17,516.96,96.29,0.83,19.7,0.17,4,5,3
PO1000003927,2021,GOODHOPE,AGRO WANA LESTARI,BUKIT SANTUAI,RSPO Certified,"RSPO Certified, MB",3/31/23,-1.86,112.4,"-1.8625, 112.395833",IDN,Indonesia,Kalimantan Tengah,Kotawaringin Timur,1-Fully Verified,,347.3,34730.19,338.83,550.5,55050.21,2.05,204.93,3.89,388.71,0.4,40.32,3.86,386.46,1.05,105.12,4.95,495.36,1.39,138.78,0.25,25.47,27.7,2769.93,31.57,3156.66,5.64,564.39,13.21,1320.84,4.76,475.56,5.92,591.75,6.99,699.48,3.63,363.42,1.75,174.96,1.19,119.07,1.35,135.36,1.14,114.12,0.68,67.5,1.17,117.36,124.56,0.36,222.75,0.64,1,2,3
PO1000003928,"2021,2020,2019",TH PLANTATIONS BERHAD,THP SABACO SDN BHD,LADANG MAMAHAT,Not RSPO Certified,,3/31/23,6.47,117.57,"6.466095, 117.568819",MYS,Malaysia,Sabah,Beluran,1-Fully Verified,,419.29,41929.02,485.21,1082.16,108215.64,18.97,1897.2,11.32,1132.02,8.54,854.19,6.71,671.4,0.58,58.41,0.52,51.57,0.83,82.8,1.17,117.09,0.36,35.91,1.64,164.43,0.8,79.92,1.44,144.09,1.38,138.15,1.67,166.77,5.98,598.23,1.12,112.32,0.75,75.33,0.57,56.52,0.62,62.46,1.41,141.21,0.52,52.47,5.21,521.37,72.14,0.17,347.15,0.83,2,1,3
PO1000003929,"2020,2019,2021",TH PLANTATIONS BERHAD,THP SABACO SDN BHD,SUNGAI TENEGANG,Not RSPO Certified,,3/31/23,5.22,118.03,"5.218094, 118.031364",MYS,Malaysia,Sabah,Kinabatangan,1-Fully Verified,,116.8,11680.2,113.07,192.57,19257.3,0.44,43.56,0.89,89.1,0.15,14.85,5.12,511.65,3.53,352.8,6.46,646.38,2.18,217.71,0.48,47.88,0.22,22.41,1.09,109.44,0.69,69.03,8.07,807.21,9.74,973.98,8.22,821.88,0.4,39.96,4.57,456.93,2.81,281.07,6.29,629.1,1.03,102.96,0.09,9.45,0.64,64.44,3.37,336.51,66.48,0.57,50.32,0.43,3,3,3
PO1000003931,"2021,2020,2019",TIAN SIANG HOLDINGS SDN BHD,TIAN SIANG OILL MILL (PERAK) SDN BHD,TIAN SIANG PERAK,Not RSPO Certified,,3/31/23,4.59,100.73,"4.592983, 100.732286",MYS,Malaysia,Perak,Larut Matang,1-Fully Verified,,61.63,6162.57,61.94,167.26,16726.41,0.39,39.33,0.64,63.54,0.33,32.58,0.91,91.26,1.19,119.07,1.03,103.23,0.68,67.68,1.33,133.11,0.66,65.79,1.61,161.19,0.32,31.77,1.27,127.44,0.92,91.98,0.64,63.72,0.92,92.16,0.89,88.74,0.61,60.66,2.11,210.78,1.28,127.89,0.8,80.1,0.42,42.3,2.16,215.73,21.1,0.34,40.53,0.66,3,2,4
PO1000003932,"2020,2019",GLENEALY PLANTATIONS SDN BHD,TIMOR ENTERPRISE SDN BHD,TIMORA,Not RSPO Certified,,3/31/23,5.3,118.34,"5.304724, 118.340076",MYS,Malaysia,Sabah,Kinabatangan,1-Fully Verified,,288.49,28848.69,329.97,417.96,41796.09,0.74,74.25,1.01,101.07,0.35,35.37,9.11,910.53,3.99,398.88,0.65,64.89,1.91,190.89,5.92,591.84,0.43,42.84,6.41,641.07,2.32,231.93,8.86,886.41,15.11,1510.92,33.3,3330.27,14.01,1401.21,15.74,1574.46,20.23,2023.47,38.16,3816.18,35.23,3522.6,27.61,2760.66,21.78,2177.91,13.3,1330.02,276.18,0.96,12.31,0.04,5,5,3
PO1000003933,"2021,2019,2020",HOK HUAT GROUP SDN BHD,TOPAZ EMAS SDN BHD,TOPAZ EMAS,Not RSPO Certified,,3/31/23,4.55,100.73,"4.553367, 100.725591",MYS,Malaysia,Perak,Larut and Matang,1-Fully Verified,,7.46,745.92,9.4,12.74,1273.68,0.05,4.95,0.06,6.48,0.03,2.61,0.02,2.25,0.06,6.48,0.05,4.86,0.01,1.44,0.03,2.88,0.32,32.22,0.33,33.03,0.42,41.76,0.22,22.32,0.55,54.54,0.29,29.25,0.42,42.39,0.19,19.44,0.66,65.97,0.14,14.4,0.39,39.06,0.29,29.34,0.52,51.75,0.05,4.95,5.12,0.69,2.34,0.31,5,4,3
PO1000003935,"2020,2019,2021",TRADEWINDS PLANTATION BERHAD,ARAH BERSAMA SDN BHD,KUALA SUAI,Not RSPO Certified,,3/31/23,3.68,113.46,"3.67658, 113.464469",MYS,Malaysia,Sarawak,Bintulu,1-Fully Verified,,335.01,33500.52,404.82,752.81,75281.31,19.4,1940.49,2.63,263.16,3.05,304.74,18.29,1829.16,53.61,5361.48,30.69,3068.82,29.74,2974.41,26.7,2670.21,30.74,3073.77,15.2,1520.19,20.13,2012.67,21.95,2195.01,6.97,697.14,4.93,493.02,2.11,210.87,4.78,477.9,4.97,497.25,4.06,405.54,2.02,201.69,2.05,204.93,3.94,394.29,11.23,1123.11,319.2,0.95,15.81,0.05,3,5,2
PO1000003936,"2020,2021,2019",TRADEWINDS PLANTATION BERHAD,BINU PLANTATION SDN BHD,BINU,Not RSPO Certified,,3/31/23,3.94,114.03,"3.941725, 114.026536",MYS,Malaysia,Sarawak,Marudi,1-Fully Verified,,259.65,25965.09,302.09,494.63,49463.28,1.38,137.88,2.71,270.81,1.72,172.44,3,299.97,6.13,613.08,6.67,666.9,7.22,722.16,7,699.84,6.65,665.01,2.43,243.09,4.59,459,4.31,431.28,10.61,1061.01,17.94,1793.79,23.15,2314.8,4.88,488.43,3.15,315,8.73,872.73,15.74,1573.65,9.01,901.08,6.1,609.66,8.96,895.86,162.07,0.62,97.58,0.38,4,3,3
PO1000003937,"2020,2019,2021",TRADEWINDS PLANTATION BERHAD,KUMPULAN KRIS JATI SDN BHD,TRUSAN,Not RSPO Certified,,3/31/23,4.83,115.27,"4.82863, 115.265071",MYS,Malaysia,Sarawak,Lawas,1-Fully Verified,,3539.51,353950.65,3414.18,5252.37,525236.67,10.52,1051.92,8.47,847.26,6.81,680.67,9.21,920.61,9.58,957.78,6.08,607.59,9.51,950.67,12.25,1224.81,15.23,1523.16,27.99,2799.45,17.53,1753.02,24.26,2426.49,20.57,2056.77,54.83,5483.16,57.21,5720.85,62.02,6201.54,46.73,4672.89,33.81,3380.94,22.92,2291.85,28.99,2898.54,15.28,1527.66,14.98,1498.5,514.76,0.15,3024.75,0.85,2,1,3
PO1000003938,"2021,2020,2019",TRADEWINDS PLANTATION BERHAD,LADANG PERMAI SDN BHD,BATU PUTIH,Not RSPO Certified,,3/31/23,5.58,117.95,"5.58, 117.946",MYS,Malaysia,Sabah,Sandakan,1-Fully Verified,,37.25,3725.1,46.72,68.13,6813.36,0.11,11.16,0.13,13.05,0.09,9.18,0.84,84.15,0.39,38.88,0.53,53.01,0.07,7.38,0.31,30.51,0.14,13.5,0.55,54.54,0.09,9.09,0.14,14.31,0.02,1.89,0.51,51.21,2.52,252,0.41,41.04,0.74,74.43,3.85,384.84,7.05,705.24,3.97,396.63,3.48,348.3,1.21,121.05,27.15,0.73,10.1,0.27,5,4,4
PO1000003939,"2020,2019,2021",TRADEWINDS PLANTATION BERHAD,LADANG PERMAI SDN BHD,PERMAI,Not RSPO Certified,,3/31/23,5.19,118.44,"5.187332, 118.440289",MYS,Malaysia,Sabah,Lahad Datu,1-Fully Verified,,493.53,49352.67,483.1,931.95,93195.36,0.65,64.62,0.8,80.46,0.13,13.23,1.4,140.22,1.87,186.57,0.51,50.76,1.08,108.36,1.83,183.24,0.58,58.32,9.4,940.32,2.55,255.33,5.74,574.47,6.84,683.73,7.11,711.09,14.01,1401.3,7.45,745.2,8.48,848.16,11.8,1179.63,14.38,1437.75,13.28,1327.86,16.88,1687.68,9.04,903.78,135.82,0.28,357.71,0.72,4,2,4
PO1000003941,"2021,2020,2019",TRADEWINDS PLANTATION BERHAD,LADANG SERASA SDN BHD,SERASA,Not RSPO Certified,,3/31/23,5.1,102.18,"5.099504, 102.175826",MYS,Malaysia,Kelantan,Gua Musang,1-Fully Verified,,367.47,36747.18,383.2,459.73,45972.99,7.49,748.71,5.18,517.77,7.9,790.29,5.51,550.89,9.01,901.35,4.36,436.41,15.93,1593.36,13.65,1365.48,34.52,3451.86,19.83,1983.24,16.54,1654.11,22.71,2271.15,11.4,1140.21,24.91,2491.38,17.72,1771.83,16.72,1672.38,12.44,1243.62,12.63,1262.88,16.48,1648.08,5.33,533.16,3.07,306.81,3.02,301.86,286.37,0.78,81.1,0.22,2,4,2
PO1000003942,"2020,2019,2021",TRADEWINDS PLANTATION BERHAD,MELUR GEMILANG SDN BHD,MELUR GEMILANG,Not RSPO Certified,,3/31/23,1.21,110.81,"1.209702, 110.813955",MYS,Malaysia,Sarawak,Simunjan,1-Fully Verified,,916.03,91603.44,999.88,2179.85,217984.95,41.25,4125.42,17.85,1784.79,5.32,531.54,20.07,2006.91,41.52,4152.42,22.47,2246.94,17.27,1726.92,41.3,4129.65,67.29,6729.48,42.71,4270.86,49.63,4962.96,40.73,4073.4,33.13,3312.54,29.17,2916.72,15.58,1558.17,17.09,1708.74,17.95,1794.96,7.73,772.83,5.51,551.16,2.47,247.32,7.04,704.43,4.22,422.19,547.3,0.6,368.73,0.4,2,3,3
PO1000003943,"2020,2021,2019",TRADEWINDS PLANTATION BERHAD,RETUS PLANTATION SDN BHD,RETUS,Not RSPO Certified,,3/31/23,2.47,111.93,"2.465577, 111.931263",MYS,Malaysia,Sarawak,Sibu,1-Fully Verified,,706.73,70672.59,815.49,2413.61,241360.56,12.95,1295.01,5.3,530.1,3.13,313.11,12.71,1271.16,20.92,2092.05,12.1,1209.96,9.87,987.03,1.41,141.21,49.58,4957.83,16.56,1656.18,24.42,2442.15,57.28,5728.5,49.84,4984.47,36.92,3692.07,19.57,1956.6,17.93,1792.89,12.54,1254.15,21.66,2166.12,14.88,1487.7,18.04,1803.51,10.8,1079.55,11.67,1166.76,440.08,0.62,266.64,0.38,3,3,3
PO1000003944,2020,TRADEWINDS PLANTATION BERHAD,SOLAR GREEN SDN BHD,JUDAN,Not RSPO Certified,,3/31/23,2.78,112.03,"2.776, 112.026",MYS,Malaysia,Sarawak,Dalat,2-High Confidence,,649.4,64939.5,816.99,1367.54,136754.28,25.28,2527.83,28.65,2865.06,6.92,691.56,4.17,416.52,4.53,453.15,7.07,706.77,12.89,1288.8,0.88,87.57,77.61,7761.06,33.46,3346.47,7.1,709.65,30.52,3052.08,34.14,3414.15,35.7,3569.94,14.21,1421.37,21.1,2110.23,47.44,4744.26,15.11,1510.65,6.34,633.78,2.9,290.07,6.02,601.56,7.76,775.71,429.78,0.66,219.61,0.34,3,4,3
PO1000003945,"2020,2019,2021",TRADEWINDS PLANTATION BERHAD,LADANG PETRI TENGGARA SDN BHD,SUNGAI KACHUR,Not RSPO Certified,,3/31/23,1.78,103.76,"1.783328, 103.762661",MYS,Malaysia,Johor,Kota Tinggi,1-Fully Verified,,125.96,12595.95,151.07,287.02,28701.99,3.27,326.88,3.01,300.96,2.06,205.65,5.69,568.53,1.24,124.47,14.79,1478.61,5.53,553.05,1.36,135.54,9.16,915.57,6.07,606.6,4.5,450.09,3.34,334.35,1.8,180.27,1.13,112.95,1.22,121.77,6.44,644.4,3.86,385.92,0.97,97.38,2.65,265.14,0.56,56.34,0.75,74.7,0.44,44.28,79.83,0.63,46.12,0.37,2,3,2
PO1000003947,"2021,2019,2020",TUNG HUP ENTERPRISE SDN BHD,TUNG HUP PALM OIL MILL SDN BHD,TUNG HUP,Not RSPO Certified,,3/31/23,5.28,117.87,"5.282445, 117.86801",MYS,Malaysia,Sabah,Kinabatangan,1-Fully Verified,,177.69,17768.88,185.34,339.84,33984.18,1.34,134.01,1.11,110.52,0.97,97.29,4.39,438.66,0.2,20.34,6.68,667.8,7.12,711.81,1.3,129.78,1.69,168.66,0.49,48.69,0.53,52.83,0.73,72.9,0.03,3.15,10.79,1079.28,11.73,1172.52,8.26,826.38,16.74,1673.82,14.48,1448.1,15.24,1523.88,15.55,1554.75,11.12,1112.4,8.31,830.61,138.78,0.78,38.91,0.22,5,4,4
PO1000003948,"2020,2019,2021",UNIQUE PALM OIL MILL SDN BHD,UNIQUE PALM OIL MILL SDN BHD,UNIQUE,Not RSPO Certified,,3/31/23,2.78,112.29,"2.781783, 112.290967",MYS,Malaysia,Sarawak,Mukah,2-High Confidence,,230.01,23000.58,226.29,267.33,26732.79,1.13,113.49,5.96,596.43,0.22,21.69,1.75,174.6,2.87,287.28,11.36,1136.25,7.09,709.29,0.56,55.98,64.15,6415.11,23.34,2333.52,1.98,197.55,37.48,3747.87,6.68,668.43,8.54,853.74,6.52,652.32,2.8,280.08,2.74,273.69,3.23,323.28,2.63,262.62,4.5,449.55,0.66,65.61,2,199.53,198.18,0.86,31.83,0.14,2,5,2
PO1000003949,"2020,2021,2019",UNITED MALACCA BHD (UMB),MERIDIAN PLANTATIONS SDN BHD,MERIDIAN,Not RSPO Certified,,3/31/23,6.45,117.43,"6.45475, 117.431184",MYS,Malaysia,Sabah,Beluran,1-Fully Verified,,843.15,84314.7,886.58,1163.62,116361.9,10.78,1078.2,12.63,1263.33,10.1,1009.8,31.26,3126.15,22.46,2245.95,21.88,2188.44,12.06,1206,20.4,2039.58,20.04,2004.12,13.14,1313.82,7.13,713.16,8.64,863.64,9.23,923.04,17.7,1769.58,12.17,1217.34,8.83,882.63,3.81,380.79,2.66,265.68,4.44,443.52,15.79,1579.14,24.16,2415.51,14.52,1451.7,303.81,0.36,539.34,0.64,3,3,4
PO1000003950,"2020,2019,2021",UNITED MALACCA BHD (UMB),SYARIKAT PENANAMAN BUKIT SENORANG SDN BHD,BUKIT SENORANG,Not RSPO Certified,,3/31/23,3.1,102.43,"3.09746, 102.42668",MYS,Malaysia,Pahang,Bera,1-Fully Verified,,144.76,14476.5,181.82,198.92,19892.25,7.89,788.58,12.93,1293.48,2.1,210.24,4.17,416.52,15.74,1573.74,3.1,310.23,0.99,98.82,1.78,178.2,4.59,459.27,1.13,112.86,4.76,475.65,6.37,637.2,1.02,101.61,5.73,572.94,3.62,362.16,7.99,799.29,9.02,902.34,4.1,409.59,3.64,364.23,3.5,350.37,4.47,446.85,2.12,212.31,110.76,0.77,34,0.23,3,4,3
PO1000003951,"2020,2021,2019",UNITED OIL PALM INDUSTRIES SDN BHD,UNITED OIL PALM INDUSTRIES SDN BHD,UNITED OIL PALM,Not RSPO Certified,,3/31/23,5.15,100.51,"5.154837, 100.507765",MYS,Malaysia,Pulau Pinang,Seberang Perai Selatan,1-Fully Verified,,85.17,8517.06,182.82,367.2,36720.27,1.04,103.59,3.91,391.41,0.25,24.93,0.87,86.76,2.4,240.03,2.43,242.55,0.8,80.19,1.02,102.42,1.4,140.22,1.9,189.81,1.16,116.28,2.06,205.74,2.79,279.27,4.3,430.38,1.68,168.21,1.92,192.06,3.05,305.46,2.61,261.27,1.96,195.75,1.26,126.45,1.34,134.46,1.73,172.62,41.9,0.49,43.27,0.51,3,3,3
PO1000003952,"2020,2019,2021",VEE SENG DEVELOPMENT SDN BHD,VEETAR PALM OIL MILL SDN BHD,VEETAR,Not RSPO Certified,,3/31/23,5.34,116.94,"5.336397, 116.942543",MYS,Malaysia,Sabah,Tongod,1-Fully Verified,,2047.02,204701.58,1937.54,2962.88,296288.37,44.97,4497.12,50.93,5093.37,23.7,2369.52,28.5,2849.58,30.42,3042.45,23.98,2397.87,15.51,1551.42,23.06,2306.16,63.08,6308.46,38.36,3836.07,20.56,2055.87,24.07,2407.41,11.08,1107.81,32.15,3214.53,30.11,3010.86,41.48,4148.01,19.31,1931.22,14.69,1469.16,4.16,415.98,4.35,435.42,6.83,682.92,24.86,2485.62,576.17,0.28,1470.85,0.72,2,2,3
PO1000003953,"2021,2020,2019",VICTORY ENGHOE PLANTATIONS SDN BHD,VICTORY ENGHOE PLANTATIONS SDN BHD,SOUTHERN MALAY,Not RSPO Certified,,3/31/23,1.79,103.36,"1.791003, 103.362557",MYS,Malaysia,Johor,Keluang,1-Fully Verified,,475.9,47590.11,584.33,839.32,83931.84,10.56,1056.33,10.42,1042.2,2.74,274.5,7.91,790.92,13.07,1306.8,11.63,1162.89,15.96,1596.24,6.4,639.81,16.7,1669.95,10.07,1007.19,16.06,1605.69,12.54,1254.42,12.94,1293.84,12.94,1294.02,14.13,1412.82,22.77,2277.27,21.64,2163.78,12.7,1269.54,19.75,1974.69,14.89,1489.14,12.45,1244.88,9.63,963,287.9,0.6,188,0.4,3,3,3
PO1000003954,"2020,2019,2021",VILA SUTERA SDN BHD,VILA SUTERA SDN BHD,BUKIT KAPAH,Not RSPO Certified,,3/31/23,5.11,102.9,"5.109417, 102.897",MYS,Malaysia,Trengganu,Hulu Terengganu,1-Fully Verified,,943.86,94385.7,1154.87,3413.84,341384.49,11.21,1120.77,12.36,1235.79,2.71,271.26,6.12,611.82,6.66,665.82,5.22,522.18,14.88,1487.88,8.14,813.87,9.13,913.05,12.08,1208.07,4.8,479.88,14.11,1411.2,10.35,1034.73,10.65,1065.33,14.22,1421.91,17.78,1777.86,16.87,1686.6,14.69,1469.07,7.86,785.52,8.65,865.17,9.23,923.49,21.26,2125.89,238.97,0.25,704.89,0.75,3,2,3
PO1000003956,"2020,2021,2019",WINSOME HARVEST PALM OIL MILL SDN BHD,WINSOME HARVEST PALM OIL MILL SDN BHD,WINSOME HARVEST,Not RSPO Certified,,3/31/23,4.55,118.36,"4.553317, 118.358978",MYS,Malaysia,Sabah,Semporna,1-Fully Verified,,36.94,3694.5,47.14,64.33,6433.29,0.42,41.76,0.73,72.99,0.16,15.93,2.23,223.2,0.62,62.1,0.52,51.57,0.17,16.92,0.15,14.67,0.08,7.65,1.44,143.64,0.82,81.99,2.29,229.32,0.91,91.44,0.45,45.45,0.24,23.85,0.7,70.38,0.9,90.09,0.65,65.07,0.83,83.43,1.36,136.08,1.49,148.68,2.4,240.3,19.57,0.53,17.38,0.47,5,3,4
PO1000003957,"2020,2019,2021",WOODMAN SDN BHD,WOODMAN KUALA BARAM ESTATES SDN BHD,ADONG,Not RSPO Certified,,3/31/23,4.54,114.12,"4.541035, 114.119098",MYS,Malaysia,Sarawak,Miri,1-Fully Verified,,1869.83,186982.83,2024.7,3664.72,366471.9,16.7,1669.95,14.15,1414.8,4.49,449.28,9.26,925.74,32.36,3235.59,16.04,1604.34,30.93,3093.21,92.64,9263.61,61.84,6184.17,30.38,3038.22,123.99,12399.39,84.65,8465.04,35.06,3505.77,20.74,2074.05,15.03,1502.55,39.81,3980.88,6.38,637.83,12.71,1270.98,17.29,1729.44,7.36,736.02,5.6,559.8,3.44,344.43,680.85,0.36,1188.98,0.64,1,3,3
PO1000003958,"2021,2020,2019",WOODMAN SDN BHD,WOODMAN KUALA BARAM ESTATES SDN BHD,SEMANOK,Not RSPO Certified,,3/31/23,3.01,112.9,"3.005242, 112.898545",MYS,Malaysia,Sarawak,Tatau,1-Fully Verified,,1485.43,148543.29,1477.31,2943.44,294344.19,31.61,3160.89,17.58,1758.15,67.41,6740.55,46.36,4635.81,14.78,1477.89,14.17,1416.78,67.82,6781.5,70.09,7008.93,80.64,8064,17.25,1724.58,34.35,3435.3,77.79,7778.88,30.24,3024.45,45.69,4568.58,71.44,7143.66,59.92,5992.29,52.09,5208.57,41.05,4104.72,29.1,2909.88,15.55,1555.2,13.84,1383.93,17.02,1702.26,915.77,0.62,569.66,0.38,3,3,3
PO1000003959,"2020,2019,2021",WOODMAN SDN BHD,WOODMAN KUALA BARAM ESTATES SDN BHD,USAHA SEPADAN,Not RSPO Certified,,3/31/23,3.34,113.19,"3.342182, 113.188112",MYS,Malaysia,Sarawak,Bintulu,1-Fully Verified,,145.34,14533.92,226.83,678.33,67832.73,9.96,996.48,4.73,472.95,5.02,502.47,5.8,579.87,3.56,355.59,1.1,109.98,2.42,242.46,2.7,270.18,5.12,511.83,1.37,137.16,1.77,177.03,11.34,1133.64,2.78,278.01,5.75,575.46,3.04,304.47,2.28,227.52,3.69,368.91,1.67,167.4,1.95,194.94,2.75,275.22,5,499.5,6.03,603,89.84,0.62,55.5,0.38,5,3,4
PO1000003961,"2021,2019,2020",WTK HOLDINGS BHD,WEALTH LEAP SDN BHD (HARVARD MASTER),WEALTH LEAP (HARVARD MASTER),Not RSPO Certified,,3/31/23,3.75,113.85,"3.754595, 113.849117",MYS,Malaysia,Sarawak,Miri,1-Fully Verified,,389.48,38948.4,455.45,658.12,65812.14,10.42,1042.11,23.73,2373.12,12.87,1287.45,7.57,757.35,9.04,903.6,8.39,839.07,21.12,2112.21,16.25,1625.04,8.11,811.08,8.06,806.13,10.77,1076.67,9.88,987.93,17.7,1769.67,13.52,1351.62,18.4,1839.69,14.39,1438.92,15.2,1519.74,21.65,2165.22,4.18,417.69,2.77,276.66,2.73,272.97,11.24,1123.92,267.98,0.69,121.51,0.31,3,4,3
PO1000003962,"2019,2020,2021",WTK HOLDINGS BHD,WTK OIL MILL SDN BHD,WTK OIL MILL,Not RSPO Certified,,3/31/23,3.58,113.49,"3.576625, 113.488075",MYS,Malaysia,Sarawak,Bintulu,1-Fully Verified,,139.13,13913.01,183.02,211.99,21198.87,3.15,314.91,1.3,130.23,0.32,32.13,0.48,47.7,1.01,101.25,2.39,239.04,6.27,627.39,2.57,256.68,1.54,154.26,0.77,76.68,6.63,662.94,5.75,575.1,0.81,80.91,1.55,154.71,1.21,120.69,4.33,433.35,7.46,746.01,11.56,1156.5,17.84,1783.71,14.42,1442.43,3.14,314.46,19.78,1978.38,114.29,0.82,24.84,0.18,5,5,4
PO1000003963,"2020,2019,2021",YEE LEE CORPORATION BHD,YEE LEE PALM OIL INDUSTRIES SDN BHD,YEE LEE,Not RSPO Certified,,3/31/23,4.09,101.28,"4.08574, 101.280275",MYS,Malaysia,Perak,Batang Padang,1-Fully Verified,,276.53,27653.04,322.78,778.24,77823.9,2.64,264.42,3.01,300.51,0.98,98.37,1.94,194.13,1.77,176.58,0.53,52.92,2.68,268.2,2.53,253.44,5.04,503.73,4.71,471.42,3.87,387.36,3.32,332.01,2.19,218.97,2.16,216,3.21,321.48,5.1,510.39,6.49,648.72,2.76,276.03,4.23,423.45,2.14,214.47,3.47,347.31,2.36,235.89,67.16,0.24,209.37,0.76,3,1,3
PO1000003964,"2020,2021,2019",YPJ PLANTATIONS SDN BHD,YPJ PLANTATIONS SDN BHD,ALAF,Not RSPO Certified,,3/31/23,1.72,103.78,"1.718682, 103.782365",MYS,Malaysia,Johor,Kota Tinggi,1-Fully Verified,,140.15,14015.16,179.33,501.84,50184.18,2.63,263.34,1.64,163.89,0.46,46.44,2.57,256.77,4.04,403.56,3.23,323.01,1.1,110.16,0.31,30.51,1.19,118.8,0.72,72.45,0.99,99,2.25,225.27,3.81,381.33,10.26,1026,7.36,736.47,8.71,871.2,9.02,901.98,7.33,733.14,4.2,420.48,10.48,1047.69,9.21,920.7,1.04,104.13,92.56,0.66,47.59,0.34,5,4,3
PO1000003965,"2019,2021,2020",YUWANG GROUP,YUWANG PALM OIL MILL SDN BHD,YUWANG,Not RSPO Certified,,3/31/23,4.78,117.93,"4.776764, 117.934449",MYS,Malaysia,Sabah,Lahad Datu,1-Fully Verified,,206.51,20650.95,221.83,522.03,52202.97,2.1,210.42,6.48,647.73,0.81,80.82,4.45,444.69,0.78,78.03,0.92,92.07,1.05,104.85,1.32,132.03,0.28,28.35,2.26,226.17,0.95,94.95,2.24,224.1,0.05,4.59,4.1,409.68,10.95,1094.67,8.52,851.58,4.53,453.33,6.62,661.68,5.68,567.72,6.55,655.47,5.02,502.11,9.01,900.99,84.66,0.41,121.85,0.59,4,3,4
PO1000003966,"2020,2019,2021",HILLTOP PALMS SDN BHD,HILLTOP PALMS SDN BHD,TALI AYER,Not RSPO Certified,,3/31/23,5.05,100.52,"5.0523, 100.5156",MYS,Malaysia,Perak,Kerian,1-Fully Verified,,99.06,9906.03,287.21,597.65,59765.04,0.63,62.82,8.69,868.68,0.58,58.14,1.4,140.4,5.69,568.53,2.38,238.14,1.49,148.77,1.6,159.75,2.15,215.1,3.13,313.29,2.43,242.55,1.69,168.93,3.18,317.88,6,600.03,3.38,338.49,1.98,197.55,2.58,257.85,1.13,112.68,1.62,162.09,1.86,185.94,2.32,232.2,1.42,142.11,57.32,0.58,41.74,0.42,3,3,3
PO1000003970,"2021,2020,2019",SAMPOERNA AGRO,GUNUNG TUA ABADI,SUMBER SAWIT,RSPO Certified,"RSPO Certified, MB",3/31/23,-3.81,105.17,"-3.81, 105.17",IDN,Indonesia,Sumatera Selatan,Ogan Komering Ilir,1-Fully Verified,,223.31,22331.43,366.16,655.26,65526.3,2.18,217.53,5.35,535.23,2.34,234.18,6.06,605.52,4.79,479.25,4.19,419.22,7.34,733.86,5.02,502.29,32.01,3201.21,8.28,827.91,5.1,509.94,12.39,1239.21,0.64,64.17,3.23,323.37,3.05,304.92,2.67,266.94,1.9,189.63,1.63,162.63,12.21,1221.48,3.19,318.6,0.65,64.8,4.37,436.95,128.59,0.58,94.73,0.42,3,3,3
PO1000003976,"2019,2020,2021",TSH RESOURCES,SARANA PRIMA MULTI NIAGA,SARANA PRIMA MULTI NIAGA,RSPO Certified,"RSPO Certified, MB",3/31/23,-1.99,112.92,"-1.990717, 112.923133",IDN,Indonesia,Kalimantan Tengah,Kotawaringin Timur,1-Fully Verified,,166.41,16641.09,190.84,333.52,33352.2,0.32,32.22,6.99,699.3,3.3,330.48,26.6,2659.68,11.97,1197.18,30.09,3008.79,20.3,2030.31,9.55,955.17,8.14,814.32,6.78,677.79,6.21,621.36,7.17,717.39,1.25,125.28,3.26,325.8,3.64,363.87,3.48,348.3,2.72,272.43,1.16,116.01,1.01,100.8,0.94,94.23,1.03,103.32,1.44,143.82,157.38,0.95,9.03,0.05,2,5,1
PO1000003979,2020,UNKNOWN,AGROPECUARIA SANTA MARIA S.A.,ACEITES CIMARRONES SAS,Not RSPO Certified,,3/31/23,10.57,-74.21,"10.570139, -74.208778",COL,Colombia,Magdalena,Aracataca,1-Fully Verified,ACEITES LA UNION,409.64,40963.68,1285.96,3725.83,372583.35,0.61,60.66,0.24,24.3,0.67,66.51,1.73,173.07,0.94,94.5,0.49,48.78,1.02,101.88,3.79,379.44,2.86,285.84,0.22,22.23,2.52,252.09,1.49,148.86,1.89,188.55,2.87,286.74,4.19,418.86,5.3,529.74,34.71,3471.48,11.53,1153.44,7.95,794.61,11.12,1112.49,12.47,1247.22,18.46,1846.44,127.08,0.31,282.56,0.69,5,2,4
PO1000003980,2020,C.I BIOCOSTA S.A,AGROPECUARIA LA RIVERA GAITAN SAS,AGROPECUARIA LA RIVERA GAITAN SAS,Not RSPO Certified,,3/31/23,3.41,-73.75,"3.409536, -73.749542",COL,Colombia,Meta,Fuente de Oro,1-Fully Verified,,2420.32,242031.69,4651.62,7784.63,778462.65,13.75,1375.29,10.4,1040.4,5.69,569.07,12.15,1214.55,11.26,1125.54,15.05,1505.34,41.23,4123.35,18.05,1805.4,14.15,1414.71,33.34,3333.87,18.61,1860.57,11.76,1176.12,7.44,743.85,10.43,1042.65,6.58,658.44,11.22,1122.3,19.29,1929.42,14.38,1438.29,10.94,1094.49,13.42,1342.08,15.62,1562.49,12.69,1269.45,327.48,0.14,2092.84,0.86,2,1,3
PO1000003981,2020,C.I BIOCOSTA S.A,AGROPECUARIA SANTA MARIA S.A.,AGROPECUARIA SANTA MARIA S.A. (SAN MARTIN),RSPO Certified,"RSPO Certified, IP",3/31/23,3.52,-73.56,"3.515861, -73.558333",COL,Colombia,Meta,San Martín,1-Fully Verified,,488.24,48823.74,1335.89,3233.23,323323.29,3.29,328.68,2.87,287.01,2.13,213.03,9.06,905.67,7.5,749.52,7.49,749.34,3.64,364.32,8.33,833.04,6.66,665.82,6.94,693.72,3.55,355.05,3.44,343.53,2.35,234.63,1.94,193.77,1.16,115.65,1.79,178.92,1.67,167.31,3.3,330.39,4.23,423.45,4.21,420.57,4.11,411.48,2.87,287.01,92.52,0.19,395.72,0.81,2,1,3
PO1000003982,2020,UNKNOWN,COOPERATIVA AGROINDUSTRIAL DE PRODUCTORES DE PALMA ACEITERA R.L. (COOPEAGROPAL R.L.),COOPEAGROPAL EL ROBEL,Not RSPO Certified,,3/31/23,8.44,-82.94,"8.4358, -82.9447",CRI,Costa Rica,Puntarenas,Corredores,1-Fully Verified,,183.11,18310.68,240.44,420.91,42090.66,1.28,128.07,1.18,117.72,0.68,68.22,0.4,40.32,2.47,247.05,2.13,212.85,1.13,113.49,3.59,358.83,6.66,665.55,0.91,90.54,3.94,394.2,3.36,335.88,6.6,660.24,12.14,1214.46,1.92,192.06,1.15,114.84,2.37,237.24,1.67,167.4,4.22,421.56,1.7,170.28,1.8,180.09,1.68,167.58,62.98,0.34,120.12,0.66,3,2,3
PO1000003983,2020,UNKNOWN,ENTREPALMAS S.A.S.,ENTREPALMAS S.A.S.,RSPO Certified,"RSPO Certified, IP",3/31/23,3.56,-73.58,"3.564583, -73.579412",COL,Colombia,Meta,San Martín,1-Fully Verified,,251.96,25196.13,846.29,1708.31,170830.89,2.01,200.7,1.05,104.76,1.91,191.25,2.9,289.89,1.38,137.88,2.75,274.59,1.29,129.15,2.36,235.71,0.78,78.3,2.74,274.05,0.6,60.12,2.64,263.7,1.88,187.83,1.74,174.42,0.4,39.96,0.95,95.04,3.66,366.48,2.03,203.49,2.56,256.41,0.57,57.06,1.28,128.16,5.85,585.36,43.34,0.17,208.62,0.83,3,1,4
PO1000003985,2020,UNKNOWN,EXTRACTORA LA PAZ S.A.,EXTRACTORA LA PAZ S.A.,Not RSPO Certified,,3/31/23,3.71,-73.27,"3.711178, -73.272167",COL,Colombia,Meta,San Carlos de Guaroa,1-Fully Verified,,580.26,58025.79,2209.58,4422.89,442288.53,2.11,211.41,1.59,158.67,3.72,371.88,3.2,320.04,3.07,307.26,5.32,531.9,5.37,536.67,2.75,275.04,2.26,225.81,1.66,165.87,1.54,153.99,1.66,166.23,2.77,276.75,1.93,192.51,0.73,73.17,0.99,98.64,0.78,77.67,1.56,156.15,2.84,284.22,5.25,524.97,4.02,402.03,0.97,96.57,56.07,0.1,524.18,0.9,2,1,3
PO1000003988,2020,UNKNOWN,ACEITES MORICHAL S.A.,ACEITES MORICHAL,Not RSPO Certified,,3/31/23,3.93,-73.24,"3.92985, -73.242775",COL,Colombia,Meta,San Carlos de Guaroa,1-Fully Verified,,303.18,30317.67,1304.92,2552.12,255212.37,1,99.9,1.13,113.4,1.15,115.11,1.74,173.7,0.86,86.49,0.53,52.65,1.18,118.08,1.84,183.87,1.3,130.14,1.61,161.37,1.81,181.26,1.26,125.91,0.13,12.78,2.62,262.26,0.54,53.91,1.2,119.88,1.18,118.08,1.34,133.74,0.86,86.13,1.43,142.83,1.31,131.49,1.23,123.21,27.26,0.09,275.91,0.91,2,1,3
PO1000003989,2020,UNKNOWN,CIECOPALMA,QUEVEPALMA,Not RSPO Certified,,3/31/23,-0.97,-79.47,"-0.965756, -79.470027",ECU,Ecuador,Los Rios,Quevedo,1-Fully Verified,,1110.54,111054.24,1651.08,3102.27,310226.76,4.5,450.45,6.84,684.18,3.08,307.98,6.79,678.87,1.83,182.88,9.1,909.99,4.92,491.94,2.95,295.11,8.52,852.12,5.84,584.01,3.25,325.08,9.65,965.43,4,399.69,6.15,615.06,1.24,123.93,6.71,671.4,2.78,278.01,1.12,111.6,1.31,131.31,0.97,96.66,0.78,77.76,0.96,95.94,93.29,0.08,1017.25,0.92,1,1,3
PO1000003990,2020,C.I BIOCOSTA S.A,INVERSIONES LA MEJORANA S.A.S,INVERSIONES LA MEJORANA S.A.S,Not RSPO Certified,,3/31/23,3.96,-73.63,"3.961281, -73.626778",COL,Colombia,Meta,Acacías,1-Fully Verified,,100.19,10018.62,309.38,816.6,81659.97,0.11,10.53,0.23,22.95,0.19,19.17,0.29,29.25,1.13,113.04,0.13,13.23,1.58,157.95,0.42,42.3,0.49,48.96,0.66,65.79,1.9,190.08,0.81,80.73,0.13,12.6,0.43,43.38,0.09,9.36,0.08,7.92,0.4,40.32,0.4,39.69,0.4,40.41,0.21,21.24,0.27,26.73,0.58,58.05,10.94,0.11,89.25,0.89,2,1,3
PO1000003991,2020,OLEANA/GRUPO ALZAMORA,EXTRACTOCOCA EXTRACTORA RIO COCA S.A.,EXTRACTORA RIO COCA,Not RSPO Certified,,3/31/23,-0.38,-77,"-0.382502778, -76.995475",ECU,Ecuador,Orellana,Orellana,1-Fully Verified,,7278.56,727855.74,6622.47,9642.57,964256.67,31.48,3148.47,41.94,4193.91,18.35,1835.01,31.89,3189.42,27.91,2791.08,33.42,3342.33,32.37,3237.39,69.57,6956.91,38.68,3867.66,56.17,5616.99,78.58,7857.63,86.75,8675.1,73.87,7387.47,35.43,3542.67,62.41,6240.96,73.29,7329.06,207.5,20749.95,73.68,7368.48,77.64,7764.48,132.28,13227.84,88.23,8822.88,138.88,13887.72,1510.33,0.21,5768.22,0.79,3,1,4
PO1000003992,2020,UNKNOWN,ALIANZA ORIENTAL S.A.,ALIANZA ORIENTAL S.A.,RSPO Certified,"RSPO Certified, IP",3/31/23,4,-73.58,"3.995075, -73.58075",COL,Colombia,Meta,Villavicencio,2-High Confidence,,60.3,6030.45,275.89,575.56,57556.08,0.45,44.82,0.22,22.32,0.06,6.21,0.69,69.12,1.39,138.87,0.18,17.73,0.23,23.31,0.54,54.36,0.32,31.86,1.24,123.57,0.91,90.54,0.78,78.12,0.02,2.07,0.46,46.26,0.35,34.83,0.31,31.23,0.27,27,0.22,21.69,0.15,14.94,0.18,18.36,0.76,75.69,0.88,88.02,10.61,0.18,49.7,0.82,3,1,4
PO1000003993,2020,OLEANA/GRUPO ALZAMORA,EXTRACTORA LA SEXTA S.A.,LA SEXTA,Not RSPO Certified,,3/31/23,0.29,-79.27,"0.290028, -79.27319444",ECU,Ecuador,Esmeraldas,Quinindé,1-Fully Verified,,1533.68,153368.19,1628.47,4300.03,430003.35,8.36,836.37,11.81,1180.98,0.2,20.25,5.95,595.17,4.2,420.39,11.49,1148.76,3.17,317.34,6.38,637.92,11.54,1154.07,5.76,576.09,3.65,365.31,9.87,986.58,4.01,400.77,6.71,670.77,9.07,907.29,4.92,492.12,7.29,728.64,2.77,277.02,1.67,166.77,0.54,53.91,3.38,337.77,3.82,381.96,126.56,0.08,1407.12,0.92,1,1,3
PO1000003995,2020,OLEANA/GRUPO ALZAMORA,ALCOPALMA S.A.,TEOBROMA,RSPO Certified,"RSPO Certified, IP",3/31/23,-0.05,-79.35,"-0.046694, -79.352139",ECU,Ecuador,Santo Domingo de los Tsachilas,La Concordia,3-Low Confidence,,18.98,1897.65,21.35,44.38,4438.35,0.71,71.28,0.22,22.32,0,0,0.2,20.34,0.14,13.86,0.16,15.66,0.17,17.19,0.52,52.38,0.35,34.92,0.61,61.38,0.17,17.28,0.31,30.87,0.14,13.5,0.13,12.78,0.22,22.32,0.04,4.5,0.03,2.88,0.01,0.72,0.03,2.79,0,0.09,0,0.27,0,0,4.17,0.22,14.8,0.78,1,1,3
PO1000003996,2020,UNKNOWN,SAPUGA S.A.,SAPUGA S.A.,Not RSPO Certified,,3/31/23,4.15,-72.04,"4.147981, -72.037175",COL,Colombia,Meta,Puerto Gaitán,2-High Confidence,,182.78,18277.56,1881.05,5505.78,550578.42,0.19,19.26,0.07,6.66,0.07,6.66,0.18,18.09,0.36,35.73,0.23,22.59,0.32,32.13,0.25,25.47,0.17,16.83,0.15,15.12,0.07,7.2,0.2,20.16,0.02,1.89,0.03,3.24,0.04,3.6,0.34,33.57,0.08,8.28,0.23,23.13,0.45,45.18,0.3,29.61,3.63,363.42,6.05,604.8,13.43,0.07,169.35,0.93,4,1,4
PO1000003999,2020,INPARME S.A.,HACIENDA LA CABAÑA S.A.,HACIENDA LA CABAÑA S.A.,RSPO Certified,"RSPO Certified, MB",3/31/23,4.3,-73.36,"4.301186, -73.35635",COL,Colombia,Cundinamarca,Paratebueno,2-High Confidence,,1143.53,114353.1,2378.38,5728.51,572850.99,1.49,149.13,1.98,198.45,1.37,136.62,3.46,346.05,2.25,225.09,1.95,195.48,1.62,162.45,2.12,212.04,1.82,182.07,4.19,418.77,4.71,470.61,6.02,602.28,0.63,62.82,0.53,53.46,0.85,85.23,0.79,79.02,1.54,154.35,1.25,124.92,1.07,106.65,0.75,75.24,1.14,113.67,1.84,183.87,43.38,0.04,1100.15,0.96,1,1,3
PO1000004000,2020,NATURACEITES S.A.,NATURACEITES S.A.,FRAY MILL / YALCOBE,Not RSPO Certified,,3/31/23,15.79,-89.85,"15.787694, -89.847944",GTM,Guatemala,Alta Verapaz,Fray Bartolomé de las Casas,1-Fully Verified,,3376.62,337661.55,3891.32,6899.66,689966.1,30.35,3034.8,25.15,2515.14,23.64,2364.3,20.72,2072.34,26.77,2676.51,24.52,2452.23,49.16,4915.89,43.33,4332.96,45.41,4541.4,44.17,4416.93,30.26,3026.25,68.1,6810.03,57.59,5759.37,57.94,5793.75,38.84,3884.13,319.33,31933.35,92.32,9231.57,85.47,8546.85,84.64,8464.41,81.68,8168.49,56.62,5661.54,46.16,4616.46,1352.19,0.4,2024.43,0.6,3,3,3
PO1000004003,2020,UNKNOWN,PALMERAS SANTANA LTDA,PALMERAS SANTANA LTDA,RSPO Certified,"RSPO Certified, MB",3/31/23,4.56,-72.91,"4.564131, -72.907618",COL,Colombia,Casanare,Villanueva,1-Fully Verified,,637.35,63734.76,1361.11,3118.54,311853.78,0.87,86.58,0.65,64.53,0.67,66.51,0.99,98.82,0.81,80.91,1.71,171,1.41,141.48,3.69,368.73,3.75,375.21,1.6,159.93,2.48,247.86,3.75,375.21,0.76,75.87,0.85,85.05,2.51,251.1,2.15,215.28,2.33,232.83,2.57,256.59,2.52,252.36,1.45,145.08,1.35,135,1.57,156.69,40.43,0.06,596.92,0.94,1,1,3
PO1000004005,2020,C.I BIOCOSTA S.A,EXTRACTORA CUSIANA LTDA,EXTRACTORA CUSIANA LTDA,Not RSPO Certified,,3/31/23,4.6,-72.83,"4.595056, -72.827423",COL,Colombia,Casanare,Villanueva,2-High Confidence,,194.32,19432.08,592.5,1437.09,143709.39,0.91,91.08,0.83,82.98,0.72,71.55,2.81,280.89,1.26,126,2.27,227.16,1.79,179.28,2.19,218.97,1.73,172.89,2.62,262.44,2.97,296.91,6.29,628.74,2.86,286.29,4.9,490.05,4.46,445.68,4.62,462.42,3.06,305.64,1.03,102.6,7.69,768.96,2.47,246.69,1.43,142.65,0.69,68.58,59.58,0.31,134.74,0.69,2,2,3
PO1000004007,2020,MANUELITA,PALMAR DE ALTAMIRA S.A.S.,PALMAR DE ALTAMIRA S.A.S.,RSPO Certified,"RSPO Certified, IP",3/31/23,4.75,-71.68,"4.750511, -71.682461",COL,Colombia,Casanare,Orocué,1-Fully Verified,,602.87,60286.95,4928.44,8354.55,835454.97,0.96,96.12,1.1,110.07,0.37,37.17,0.71,70.92,0.59,59.4,1.54,153.9,1.31,130.68,2.06,205.92,1.16,116.37,0.32,32.04,0.45,44.82,0.78,78.3,0.52,52.11,1.02,101.52,1.24,123.57,1.99,198.9,4.46,446.13,3.79,378.9,0.91,91.26,2.27,227.25,4.87,486.63,5.52,552.42,37.94,0.06,564.93,0.94,3,1,3
PO1000004008,2020,UNKNOWN,PALMEROS DE AGUAN S.A.  (PALMASA),PALMEROS DE AGUAN S.A. (PALMASA),Not RSPO Certified,,3/31/23,15.76,-85.77,"15.761267, -85.768067",HND,Honduras,Colón,Bonito Oriental,1-Fully Verified,,2769.1,276910.02,3281.09,4739.72,473971.77,30.04,3003.57,21.31,2131.29,33.18,3317.94,22.07,2206.8,30.35,3034.98,34.78,3478.41,32.86,3286.26,38.74,3873.51,33.18,3318.48,35.33,3533.04,9.69,969.21,44.87,4486.68,34.93,3493.08,69.21,6920.55,43.34,4333.59,113.87,11387.16,65.77,6577.02,53.28,5328.27,87.68,8767.8,64.41,6440.67,34.03,3402.63,28.33,2832.84,961.24,0.35,1807.86,0.65,3,2,3
PO1000004009,"2020,2019",DINANT,EXPORTADORA DEL ATLANTICO (DINANT),PLANTA EXTRACTORA AGUAN,Not RSPO Certified,,3/31/23,15.73,-85.86,"15.728, -85.857472",HND,Honduras,Colón,Tocoa,1-Fully Verified,,80.54,8053.56,107.01,196.96,19695.78,1.05,105.3,0.41,41.31,0.44,44.01,0.45,45.09,1.12,111.87,0.45,44.55,1.12,112.05,0.71,71.28,0.48,47.79,0.78,77.67,0.15,14.76,1.24,124.2,0.7,70.38,2.46,246.33,1.32,131.85,1.73,173.43,1.5,150.3,0.54,53.73,0.51,50.58,0.76,75.6,0.25,24.66,0.59,59.13,18.76,0.23,61.78,0.77,2,1,3
PO1000004011,"2019,2020",DINANT,EXPORTADORA DEL ATLANTICO (DINANT),PLANTA EXTRACTORA LEAN,Not RSPO Certified,,3/31/23,15.6,-87.39,"15.598056, -87.393333",HND,Honduras,Atlántida,Arizona,1-Fully Verified,,1456.63,145662.84,2192.61,4959.58,495958.23,5.13,513.45,6.97,696.51,6.68,668.34,10.48,1048.23,7.4,739.71,9.4,939.78,11.75,1175.04,10.09,1009.17,11.88,1187.82,6.67,666.99,11.65,1164.51,7.73,772.56,11.83,1183.32,13.43,1342.8,13.9,1390.32,23.26,2326.41,35.01,3501.18,22.58,2257.74,26.55,2654.64,22.12,2211.84,25.34,2534.49,12.01,1200.6,311.85,0.21,1144.77,0.79,3,1,3
PO1000004012,2020,SACEITES,EXTRACTORA MONTERREY  S.A.,EXTRACTORA MONTERREY  S.A.,RSPO Certified,"RSPO Certified, IP, MB",3/31/23,7.3,-73.88,"7.29856, -73.88373",COL,Colombia,Santander,Puerto Wilches,1-Fully Verified,,244.13,24413.22,361.93,1057.5,105749.82,2.16,215.73,2.08,208.26,2.24,223.74,2.25,225.45,3.87,387,2.18,217.98,4.86,485.73,2.49,249.03,4.83,483.48,2.77,277.2,1.65,164.88,9.03,903.06,1.71,171.45,3.26,325.8,3.01,300.87,4.16,416.43,4.33,432.63,1.85,184.95,1.69,168.93,2.14,214.29,1.41,141.03,2.27,226.8,66.25,0.27,177.88,0.73,2,2,3
PO1000004013,"2020,2021,2019",UNKNOWN,SPO AGRO INDUSTRIES,SPO AGRO INDUSTRIES,Not RSPO Certified,,3/31/23,8.52,99.23,"8.5199, 99.228",THA,Thailand,Surat Thani,Prasaeng,1-Fully Verified,,1157.26,115726.14,1559.09,2442.39,244238.76,10.79,1078.65,14.22,1422.27,14.54,1454.4,18.29,1828.53,20.12,2011.77,26.71,2671.11,11.14,1114.47,14.38,1437.84,29.31,2930.94,35.57,3557.16,11.9,1189.98,13.44,1344.06,16.2,1620.45,27.51,2751.39,28.43,2842.74,41.2,4120.38,70.91,7090.65,50.02,5001.84,40.96,4095.9,40.97,4097.07,41.58,4157.64,39.28,3927.96,617.47,0.53,539.79,0.47,5,3,4
PO1000004014,2020,UNKNOWN,PALMERAS DE PUERTO WILCHES S.A.,PALMERAS DE PUERTO WILCHES S.A.,Not RSPO Certified,,3/31/23,7.34,-73.84,"7.339056, -73.837389",COL,Colombia,Santander,Puerto Wilches,1-Fully Verified,,197.24,19723.68,258.44,481.99,48198.78,2.83,282.6,3.5,350.28,2.12,212.49,1.1,109.62,0.3,29.61,0.78,78.39,0.99,99.36,1.09,108.9,2.33,232.65,1.03,103.14,2.8,280.44,7.25,725.49,4.04,404.46,8.83,883.08,0.56,55.71,1.46,146.07,3.18,318.24,1.12,112.05,1.57,157.32,1,99.9,0.84,84.24,2.76,275.58,51.5,0.26,145.74,0.74,3,2,3
PO1000004015,"2020,2019,2021",UNKNOWN,SAENGSIRI AGRO‐INDUSTRIES CO. LTD,SAENGSIRI AGRO‐INDUSTRIES CO. LTD,Not RSPO Certified,,3/31/23,9.08,99.43,"9.0844, 99.4285",THA,Thailand,Surat Thani,Kanchanadit,1-Fully Verified,,1412.1,141209.73,1982.65,3334.88,333488.07,13.61,1361.43,13.28,1327.68,12.57,1257.12,18.19,1818.63,14.23,1422.99,19.71,1970.82,8.88,888.39,24.11,2411.01,22.5,2249.91,27.06,2705.58,17.92,1791.9,18.64,1863.99,15.7,1569.96,36.7,3669.84,36.42,3641.76,51.49,5148.63,71.9,7190.19,46.4,4640.04,42.05,4204.62,42.91,4291.38,49.25,4924.89,35.84,3583.89,639.35,0.45,772.75,0.55,4,3,4
PO1000004016,2020,UNKNOWN,EXTRACTORA VIZCAYAS S.A.S.,EXTRACTORA VIZCAYAS S.A.S.,Not RSPO Certified,,3/31/23,7.58,-73.95,"7.575389, -73.950528",COL,Colombia,Bolívar,Simití,2-High Confidence,,2779.43,277943.13,3228.09,5394.98,539498.07,36.4,3639.96,24.36,2435.76,16.7,1669.86,20.97,2097,23.52,2351.7,32.11,3210.66,23.1,2309.85,14.48,1447.65,26.03,2602.98,25.16,2516.31,15.91,1590.75,22.62,2261.88,15.57,1556.82,19.21,1921.41,22.18,2217.51,22.89,2289.33,47.68,4767.66,31.12,3112.29,35.9,3589.92,39.26,3926.07,25.84,2583.63,22.58,2258.37,563.57,0.2,2215.86,0.8,3,1,3
PO1000004017,2020,MERCASID,INDUSPALMA DOMINICANA SA,INDUSPALMA DOMINICANA,Not RSPO Certified,,3/31/23,18.73,-69.76,"18.7254, -69.7641",DOM,Dominican Republic,Monte Plata,Monte Plata,1-Fully Verified,,2392.42,239242.23,5845.37,8856.36,885636.45,18.46,1845.99,17.24,1723.95,27.37,2736.54,30.13,3012.57,33.69,3368.97,14.82,1482.21,22.74,2273.67,26.55,2654.73,18.96,1895.85,32.21,3220.56,18.29,1829.07,22.64,2263.59,24.95,2495.16,30.35,3034.98,20.08,2008.35,42.43,4242.6,66.83,6683.31,36.48,3648.33,39.83,3983.22,57.11,5711.04,35.44,3544.02,28.98,2897.64,665.56,0.28,1726.86,0.72,3,2,3
PO1000004019,2020,C.I BIOCOSTA S.A,COOPERATIVA PALMAS DE RISARALDA LTDA,COOPAR LTDA,Not RSPO Certified,,3/31/23,8.2,-72.55,"8.20255, -72.548675",COL,Colombia,Norte de Santander,San José de Cúcuta,1-Fully Verified,,1380.52,138052.08,2361.58,5432.6,543260.25,22.23,2223.09,15.31,1530.63,8.97,897.21,14.47,1446.66,11.04,1103.58,12.4,1240.11,14.63,1462.59,14.55,1454.58,24.39,2439.36,21.61,2161.44,4.16,416.25,26.78,2677.68,6.96,696.33,13.65,1365.03,11.31,1130.67,19.7,1970.37,29.8,2979.63,22.18,2218.32,18.87,1886.94,16.73,1672.92,16.94,1693.62,13.42,1341.54,360.09,0.26,1020.44,0.74,3,2,3
PO1000004020,2020,GRUPO PALMAS / PALMAS DEL ESPINO,INDUSTRIAS DEL ESPINO S.A.,EXTRACTORA PALMAWASI,RSPO Certified,"RSPO Certified, MB",3/31/23,-8.34,-76.49,"-8.335, -76.4911",PER,Peru,San Martín,Tocache,1-Fully Verified,,3029.4,302940.36,3082.32,6007.34,600733.98,13.81,1381.05,9.65,965.16,14.71,1471.14,14.65,1464.57,28.44,2844.09,14.16,1415.52,21.55,2154.6,11.83,1183.05,25.14,2514.15,24.54,2454.39,14.81,1480.95,48.84,4883.76,27.35,2734.74,30.74,3074.49,29,2900.07,36.46,3646.26,41.78,4177.62,29.7,2969.82,29.04,2904.3,34.89,3489.12,30.96,3095.73,20.33,2032.56,552.37,0.18,2477.03,0.82,3,1,3
PO1000004025,2020,C.I BIOCOSTA S.A,PALMAGRO S.A.,PALMAGRO,Not RSPO Certified,,3/31/23,9.65,-73.57,"9.6514, -73.56629",COL,Colombia,Cesar,Agustín Codazzi,1-Fully Verified,PALMAGRO,1879.37,187937.01,4784.52,8804.35,880435.35,17.32,1732.32,11.37,1137.42,42.12,4211.91,12.2,1219.59,13,1299.78,17.48,1747.53,37.38,3737.61,12.79,1278.63,20.5,2050.47,11.51,1151.28,7.9,790.29,17.33,1733.31,12.85,1284.75,23.58,2357.82,18.03,1803.42,32.29,3228.75,28.58,2857.68,22.31,2231.19,18.98,1897.56,25.38,2537.55,19.86,1986.12,20.44,2043.99,443.19,0.24,1436.18,0.76,3,1,3
PO1000004026,2020,UNKNOWN,EXTRACTORA SICARARE LTDA,EXTRACTORA SICARARE LTDA,RSPO Certified,"RSPO Certified, IP, MB",3/31/23,9.93,-73.26,"9.931944, -73.262494",COL,Colombia,Cesar,Agustín Codazzi,1-Fully Verified,,951.87,95187.24,1135.01,2237.67,223766.64,1.94,193.59,0.9,90.09,4.36,435.69,1.07,107.28,1.38,138.06,1.21,121.41,3.7,369.81,1.59,158.85,1.39,139.41,2.09,209.07,1.42,142.02,1.25,125.46,0.53,53.28,1.71,170.73,1.36,136.17,8.07,806.58,17.96,1795.68,3.32,331.92,1.39,138.6,2.68,267.84,1.79,178.74,2.8,279.72,63.9,0.07,887.97,0.93,1,1,3
PO1000004030,2019,FAMAR S.A.,EL ROBLE S.A,EXTRACTORA EL ROBLE S.A.,RSPO Certified,"RSPO Certified, IP",3/31/23,10.67,-74.22,"10.671, -74.215165",COL,Colombia,Magdalena,Ciénaga,1-Fully Verified,,167.38,16737.93,182.62,479.27,47926.71,0.43,43.47,0.65,64.71,0.78,78.3,0.99,99.18,0.25,24.75,0.32,31.59,0.51,51.03,3.05,305.46,2.67,266.67,1.45,144.9,2.29,229.05,3.27,327.06,2.33,233.28,4.45,445.05,4.38,437.85,6.48,648.09,3.57,356.58,3.43,343.35,0.95,94.95,3.38,338.04,8.07,807.12,13.36,1335.6,67.06,0.4,100.32,0.6,5,3,5
PO1000004031,2020,EXTRACTORA FRUPALMA S.A.,FRUPALMA S.A,FRUPALMA S.A,Not RSPO Certified,,3/31/23,10.7,-74.19,"10.70444, -74.194826",COL,Colombia,Magdalena,Ciénaga,1-Fully Verified,,56.11,5610.69,82.83,189.29,18928.8,0.49,49.41,0.2,20.16,0.75,75.42,0.65,64.8,0.44,43.74,0.63,63.18,0.63,62.91,0.86,85.95,0.5,49.5,0.24,24.3,1.48,147.69,0.75,74.88,0.62,61.83,0.77,76.68,1.08,107.64,1.03,102.96,0.89,88.74,1.19,119.16,0.36,35.82,1.26,126.36,2.86,285.57,2.79,278.55,20.45,0.36,35.65,0.64,5,3,5
PO1000004032,2020,C.I BIOCOSTA S.A,PALMAS OLEAGINOSAS DEL MAGDALENA LTDA (PALDEMA),"PALMAS OLEAGINOSAS DEL MAGDALENA LTDA (PALDEMA, PADELMA)",Not RSPO Certified,,3/31/23,10.72,-74.2,"10.722222, -74.2",COL,Colombia,Magdalena,Ciénaga,1-Fully Verified,,715.18,71518.05,993.59,1824.34,182434.32,0.62,61.74,0.74,74.16,1.42,142.29,1.78,177.93,1.56,156.24,1.81,180.63,1.44,144,3.32,331.83,3.38,337.95,1.58,158.31,3.64,363.6,4.61,461.25,3.23,323.46,5.32,531.99,2.78,277.56,14.52,1452.15,19.39,1938.51,11.33,1132.65,8.32,832.32,7.64,763.92,11.26,1126.44,17.29,1729.35,126.98,0.18,588.2,0.82,3,1,4
PO1000004055,"2020,2021,2019",MEDCO AGRO,KRIYA SWARNA PUBIAN,KRIYA SWARNA PUBIAN,Not RSPO Certified,,3/31/23,-5.06,104.88,"-5.0637, 104.876633",IDN,Indonesia,Lampung,Lampung Tengah,1-Fully Verified,,1334.98,133497.63,1685.34,3079.48,307947.78,18.05,1804.68,8.73,873.45,7.31,730.71,3.8,379.71,4.3,430.38,6.52,651.78,17.05,1704.6,5.38,537.57,19.12,1911.69,11.46,1145.52,14.52,1451.79,14.26,1425.87,1.93,193.14,4.26,425.79,2.67,267.3,8.58,858.24,7.68,768.42,7.19,718.56,8.71,871.38,8.2,819.63,7.32,731.52,4.15,414.63,191.16,0.14,1143.81,0.86,2,1,3
PO1000004056,2020,MAKIN,WAHANA KARYA MANDIRI KAHURIPAN,BUNGA MAYANG,Not RSPO Certified,,3/31/23,-4.47,104.26,"-4.471586, 104.255916",IDN,Indonesia,Sumatera Selatan,Ogan Komering Ulu Timur,1-Fully Verified,,2323.04,232304.31,2648.32,5125.11,512510.94,11.7,1170.09,14.76,1476.45,9.82,982.17,14.96,1495.89,25.74,2574,27.77,2776.68,15.79,1579.23,15.69,1568.7,37.21,3720.78,29.79,2979.45,39.21,3921.21,56.59,5658.57,25.09,2509.38,67.78,6777.81,40.77,4076.91,51.8,5180.4,44.54,4454.28,43.3,4329.9,38.13,3813.3,35,3499.74,23.08,2308.05,31.42,3141.72,699.95,0.3,1623.1,0.7,3,2,3
PO1000004059,"2020,2019,2021",TRINITY INTERLINK,SINAR BENGKULU SELATAN,SINAR BENGKULU SELATAN,Not RSPO Certified,,3/31/23,-4.38,102.84,"-4.3782, 102.8406",IDN,Indonesia,Bengkulu,Bengkulu Selatan,1-Fully Verified,,1345.77,134577.18,1428.95,3022.4,302240.25,7.85,784.53,13.15,1315.35,3.95,395.46,21.25,2125.26,11.8,1179.54,24.01,2400.66,5.31,531.45,22.71,2270.61,6.39,638.91,10.56,1056.24,12.83,1283.22,22.75,2275.38,6.5,650.34,12.71,1271.34,15.23,1523.16,17.05,1705.41,16.53,1652.58,16.47,1647.45,12.14,1213.56,11.6,1160.1,8.46,846.45,14.54,1453.5,293.8,0.22,1051.97,0.78,3,1,3
PO1000004060,"2021,2020,2019",SINAR JAYA AGRO INVESTAMA (SJAI),MENGGALA SAWITINDO,MENGGALA SAWITINDO,Not RSPO Certified,,3/31/23,-4.35,105.27,"-4.350847, 105.270936",IDN,Indonesia,Lampung,Tulangbawang,1-Fully Verified,,324.86,32485.77,1384.37,2850.46,285046.47,4.93,493.47,1.88,187.83,1.1,110.07,2.66,265.68,6.82,682.02,4.53,452.97,4.8,479.79,5.76,575.73,12.85,1285.47,6.08,607.86,10.51,1051.11,12.76,1275.93,2.33,232.56,9.4,939.78,12.87,1287.09,24.6,2460.15,9.35,934.92,15.31,1530.99,16.31,1630.89,11.57,1157.49,8.41,840.51,6.17,617.4,191,0.59,133.86,0.41,3,3,3
PO1000004061,2021,PTPN III,PERKEBUNAN NUSANTARA VII,UNIT TALO PINO,Not RSPO Certified,,3/31/23,-4.25,102.71,"-4.2467079, 102.712486",IDN,Indonesia,Bengkulu,Seluma,1-Fully Verified,,937.46,93745.53,986.47,2377.37,237736.53,6.18,618.48,7.75,775.35,2.29,229.41,13.83,1383.12,7.67,767.34,17.68,1768.41,5.15,515.43,21.26,2125.53,6.52,651.69,11.92,1191.51,15.41,1540.71,20.72,2071.62,4.57,457.11,9.96,995.58,10.96,1096.29,12.76,1275.75,13.44,1343.97,12.67,1266.66,10.07,1006.65,9.18,918.18,6.83,682.83,9.42,941.85,236.23,0.25,701.22,0.75,3,2,3
PO1000004063,"2020,2021,2019",UNKNOWN,SURYA UTAMA NABATI,SURYA UTAMA NABATI,Not RSPO Certified,,3/31/23,-4.19,105.22,"-4.188889, 105.220556",IDN,Indonesia,Lampung,Tulang Bawang Barat,1-Fully Verified,,275.74,27574.47,970.69,1507.67,150767.37,9.77,977.49,4.73,473.49,3.52,352.17,6.09,609.48,8.55,855.36,9.66,965.97,15.7,1570.32,13,1300.5,22.19,2219.22,7.24,724.23,18.68,1867.77,14.03,1402.83,2.3,230.22,12.46,1245.78,31.76,3175.83,44.76,4475.97,8.46,846,19.08,1907.82,26.35,2635.38,7.55,755.37,15.11,1510.83,14.45,1445.4,275.74,1,0,0,5,5,2
PO1000004064,"2019,2020",TUDUNG,GARUDA BUMI PERKASA,GARUDA BUMI PERKASA,Not RSPO Certified,,3/31/23,-4.03,105.16,"-4.0299, 105.1588",IDN,Indonesia,Lampung,Mesuji,1-Fully Verified,,53.31,5330.61,302.39,659.26,65925.54,1.46,145.71,0.4,40.5,0.18,17.82,0.55,55.26,0.27,27.18,0.7,69.93,0.58,58.14,2.31,230.85,1.04,104.49,1.73,172.53,0.9,90.09,2.1,209.79,0.18,18.09,1.07,107.28,2.01,201.42,2.49,249.39,2.02,202.23,3.94,394.11,2.27,227.07,3.36,335.61,1.27,127.17,4.18,417.6,35.02,0.66,18.28,0.34,5,4,4
PO1000004065,"2020,2019",RAJAWALI NUSANTARA INDONESIA (RNI),MITRA OGAN,PKS I,Not RSPO Certified,,3/31/23,-3.9,104.35,"-3.896472, 104.3545",IDN,Indonesia,Sumatera Selatan,Ogan Komering Ulu,1-Fully Verified,,659.81,65981.07,823.52,1227.81,122780.97,10.1,1010.34,18.59,1859.04,8.77,877.41,20,1999.98,33.43,3342.69,33.78,3377.79,35.32,3532.23,17.65,1764.63,30.03,3003.12,19.92,1992.15,26.18,2617.74,33.21,3321.18,9.5,950.04,15.63,1563.03,11.57,1156.77,16.53,1652.76,13.36,1335.96,12.44,1243.71,9.31,930.6,9.95,995.04,5.66,565.83,6.09,608.94,397.01,0.6,262.8,0.4,3,3,3
PO1000004066,"2021,2020",PTPN III,PERKEBUNAN NUSANTARA XIII,PELAIHARI,Not RSPO Certified,,3/31/23,-3.73,114.79,"-3.725467, 114.786267",IDN,Indonesia,Kalimantan Selatan,Tanah Laut,1-Fully Verified,,1198.01,119801.07,3237.58,6550.96,655096.14,9.38,937.8,8.01,800.82,15.67,1567.08,16,1599.93,10.15,1014.66,29.02,2901.87,17.39,1738.98,11.14,1113.84,23.25,2324.97,13.17,1317.42,22.12,2211.93,38.18,3818.43,17.61,1760.58,38.24,3824.19,36.45,3644.91,42.84,4283.91,20.29,2028.87,17.08,1707.66,15.36,1536.03,10.39,1038.6,17.12,1712.43,13.68,1368.09,442.53,0.37,755.48,0.63,3,3,3
PO1000004067,"2020,2021,2019",UNKNOWN,SAWIT MULIA,SAWIT MULIA,Not RSPO Certified,,3/31/23,-3.63,102.21,"-3.634526, 102.212235",IDN,Indonesia,Bengkulu,Bengkulu Tengah,1-Fully Verified,,599.69,59969.25,641.68,1452.87,145287.18,5.38,537.66,3.3,329.76,2.1,209.52,5.08,508.32,4.23,423.27,9.6,960.48,6.48,648.36,10.55,1055.07,11.63,1162.71,10.24,1023.57,15.26,1525.59,15.68,1568.16,9.94,994.05,12.88,1288.17,9.2,920.07,14.23,1422.63,17.89,1788.84,16.32,1632.06,11.94,1194.3,9.24,923.67,8.76,876.33,14.51,1450.98,224.44,0.37,375.26,0.63,3,3,3
PO1000004068,"2019,2020,2021",SINAR MAS,SAWIT MAS SEJAHTERA,SUNGAI KIKIM,Not RSPO Certified,,3/31/23,-3.63,103.22,"-3.633013, 103.219098",IDN,Indonesia,Sumatera Selatan,Lahat,1-Fully Verified,,1954.85,195485.49,2189.36,4372.81,437280.84,15.18,1517.76,6.44,643.86,2.44,243.99,21.98,2197.89,20.64,2064.24,31.61,3161.07,6.41,640.89,44.64,4463.82,16.67,1666.53,22.12,2211.93,19.14,1914.3,39.83,3983.31,12.03,1202.94,24.25,2424.69,30.89,3088.71,42.93,4292.82,31.39,3139.47,62.25,6224.94,26.28,2627.55,24,2399.76,18.2,1819.71,43.77,4376.52,563.07,0.29,1391.79,0.71,3,2,3
PO1000004070,"2020,2021,2019",EAGLE HIGH PLANTATIONS,SURYABUMI TUNGGAL PERKASA,BATU BULAN,Not RSPO Certified,,3/31/23,-3.34,115.77,"-3.337111, 115.771",IDN,Indonesia,Kalimantan Selatan,Tanah Bumbu,1-Fully Verified,,1264.39,126439.2,1296.13,2463.44,246344.13,9.54,954.09,15.03,1503.18,6.39,639.27,10.98,1097.55,7.68,768.06,28.5,2849.67,15.61,1561.32,7.62,761.94,23.06,2305.62,25.9,2589.66,52.88,5288.4,41.92,4191.93,18.2,1819.62,46.1,4610.16,74.13,7413.03,26.41,2641.14,25.7,2569.5,50.28,5027.58,26.18,2618.19,6.24,624.15,11.53,1152.9,6.42,641.52,536.28,0.42,728.11,0.58,2,3,3
PO1000004072,"2020,2021,2019",UNKNOWN,AGRICINAL,AGRICINAL,Not RSPO Certified,,3/31/23,-3.2,101.63,"-3.200972, 101.630139",IDN,Indonesia,Bengkulu,Bengkulu Utara,1-Fully Verified,,206.16,20616.03,288.8,510.86,51086.16,3.57,357.12,1.36,135.9,1.35,134.55,2.43,243.36,0.48,47.97,2.94,294.03,4.72,471.51,1.55,154.8,1.34,133.92,0.63,62.91,2.59,259.29,1.01,100.62,1.05,105.48,2.86,285.84,0.79,79.2,1.4,139.68,3.41,341.46,3.88,388.08,1.64,163.71,1.69,169.02,3.65,364.59,13.97,1396.8,58.3,0.28,147.86,0.72,5,2,5
PO1000004075,"2019,2020,2021",UNKNOWN,KARYA INDO SEJATITAMA,KARYA INDO SEJATITAMA,Not RSPO Certified,,3/31/23,-3,102.79,"-2.997939, 102.787836",IDN,Indonesia,Sumatera Selatan,Musi Rawas,1-Fully Verified,,1270.12,127011.51,1316.93,1798.46,179846.46,15.16,1515.69,7.02,702.36,0.5,50.22,17.58,1758.33,6.8,680.31,27.79,2778.57,1.49,149.13,31.26,3125.7,17.7,1770.48,16.31,1631.34,4.56,455.94,34.03,3403.26,8.52,852.12,18.73,1872.9,18.97,1897.11,34.72,3471.75,16.79,1679.4,19.98,1997.91,15.39,1538.64,14.44,1444.05,9.63,962.91,20.07,2007.18,357.45,0.28,912.66,0.72,3,2,3
PO1000004078,"2021,2020,2019",SUPERVENTURE,BUMI MENTARI KARYA,BUMI MENTARI KARYA,Not RSPO Certified,,3/31/23,-2.88,101.42,"-2.87559, 101.423755",IDN,Indonesia,Bengkulu,Mukomuko,1-Fully Verified,,79.28,7928.28,116.08,282.09,28209.33,1.48,148.14,1.35,135,1.05,104.94,7.95,795.15,3.87,387.09,4.32,431.91,7.62,762.03,2.78,278.1,3.14,313.83,3.46,345.69,7.91,791.01,2.57,257.04,1.11,110.7,1.59,158.94,1.11,111.33,1.66,165.96,1.24,123.57,1.66,165.69,0.94,93.78,0.99,99,0.73,73.26,1.19,119.25,59.71,0.75,19.57,0.25,3,4,3
PO1000004080,"2020,2019",META EPSI,ANDIRA AGRO,ANDIRA AGRO,Not RSPO Certified,,3/31/23,-2.79,105.1,"-2.7866 , 105.0989",IDN,Indonesia,Sumatera Selatan,Ogan Komering Ilir,1-Fully Verified,,751.4,75139.83,1846.27,3211.31,321131.43,2.31,230.94,6.64,664.38,7.14,714.06,17.5,1749.51,8.78,877.68,48.74,4873.5,37.49,3749.49,13.12,1312.2,52.31,5231.07,13.6,1360.35,19.07,1906.92,64.76,6475.59,5.66,565.65,16.52,1651.59,22.2,2220.48,50.43,5042.52,21.64,2164.32,21.19,2118.51,23.42,2341.89,23.25,2324.7,21.23,2123.46,7.41,741.06,504.4,0.67,247,0.33,3,4,3
PO1000004081,"2020,2021",WIDYA,DARIA DHARMA PRATAMA,LUBUK BENTO,Not RSPO Certified,,3/31/23,-2.79,101.4,"-2.793707, 101.402522",IDN,Indonesia,Bengkulu,Mukomuko,1-Fully Verified,,149.2,14919.66,156.46,166.49,16649.46,4.35,434.79,5.83,582.75,2.16,216.09,6.16,615.78,3.77,377.19,6.56,655.83,10.7,1070.19,3.96,396,4.44,443.88,3.54,354.33,10.38,1038.42,6.86,685.71,6.44,644.04,11.33,1132.65,5.4,540.18,6.65,664.92,7.72,771.93,6.23,623.34,3.17,316.98,1.23,123.39,5.58,558.18,4.34,434.25,126.81,0.85,22.39,0.15,4,5,3
PO1000004082,"2020,2019",GAMA PLANTATIONS,SWADAYA INDOPALMA,SWADAYA INDOPALMA,Not RSPO Certified,,3/31/23,-2.77,104.63,"-2.765881, 104.63151",IDN,Indonesia,Sumatera Selatan,Banyu Asin,1-Fully Verified,,228.97,22896.54,344.45,533.04,53304.39,0.97,96.57,0.59,59.31,1.43,143.1,3.06,306.09,5.77,576.81,8.94,893.61,13.63,1362.51,13.36,1335.51,14.71,1471.05,9.74,973.98,13.85,1385.1,35.82,3582.09,5.92,591.75,6.11,610.65,18.3,1830.15,11.22,1122.3,8.75,874.8,7.7,770.13,10.06,1006.2,4.94,494.1,4.97,496.71,1.96,196.29,201.79,0.88,27.18,0.12,3,5,2
PO1000004083,"2020,2021,2019",UNITED PLANTATIONS,UNITED PLANTATIONS BHD,LADA,RSPO Certified,"RSPO Certified, MB",3/31/23,-2.59,111.77,"-2.590899, 111.772559",IDN,Indonesia,Kalimantan Tengah,Kotawaringin Barat,1-Fully Verified,,56.73,5673.24,122.5,168.42,16842.33,0.15,15.3,0.4,39.87,0.26,26.46,5.32,531.54,6.62,662.49,8.19,818.82,7.7,770.04,10.46,1045.98,1.84,183.87,0.79,79.11,0.46,45.63,1.07,107.37,0.17,17.37,0.58,57.69,0.74,73.53,0.85,85.32,0.54,54,0.65,64.62,0.34,34.29,0.85,84.51,0.62,61.92,0.63,63.45,49.23,0.87,7.5,0.13,3,5,2
PO1000004084,"2019,2020",CAPELLA,SWARNA NUSA SENTOSA,SWARNA NUSA SENTOSA,Not RSPO Certified,,3/31/23,-2.48,106.08,"-2.482539, 106.076744",IDN,Indonesia,Bangka Belitung,Bangka Tengah,1-Fully Verified,,211.45,21144.87,270.21,377.89,37789.38,2.48,248.31,1.31,131.4,2.04,203.58,2.55,255.33,8.94,893.52,3.01,300.87,6.11,611.28,6.31,631.35,14.38,1437.57,8.13,813.33,5.18,518.31,4.05,404.73,1.3,129.69,5.75,574.83,8.35,835.29,13.1,1310.31,10.5,1050.39,11.25,1124.82,7.34,733.86,6.55,655.38,9.68,968.31,10.22,1022.4,148.55,0.7,62.9,0.3,5,4,4
PO1000004085,"2021,2020",WIDYA,DARIA DHARMA PRATAMA,IPUH,Not RSPO Certified,,3/31/23,-2.98,101.51,"-2.980764, 101.506734",IDN,Indonesia,Bengkulu,Mukomuko,1-Fully Verified,,936.12,93611.88,950.64,2778.31,277831.35,5.61,561.24,2.78,278.01,3.08,308.07,22.34,2233.89,18.72,1872.09,18.37,1836.72,12.92,1291.5,10.88,1087.83,27.13,2713.05,10.93,1093.41,14.79,1479.06,11.32,1132.47,7.49,748.8,9.28,928.17,9.09,908.73,10.33,1033.29,10.14,1014.39,11,1099.53,7.92,792.18,6.18,617.58,9.89,988.74,18.29,1828.8,258.48,0.28,677.64,0.72,3,2,3
PO1000004089,"2019,2021",SINAR MAS,KRESNA DUTA AGROINDO,PELAKAR,RSPO Certified,"RSPO Certified, MB",3/31/23,-2.19,102.64,"-2.185278, 102.642222",IDN,Indonesia,Jambi,Sarolangun,2-High Confidence,,215.32,21531.6,244.7,326.16,32615.82,1.19,118.8,2.04,203.85,0.48,47.7,4.48,447.93,2,200.25,6.21,620.55,3.96,396.18,18.7,1870.02,11.14,1114.02,5.61,561.15,1.71,170.64,17.48,1747.62,1.69,168.93,2.94,294.12,2.73,273.24,13.34,1334.16,4.47,446.94,5.36,535.59,4.15,415.17,20.17,2017.35,5.41,541.26,6.44,643.59,141.69,0.66,73.63,0.34,4,4,3
PO1000004090,"2019,2020,2021",LAMBANG JAYA,LAMBANG SAWIT PERKASA,LAMBANG SAWIT PERKASA,Not RSPO Certified,,3/31/23,-2.22,102.48,"-2.223756, 102.480456",IDN,Indonesia,Jambi,Sarolangun,1-Fully Verified,SABANG SAWIT NUSANTARA,152.67,15266.88,172.36,309.3,30930.21,0.57,57.42,0.78,77.58,0.19,19.35,2.04,204.12,0.48,47.97,1.44,143.64,1.41,141.48,0.93,92.88,1.77,177.48,2.3,230.49,0.55,54.63,3.16,315.63,1.12,112.14,1.48,148.14,1.27,127.44,2.72,271.89,4.1,409.59,4.88,487.98,3.57,356.76,7.48,747.63,8.43,842.76,12.99,1298.79,63.66,0.42,89.01,0.58,5,3,5
PO1000004092,"2021,2020,2019",PADASA ENAM UTAMA,MULTI MAKMUR MITRA ALAM,MULTI MAKMUR MITRA ALAM,Not RSPO Certified,,3/31/23,-2.15,116.08,"-2.150817, 116.083859",IDN,Indonesia,Kalimantan Timur,Paser,1-Fully Verified,PASER,457.85,45785.07,462.8,901.61,90161.1,4.19,418.86,9.81,980.82,3.1,310.32,16.16,1616.13,9.03,902.52,41.02,4102.2,9.64,964.17,13.19,1318.86,71.1,7110.18,10.8,1079.64,13.12,1312.38,5.64,564.12,13.53,1353.42,19.61,1960.65,12.89,1288.62,11.73,1172.97,4.32,432,12.69,1268.82,6.83,682.65,1.63,162.54,2.56,256.5,1.66,165.87,294.24,0.64,163.61,0.36,2,4,2
PO1000004093,"2020,2021,2019",ASTRA AGRO LESTARI,AGRO NUSA ABADI,AGRO NUSA ABADI,Not RSPO Certified,,3/31/23,-2.13,121.48,"-2.129894, 121.484959",IDN,Indonesia,Sulawesi Tengah,Morowali,1-Fully Verified,,2994.03,299402.55,3000.58,6757.39,675739.35,3.9,389.52,7.97,797.13,5.59,559.35,20.81,2080.53,10.18,1017.63,13.3,1330.47,13.09,1308.51,39.82,3981.96,93.95,9394.83,18.49,1849.41,14.92,1492.38,35.53,3552.93,17.63,1762.56,26.91,2690.64,31.24,3124.35,26.72,2671.74,13.05,1305,17.37,1736.73,19.4,1939.68,17.77,1776.6,14.14,1414.35,19.79,1979.19,481.55,0.16,2512.47,0.84,2,1,3
PO1000004096,"2019,2020,2021",ASTRA AGRO LESTARI,BORNEO INDAH MARJAYA,BORNEO INDAH MARJAYA,Not RSPO Certified,,3/31/23,-2.03,116.4,"-2.033198, 116.401023",IDN,Indonesia,Kalimantan Timur,Paser,2-High Confidence,,347.91,34790.76,384.47,496.33,49633.02,2.35,234.81,3.09,308.61,0.99,98.64,5.59,558.54,4.45,444.69,4.36,436.5,15.87,1586.97,21.37,2136.78,80.05,8005.05,7.12,711.54,26.06,2606.31,19.46,1945.89,5,500.4,11.08,1108.35,12.33,1232.55,15.43,1543.14,3.08,308.43,4.12,412.02,3.94,394.47,4.97,497.07,5.4,540.45,4.97,496.71,261.08,0.75,86.83,0.25,3,4,3
PO1000004101,"2020,2019,2021",BAKRIE,SUMBERTAMA NUSAPERTIWI,SUMBERTAMA NUSA PERTIWI,Not RSPO Certified,,3/31/23,-1.68,103.8,"-1.6804, 103.799883",IDN,Indonesia,Jambi,Muaro Jambi,1-Fully Verified,,359.16,35916.03,389.52,1077.19,107718.93,3.01,300.69,3.57,356.85,2.17,217.08,62.83,6282.81,44.93,4492.53,5.58,558,19.08,1907.64,16.49,1649.34,12.03,1203.03,0.14,14.13,0.29,29.34,11.43,1143.27,5.15,514.89,5.6,559.62,5.14,513.99,10.26,1026.36,8.83,882.63,7.33,733.32,7.22,722.07,9.6,960.3,8.31,831.24,9.7,969.57,258.69,0.72,100.47,0.28,4,4,3
PO1000004102,"2020,2021,2019",EAGLE HIGH PLANTATIONS,ADHYAKSA DHARMA SATYA,ADHYAKSA DHARMA SATYA,Not RSPO Certified,,3/31/23,-1.59,112.86,"-1.588931, 112.861883",IDN,Indonesia,Kalimantan Tengah,Kotawaringin Timur,1-Fully Verified,,295.41,29540.79,287.09,482.01,48200.58,0.6,59.58,3.03,302.58,0.24,24.03,1.89,189.36,22.05,2204.73,35.73,3573.45,32.8,3280.05,48.96,4895.64,29.24,2924.01,23.65,2365.11,12.6,1260.18,22.56,2256.3,4.08,408.42,3.47,346.68,1.89,188.64,2.52,252.18,0.85,85.23,0.7,69.93,0.53,53.19,0.43,43.11,0.19,18.99,0.32,31.95,248.33,0.84,47.07,0.16,1,5,1
PO1000004103,"2019,2021,2020",UNKNOWN,ERASAKTI WIRA FORESTAMA,ERASAKTI WIRA FORESTAMA 1,Not RSPO Certified,,3/31/23,-1.53,103.73,"-1.529469, 103.726249",IDN,Indonesia,Jambi,Muaro Jambi,1-Fully Verified,,275.76,27576.27,316.59,449.4,44939.61,9.69,969.21,11.06,1106.1,2.01,200.52,17.94,1793.61,3.74,374.4,3.16,315.81,23.61,2361.15,11.68,1168.38,16.57,1656.63,3.6,360,0.02,1.62,20.37,2037.06,15.23,1522.71,8.88,887.85,4.61,461.07,23.8,2379.69,7.95,794.79,6.23,623.34,1.57,157.41,2.73,272.88,0.9,89.73,3.22,321.93,198.56,0.72,77.2,0.28,2,4,2
PO1000004104,"2020,2021",TIRTA MAS MAJUTAMA,TIDAR KERINCI AGUNG,TIDAR KERINCI AGUNG,Not RSPO Certified,,3/31/23,-1.52,101.55,"-1.52085, 101.553368",IDN,Indonesia,Sumatera Barat,Dharmasraya,1-Fully Verified,,649.37,64937.25,620.71,823.37,82336.77,10.46,1045.53,8.45,844.83,2.42,242.28,4.12,412.38,2.42,242.19,6.3,629.91,3.94,394.29,5,500.4,2.6,259.83,1.86,185.76,5.11,511.47,6.1,610.11,8.93,893.16,20.74,2073.96,13.01,1300.68,15.24,1523.88,17.88,1788.39,9.02,902.16,5.67,567.27,38.69,3869.19,41.95,4195.44,41.3,4130.1,271.23,0.42,378.14,0.58,5,3,5
PO1000004105,2020,UNKNOWN,TEBO PLASMA INTILESTARI,TEBO PLASMA INTILESTARI,Not RSPO Certified,,3/31/23,-1.44,102.54,"-1.444739, 102.537288",IDN,Indonesia,Jambi,Tebo,1-Fully Verified,,145.94,14594.13,171,348.81,34881.12,1.34,133.83,3.17,316.62,2.09,209.34,4.85,485.1,4.84,484.2,13.61,1360.62,14.8,1480.05,4.12,412.47,18.63,1862.55,3.31,330.93,2.72,271.62,5.26,526.05,3.09,308.88,2.93,293.22,3.18,318.06,4.02,401.58,1.77,176.67,2.6,259.83,2.15,214.56,1.64,163.71,3.47,347.04,3.19,319.05,106.76,0.73,39.18,0.27,3,4,3
PO1000004106,"2020,2019,2021",UNKNOWN,KURNIA LUWUK SEJATI,TOILI,Not RSPO Certified,,3/31/23,-1.36,122.31,"-1.359017, 122.307176",IDN,Indonesia,Sulawesi Tengah,Banggai,1-Fully Verified,,3530.87,353087.37,3666.39,6178.97,617896.8,7.42,741.87,28.31,2831.4,14.23,1423.08,37.91,3790.89,11.5,1149.66,21.37,2136.96,20.32,2032.47,6.28,628.11,54.9,5489.64,28.6,2860.2,17.86,1785.6,21,2099.52,28.53,2853.45,33.29,3328.74,99.66,9966.42,89.53,8953.11,21.77,2177.37,30.96,3096.18,29.83,2982.6,28.38,2837.7,22.32,2232.09,18.2,1820.34,672.17,0.19,2858.7,0.81,2,1,3
PO1000004107,2020,TRIPUTRA AGRO PERSADA,MUARATOYU SUBUR LESTARI,MUARATOYU SUBUR LESTARI,Not RSPO Certified,,3/31/23,-1.35,116.38,"-1.351767, 116.382913",IDN,Indonesia,Kalimantan Timur,Penajam Paser Utara,1-Fully Verified,,7.07,706.59,6.69,5.53,553.41,0.14,14.49,0.05,4.59,0.08,8.19,0.06,6.03,0.02,1.62,0.05,5.04,0.13,12.96,0,0.27,0.17,17.19,0.46,45.99,3.47,347.4,0.63,62.91,0.19,19.08,0.07,6.75,0.01,1.08,0.01,1.44,0.01,0.63,0.03,3.15,0,0.36,0.03,3.15,0,0.18,0,0.27,5.63,0.8,1.44,0.2,1,4,1
PO1000004109,"2020,2021,2019",ASTRA AGRO LESTARI,LETAWA,LETAWA,Not RSPO Certified,,3/31/23,-1.33,119.43,"-1.332133, 119.42824",IDN,Indonesia,Sulawesi Barat,Mamuju Utara,1-Fully Verified,,928.03,92802.87,930.58,1920.32,192032.37,16.6,1660.23,12.43,1243.17,4.15,415.35,14.28,1427.76,7.6,759.6,7.42,741.87,4.21,421.2,10.76,1075.95,9.28,927.81,7.42,742.23,10.93,1093.41,12.04,1204.38,5.57,557.46,14.49,1448.91,16.88,1687.59,9.76,975.78,11.8,1180.08,18.54,1854.27,18.77,1877.4,2.98,297.81,13.07,1306.8,6.83,683.37,235.82,0.25,692.2,0.75,3,2,3
PO1000004110,"2019,2020,2021",UNKNOWN,MITRA SAWIT JAMBI,MITRA SAWIT JAMBI,Not RSPO Certified,,3/31/23,-1.32,103.09,"-1.316889, 103.086833",IDN,Indonesia,Jambi,Tanjung Jabung B,1-Fully Verified,,350.9,35089.92,370,476.86,47686.14,2.92,292.41,6.45,644.58,2.01,200.52,11.34,1134.27,9.49,948.69,41.27,4127.04,43.29,4329.09,27.2,2720.07,15.7,1570.32,0.31,31.14,14.62,1462.23,13.05,1305.45,7.62,761.85,3.89,388.8,1.55,154.98,8.93,893.34,8.6,860.4,11.46,1145.61,3.9,389.7,3.82,382.32,42.68,4267.62,3.47,346.95,283.57,0.81,67.33,0.19,5,5,4
PO1000004111,"2020,2021,2019",METRO,CITRAKOPRASINDO TANI,CITRAKOPRASINDO TANI,Not RSPO Certified,,3/31/23,-1.3,103.14,"-1.295921, 103.143637",IDN,Indonesia,Jambi,Tanjung Jabung B,1-Fully Verified,,0.91,90.72,1.35,3.05,305.28,0,0,0,0.36,0,0.09,0.06,6.39,0,0.18,0,0,0.01,1.44,0.01,0.81,0,0.18,0,0,0,0,0,0,0,0.09,0,0.09,0,0,0,0,0,0,0,0,0,0,0,0,0.41,41.4,0,0.09,0.51,0.56,0.4,0.44,5,3,5
PO1000004112,"2020,2021,2019",UNKNOWN,RUDY AGUNG AGRA LAKSANA,RAAL,Not RSPO Certified,,3/31/23,-1.28,103.25,"-1.276208, 103.248727",IDN,Indonesia,Jambi,Tanjung Jabung B,1-Fully Verified,,75.35,7535.16,104.48,154.41,15440.85,1.71,170.73,1.82,181.98,3.21,320.67,7.02,702.09,10.25,1025.46,8.07,806.85,6.45,644.58,17.44,1743.75,8.31,831.33,4.11,410.58,0.1,9.9,0.8,80.37,0.5,49.95,0.66,65.7,0.74,74.43,3.36,335.52,2.79,278.73,1.73,173.07,1.82,181.71,0.94,93.6,1.38,137.88,0.56,55.89,75.35,1,0,0,3,5,1
PO1000004113,"2019,2020,2021",ASTRA AGRO LESTARI,PASANGKAYU,PASANGKAYU,Not RSPO Certified,,3/31/23,-1.22,119.47,"-1.222355, 119.472451",IDN,Indonesia,Sulawesi Barat,Mamuju Utara,1-Fully Verified,,414.38,41438.34,415.42,960.24,96023.88,14.99,1498.68,6.52,651.78,2.97,297.09,12.45,1244.7,8.29,829.17,9.23,922.95,2.92,291.87,7.29,728.73,8.82,881.91,4.64,464.4,6.69,668.61,8.21,820.53,4.14,414.45,9.13,913.32,11.86,1186.11,8.73,872.55,7.65,765.45,13.04,1303.56,5.63,562.95,1.95,194.58,5.32,532.35,4.5,449.64,164.95,0.4,249.43,0.6,3,3,3
PO1000004116,"2021,2020,2019",MAKIN,ANTANG GANDA UTAMA,BUTONG,Not RSPO Certified,,3/31/23,-1.12,114.89,"-1.115694, 114.887194",IDN,Indonesia,Kalimantan Tengah,Barito Utara,1-Fully Verified,,3563.77,356376.87,3492.35,5721.95,572195.16,27.58,2758.05,33.25,3325.41,24.86,2485.62,25.67,2566.62,84.12,8412.39,33.07,3307.41,40.89,4088.7,79.27,7927.11,28.44,2844.27,49.36,4935.69,39.95,3995.37,53.14,5313.87,22.84,2284.29,30.78,3078.18,50.18,5018.4,76.38,7638.21,27.58,2757.51,45.34,4534.2,33.63,3363.48,42.32,4231.62,22.53,2253.06,46.36,4635.54,917.55,0.26,2646.22,0.74,3,2,3
PO1000004117,"2020,2021,2019",UNKNOWN,NIRMALA ABDI DAMAI,SEI AKAR,Not RSPO Certified,,3/31/23,-0.79,102.6,"-0.792917, 102.5963",IDN,Indonesia,Riau,Indragiri Hulu,1-Fully Verified,,117.7,11770.2,122.46,258.02,25801.65,2.94,294.21,6.18,618.3,2.97,296.73,12.56,1256.22,7.6,759.6,12.85,1284.84,2.08,207.99,4.56,455.67,6.31,630.81,1.84,183.78,0.94,94.32,2.91,290.88,0.46,45.9,0.8,79.56,1.81,180.72,0.83,83.25,0.81,80.73,0.63,62.55,0.59,58.77,0.38,38.43,0.48,48.24,0.47,46.53,70.98,0.6,46.72,0.4,2,3,2
PO1000004119,"2019,2020,2021",SARIMAS,TRI BAKTI SARIMAS,BUKIT PAYUNG,Not RSPO Certified,,3/31/23,-0.73,101.64,"-0.7282, 101.6399",IDN,Indonesia,Riau,Kuantan Singingi,2-High Confidence,,53.09,5308.56,70.33,68.55,6855.39,5.23,523.35,0.09,9.45,0,0,0.01,1.17,0.06,5.67,6.39,638.64,13.52,1352.16,6.56,656.28,0.1,9.54,0.42,42.39,1.52,152.1,5.54,553.86,1.46,146.07,3.59,359.19,7.23,723.15,4.09,408.51,0.27,26.55,0.25,24.84,0.43,42.66,0,0.09,0.44,44.01,0.49,49.23,53.09,1,0,0,3,5,1
PO1000004121,"2021,2019,2020",TSH RESOURCES,FARINDA BERSAUDARA,FARINDA BERSAUDARA,Not RSPO Certified,,3/31/23,-0.7,116.26,"-0.695892, 116.261869",IDN,Indonesia,Kalimantan Timur,Kutai Barat,1-Fully Verified,,1679.99,167998.95,1627.43,3591.48,359148.33,5.7,570.06,20.36,2036.16,3.64,363.51,3.66,366.03,5.55,555.12,18.19,1818.72,12.04,1204.02,23.17,2317.23,50.58,5057.91,19.93,1993.23,12.83,1282.59,24.46,2445.66,10.12,1012.23,20.94,2093.67,33.34,3334.23,33.12,3312.45,24.45,2445.39,26.75,2674.98,10.54,1053.72,5.29,528.57,5.46,545.67,4.08,407.88,374.19,0.22,1305.8,0.78,1,1,3
PO1000004125,"2020,2021,2019",UNKNOWN,PRIMA PALM LATEX INDUSTRI,PRIMA PALM LATEX INDUSTRI,Not RSPO Certified,,3/31/23,2.78,99.25,"2.78305, 99.253967",IDN,Indonesia,Sumatera Utara,Asahan,1-Fully Verified,,119.52,11952.36,124.15,445.23,44523.18,1.46,145.62,0.88,87.57,0.22,22.05,1.23,122.76,1.31,130.68,1.04,104.13,0.28,28.44,1.02,102.33,1.72,171.99,3.84,384.21,2.8,280.17,2.5,249.57,3.04,304.29,4.43,443.34,2.38,238.05,1.23,123.3,5.07,506.97,0.52,51.84,0.98,98.28,0.58,57.6,1.17,116.91,1.66,165.6,39.36,0.33,80.17,0.67,3,2,3
PO1000004126,"2019,2020,2021",MAHKOTA,KARYA MITRA ANDALAN,KARYA MITRA ANDALAN,Not RSPO Certified,,3/31/23,2.78,99.62,"2.78457, 99.61819",IDN,Indonesia,Sumatera Utara,Asahan,1-Fully Verified,,38.63,3862.53,43.13,63.25,6324.57,0.48,47.97,0.1,9.54,0.07,7.47,0.53,52.74,0.55,55.26,0.5,50.22,0.29,29.07,0.08,7.65,0.24,24.21,0.35,35.46,0.25,24.84,0.44,43.74,0.22,21.6,0.25,25.29,0.44,44.37,2.79,279.36,4.2,420.03,9.29,928.8,0.19,18.72,0.18,17.91,0.59,59.4,0.28,27.54,22.31,0.58,16.31,0.42,3,3,3
PO1000004127,"2020,2021,2019",SIPEF,DENDY MARKER INDAH LESTARI,DENDYMARKER,RSPO Certified,"RSPO Certified, MB",3/31/23,-2.8,102.94,"-2.795033, 102.944683",IDN,Indonesia,Sumatera Selatan,Musi Rawas,1-Fully Verified,,412.91,41290.83,513.02,853.9,85390.29,4.86,486.36,2.62,262.08,0.45,44.64,6.38,638.37,1.76,175.77,13.59,1359.09,1.66,166.14,14.53,1453.41,8.9,890.46,5.36,535.68,4.36,436.05,15.12,1511.55,7.13,713.25,10.83,1082.97,8.74,873.81,17.93,1792.98,4.55,455.13,15.41,1540.53,42.18,4217.94,27.48,2747.61,37.41,3741.21,16.75,1675.08,268,0.65,144.91,0.35,5,4,4
PO1000004128,"2020,2021,2019",SAMSUNG,INECDA PLANTATIONS,INECDA,RSPO Certified,"RSPO Certified, MB",3/31/23,-0.49,102.37,"-0.49318, 102.367555",IDN,Indonesia,Riau,Indragiri Hulu,1-Fully Verified,,259.07,25907.31,308.67,702.59,70259.13,12.85,1284.66,22.86,2285.91,4.32,432.18,11.83,1183.14,18.8,1879.56,2.77,277.11,1.66,166.32,5.35,535.23,0.83,82.71,14.42,1441.62,3.95,395.37,6.11,611.28,2.97,296.73,9.8,980.46,4.2,419.58,12.73,1273.14,8.97,897.03,4.81,481.05,9.51,951.3,5.64,563.67,7.75,774.81,8.59,859.05,180.72,0.7,78.35,0.3,4,4,3
PO1000004129,"2019,2020,2021",UNKNOWN,SAWITA INTER PERKASA,SAWITA INTER PERKASA,Not RSPO Certified,,3/31/23,2.8,99.44,"2.799, 99.441617",IDN,Indonesia,Sumatera Utara,Asahan,1-Fully Verified,,87.36,8736.39,90.6,159.25,15924.6,0.83,83.43,0.68,68.22,4.24,423.54,2.8,280.26,4.34,434.07,2.68,268.2,1.87,187.11,0.68,67.86,6.12,612.27,4.72,472.5,2,199.89,2.67,267.3,1.83,182.79,2.38,238.5,1.07,107.1,1.77,176.76,2.03,202.95,0.44,44.01,1.72,172.44,0.32,32.31,2.79,278.64,0.18,17.73,48.18,0.55,39.19,0.45,3,3,3
PO1000004130,"2020,2021,2019",UNKNOWN,SWAKARSA SAWIT RAYA,SWAKARSA SAWIT RAYA,Not RSPO Certified,,3/31/23,-0.49,102.48,"-0.48911, 102.479086",IDN,Indonesia,Riau,Indragiri Hulu,1-Fully Verified,,68.61,6861.06,86.28,95.37,9536.85,4.49,449.1,1.1,110.34,0.71,70.83,0.4,39.96,0.6,60.48,0.07,7.29,0.44,44.37,3.86,386.28,1.73,172.98,7.05,704.7,1.67,166.95,2.4,239.67,2.71,270.81,5.22,522.36,1.12,111.51,1.44,143.55,1,100.35,0.64,63.9,1.9,190.26,1.48,147.78,1.99,198.9,2.61,260.82,44.63,0.65,23.98,0.35,4,4,3
PO1000004132,"2021,2020",SINAR MAS,SINAR KENCANA INTI PERKASA,SUNGAI MAGALAU,Not RSPO Certified,,3/31/23,-2.81,116.19,"-2.807667, 116.186301",IDN,Indonesia,Kalimantan Selatan,Kota Baru,1-Fully Verified,,741.32,74132.1,930.62,1743.69,174369.33,12.76,1276.02,18.54,1854.09,7.13,712.62,21.4,2140.02,13.9,1390.32,20.38,2038.32,8.55,854.55,4.23,423.18,21.05,2104.65,6.75,675.27,15.8,1580.04,15.86,1585.8,20.09,2008.53,20.82,2082.24,27.69,2768.76,23.76,2376.45,8.62,862.2,12.5,1249.83,11.97,1197.27,3.21,321.21,3.99,398.61,3.59,359.37,302.59,0.41,438.73,0.59,2,3,3
PO1000004134,"2020,2021,2019",PTPN III,PERKEBUNAN NUSANTARA IV,BERANGIR,RSPO Certified,"RSPO Certified, MB",3/31/23,2.22,99.76,"2.2247222, 99.760278",IDN,Indonesia,Sumatera Utara,Labuhanbatu Utara,1-Fully Verified,,437.93,43792.92,436.93,953.66,95365.98,3.72,371.79,7.93,793.08,8.24,824.13,13.78,1377.99,13.83,1382.67,15.56,1555.83,4.08,407.52,1.66,165.96,12.55,1255.41,3.51,350.82,4.17,416.52,5.63,563.49,2.06,205.65,4.01,400.77,1.59,159.3,5.55,555.3,5.92,591.66,6.01,601.47,8.2,819.63,6.39,638.91,7.07,707.13,2.78,277.65,144.23,0.33,293.7,0.67,3,2,3
PO1000004135,"2019,2021,2020",UNKNOWN,PINANG WITMAS SEJATI,PINANG WITMAS SEJATI,RSPO Certified,"RSPO Certified, MB",3/31/23,-2.22,104.18,"-2.221933, 104.1768",IDN,Indonesia,Sumatera Selatan,Musi Banyuasin,1-Fully Verified,,449.96,44995.86,573.69,821.54,82154.25,2.49,248.58,5.72,571.77,7.17,717.48,8.72,871.92,10.75,1074.51,24.81,2481.3,47.92,4792.32,31.45,3144.69,19.12,1911.6,13.95,1395.36,23.99,2398.59,94.82,9482.13,22.27,2227.14,24.21,2421.36,11.7,1169.64,10.16,1015.74,4.65,465.03,4.97,496.89,5.27,527.4,5.2,519.93,1.8,179.73,6.64,663.84,387.77,0.86,62.19,0.14,3,5,2
PO1000004136,"2020,2019",LYMAN AGRO,SINAR DINAMIKA KAPUAS,SINAR DINAMIKA KAPUAS,Not RSPO Certified,,3/31/23,-0.31,111.6,"-0.309167, 111.596767",IDN,Indonesia,Kalimantan Barat,Melawi,2-High Confidence,,1132.68,113267.52,1194.07,2889.9,288990.18,10.6,1059.84,9.86,986.22,9.87,986.85,11.91,1190.88,10.23,1023.21,8.4,839.61,3.69,368.55,11.76,1176.48,14.53,1453.14,8.14,813.78,18.15,1815.03,21.8,2180.25,12.3,1230.39,16.95,1694.61,21.57,2156.67,29.62,2962.26,19.55,1954.62,18.19,1819.26,10.06,1006.11,13.07,1306.8,8.44,844.38,20.46,2045.52,309.14,0.27,823.53,0.73,3,2,3
PO1000004137,"2019,2020,2021",SUNGAI BUDI,SERBA HUTA JAYA,SERBA HUTA JAYA,Not RSPO Certified,,3/31/23,2.22,99.93,"2.222889, 99.934639",IDN,Indonesia,Sumatera Utara,Labuhanbatu Utara,1-Fully Verified,,98.58,9858.06,106.28,197.87,19787.4,0.63,62.64,0.49,49.23,0.14,14.22,1.21,120.78,0.61,61.02,0.23,23.4,0.18,17.64,0.01,1.26,0.81,81.27,0.64,64.44,0.71,70.56,0.7,70.47,0.55,54.99,0.91,91.08,3.47,346.86,4.55,455.4,7.86,786.33,5.27,526.77,1.98,198.27,1.14,114.3,3.1,310.5,1.26,126.45,36.48,0.37,62.1,0.63,3,3,4
PO1000004138,"2020,2021,2019",SAMSUNG,GANDAERAH HENDANA,GANDAERAH HENDANA,RSPO Certified,"RSPO Certified, MB",3/31/23,-0.16,102.21,"-0.156038, 102.20624",IDN,Indonesia,Riau,Pelalawan,1-Fully Verified,,200.32,20031.93,289.21,471.85,47185.11,16.59,1659.24,19.29,1929.15,2.97,296.55,40.09,4008.69,12.15,1215.36,0.06,6.12,4.51,451.44,4.12,411.75,1.16,115.74,7.92,792.27,5.5,550.44,2.44,243.99,2.05,205.11,0.89,88.56,0.94,93.87,2.1,210.06,1.83,182.97,1.95,194.58,4.66,466.11,4.02,402.48,3.64,363.51,9.19,918.63,148.07,0.74,52.25,0.26,4,4,3
PO1000004139,"2019,2020",UNKNOWN,KARYA SAWIT LESTARI,KARYA SAWIT LESTARI,Not RSPO Certified,,3/31/23,-2.85,104.27,"-2.848567, 104.26545",IDN,Indonesia,Sumatera Selatan,Banyu Asin,1-Fully Verified,,220,22000.14,258.72,410.79,41079.42,1.23,122.67,3.05,305.01,2.96,295.83,3.4,339.66,2.58,257.67,5.46,546.03,5.96,595.53,3.91,390.51,28.37,2836.8,15.75,1575,5.73,573.03,30.39,3038.94,4.27,427.41,3.6,360.09,4.07,406.53,5.95,595.26,6.47,647.1,5.18,518.13,6.78,678.06,2.94,294.48,2.67,266.85,1.73,172.8,152.43,0.69,67.57,0.31,3,4,3
PO1000004141,"2020,2021,2019",UMADA,UMADA,UMADA,Not RSPO Certified,,3/31/23,2.23,99.79,"2.23425, 99.789117",IDN,Indonesia,Sumatera Utara,Labuhanbatu Utara,1-Fully Verified,,98.7,9869.67,101.67,153.36,15335.55,1.13,113.49,1.79,178.65,0.7,69.57,6.69,668.7,5.21,521.01,4.58,458.37,1.08,107.82,0.08,7.74,2.06,205.56,4.6,460.08,1.09,108.81,0.34,34.2,1.86,185.67,0.98,98.19,3.33,332.82,3.07,306.9,2.54,254.25,2.3,229.68,4.67,466.92,1.32,132.3,0.65,64.8,0.48,47.52,50.53,0.51,48.17,0.49,2,3,3
PO1000004142,"2019,2020,2021",PADASA ENAM UTAMA,INTERNUSA PRIMA MAKMUR,TELUK DALAM,Not RSPO Certified,,3/31/23,2.85,99.67,"2.852254, 99.673624",IDN,Indonesia,Sumatera Utara,Asahan,1-Fully Verified,,92.85,9284.85,100.62,182.07,18207.45,2.48,247.86,1.98,197.91,1.03,103.32,6.24,624.33,2.09,209.25,1.96,195.57,3.39,338.85,2.57,257.4,1.05,105.12,3.57,357.12,1.52,151.83,3.26,326.25,0.36,35.64,3.34,333.63,1.58,157.59,3.53,352.71,11.93,1193.4,1.19,118.98,5.41,540.63,1.61,161.46,0.47,46.53,0.5,50.13,61.06,0.66,31.79,0.34,2,4,2
PO1000004149,"2020,2019",DUPONT & LEOSK ENTERPRISES,SINTONG ABADI,SINTONG ABADI,Not RSPO Certified,,3/31/23,2.92,99.71,"2.9239, 99.707367",IDN,Indonesia,Sumatera Utara,Asahan,1-Fully Verified,,628.02,62801.91,754.93,1631.94,163194.12,10.17,1017.27,4.4,439.65,2.32,232.47,11.76,1175.58,11.59,1159.47,14.94,1493.73,11.55,1154.52,5.87,587.16,12.98,1297.8,22.94,2293.56,10.48,1048.41,25.8,2579.85,3.11,310.86,17.35,1734.93,8.99,898.56,10.05,1004.67,7.4,739.62,8,800.28,8.42,841.95,6.91,691.2,8.88,888.21,1.98,197.73,225.87,0.36,402.14,0.64,3,3,3
PO1000004150,"2019,2020,2021",WILMAR GROUP,KARUNIA KENCANA PERMAI SEJATI,KARUNIA KENCANA PERMAI SEJATI,RSPO Certified,"RSPO Certified, IP",3/31/23,-2.24,112.63,"-2.23985, 112.63045",IDN,Indonesia,Kalimantan Tengah,Kotawaringin Timur,2-High Confidence,,196.27,19627.38,238.14,341.24,34123.86,0.71,70.83,10.11,1011.24,0.39,38.79,2.38,237.6,0.23,23.22,9.88,988.29,27.62,2762.37,22.99,2299.05,21.76,2175.93,3.54,353.88,5.28,528.03,2.14,214.29,1.47,147.42,2.74,273.96,13.39,1338.66,7.46,746.19,0.89,88.74,1.13,112.77,1.43,143.37,0.82,81.99,0.9,90.27,1.49,148.77,138.76,0.71,57.52,0.29,2,4,2
PO1000004153,"2020,2021,2019",CISADANE RAYA,CISADANE SAWIT RAYA,CISADANE SAWIT RAYA,Not RSPO Certified,,3/31/23,2.24,100.19,"2.242982, 100.191747",IDN,Indonesia,Sumatera Utara,Labuhanbatu,1-Fully Verified,,74.54,7454.16,143.89,212.67,21266.55,5.21,520.65,0.96,96.39,0.54,54.36,1.86,186.21,0.6,59.58,0.45,45.18,1.19,119.07,0.06,6.39,4.85,484.65,3.67,367.2,0.44,44.1,0.6,59.85,2.4,240.48,6.16,615.51,2.73,272.97,5.86,586.35,1.97,196.74,0.13,13.41,4.19,418.59,2.39,239.49,2.11,210.78,6.38,638.1,54.76,0.73,19.78,0.27,5,4,4
PO1000004154,"2019,2021,2020",BBIP PALM,FLORA WAHANA TIRTA,FLORA WAHANA TIRTA,Not RSPO Certified,,3/31/23,0.13,101.27,"0.134774, 101.267236",IDN,Indonesia,Riau,Kampar,2-High Confidence,,33.62,3362.04,43.89,82.58,8258.13,0.68,67.59,0.54,53.64,0.18,18.18,0.26,25.92,1.36,135.72,1.33,132.57,1.05,105.21,1.36,135.72,0.63,62.91,1.36,135.63,0.74,74.34,1.22,121.95,0.52,52.11,1.83,182.61,2.07,207.09,3.87,387,5.11,510.57,3.51,351,1.36,136.35,0.95,94.77,1.65,165.15,1.09,108.54,32.65,0.97,0.97,0.03,5,5,3
PO1000004155,"2020,2021,2019",IBRIS PALM,DELIMA MAKMUR,DELIMA MAKMUR,Not RSPO Certified,,3/31/23,2.25,98.03,"2.24508, 98.02851",IDN,Indonesia,Aceh,Aceh Singkil,1-Fully Verified,LAE TANGGA,41.52,4152.24,67.03,127.18,12718.26,0.1,9.99,0.04,3.51,0.07,7.11,0.18,18.27,0.36,35.82,1.27,126.72,0.19,18.9,0.46,46.35,2.83,282.78,1.55,155.25,6.33,633.24,8.35,834.93,3.4,340.11,2.64,263.52,0.35,34.92,0.25,24.66,0.53,52.74,1.32,132.3,0.22,22.23,0.75,74.61,0.16,16.02,0.37,37.08,31.71,0.76,9.81,0.24,2,4,2
PO1000004156,"2021,2020",ASTRA AGRO LESTARI,SURYARAYA LESTARI,SURYARAYA LESTARI 2,Not RSPO Certified,,3/31/23,-2.12,119.26,"-2.1151333, 119.2570917",IDN,Indonesia,Sulawesi Barat,Mamuju,1-Fully Verified,,1226.84,122683.68,1395.81,3546.2,354620.43,32.82,3281.94,24.85,2484.99,15.48,1548.18,31.67,3166.65,17.27,1726.74,20.61,2061.45,8.82,881.73,30.36,3035.61,22.65,2264.67,13.38,1338.21,39.5,3949.74,38.72,3871.98,15.26,1526.13,30.18,3018.33,32.39,3239.1,22.27,2227.05,17.95,1795.41,20.47,2047.41,24.77,2476.71,9.82,981.54,8.98,897.57,15.26,1526.49,493.48,0.4,733.36,0.6,3,3,3
PO1000004157,"2020,2021,2019",ROYAL GOLDEN EAGLE,MITRA UNGGUL PUSAKA,SEGATI,RSPO Certified,"RSPO Certified, MB",3/31/23,0.14,101.65,"0.141389, 101.6466667",IDN,Indonesia,Riau,Pelalawan,2-High Confidence,,793.55,79354.62,802.81,809.46,80945.55,29.69,2968.65,34.8,3480.3,2.35,234.72,52.36,5236.29,73.19,7318.98,20.23,2023.2,41.23,4122.63,42.3,4230.18,40.38,4038.48,80.3,8030.25,101.14,10114.47,77.58,7758.09,54.26,5426.19,23.95,2394.9,6.73,673.02,21.73,2172.78,9.35,935.1,9.55,954.72,10.4,1040.04,6.89,688.77,6.23,622.53,3.84,384.12,748.48,0.94,45.06,0.06,2,5,1
PO1000004158,"2019,2020",CARGILL,POLIPLANT SEJAHTERA,SIRIHAM,RSPO Certified,"RSPO Certified, MB",3/31/23,-2.28,110.87,"-2.28375, 110.868267",IDN,Indonesia,Kalimantan Barat,Ketapang,2-High Confidence,,435.07,43507.26,527.06,961.36,96136.38,3.11,311.49,4.76,475.56,1.55,154.89,6.92,691.74,2.15,214.65,9.16,916.02,2.12,212.49,5.49,549.27,32.21,3220.92,5.88,588.06,4.36,436.41,10.17,1017.09,11.49,1149.12,17.21,1721.25,9.49,948.51,14,1399.5,17.97,1796.76,11.96,1195.56,8.33,833.13,10.65,1064.52,4.93,493.29,15.31,1530.81,209.21,0.48,225.86,0.52,3,3,3
PO1000004159,"2020,2021,2019",UNKNOWN,SURYA BRATASENA PLANTATION,SEI NILO,Not RSPO Certified,,3/31/23,0.15,101.98,"0.1510556, 101.975056",IDN,Indonesia,Riau,Pelalawan,2-High Confidence,,118.04,11803.68,135.86,234.49,23449.14,2.3,230.49,0.99,99.18,0.27,27.36,5.53,553.32,4.67,467.19,3.4,339.75,2.99,299.34,2.19,218.52,0.64,64.35,10.59,1058.76,5.93,592.56,2.46,245.7,1.23,123.3,1.35,134.91,0.73,73.44,3.71,371.07,4.37,436.77,3.92,391.68,2.78,277.65,4.48,447.57,2.8,280.44,9.87,986.85,77.2,0.65,40.83,0.35,5,4,4
PO1000004160,"2019,2021,2020",FIRST RESOURCES,CILIANDRA PERKASA,CILIANDRA PERKASA,Not RSPO Certified,,3/31/23,0.16,101.05,"0.1621, 101.0549",IDN,Indonesia,Riau,Kampar,1-Fully Verified,,422.19,42218.91,435.36,626.31,62630.55,2.83,282.78,5.92,591.75,0.73,73.26,4.16,416.16,29.78,2977.74,15.47,1547.46,15.9,1590.03,20.35,2035.44,13.95,1395,11.62,1162.17,5.45,544.59,4.51,451.17,5.97,597.33,4.81,480.87,2.48,247.77,3.09,309.24,5,499.5,5.13,513.27,2.51,250.74,10.54,1053.63,5.8,580.5,6.84,683.73,182.84,0.43,239.35,0.57,3,3,3
PO1000004161,"2020,2021,2019",MERBAUJAYA INDAHRAYA,MERBAUJAYA INDAHRAYA,MERBAUJAYA INDAHRAYA,Not RSPO Certified,,3/31/23,2.28,99.78,"2.283883, 99.7803",IDN,Indonesia,Sumatera Utara,Labuhanbatu Utara,1-Fully Verified,,33.3,3329.73,34.65,61.07,6107.22,0.06,5.67,0.41,40.59,1.32,132.12,4.27,426.78,0.27,27.27,0.22,21.51,0.38,37.8,0.13,13.14,0.19,19.35,0.13,13.41,0.07,7.2,0.48,47.79,0.95,95.22,2.6,260.28,0.58,57.87,0.1,10.26,0.12,12.06,0.03,3.33,0.37,37.35,1.14,114.21,0.23,23.4,1.6,159.57,15.66,0.47,17.64,0.53,4,3,4
PO1000004162,"2021,2020",HPI-AGRO (DJARUM),PENITI SUNGAI PURUN,ENGGANG,Not RSPO Certified,,3/31/23,0.3,109.18,"0.2998, 109.1754",IDN,Indonesia,Kalimantan Barat,Pontianak,1-Fully Verified,,1480.35,148034.61,1545.52,3449.47,344947.05,7.81,781.38,8.46,845.55,2.7,270.27,6.03,602.82,9.02,901.53,6.88,687.78,18.82,1881.81,12.4,1240.38,36.93,3693.42,31.41,3141.36,72.24,7223.76,63.31,6331.05,38.25,3824.73,108.77,10877.22,36.62,3661.92,31.63,3162.51,28.63,2862.54,24.5,2450.34,11.19,1118.97,10.6,1059.84,15.61,1561.32,19.44,1943.73,601.24,0.41,879.1,0.59,3,3,3
PO1000004163,"2021,2020,2019",KALIMANTAN SAWIT KUSUMA (KSK),KALIMANTAN SAWIT KUSUMA,KALIMANTAN SAWIT KUSUMA,Not RSPO Certified,,3/31/23,-2.29,111.17,"-2.293505, 111.166972",IDN,Indonesia,Kalimantan Tengah,Sukamara,1-Fully Verified,,497.58,49758.03,665.81,1626.15,162614.61,8.58,857.97,28.17,2816.91,3.6,359.64,26.68,2668.14,14.87,1487.43,19.38,1937.7,11,1099.98,7.22,722.25,27.83,2783.34,13.44,1344.15,10.96,1095.84,29.11,2911.23,12.33,1233.09,23.87,2387.16,20.44,2043.72,12.34,1234.17,17.71,1770.75,14.17,1416.96,9.16,916.38,10.95,1095.48,8.6,860.31,19.38,1938.24,349.81,0.7,147.77,0.3,4,4,3
PO1000004164,"2019,2021,2020",PROVIDENT AGRO,LANGGAM INTI HIBRINDO,LANGGAM INTI HIBRINDO,Not RSPO Certified,,3/31/23,0.3,101.9,"0.303622, 101.904783",IDN,Indonesia,Riau,Pelalawan,1-Fully Verified,,105.86,10586.25,163.97,285.67,28567.44,2.83,283.23,1.85,184.68,0.2,20.34,3.5,349.74,7.36,736.47,1.78,178.11,5.68,568.08,2.3,230.49,0.09,8.73,25.72,2571.93,6.61,660.69,4.51,450.9,1.38,137.7,3.15,315.09,3.79,379.35,2.2,219.87,2.08,208.35,1.87,186.75,3.31,331.11,3.76,376.11,4.85,485.19,1.31,130.59,90.14,0.85,15.73,0.15,4,5,3
PO1000004165,"2020,2021,2019",ASTRA AGRO LESTARI,GUNUNG SEJAHTERA DUA INDAH,GUNUNG SEJAHTERA DUA INDAH,Not RSPO Certified,,3/31/23,-2.3,111.84,"-2.30085, 111.837333",IDN,Indonesia,Kalimantan Tengah,Kotawaringin Barat,1-Fully Verified,,417.3,41730.21,546.73,770.55,77055.48,29.8,2980.17,29.51,2951.37,11.66,1165.95,15.56,1555.83,23.29,2329.38,52.78,5277.6,61.77,6176.88,40.46,4045.77,22.28,2227.59,6.93,692.73,4.9,490.23,36,3599.91,43.88,4387.77,13.58,1357.92,3.86,386.28,3.79,379.08,31.81,3180.6,4.32,432.09,1.34,134.01,0.22,22.05,5.25,524.52,4.11,410.67,417.3,1,0,0,3,5,1
PO1000004167,"2019,2020,2021",ASTRA AGRO LESTARI,PERKEBUNAN LEMBAH BHAKTI,PERKEBUNAN LEMBAH BHAKTI 1,Not RSPO Certified,,3/31/23,2.31,98,"2.314164, 97.995719",IDN,Indonesia,Aceh,Aceh Singkil,1-Fully Verified,,204.96,20495.7,255.23,633.88,63388.17,2.69,268.92,0.92,91.89,6.8,679.95,4.79,478.89,6.42,641.79,6.07,606.96,6.25,625.23,4.27,427.23,9.63,963.36,10.87,1087.38,4.91,490.77,7.62,762.21,5.93,592.65,6.36,635.94,3.1,309.78,3.99,398.79,2.43,243.18,10.37,1037.16,6.09,608.58,9.95,995.13,5.96,596.34,5.29,529.47,130.72,0.64,74.24,0.36,4,4,3
PO1000004168,"2020,2021,2019",PADASA ENAM UTAMA,PADASA ENAM UTAMA,KOTO KAMPAR,Not RSPO Certified,,3/31/23,0.4,100.61,"0.39647222, 100.613167",IDN,Indonesia,Riau,Kampar,1-Fully Verified,,590.23,59023.26,707.62,1179.25,117925.29,18.42,1841.85,8.29,829.44,25.64,2563.83,15.62,1561.95,22.56,2255.94,12.21,1220.94,11.95,1194.66,12,1199.88,16.98,1697.58,16.7,1670.49,7.28,727.92,14.17,1416.96,11.9,1189.89,18.19,1818.72,9.88,987.75,15.9,1589.85,24.76,2475.63,20.12,2012.22,8.59,858.96,9.29,928.8,27.04,2704.23,15.3,1530.18,342.78,0.58,247.46,0.42,5,3,4
PO1000004169,"2021,2020",INCASI RAYA (GUNAS),SUMATERA JAYA AGRO LESTARI,SILAUT,Not RSPO Certified,,3/31/23,-2.33,101,"-2.330883, 100.995267",IDN,Indonesia,Sumatera Barat,Pesisir Selatan,2-High Confidence,,393.93,39392.82,435.88,532.73,53272.71,8.95,895.32,1.39,139.32,2.41,240.84,4.71,470.61,8.27,827.46,22.11,2210.85,68.64,6863.94,35.97,3597.21,33.8,3380.13,20.74,2074.32,37.4,3740.13,23.86,2385.54,13.4,1340.01,8.79,878.85,5.39,538.92,8.54,854.28,10.29,1028.97,6.12,611.73,3.51,351.18,4.18,417.51,10.83,1083.42,15.35,1535.49,354.66,0.9,39.27,0.1,4,5,3
PO1000004171,"2020,2021,2019",UNION SAMPOERNA TRIPUTRA PERSADA (USTP),PT. HHK SUNGAI BILA ESTATE,PT. HHK SUNGAI BILA ESTATE,Not RSPO Certified,,3/31/23,-2.33,111.28,"-2.3333, 111.281083",IDN,Indonesia,Kalimantan Tengah,Sukamara,2-High Confidence,,172.14,17214.12,227.4,331.62,33162.39,5.23,523.26,11.31,1130.94,0.73,73.35,6.22,621.63,7.82,781.92,30.05,3004.65,8.13,813.06,2.03,203.31,7.43,743.4,3.15,314.64,4.26,426.42,15.04,1503.54,6.67,666.54,11.95,1195.02,8.57,857.07,2.99,298.53,3.24,324.27,3.48,347.67,1.6,159.93,2.17,216.9,2.8,279.63,5.29,529.38,150.15,0.87,21.99,0.13,3,5,3
PO1000004172,"2019,2021,2020",UNKNOWN,MULTI PALMA SEJAHTERA,SI KIJANG,Not RSPO Certified,,3/31/23,0.41,101.67,"0.414389, 101.66675",IDN,Indonesia,Riau,Pelalawan,1-Fully Verified,,139.66,13966.29,175.12,320.71,32071.23,7.21,721.17,2.57,256.86,0.59,58.77,28.32,2831.94,9.06,906.21,1.92,191.88,3.56,356.13,4.32,431.91,7.77,777.33,10.79,1078.83,2.89,288.72,4.74,473.76,2.6,259.74,1.73,172.71,0.83,82.53,1.1,109.71,1.43,142.74,5.5,549.63,4.36,436.41,9.27,927.09,4.6,459.63,3.86,386.01,119,0.85,20.67,0.15,4,5,3
PO1000004173,"2020,2021,2019",UNKNOWN,SAWITA UNGGUL JAYA,SAWITTA UNGGUL JAYA,Not RSPO Certified,,3/31/23,2.33,100.1,"2.33347, 100.09947",IDN,Indonesia,Sumatera Utara,Labuhanbatu,1-Fully Verified,,103.5,10349.91,126.77,208.39,20838.69,0.27,26.91,0.38,37.89,0.25,25.47,0.76,75.78,0.7,70.11,0.11,11.43,0.14,13.5,0.06,6.21,5.05,504.54,10.29,1028.61,5.05,504.54,4.25,424.62,8.88,887.76,16.68,1667.88,1.41,141.39,2.92,292.5,3.2,320.31,1.92,191.52,0.9,90.09,1.39,139.05,2.75,275.13,2.09,208.89,69.44,0.67,34.06,0.33,3,4,3
PO1000004175,"2019,2020",DAYA SEMESTA AGRO PERSADA (DSAP),DAYA SEMESTA AGRO PERSADA,DAYA SEMESTA AGRO PERSADA,Not RSPO Certified,,3/31/23,-2.96,104.92,"-2.963908, 104.917801",IDN,Indonesia,Sumatera Selatan,Banyu Asin,1-Fully Verified,,247.85,24784.83,457.75,641.64,64164.42,0.49,48.51,3.33,332.73,1.29,128.97,2.77,277.47,4.2,419.67,12.85,1285.2,17.57,1757.16,18.2,1820.16,30.51,3051.36,3.21,320.85,2.9,290.25,16.28,1628.1,1.48,148.32,3.09,308.61,8.53,853.02,17.38,1737.72,2.21,221.04,8.29,829.08,7.28,727.83,5.61,561.33,2.92,292.32,2.51,251.28,172.91,0.7,74.94,0.3,3,4,3
PO1000004176,"2020,2021,2019",ASTRA AGRO LESTARI,GUNUNG SEJAHTERA PUTI PESONA,GUNUNG SEJAHTERA PUTI PESONA,Not RSPO Certified,,3/31/23,-2.37,111.96,"-2.366254, 111.955128",IDN,Indonesia,Kalimantan Tengah,Kotawaringin Barat,1-Fully Verified,,70.64,7064.28,169.51,356.4,35639.82,0.85,85.05,6.23,622.71,0.28,27.72,0.88,88.47,2.31,231.03,1.02,101.97,0.62,61.65,1.85,185.04,2.09,209.43,0.71,70.56,0.92,92.43,1.46,146.34,0.63,63.36,1.26,125.73,1.09,109.08,1.79,179.01,1.38,137.88,4.09,409.32,6.88,687.6,2.53,253.26,4.76,475.92,3.27,326.52,46.9,0.66,23.74,0.34,5,4,4
PO1000004177,2020,LONSUM,PERUSAHAAN PERKEBUNAN LONDON SUMATRA INDONESIA,TERAWAS INDAH,Not RSPO Certified,,3/31/23,-2.98,102.79,"-2.975562, 102.788219",IDN,Indonesia,Sumatera Selatan,Musi Rawas,1-Fully Verified,,985.51,98551.26,1020.08,1829.05,182904.66,14.1,1410.39,8.14,814.5,0.42,42.39,15.12,1512.09,8.7,870.39,23.46,2345.58,2.18,218.07,27.87,2787.3,16.58,1657.71,14.51,1450.89,5.67,566.91,28.03,2802.69,11.73,1172.97,18.74,1874.16,13.99,1398.51,23.36,2336.4,12.27,1226.61,17.33,1733.22,13.05,1305,13.72,1372.41,11.27,1126.8,18.73,1872.63,318.98,0.32,666.54,0.68,3,2,3
PO1000004179,"2020,2021",ASTRA AGRO LESTARI,GUNUNG SEJAHTERA IBU PERTIWI,GUNUNG SEJAHTERA IBU PERTIWI,Not RSPO Certified,,3/31/23,-2.38,111.79,"-2.38, 111.79",IDN,Indonesia,Kalimantan Tengah,Kotawaringin Barat,1-Fully Verified,,264.97,26496.72,414.37,732.9,73290.24,0.76,76.32,2.03,203.4,0.95,95.04,3.69,368.64,4.05,405.36,13.15,1315.44,3.7,369.81,15.02,1502.1,13.76,1376.1,3.87,386.73,3.07,306.54,5.15,514.71,1.86,185.58,4.36,436.32,3.81,381.33,5.25,524.7,2.19,219.06,9,900.45,33.99,3399.03,26.21,2620.98,14.47,1446.57,9.25,924.75,179.59,0.68,85.38,0.32,5,4,4
PO1000004181,"2020,2021,2019",PTPN III,PERKEBUNAN NUSANTARA IV,BAH JAMBI,RSPO Certified,"RSPO Certified, MB",3/31/23,2.99,99.22,"2.986317, 99.220233",IDN,Indonesia,Sumatera Utara,Simalungun,2-High Confidence,,156.8,15679.62,228.23,437.48,43747.65,6.27,626.58,0.97,96.66,2,199.8,9.36,936.45,6,600.12,3.48,347.58,11.15,1114.56,2.58,257.85,6.47,646.92,4.43,442.8,4.91,491.49,2.09,209.16,0.3,29.79,0.63,62.73,4.94,494.01,16.97,1697.22,8.61,861.48,5.18,518.4,3.68,367.74,3.88,387.81,9.87,986.94,6.76,676.26,120.52,0.77,36.27,0.23,5,4,4
PO1000004188,"2020,2021",HERFINTA,SAPTA SENTOSA JAYA ABADI,SAPTA SENTOSA JAYA ABADI,Not RSPO Certified,,3/31/23,-2.39,101.16,"-2.38565, 101.162717",IDN,Indonesia,Bengkulu,Mukomuko,1-Fully Verified,,110.25,11024.55,140.94,342.51,34250.85,3.42,341.73,1.19,119.25,0.95,94.77,5.81,581.31,1.06,106.47,1.06,106.29,5.7,570.06,5.61,560.97,4.95,494.82,3.66,366.39,10.88,1088.1,5.19,519.21,1.79,178.74,2.35,234.54,0.94,94.32,1.89,189.09,1.78,178.29,1.66,166.32,1.61,160.92,1.41,141.3,1.3,130.14,3.83,382.68,68.06,0.62,42.19,0.38,3,3,3
PO1000004189,"2021,2020,2019",UNKNOWN,RAPI TEKNIK,RAPI TEKNIK,Not RSPO Certified,,3/31/23,3,99.22,"2.99972, 99.21675",IDN,Indonesia,Sumatera Utara,Simalungun,1-Fully Verified,,343.73,34373.16,618.06,1693.8,169379.73,4.03,403.38,1.21,120.6,5.28,527.76,3.43,342.63,3.8,380.43,4.23,423.18,3.25,325.35,4.05,404.55,9.32,931.86,10.3,1029.69,7.92,791.82,2.87,287.37,2.2,220.14,15.85,1584.63,4.66,466.47,9.3,930.33,4.12,411.66,6.02,601.92,4.6,459.63,3.79,378.99,7.37,736.92,9.06,906.03,126.65,0.37,217.08,0.63,4,3,4
PO1000004190,"2019,2020,2021",SUPERVENTURE,FORTIUS AGRO ASIA,FORTIUS AGRO ASIA,Not RSPO Certified,,3/31/23,0.48,100.75,"0.477181, 100.7515306",IDN,Indonesia,Riau,Rokan Hulu,1-Fully Verified,,42.98,4297.86,53.5,86.98,8697.78,0.56,55.98,0.37,36.99,0.21,20.97,1.81,181.26,4.94,494.46,2.24,223.74,0.84,83.52,0.72,72.27,1.32,131.67,0.28,28.08,0.19,19.26,0.23,23.22,0.19,18.54,0.28,28.08,0.21,20.79,0.42,41.58,0.1,10.08,1.93,192.78,7.26,726.03,0.35,35.37,1.42,141.84,0.34,33.93,26.2,0.61,16.77,0.39,3,3,3
PO1000004191,"2021,2020",BUMITAMA GUNAJAYA AGRO (BGA),BUMITAMA GUNAJAYA ABADI,KOTAWARINGIN,Not RSPO Certified,,3/31/23,-2.39,111.37,"-2.391111, 111.373333",IDN,Indonesia,Kalimantan Tengah,Kotawaringin Barat,1-Fully Verified,,221.12,22112.28,245.08,272.32,27232.47,5,500.22,4.71,471.06,0.95,94.68,4.41,440.73,23.69,2368.8,31.04,3103.92,16.52,1651.95,8.69,869.49,19.41,1941.39,7.42,741.69,2.45,244.71,15.03,1503.09,6.78,677.7,5.68,568.44,7.05,705.24,11.19,1118.52,2.65,264.6,2.26,225.99,1.07,107.19,1.87,186.66,1.86,185.94,4.95,494.91,184.67,0.84,36.45,0.16,3,5,2
PO1000004192,2020,MUSIRAWAS,MUSIRAWAS CITRA HARPINDO,MUSIRAWAS CITRAHARPINDO PKS 1,Not RSPO Certified,,3/31/23,-2.4,112.22,"-2.39805, 112.22479",IDN,Indonesia,Kalimantan Tengah,Seruyan,1-Fully Verified,,162.81,16280.82,202.52,355.73,35573.31,1.47,146.88,6.47,647.46,1.61,160.74,4.13,413.37,1.6,160.29,7.8,779.94,2.95,294.93,6,600.12,2.78,278.19,1.99,198.81,3.58,358.38,5.71,570.69,3.25,325.35,10.36,1035.81,3.68,367.92,16.33,1632.69,4.01,400.86,2.9,290.25,1.32,132.03,1.44,144.09,3.79,379.08,4.02,402.12,97.2,0.6,65.61,0.4,4,3,3
PO1000004194,"2020,2021,2019",KENCANA AGRI,ALAMRAYA KENCANA MAS,ALAM RAYA KENCANA MAS,Not RSPO Certified,,3/31/23,-2.4,115.99,"-2.400317, 115.988167",IDN,Indonesia,Kalimantan Selatan,Kota Baru,1-Fully Verified,,725.59,72558.72,707.72,1346.47,134646.75,2.57,257.13,4.87,487.44,2.22,221.94,42.14,4214.43,9.88,988.47,14.07,1407.06,3.3,329.85,2.39,238.59,12.98,1297.8,1.66,165.69,6.21,620.55,6.06,606.42,4.78,477.54,12.01,1200.87,10.4,1040.04,12.33,1232.55,8.72,872.37,5.53,552.51,8.05,805.32,2.82,281.79,4.21,420.57,3.16,315.72,180.35,0.25,545.24,0.75,2,1,3
PO1000004195,"2019,2021,2020",PADASA ENAM UTAMA,PADASA ENAM UTAMA,KALIANTA 2,Not RSPO Certified,,3/31/23,0.53,100.78,"0.529028, 100.776972",IDN,Indonesia,Riau,Kampar,1-Fully Verified,,125.68,12567.87,154.68,501.98,50198.13,2.45,244.62,2.52,252.45,0.58,57.69,4.13,412.83,12.62,1261.8,10.7,1069.74,3.77,376.92,3.09,308.7,6.29,629.01,2.51,251.1,3.55,355.23,4.04,404.46,2.62,262.26,6.82,681.93,3.04,304.11,2.11,210.6,1.16,115.56,0.84,84.33,0.52,52.29,0.39,38.97,0.94,93.69,0.88,88.2,75.56,0.6,50.11,0.4,2,3,3
PO1000004196,"2020,2021",SINAR MAS,SINAR KENCANA INTI PERKASA,SUNGAI KUPANG,RSPO Certified,"RSPO Certified, MB",3/31/23,-3.05,116.02,"-3.053367, 116.015417",IDN,Indonesia,Kalimantan Selatan,Kota Baru,1-Fully Verified,,343.73,34373.43,476.19,1008.4,100839.78,6.95,695.34,3.07,306.81,0.73,73.08,2.54,254.16,1.8,180.18,11.16,1115.73,1.81,180.54,1.78,178.47,8.12,811.98,2.09,208.53,7.6,759.51,4.39,438.66,10.87,1087.2,12.87,1286.91,14.87,1487.16,10.05,1005.12,11.91,1190.61,22.58,2258.37,22.11,2211.48,10.99,1098.99,13.63,1362.87,4.7,469.98,186.62,0.54,157.12,0.46,4,3,3
PO1000004197,"2020,2019",UNKNOWN,NAFASINDO,NAFASINDO,Not RSPO Certified,,3/31/23,2.44,97.92,"2.43594, 97.91529",IDN,Indonesia,Aceh,Aceh Singkil,1-Fully Verified,,300.9,30089.61,327.95,676.51,67651.29,3.47,347.31,0.34,33.93,2.59,259.38,3.52,352.44,6.58,657.9,8.24,824.49,11.39,1139.49,24.73,2473.38,32.37,3236.58,18.62,1861.56,3.87,386.82,10.38,1037.88,2.46,246.06,4.5,450.45,4.09,409.41,2.09,208.62,1.8,180.45,5.37,537.3,1.66,165.87,4.88,487.71,1.79,179.28,3.89,388.98,158.65,0.53,142.24,0.47,3,3,3
PO1000004198,"2019,2020,2021",UNKNOWN,INTI KARYA PLASMA PERKASA,INTI KARYA PLASMA PERKASA,Not RSPO Certified,,3/31/23,0.54,101.25,"0.544302, 101.253755",IDN,Indonesia,Riau,Kampar,1-Fully Verified,,116.07,11607.3,162.78,207.8,20780.37,1.07,106.74,1.61,161.01,1.72,171.81,3.62,361.98,9.2,919.53,2.04,203.94,3.72,372.24,2.27,226.62,3.51,351.45,4.66,466.38,4.41,440.82,8.1,809.55,4,399.87,2.33,233.37,1.75,175.05,4.34,433.53,4.97,497.43,3.1,309.87,5.29,528.66,3.64,364.5,4.1,409.95,2.04,203.58,81.48,0.7,34.59,0.3,4,4,3
PO1000004200,"2020,2021,2019",INDAH,HUTA BAYU MARSADA,HUTA BAYU MARSADA,Not RSPO Certified,,3/31/23,3.06,99.33,"3.063817, 99.333633",IDN,Indonesia,Sumatera Utara,Simalungun,1-Fully Verified,,42.42,4242.24,49.26,93.58,9357.93,3.42,342.18,0.95,94.77,2.2,219.6,0.51,51.39,2.73,273.06,3.08,307.98,6.43,642.69,0.24,24.48,3.49,348.57,5.83,582.84,1.58,158.13,0.52,51.66,0.38,37.71,0.61,60.75,0.54,54.45,0.63,62.55,0.59,58.68,0.08,7.65,0.07,7.38,0.34,34.02,0.58,57.96,0.12,11.61,34.9,0.82,7.52,0.18,2,5,2
PO1000004202,"2019,2020,2021",PTPN III,PERKEBUNAN NUSANTARA IV,AJAMU-I,RSPO Certified,"RSPO Certified, MB",3/31/23,2.46,100.16,"2.457183, 100.16065",IDN,Indonesia,Sumatera Utara,Labuhanbatu,1-Fully Verified,,676.81,67681.44,858.21,1403,140299.92,7.51,750.69,8.81,881.46,4.07,407.07,16.5,1650.06,31.73,3172.86,37.88,3788.37,46.91,4691.07,8.41,841.41,61.68,6168.24,85.51,8551.08,24.14,2414.25,40.64,4064.04,14.47,1447.02,24.81,2480.76,6.47,647.37,15.12,1512,12.56,1256.04,15.23,1523.34,10.58,1057.95,7.32,732.33,6.63,663.39,6.8,680.4,493.81,0.73,183,0.27,3,4,3
PO1000004203,"2021,2020,2019",UNKNOWN,HARKAT SEJAHTERA,HARKAT SEJAHTERA,RSPO Certified,"RSPO Certified, MB",3/31/23,3.07,99.43,"3.065017, 99.428267",IDN,Indonesia,Sumatera Utara,Simalungun,1-Fully Verified,,107.74,10774.17,121.79,222.47,22246.65,4.73,472.95,0.68,67.68,1.27,126.54,1.37,136.62,0.8,80.46,1.73,173.34,0.98,97.56,0.63,62.73,8.14,814.41,6.85,685.44,4.59,459.18,1.92,191.97,0.18,18.36,2.44,244.26,7.72,772.2,0.73,72.99,0.6,60.03,0.23,22.95,0.89,89.37,0.81,80.55,0.35,35.01,0.44,43.83,48.08,0.45,59.66,0.55,1,3,3
PO1000004204,"2019,2020,2021",UNKNOWN,BUDI TANI KEMBANG JAYA,BUDI TANI KEMBANG JAYA,Not RSPO Certified,,3/31/23,0.54,101.58,"0.542767, 101.579856",IDN,Indonesia,Riau,Siak,1-Fully Verified,,45.88,4587.93,83.83,116.43,11643.12,1.52,152.28,1.88,188.1,0.28,27.63,6.64,663.66,4.94,494.01,2.44,244.26,1.74,174.42,1.6,159.75,4.51,450.9,2,200.34,0.78,77.85,1.43,142.74,0.86,85.77,0.9,90.36,1.71,171.18,1.1,109.62,1.89,189,0.52,52.2,1.88,188.46,1.86,185.67,1.39,138.69,3.17,317.34,45.04,0.98,0.84,0.02,5,5,3
PO1000004205,"2021,2020,2019",DUPONT & LEOSK ENTERPRISES,KWALA INTAN SAWIT SELATAN,KWALA INTAN SAWIT SELATAN,Not RSPO Certified,,3/31/23,2.46,99.64,"2.464104, 99.63821",IDN,Indonesia,Sumatera Utara,Labuhanbatu Utara,1-Fully Verified,,243.69,24369.39,250.76,494.94,49494.06,1.37,136.89,2.35,235.17,1.03,103.41,3.45,345.33,1.91,191.43,2.26,226.26,1.55,155.07,1.16,115.83,2.84,284.31,2.96,295.65,2.74,273.69,5.24,523.98,3.32,331.83,4.16,415.53,2.09,208.53,4.42,441.9,5.13,513.09,2.8,280.26,1.24,124.29,1.69,169.29,4.14,414.45,3.92,391.95,61.78,0.25,181.91,0.75,3,2,4
PO1000004206,"2019,2020,2021",PTPN III,PERKEBUNAN NUSANTARA V,TERANTAM,RSPO Certified,"RSPO Certified, MB",3/31/23,0.58,100.75,"0.578806, 100.750806",IDN,Indonesia,Riau,Kampar,1-Fully Verified,,135.4,13540.32,147.98,264.08,26407.89,0.2,20.07,1.1,109.62,0.33,32.58,0.62,61.92,0.6,60.12,0.25,25.47,0.32,31.68,0.08,8.1,0.61,61.11,0.06,6.21,0.9,90.36,9.17,916.65,22.07,2207.07,17.87,1786.77,9.24,924.48,10.25,1024.65,1.81,180.81,5.21,521.37,6.08,608.4,2.32,232.11,0.62,61.92,4.74,473.94,94.45,0.7,40.95,0.3,3,4,3
PO1000004207,"2020,2021,2019",UNKNOWN,MUTIARA ALAM LESTARI,MUTIARA ALAM LESTARI,Not RSPO Certified,,3/31/23,-2.49,106.36,"-2.492167, 106.364317",IDN,Indonesia,Bangka Belitung,Bangka Tengah,1-Fully Verified,,392.78,39277.71,644.42,2356.31,235630.53,4.24,423.9,2.21,221.31,2.19,218.97,5.17,517.41,12.92,1292.31,8.09,808.92,12.31,1230.93,15.16,1516.5,30.48,3048.03,10.75,1075.41,19.77,1977.48,23.35,2334.78,6.2,619.83,21.29,2128.59,17.49,1749.33,23.1,2310.39,12.02,1201.59,9.74,973.98,15.13,1512.54,15.85,1584.54,20.4,2040.03,23.08,2308.41,310.95,0.79,81.83,0.21,5,4,3
PO1000004208,"2019,2020,2021",PTPN III,PERKEBUNAN NUSANTARA IV,TINJOWAN,RSPO Certified,"RSPO Certified, MB",3/31/23,3.08,99.51,"3.080023, 99.512734",IDN,Indonesia,Sumatera Utara,Simalungun,1-Fully Verified,,107.63,10763.1,139.89,274.32,27431.55,4.59,458.55,5.09,509.31,2.9,289.71,7.98,798.12,6.43,643.05,6.22,621.54,1.43,142.92,0.19,19.17,4.02,402.03,6.17,616.59,1.46,146.07,0.94,93.51,1.69,169.29,1.13,113.31,1.2,120.33,1.95,195.21,1.42,141.84,0.23,22.86,5.78,578.07,0.99,99.36,1.49,148.77,1.27,127.44,64.57,0.6,43.06,0.4,3,3,3
PO1000004210,"2021,2020,2019",SUPERVENTURE,CAHAYA CEMERLANG LESTARI,CAHAYA CEMERLANG LESTARI,Not RSPO Certified,,3/31/23,-2.54,104.15,"-2.535817, 104.150283",IDN,Indonesia,Sumatera Selatan,Banyu Asin,1-Fully Verified,,527.06,52706.43,847.96,1152.21,115220.7,13.18,1318.05,14.38,1438.11,9.19,918.81,15.56,1556.28,7.15,715.41,8.27,827.28,20.92,2091.87,19.45,1945.35,36.85,3685.14,15.82,1581.84,17.03,1703.34,56.96,5696.19,11.25,1125.18,21.53,2153.25,32.05,3205.44,25.04,2503.71,20.39,2039.31,33.29,3329.01,17.96,1795.77,15.36,1535.85,12.47,1247.13,6.77,676.62,430.89,0.82,96.17,0.18,3,5,3
PO1000004213,"2019,2020,2021",UNKNOWN,PRIMA SAUHUR LESTARI,PRIMA SAUHUR LESTARI,Not RSPO Certified,,3/31/23,3.08,99.3,"3.083042, 99.301816",IDN,Indonesia,Sumatera Utara,Simalungun,1-Fully Verified,,16.71,1670.85,30.25,58.17,5816.7,1.54,154.17,0.47,47.07,0.3,30.42,0.17,17.37,0.74,73.89,0.86,85.95,0.33,33.39,0.18,18,0.68,67.77,0.88,87.75,0.96,96.21,0.69,69.3,0.01,0.9,0.11,11.25,1.01,101.07,0.15,14.67,0.15,14.58,0.06,6.39,0.16,16.47,0.44,43.56,0.47,46.62,0.13,13.14,10.5,0.63,6.21,0.37,3,3,3
PO1000004214,2020,ASAM JAWA,SAPTA KARYA DAMAI,SAPTA KARYA DAMAI,Not RSPO Certified,,3/31/23,-2.58,112.63,"-2.58287, 112.62698",IDN,Indonesia,Kalimantan Tengah,Kotawaringin Timur,1-Fully Verified,,246.79,24678.63,305.22,274.96,27496.44,0.38,38.43,2.47,246.96,3.47,347.22,1.23,123.48,1.55,154.53,21.8,2179.62,22.77,2277,48.11,4811.49,13.02,1301.94,8.88,887.58,19.87,1986.93,8.3,830.34,4.05,405.36,9.02,902.43,14.91,1490.76,11.64,1163.61,3.74,373.95,0.89,89.46,1.12,111.6,0.31,30.78,0.45,45.36,0.72,71.82,198.71,0.81,48.08,0.19,1,5,1
PO1000004215,"2020,2021",ANGLO-EASTERN PLANTATION (AEP),ALNO AGRO UTAMA,SUMIDO,Not RSPO Certified,,3/31/23,-3.13,101.88,"-3.13275, 101.8766",IDN,Indonesia,Bengkulu,Bengkulu Utara,1-Fully Verified,,622.45,62244.99,628.87,1149.56,114955.74,6.92,692.19,3.76,376.47,17.8,1780.38,21.64,2164.23,3.75,374.94,6.27,627.12,12.5,1250.1,6.17,617.31,10.24,1024.29,4.92,491.85,14.38,1437.57,9.61,961.2,6.25,625.32,5.19,518.67,4.63,463.23,9.72,971.82,14.21,1421.46,7.87,787.23,9.46,945.9,5.42,541.98,11.57,1157.31,19.3,1930.5,211.61,0.34,410.84,0.66,4,2,4
PO1000004216,"2021,2020,2019",FIRST RESOURCES,SURYA INTISARI RAYA,SURYA INTISARI RAYA,RSPO Certified,"RSPO Certified, MB",3/31/23,0.63,101.57,"0.629583, 101.5685",IDN,Indonesia,Riau,Pekanbaru,1-Fully Verified,,572.12,57212.01,698.8,1431.12,143111.88,34.63,3462.93,24.07,2407.23,9.18,917.73,51.45,5144.85,35.51,3550.68,35.47,3546.81,65.83,6583.14,31.71,3171.06,48.56,4855.59,51.24,5123.79,18.59,1859.31,35.47,3546.99,19.29,1928.61,21.78,2177.55,8.08,808.02,10.07,1006.92,18.68,1867.95,9.1,910.08,6.24,623.7,9.45,944.64,6.91,690.75,6.24,623.7,557.52,0.97,14.6,0.03,3,5,1
PO1000004217,"2020,2021,2019",BAKRIE,GRAHADURA LEIDONGPRIMA,LEIDONG MAKMUR,Not RSPO Certified,,3/31/23,2.58,99.78,"2.583633, 99.782467",IDN,Indonesia,Sumatera Utara,Labuhanbatu Utara,1-Fully Verified,,307.23,30722.85,377.22,495.12,49511.7,7.35,734.58,8.03,803.07,9.71,970.74,10.07,1006.92,44.71,4470.84,12.9,1290.24,8.15,815.49,11.45,1144.8,6.1,609.75,17.54,1754.19,11.07,1107.27,14.35,1434.78,0.98,97.65,5.68,568.44,1.77,176.58,3.09,308.52,4.07,406.71,8.69,868.95,13.19,1318.95,10.59,1058.85,23.33,2332.98,4.98,498.42,237.79,0.77,69.44,0.23,5,4,3
PO1000004218,"2019,2020,2021",UNKNOWN,AGUNG AGRO LESTARI,AGUNG AGRO LESTARI,Not RSPO Certified,,3/31/23,2.54,99.88,"2.541258, 99.88067",IDN,Indonesia,Sumatera Utara,Labuhanbatu Utara,1-Fully Verified,,242.82,24282,366.64,899.45,89944.92,2.4,240.39,5.29,528.57,2.32,231.57,16.48,1648.17,13.69,1369.17,4.3,429.57,3.91,391.23,1.55,155.16,3.09,308.79,10.86,1086.03,1.83,182.79,3.03,303.39,0.74,73.62,2.84,284.13,2.3,229.95,6.95,695.43,3.96,396.36,3.94,394.38,3.04,304.38,2.6,260.37,3.12,311.76,1.07,107.01,99.32,0.41,143.5,0.59,3,3,3
PO1000004219,"2021,2020,2019",PTPN III,PERKEBUNAN NUSANTARA V,LUBUK DALAM,RSPO Certified,"RSPO Certified, MB",3/31/23,0.63,101.78,"0.629944, 101.779556",IDN,Indonesia,Riau,Siak,1-Fully Verified,,286.77,28676.88,331.44,648.78,64877.67,5.3,530.37,4.84,484.02,0.79,79.02,11.88,1187.64,21.57,2157.21,5.95,594.72,13.1,1310.04,3.17,317.43,8.97,897.48,12.19,1218.87,12.69,1269.27,10,999.99,15.72,1571.85,8.57,856.71,1.83,182.7,7.9,789.84,11.97,1197.36,18.39,1839.15,3.23,323.28,8.03,802.8,6.04,604.17,12.15,1215.09,204.29,0.71,82.48,0.29,4,4,3
PO1000004223,"2020,2019",WILMAR GROUP,MUSI BANYUASIN INDAH,SELABU,RSPO Certified,"RSPO Certified, MB",3/31/23,-2.63,103.82,"-2.627033, 103.818533",IDN,Indonesia,Sumatera Selatan,Musi Banyuasin,1-Fully Verified,,926,92599.92,994.5,1808.01,180800.82,11.22,1121.58,11.94,1194.12,3.07,306.9,18.98,1897.56,10.95,1095.03,33.07,3306.51,11.36,1136.07,54.15,5415.03,27.53,2753.19,18.04,1804.41,14.81,1481.13,64.11,6410.79,18.05,1805.49,27.75,2774.52,25.2,2519.64,32.35,3234.96,11.38,1137.96,36.39,3639.33,15.97,1597.32,17.05,1704.51,16.68,1667.52,23.63,2362.86,503.66,0.54,422.33,0.46,3,3,3
PO1000004225,"2019,2020,2021",PTPN III,PERKEBUNAN NUSANTARA V,SEI BUATAN,RSPO Certified,"RSPO Certified, MB",3/31/23,0.65,101.86,"0.6539, 101.8648",IDN,Indonesia,Riau,Siak,1-Fully Verified,,169.74,16973.82,197.64,318.06,31806.27,3.21,321.03,0.71,70.56,0.05,4.95,4.36,436.23,12.85,1284.66,2.16,216.27,7.11,710.91,4.44,443.79,1.91,190.98,2.39,239.04,8.51,851.22,3.47,347.22,1.27,127.17,7.2,720.18,1.49,149.4,13.88,1387.62,6.12,611.64,1.88,188.37,2.1,210.33,5.68,568.35,5.48,548.19,0.95,94.59,97.23,0.57,72.51,0.43,3,3,3
PO1000004226,"2020,2021,2019",SAMPOERNA AGRO,SUNGAI RANGIT,SUNGAI RANGIT,Not RSPO Certified,,3/31/23,-2.63,111.26,"-2.628958, 111.257912",IDN,Indonesia,Kalimantan Tengah,Sukamara,1-Fully Verified,,1037.43,103743.18,1652.94,3057.85,305784.81,12.35,1235.07,8.75,874.98,5.16,516.24,15.87,1587.33,10.64,1064.25,21.15,2114.82,18.41,1840.77,11.56,1156.5,16.06,1605.87,3.65,364.59,12.33,1232.64,35.18,3517.92,13.79,1378.98,42.09,4209.21,55.44,5544.27,75.06,7506.27,6.13,613.35,12.21,1220.67,13.5,1349.82,6.74,673.56,5.13,513.09,12.97,1296.72,414.17,0.4,623.26,0.6,3,3,3
PO1000004228,2020,ASTRA AGRO LESTARI,SUBUR AGRO MAKMUR,SUBUR AGRO MAKMUR,Not RSPO Certified,,3/31/23,-2.65,114.97,"-2.652773, 114.970661",IDN,Indonesia,Kalimantan Selatan,Hulu Sungai Selatan,1-Fully Verified,,742.26,74226.33,2010.75,3355.01,335501.19,1.95,195.21,5.83,583.38,1.43,142.92,5.57,556.56,3.17,316.8,7.32,732.33,6,599.76,10.04,1004.22,32.29,3229.02,5.13,513.36,17.43,1743.12,8.47,846.54,2.1,209.88,8,800.37,22,2200.14,29.38,2938.41,7.08,708.3,1.61,161.1,19.33,1933.29,4.85,484.92,2.72,271.8,1.04,103.68,202.75,0.27,539.51,0.73,1,2,3
PO1000004230,2020,UNKNOWN,SENTOSA SEJAHTERA SEJATI,SENTOSA SEJAHTERA SEJATI,Not RSPO Certified,,3/31/23,-2.67,101.3,"-2.66545, 101.29975",IDN,Indonesia,Bengkulu,Mukomuko,1-Fully Verified,,29.39,2938.77,51.67,127.63,12762.99,1.79,178.56,1.34,134.46,0.43,42.75,3.08,307.71,1.2,119.97,1.56,155.88,1.64,163.98,0.58,57.69,0.35,35.01,0.42,42.3,0.34,33.84,0.27,27.09,0.37,36.54,0.14,13.59,0.06,5.85,0.15,14.76,0.55,55.44,0.47,46.62,0.84,84.24,0.45,45.27,0.17,16.92,0.1,9.54,16.28,0.55,13.11,0.45,2,3,3
PO1000004231,"2020,2021,2019",FIRST RESOURCES,SUBUR ARUM MAKMUR,SUBUR ARUM MAKMUR I,RSPO Certified,"RSPO Certified, MB",3/31/23,0.82,100.89,"0.819333, 100.8875",IDN,Indonesia,Riau,Kampar,1-Fully Verified,,211.39,21138.93,270.67,455.02,45502.2,8.74,874.17,9.14,914.4,4.99,499.41,36.3,3630.42,28.59,2859.39,23.07,2307.15,13.12,1312.38,1.43,143.01,15.49,1548.9,2.22,221.58,0.8,79.65,6.17,616.86,0.41,40.77,0.72,71.55,0.12,11.52,0.63,63.09,0.33,33.39,0.51,50.58,0.27,27.45,0.3,29.97,0.19,18.54,0.08,8.1,153.62,0.73,57.77,0.27,1,4,1
PO1000004232,"2020,2021",TIANJIN JULONG,GRAHA INTI JAYA,GRAHA INTI JAYA,Not RSPO Certified,,3/31/23,-2.67,114.38,"-2.673925, 114.379120",IDN,Indonesia,Kalimantan Tengah,Kapuas,1-Fully Verified,,392.73,39273.39,454.58,556.23,55622.88,1.01,100.53,4.97,497.43,7.94,794.07,3.47,347.13,2.45,245.25,4.25,425.25,15,1499.67,59.5,5950.08,47.81,4780.53,1.78,177.57,7.38,737.91,14.78,1477.98,2.02,202.5,9.26,925.74,16.22,1621.89,51.67,5166.99,1,99.63,3.04,304.02,14.77,1477.35,8.25,825.3,0.5,50.04,1.01,101.16,278.08,0.71,114.65,0.29,1,4,2
PO1000004234,"2020,2021,2019",EAGLE HIGH PLANTATIONS,BUMI LANGGENG PERDANATRADA,BEDAUN,RSPO Certified,"RSPO Certified, MB",3/31/23,-2.72,111.82,"-2.72055, 111.822667",IDN,Indonesia,Kalimantan Tengah,Kotawaringin Barat,1-Fully Verified,,1308.87,130887.09,1376.25,2387.29,238728.87,5.62,562.14,7.75,774.63,6.86,686.16,7.94,794.07,3.64,363.51,14.78,1478.07,37.86,3785.94,18.12,1811.52,4.98,497.79,6.62,662.4,13.28,1328.22,5.13,513.36,10.97,1096.74,17.42,1741.5,15.79,1578.78,77.4,7739.73,14.18,1417.86,3.59,359.01,2.3,230.13,1.74,173.88,1.98,198.09,3.81,380.7,281.74,0.22,1027.13,0.78,1,1,3
PO1000004236,"2020,2019",UNKNOWN,PINAGO UTAMA,PINAGO UTAMA,Not RSPO Certified,,3/31/23,-2.74,103.57,"-2.739183, 103.568533",IDN,Indonesia,Sumatera Selatan,Musi Banyuasin,1-Fully Verified,,965.82,96581.97,1109.76,2118.11,211811.22,13.99,1399.05,11.68,1167.66,2.18,218.16,14.71,1471.14,9.15,915.3,40.09,4008.6,11.59,1159.29,62.57,6257.16,35.43,3542.58,26.63,2663.46,27.5,2750.4,105.4,10540.26,25.93,2592.81,40.61,4060.8,21.46,2146.32,23.24,2323.71,12.44,1243.53,16.33,1633.05,19.03,1903.14,34.53,3453.39,42.49,4248.99,40.63,4063.14,637.62,0.66,328.2,0.34,5,4,4
PO1000004238,"2019,2020,2021",UNION SAMPOERNA TRIPUTRA PERSADA (USTP),SALONOK LADANG MAS,SALONOK LADANG MAS,Not RSPO Certified,,3/31/23,-2.75,112.44,"-2.754, 112.437383",IDN,Indonesia,Kalimantan Tengah,Seruyan,1-Fully Verified,,197.07,19706.67,281.05,384.34,38433.69,0.75,75.33,1.83,183.15,0.55,55.26,6.6,659.7,31.8,3179.79,37.44,3743.91,15.76,1575.9,21.78,2178,10.07,1006.74,1.23,122.94,11.61,1161.18,5.25,525.24,2.57,257.22,6.62,662.31,4.87,487.26,11.91,1191.42,1.82,181.8,2.39,238.77,1.57,157.14,0.42,42.21,1,99.99,0.43,42.57,178.28,0.9,18.79,0.1,1,5,1
PO1000004239,"2021,2020,2019",UNKNOWN,LIBO SAWIT PERKASA,LIBO SAWIT PERKASA,Not RSPO Certified,,3/31/23,0.96,101.14,"0.956278, 101.140528",IDN,Indonesia,Riau,Siak,1-Fully Verified,,183.95,18395.28,201.46,219.74,21973.95,4.18,418.5,2.07,206.64,0.6,59.94,2.81,280.53,17.39,1738.8,23.53,2352.51,18.11,1810.53,35.85,3585.42,24.88,2488.23,7.58,758.25,2.36,235.8,14.19,1418.85,1.41,141.3,5.13,512.73,0.79,78.57,1.7,170.1,2.42,242.19,1.03,103.41,1.3,130.32,2.04,203.76,1.58,157.68,2.03,203.04,172.97,0.94,10.98,0.06,3,5,1
PO1000004240,"2020,2021,2019",UNKNOWN,SUMBER SAWIT JAYA LESTARI,SUMBER SAWIT JAYA LESTARI,Not RSPO Certified,,3/31/23,2.76,99.96,"2.761504, 99.958939",IDN,Indonesia,Sumatera Utara,Labuhanbatu Utara,1-Fully Verified,,251.95,25195.32,397.57,680.38,68038.38,7,699.66,7.09,709.38,5.09,509.4,24.15,2414.7,19.85,1984.86,6.04,603.99,4.8,480.33,1.48,147.6,2.27,227.34,6.66,666.09,2.17,216.72,4.88,488.25,0.67,66.78,3.23,322.56,2.86,286.2,5.72,571.95,3.82,382.23,3.64,364.41,3.41,341.01,1.76,176.22,3.64,364.5,1.65,165.24,121.89,0.48,130.06,0.52,3,3,3
PO1000004241,"2019,2020,2021",HUTAHAEAN,HUTAHAEAN,TELUK SONO,Not RSPO Certified,,3/31/23,1.06,100.76,"1.06, 100.7572",IDN,Indonesia,Riau,Rokan Hulu,1-Fully Verified,SONTANG,52.89,5288.94,54.87,63.45,6344.55,0.58,58.05,1.53,152.64,0.29,28.8,1.84,183.78,11.73,1172.88,9.4,939.51,5.78,578.16,1.19,119.25,4.8,479.88,4.51,451.26,0.51,51.3,4.44,444.15,0.78,78.39,0.31,30.87,0.11,10.62,0.36,35.91,0.81,80.64,0.46,45.72,0.18,17.91,0.03,2.52,0.08,8.46,0.04,4.23,49.75,0.94,3.14,0.06,1,5,1
PO1000004242,"2021,2020",DUTA MARGA,SAMUDERA SAWIT NABATI,SAMUDERA SAWIT NABATI,Not RSPO Certified,,3/31/23,2.77,97.94,"2.766733, 97.9367",IDN,Indonesia,Aceh,Subulussalam,1-Fully Verified,,427.86,42785.91,418.61,661.75,66174.57,2.16,216,1.66,166.23,0.53,53.46,5.07,506.79,2.44,243.81,6.46,646.47,3.53,353.07,52.24,5223.87,15.13,1512.99,12.78,1277.73,11.62,1162.44,27.3,2729.7,6.18,618.12,10,1000.26,6.87,686.97,7.09,709.11,11.51,1150.92,25.52,2551.95,13.55,1355.22,9.59,959.31,6.85,684.99,8.43,842.58,246.52,0.58,181.34,0.42,3,3,3
PO1000004243,"2020,2019,2021",WILMAR GROUP,AGRINDO INDAH PERSADA,AGROINDO INDAH PERSADA 1,Not RSPO Certified,,3/31/23,2.78,99.39,"2.778667, 99.393433",IDN,Indonesia,Sumatera Utara,Asahan,1-Fully Verified,,21.73,2173.14,22.16,48.73,4872.87,0.25,25.38,0.02,1.8,0.28,27.9,1.87,186.57,2.26,225.54,1.38,138.15,0.05,5.31,0.03,3.24,0.82,82.44,0.37,36.54,0.69,69.48,0.18,17.64,0.02,1.8,0.28,28.17,0.08,8.28,0.29,28.98,0.62,61.56,0.82,82.35,0.48,47.97,0.09,8.64,0.21,20.88,0.1,9.63,11.18,0.51,10.55,0.49,2,3,3
PO1000004244,2020,PERMATA HIJAU,PERMATA HIJAU SAWIT,PERMATA HIJAU SAWIT,Not RSPO Certified,,3/31/23,1.07,100.07,"1.066238, 100.070478",IDN,Indonesia,Sumatera Utara,Padang Lawas,1-Fully Verified,,58.03,5803.2,76.84,127.8,12779.55,0.5,50.13,1.39,139.23,0.44,43.92,1.52,152.28,1.39,138.69,0.86,86.13,0.5,49.59,0.46,46.35,1.82,181.8,0.14,14.04,0.84,84.06,1.49,148.86,2.99,298.53,0.94,94.05,0.15,15.03,0.58,58.14,0.42,42.39,0.17,16.56,0.29,28.53,5.98,598.05,7.21,720.9,5.28,527.67,35.35,0.61,22.68,0.39,5,3,5
PO1000004245,"2020,2021,2019",UNKNOWN,ERA SAWITA,ERA SAWITA,Not RSPO Certified,,3/31/23,1.08,100.49,"1.07791, 100.49042",IDN,Indonesia,Riau,Rokan Hulu,1-Fully Verified,KEPENUHAN,140.08,14008.41,167.85,251.08,25108.38,1.96,195.66,3.84,384.21,0.5,50.31,6.48,648.18,4.47,447.48,5.06,505.62,3.16,315.72,3.64,363.51,7.31,730.53,3.81,380.52,2.46,246.06,4.18,417.78,2.78,278.01,3.4,340.2,2.87,286.56,5.19,519.39,6.02,601.56,3.83,383.49,2.83,283.23,2.88,288.09,13.51,1351.17,4.57,456.84,94.74,0.68,45.34,0.32,5,4,4
PO1000004246,"2019,2020,2021",SUPERVENTURE,MANDIRI SAWIT BERSAMA,AEK TINGA,Not RSPO Certified,,3/31/23,1.07,100,"1.073631, 99.995119",IDN,Indonesia,Sumatera Utara,Padang Lawas,1-Fully Verified,,8.78,877.5,12.8,18.65,1865.07,0.15,15.12,0.41,40.59,0.13,13.14,0.24,23.76,0.28,27.63,0.32,31.59,0.1,10.26,0.33,33.03,0.21,21.06,0.11,10.8,0.68,67.86,0.04,4.5,0.08,8.19,0.06,6.03,0.12,11.97,0.43,43.29,0.21,21.15,0.14,14.04,0.07,7.02,0.11,10.8,0.11,11.07,0.12,12.42,4.45,0.51,4.32,0.49,3,3,3
PO1000004249,"2019,2020",UNKNOWN,TENGGANAU MANDIRI LESTARI,TENGGANAU MANDIRI LESTARI,Not RSPO Certified,,3/31/23,1.12,101.26,"1.122222, 101.257278",IDN,Indonesia,Riau,Bengkalis,1-Fully Verified,,41.62,4161.51,74.54,224.75,22475.43,0.32,32.13,0.55,55.17,0.56,55.8,1.34,134.37,2.6,260.1,1.63,163.17,0.92,91.98,0.51,50.76,0.96,95.67,1.57,157.41,0.61,61.11,1.46,145.98,0.29,29.07,1.08,108.36,0.16,16.29,0.6,60.3,2.54,254.07,2.14,214.02,1.38,137.79,0.87,86.58,2.65,265.14,0.38,38.34,25.14,0.6,16.48,0.4,5,3,4
PO1000004251,"2020,2021",UNKNOWN,SUMBER JAYA INDAHNUSA COY,TAMBUSAI MILL,Not RSPO Certified,,3/31/23,1.13,100.64,"1.134644, 100.64218",IDN,Indonesia,Riau,Rokan Hulu,1-Fully Verified,,221.8,22180.05,259.7,377.85,37784.88,3.4,340.11,1.59,159.39,1.26,125.82,3.37,336.78,3.28,328.14,7.26,726.21,16.44,1644.12,23.53,2352.51,16.13,1612.8,3.83,382.95,9.79,979.29,27.59,2759.04,14.48,1447.56,8.84,883.62,1.88,187.83,6,599.94,8.59,859.32,4.94,493.92,3.88,388.08,1.44,144.27,4.86,485.91,4.09,409.32,176.47,0.8,45.33,0.2,3,4,3
PO1000004252,"2021,2020",TORGANDA,TORUS GANDA,TAMBUSAI TIMUR,Not RSPO Certified,,3/31/23,1.14,100.41,"1.139364, 100.40855",IDN,Indonesia,Riau,Rokan Hulu,1-Fully Verified,ARYA RAMA PRAKARSA,91.99,9198.9,166.92,498.34,49833.63,3.97,396.72,1.4,140.31,0.71,71.37,8.87,887.04,4.83,482.67,1.93,193.14,1.37,136.89,0.92,92.25,2.26,226.08,1.04,104.13,0.26,26.01,1.13,113.13,0.49,49.14,0.81,80.73,0.77,76.77,1.57,156.78,1.57,157.05,1.36,135.54,0.77,76.68,0.83,83.07,1.34,133.92,0.81,80.73,39,0.42,52.99,0.58,3,3,3
PO1000004253,"2020,2021,2019",FIRST RESOURCES,PERDANA INTISAWIT PERKASA,PERDANA INTI SAWIT PERKASA 1,RSPO Certified,"RSPO Certified, MB",3/31/23,1.14,100.49,"1.140183, 100.494367",IDN,Indonesia,Riau,Rokan Hulu,1-Fully Verified,,45.96,4596.03,77.04,115.7,11569.68,0.14,13.95,0.13,13.41,0.04,3.69,0.64,64.35,0.34,34.29,0.34,33.66,0.06,5.58,0.35,34.56,0.81,80.55,0.34,33.66,0.33,32.76,0.69,69.39,0.14,14.04,0.61,61.29,0.15,15.21,0.7,69.75,0.93,93.06,0.34,34.02,0.19,18.9,0.19,19.08,1.24,124.11,8.57,856.98,17.26,0.38,28.7,0.62,5,3,5
PO1000004254,"2019,2020,2021",ZTE AGRIBUSINESS,RANA WASTU KENCANA,RANA WESTU KENCANA,Not RSPO Certified,,3/31/23,1.15,109.32,"1.145883, 109.318333",IDN,Indonesia,Kalimantan Barat,Sambas,1-Fully Verified,,192.57,19257.48,206.27,331.36,33135.75,3.16,316.44,2.54,254.43,1.68,167.58,2.29,228.51,1.75,174.87,1.25,125.46,6.71,670.86,14.09,1408.95,10.66,1066.05,16.71,1671.03,4.93,492.66,12.04,1204.38,8.83,882.72,10.38,1037.97,5.54,553.86,5.37,536.85,3.54,353.52,1.55,154.89,0.94,94.23,0.95,95.49,1.92,191.97,7.02,701.73,123.84,0.64,68.73,0.36,3,4,3
PO1000004255,"2020,2021,2019",UNKNOWN,MUSTIKA AGUNG SAWIT SEJAHTERA,MUSTIKA AGUNG SAWIT SEJAHTERA,Not RSPO Certified,,3/31/23,1.22,101.24,"1.224239, 101.242411",IDN,Indonesia,Riau,Bengkalis,1-Fully Verified,,34.4,3440.43,74.05,230.84,23084.19,0.62,62.46,1.1,109.53,0.34,34.11,1.76,176.31,3.56,355.5,1.41,141.03,0.56,55.89,0.66,65.88,1.36,136.35,0.7,70.2,0.59,58.95,1.68,167.58,0.35,34.74,1.19,118.98,0.38,37.89,0.79,79.29,0.8,80.19,0.95,95.13,1.76,175.68,0.76,76.14,0.45,44.82,0.49,48.96,22.26,0.65,12.15,0.35,3,4,3
PO1000004257,"2020,2021,2019",FIRST RESOURCES,MURINIWOOD INDAH INDUSTRY,MURINI WOOD INDAH INDUSTRI,Not RSPO Certified,,3/31/23,1.39,101.31,"1.39375, 101.30525",IDN,Indonesia,Riau,Bengkalis,1-Fully Verified,,275.48,27548.1,329.8,355.84,35584.38,5.94,594.45,15.85,1584.63,4.58,458.1,8.79,878.94,18.23,1823.31,24.47,2446.83,11.44,1143.81,9.84,983.88,21.01,2100.87,24.66,2465.91,10.26,1025.91,16.88,1687.86,6.45,644.58,12.19,1218.78,1.07,106.56,6.12,612.18,4.3,430.11,2.63,262.89,3.06,305.55,4.68,467.55,1.54,153.54,3.03,302.58,216.99,0.79,58.49,0.21,2,4,2
PO1000004259,"2019,2020,2021",MAHKOTA,INTAN SEJATI ANDALAN,INTAN SEJATI ANDALAN,Not RSPO Certified,,3/31/23,1.43,101.29,"1.432694, 101.285667",IDN,Indonesia,Riau,Bengkalis,1-Fully Verified,,896.68,89667.9,976.09,1583.74,158374.26,2.97,296.64,30.58,3057.84,8.71,870.66,31.48,3147.66,54.34,5433.93,61.33,6132.51,32.71,3271.5,49.81,4980.87,95.1,9510.21,92.84,9284.4,48.83,4883.49,44.23,4423.05,21.33,2132.55,65.62,6562.26,6.43,643.23,11.2,1120.05,11.94,1194.3,8.98,898.38,8.42,842.13,8.85,885.15,8.55,854.91,7.98,798.3,712.24,0.79,184.44,0.21,3,4,2
PO1000004263,"2020,2021,2019",UNKNOWN,SAWIT RIAU MAKMUR,TELUK MEGA,Not RSPO Certified,,3/31/23,1.53,100.99,"1.533719, 100.992861",IDN,Indonesia,Riau,Rokan Hilir,1-Fully Verified,,285.78,28578.42,315.65,689.25,68925.33,1.06,106.2,1.91,190.53,3.05,304.74,3.52,352.17,17.06,1705.68,12.98,1298.34,6.63,663.12,10.6,1059.57,8.55,855.36,8.26,825.57,6.47,647.28,25.34,2533.5,19.64,1964.25,10.48,1048.32,4.36,435.51,16.81,1680.75,5.56,556.38,10.87,1087.47,5.93,592.92,3.9,389.79,6.54,654.12,2.91,290.7,192.42,0.67,93.36,0.33,3,4,3
PO1000004265,"2019,2020,2021",SUPERVENTURE,SINAR SAWIT SUBUR LESTARI,SINAR SAWIT SUBUR LESTARI,Not RSPO Certified,,3/31/23,1.59,99.87,"1.590339, 99.872989",IDN,Indonesia,Sumatera Utara,Padang Lawas Utara,1-Fully Verified,,23.65,2365.29,31.27,74,7399.8,0.04,4.5,0.02,2.16,0,0,0.11,11.07,0.27,26.64,0.12,12.42,0.11,10.71,0.28,28.26,0.32,31.59,0.12,12.42,0.32,31.5,0.17,17.37,0.05,4.59,0.01,1.44,0.43,43.29,0.31,31.41,0.15,15.03,0.04,4.41,0.02,1.71,0.09,8.82,0.14,13.5,0.1,10.08,3.23,0.14,20.42,0.86,2,1,3
PO1000004266,"2021,2020,2019",UNKNOWN,DJAYA GLOBALINDO SENTOSA,DJAYA GLOBALINDO SENTOSA,Not RSPO Certified,,3/31/23,1.69,101.04,"1.694611111, 101.043",IDN,Indonesia,Riau,Rokan Hilir,1-Fully Verified,,371.46,37146.33,436.28,874.92,87492.33,3.25,325.44,5.39,539.37,3.74,374.49,10.51,1051.02,30.91,3090.78,29.68,2968.47,22.12,2212.2,11.89,1188.99,20.67,2067.12,24.24,2423.61,16.66,1665.72,27.27,2726.91,14.26,1426.32,10.95,1094.94,3,299.88,5.59,558.54,6.14,613.89,8.27,826.56,6.19,619.29,3.23,323.1,4.02,401.67,5.05,505.26,273.04,0.74,98.43,0.26,3,4,3
PO1000004267,"2020,2021",MUSIM MAS,BAHANA NUSA INTERINDO,BAHANA NUSA INTERINDO,Not RSPO Certified,,3/31/23,1.7,100.7,"1.69686, 100.701833",IDN,Indonesia,Riau,Rokan Hilir,1-Fully Verified,,73.18,7317.54,92.35,133.09,13308.75,0.19,18.54,1.25,124.56,0.61,60.84,0.29,28.53,1.12,111.69,4.44,444.33,0.61,60.84,2.2,219.69,2.93,292.59,4.09,409.14,5,500.22,12.12,1212.12,4.29,429.3,2.19,218.7,1.03,103.05,1.99,198.63,1.24,123.93,1.8,180.45,0.72,72.09,0.77,76.68,1.5,150.39,2.68,268.02,53.04,0.72,20.13,0.28,4,4,3
PO1000004268,"2020,2021,2019",PTPN III,PERKEBUNAN NUSANTARA V,TANAH PUTIH,RSPO Certified,"RSPO Certified, MB",3/31/23,1.74,100.51,"1.74, 100.51",IDN,Indonesia,Riau,Rokan Hilir,1-Fully Verified,,21.52,2151.81,21.7,15.39,1539.27,0,0.36,0.01,0.72,0.02,1.89,0.02,1.89,0,0,0,0.36,0.01,0.81,0,0,0,0.45,0.01,0.72,0.01,0.54,0.01,0.81,0,0.18,0.21,20.52,0.01,0.72,9.18,917.82,0.14,13.77,6.37,637.38,0.14,14.04,0,0,0.66,65.52,0.65,65.43,17.44,0.81,4.08,0.19,4,5,3
PO1000004269,"2019,2020",SUMBER TANI HARAPAN (STH),ABDI BUDI MULIA,ABDI BUDI MULIA 1,Not RSPO Certified,,3/31/23,2.05,100.25,"2.0512694, 100.252339",IDN,Indonesia,Sumatera Utara,Labuhanbatu Selatan,1-Fully Verified,,103.94,10393.83,173.23,202.26,20226.06,4.63,462.78,0.22,22.14,0.03,2.52,3.03,302.58,6.65,665.19,0.49,49.32,0.25,24.84,0.28,28.26,5.14,513.54,1.15,115.47,3.21,321.48,1.12,111.6,1.63,163.44,1.35,135.45,0.53,53.28,5.62,561.78,9.51,951.48,5.38,538.38,8.24,824.13,11.78,1177.92,7.47,747,6.01,600.84,83.73,0.81,20.2,0.19,5,5,4
PO1000004270,"2020,2021,2019",UNKNOWN,CITRA INDAH PERTIWI,CITRA INDAH PERTIWI,Not RSPO Certified,,3/31/23,2.07,100.01,"2.072353, 100.010247",IDN,Indonesia,Sumatera Utara,Labuhanbatu,1-Fully Verified,,45.2,4519.98,45.67,76.62,7662.33,0.28,28.17,0.34,33.93,0.11,11.43,1.8,180.09,4.11,410.58,3.98,398.07,1.43,143.19,1.79,178.74,0.58,57.87,1.05,105.21,1.01,100.98,0.28,28.26,0.18,18.27,0.59,58.59,0.5,50.13,0.68,67.5,1.68,168.3,0.53,52.74,0.34,34.47,0.27,27,0.35,34.92,0.43,43.02,22.31,0.49,22.89,0.51,3,3,3
PO1000004271,"2020,2021,2019",UNKNOWN,SINAR PANDAWA,SINAR PANDAWA,Not RSPO Certified,,3/31/23,2.23,100.08,"2.226342, 100.082275",IDN,Indonesia,Sumatera Utara,Labuhanbatu,1-Fully Verified,,57.23,5723.01,72.01,124.74,12474.09,0.48,47.79,0.27,27.09,0.13,13.05,0.88,87.75,0.76,75.78,0.64,64.08,0.24,23.76,0.05,4.77,0.76,75.78,0.65,64.53,0.67,66.51,0.81,81.18,0.42,41.58,2.18,217.53,1.81,180.9,2.97,297.36,3.04,304.11,3.94,393.84,3.41,340.56,0.28,28.26,0.14,14.04,0.73,72.81,25.23,0.44,32,0.56,2,3,3
PO1000004273,"2019,2020,2021",UNKNOWN,SINAR SAWIT LESTARI,SINAR SAWIT LESTARI,Not RSPO Certified,,3/31/23,2.46,99.65,"2.461781, 99.652975",IDN,Indonesia,Sumatera Utara,Labuhanbatu Utara,1-Fully Verified,,10.09,1009.44,11.61,19.72,1972.44,0.05,5.31,0.05,5.4,0.01,0.63,0.06,6.21,0.08,8.28,0.02,1.98,0.05,5.22,0.04,4.32,0.06,6.3,0.22,22.32,0.03,3.15,0.04,3.6,0.01,0.63,0.08,8.46,0.12,12.42,0.27,26.82,0.12,11.52,0.09,9.18,0.06,5.58,0.06,6.03,0.11,10.98,0.09,8.82,1.73,0.17,8.36,0.83,3,1,3
PO1000004274,"2021,2019,2020",UNKNOWN,BANGUN SEMPURNA LESTARI,BANGUN SEMPURNA LESTARI,Not RSPO Certified,,3/31/23,2.63,97.95,"2.633514, 97.950322",IDN,Indonesia,Aceh,Subulussalam,1-Fully Verified,,1403.35,140334.66,1572.79,4266.97,426696.84,9.53,952.92,6.08,607.77,7.59,758.97,17.5,1749.87,15.76,1576.17,28.33,2833.2,16.5,1650.15,34.2,3420.09,29.64,2963.79,25.79,2578.68,16.8,1680.21,35.16,3515.58,14.52,1451.79,21.97,2197.44,14.01,1401.21,14.95,1495.44,15.24,1524.24,20.88,2088.27,9.44,944.46,11.8,1179.9,12.19,1219.14,20.02,2001.87,397.91,0.28,1005.44,0.72,3,2,3
PO1000004275,"2020,2021,2019",UNKNOWN,DJAJA PUTRA INDONESIA,DJAJA PUTRA INDONESIA,Not RSPO Certified,,3/31/23,2.68,99.43,"2.680278, 99.427611",IDN,Indonesia,Sumatera Utara,Asahan,1-Fully Verified,,942.24,94224.15,1142.28,3022.69,302269.32,5.79,579.33,3,299.88,2.41,240.75,5.6,559.71,5.74,573.75,5.28,527.58,4.96,496.08,1.66,165.78,7.7,770.22,6.81,681.03,5.13,513,6.46,646.47,3.38,338.13,7.73,772.56,6.36,636.3,11.45,1145.16,10.98,1097.91,11.56,1155.87,10.08,1007.82,7.23,723.33,8.78,877.86,4.52,451.62,142.6,0.15,799.64,0.85,2,1,3
PO1000004277,2020,PTPN III,PERKEBUNAN NUSANTARA IV,PASIR MANDOGE,RSPO Certified,"RSPO Certified, MB",3/31/23,2.77,99.32,"2.76796, 99.31697",IDN,Indonesia,Sumatera Utara,Asahan,1-Fully Verified,,299.57,29957.31,295.57,687.73,68772.78,8.71,870.57,1.09,108.63,7.36,735.93,10.99,1099.35,11.8,1180.08,5.03,503.37,0.75,74.7,1.29,128.88,13.27,1327.41,11.81,1180.89,3.83,383.4,2.6,259.92,3.26,326.34,2.35,234.54,3.17,316.89,8.35,835.02,3.34,334.44,1.37,136.71,4.2,420.03,0.39,38.61,1.51,150.75,0.84,83.61,107.3,0.36,192.27,0.64,2,2,3
PO1000004280,"2020,2019,2021",PTPN III,PERKEBUNAN NUSANTARA IV,AIR BATU,RSPO Certified,"RSPO Certified, MB",3/31/23,2.86,99.64,"2.859745, 99.638317",IDN,Indonesia,Sumatera Utara,Asahan,1-Fully Verified,,137.54,13753.62,161.07,319.55,31955.13,5.71,570.96,3.78,377.64,1.4,140.49,0.99,99.45,0.4,40.32,0.9,89.82,0.82,81.9,1.08,108.18,5.88,588.06,10.37,1037.34,3.14,314.46,7.18,718.11,1.68,167.94,1.54,154.26,0.93,92.88,3.27,326.79,7.05,705.33,4.22,422.01,5.62,561.96,4.05,405.09,6.5,649.89,1.91,191.43,78.44,0.57,59.09,0.43,4,3,3
PO1000004281,"2020,2021,2019",PTPN III,PERKEBUNAN NUSANTARA IV,MAYANG,RSPO Certified,"RSPO Certified, MB",3/31/23,3.03,99.33,"3.033219, 99.3334",IDN,Indonesia,Sumatera Utara,Simalungun,1-Fully Verified,,172.35,17235.36,215.83,315.46,31545.63,2.68,268.02,0.65,64.89,1.13,113.04,7.44,744.21,7.05,705.24,4.2,420.12,4.19,418.77,1.95,194.76,9.58,958.14,5.85,584.82,4.66,466.11,1.43,143.1,3.68,368.28,5.17,516.6,8.53,852.66,6,599.76,5.57,557.19,1.96,195.66,1.02,102.15,1.34,134.28,5.89,589.23,3.64,363.78,93.61,0.54,78.75,0.46,4,3,3
PO1000004284,"2019,2020,2021",MAKIN,SANGGAM KAHURIPAN INDONESIA,SANGGAM KAHURIPAN INDONESIA,Not RSPO Certified,,3/31/23,3.12,117.27,"3.115467, 117.266333",IDN,Indonesia,Kalimantan Timur,Bulungan,1-Fully Verified,,33.92,3392.19,34.03,56.05,5605.47,0.06,6.39,0.38,38.25,0.52,51.93,3.6,360,1.38,137.7,2.9,290.43,5.55,555.3,0.69,68.76,0.89,88.74,0.29,29.07,0.51,51.39,0.39,39.15,0.11,10.8,0.14,14.49,0.12,12.06,0.22,21.6,0.01,0.81,0.01,0.72,0.01,0.99,0.01,0.99,0.22,21.78,0.24,24.48,18.26,0.54,15.66,0.46,2,3,3
PO1000004285,"2020,2019,2021",UNKNOWN,KWALA GUNUNG,LIMA PULUH,Not RSPO Certified,,3/31/23,3.16,99.48,"3.163917, 99.482383",IDN,Indonesia,Sumatera Utara,Batu Bara,1-Fully Verified,,67.4,6740.1,126.67,283.31,28331.46,3.34,334.44,1.12,111.51,0.63,62.55,3.57,357.3,2.39,238.95,1.69,169.11,0.62,61.92,0.37,37.44,2.65,265.23,1.96,196.38,1.01,100.98,0.85,84.51,0.43,43.38,1.71,171.36,0.59,58.95,3.69,368.91,1.09,109.17,0.74,73.8,1,100.26,1.02,102.42,2.29,228.6,2.07,206.55,34.84,0.52,32.56,0.48,4,3,4
PO1000004286,2020,UNKNOWN,INDOMAS MITRA TEKNIK,INDOMAS MITRA TEKNIK,Not RSPO Certified,,3/31/23,3.23,97.98,"3.2259, 97.980486",IDN,Indonesia,Sumatera Utara,Karo,1-Fully Verified,,2220.77,222076.62,2524.36,4983.13,498312.63,13.28,1327.5,6.1,610.2,2.62,262.08,8.26,825.93,6.33,632.7,5.04,503.64,23.98,2398.14,26.1,2610.27,18.06,1806.03,58.27,5826.78,13.37,1337.22,40.54,4054.05,8.82,881.55,35.74,3574.44,12.66,1265.85,36.01,3600.72,20.8,2079.63,23.68,2368.44,14.65,1465.38,21.5,2150.46,21.21,2120.67,29.88,2987.73,446.89,0.2,1773.87,0.8,3,1,3
PO1000004288,"2020,2021,2019",UNKNOWN,MITRA AGUNG SAWITA SEJATI,MITRA AGUNG SAWITA SEJATI,Not RSPO Certified,,3/31/23,3.3,99.31,"3.296392, 99.305017",IDN,Indonesia,Sumatera Utara,Batu Bara,1-Fully Verified,,41.45,4145.22,52.14,83.8,8379.9,1.84,183.78,0.07,6.66,0.01,1.08,0.2,20.16,0.1,10.08,0.16,15.66,0.43,43.02,0.05,5.13,0.23,22.77,0.42,42.21,0.16,16.29,0.29,29.34,0.13,13.14,0.54,54.27,0.61,60.84,0.83,83.25,0.49,48.6,0.57,56.7,0.39,38.97,1.15,114.75,0.86,86.49,0.4,40.23,9.93,0.24,31.52,0.76,3,1,3
PO1000004289,"2019,2020,2021",MAHKOTA,KARYA PRATAMA NIAGAJAYA,KARYA PRATAMA NIAGAJAYA,Not RSPO Certified,,3/31/23,3.32,99.31,"3.316389, 99.31377778",IDN,Indonesia,Sumatera Utara,Batu Bara,1-Fully Verified,,61.15,6115.41,258.01,621.03,62102.7,2.18,217.62,0.43,43.2,0.04,4.32,1.04,104.49,0.81,80.73,0.88,88.38,0.87,86.76,0.52,52.29,1.21,121.05,0.93,92.7,1.08,108.27,1.56,156.24,0.26,25.92,1.1,109.98,1.15,115.02,1.8,179.55,1.8,180,10.31,1030.68,3.93,393.12,2.22,221.76,2.47,247.23,1.58,158.22,38.18,0.62,22.98,0.38,4,3,3
PO1000004291,"2020,2021,2019",UNKNOWN,DEWA RENCANA PERANGIN ANGIN,DEWA RENCANA PERANGIN ANGIN,Not RSPO Certified,,3/31/23,3.5,98.44,"3.501233, 98.437783",IDN,Indonesia,Sumatera Utara,Langkat,1-Fully Verified,ERAKARYA PRIMA,232.35,23235.3,314.95,715.92,71591.67,5.62,562.23,0.49,48.69,0.88,88.29,0.94,94.5,0.48,47.61,1.22,122.04,2.31,230.58,1.04,103.86,3.28,328.5,2.01,200.88,0.95,94.95,5.65,565.47,1.35,135.18,4.01,400.68,1.34,133.74,3.73,373.41,2.8,279.9,3.81,380.61,4.1,409.95,3.46,346.5,3.92,391.59,4.24,424.17,57.63,0.25,174.72,0.75,3,1,4
PO1000004294,"2020,2019",UNKNOWN,PERUSAHAAN PERKEBUNAN & DAGANG INDAH PONTJAN,DELI MUDA,Not RSPO Certified,,3/31/23,3.56,99.02,"3.564244, 99.016147",IDN,Indonesia,Sumatera Utara,Serdang Bedagai,1-Fully Verified,,32.78,3278.34,136.07,253.28,25328.25,0.25,24.84,0.61,61.47,0.62,61.92,0.86,86.22,0.28,27.54,0.84,83.88,1.15,115.29,0.51,51.3,1.63,162.54,0.43,43.02,0.8,80.19,1.97,197.46,1.04,104.4,4.7,470.43,1.31,130.59,3.55,355.23,2.07,207,6.03,603.45,1.14,114.03,1.19,119.43,1.13,112.95,0.05,5.13,32.18,0.98,0.6,0.02,3,5,1
PO1000004295,"2019,2020,2021",UNKNOWN,AMAL TANI,AMAL TANI,Not RSPO Certified,,3/31/23,3.59,98.31,"3.588333, 98.305556",IDN,Indonesia,Sumatera Utara,Langkat,1-Fully Verified,,108.36,10836,132.06,285.15,28515.06,0.44,44.01,0.2,19.98,0.29,28.8,0.3,29.79,1.39,139.14,1.94,194.49,0.74,74.34,0.34,34.2,0.9,89.55,0.53,52.74,1.01,101.34,1.83,183.24,0.27,26.82,1.65,165.06,0.51,51.12,1.62,161.91,2.41,241.47,4.6,459.54,3.47,347.04,1.75,174.51,3.1,309.69,3.1,310.32,32.39,0.3,75.97,0.7,4,2,4
PO1000004296,"2021,2020,2019",UNKNOWN,SINAR LANGKAT PERKASA,SINAR LANGKAT PERKASA,Not RSPO Certified,,3/31/23,3.62,98.4,"3.620806, 98.401528",IDN,Indonesia,Sumatera Utara,Langkat,1-Fully Verified,,70.92,7091.91,113.18,288.76,28876.05,0.29,29.07,0.28,28.44,0.47,46.8,1.08,108.18,0.93,92.88,0.41,40.77,0.78,78.21,2.25,224.55,2.01,200.88,0.58,57.6,0.1,10.26,1.68,168.03,0.1,9.63,0.66,66.24,0.11,10.71,1.27,126.81,0.91,90.9,1.47,147.42,3.05,304.74,2.61,260.73,0.98,98.28,0.29,29.07,22.3,0.31,48.62,0.69,3,2,3
PO1000004297,"2020,2021,2019",UNKNOWN,MEGAH PUSAKA ANDALAS,MEGAH PUSAKA ANDALAS,Not RSPO Certified,,3/31/23,3.65,98.15,"3.6506639, 98.1507722",IDN,Indonesia,Sumatera Utara,Langkat,1-Fully Verified,,396.67,39666.69,382.36,753.5,75349.89,0.2,19.53,0.27,27,0.31,31.05,1.28,128.43,0.41,41.4,0.39,39.06,0.28,27.63,0.22,22.14,2.2,220.14,1.3,129.87,3.11,311.49,2.02,201.6,1.5,150.21,3.96,395.73,2.31,230.85,2.31,231.03,1.2,120.42,3.4,340.38,2.39,239.22,2.14,214.29,2.98,298.08,2.05,204.84,36.24,0.09,360.42,0.91,2,1,3
PO1000004299,2020,AMARA PLANTATION,SURYA PANEN SUBUR,SURYA PANEN SUBUR,Not RSPO Certified,,3/31/23,3.81,96.49,"3.8077, 96.4947",IDN,Indonesia,Aceh,Nagan Raya,1-Fully Verified,,187.23,18722.7,213.24,262.89,26289,6.07,607.41,0.29,29.25,1.22,121.77,1.36,135.72,4.68,468.36,1.48,147.51,1.36,136.17,7.06,706.5,18.33,1832.76,2.18,217.89,21.17,2117.16,14.05,1405.44,11.87,1186.74,7.6,760.5,1.89,188.55,3.61,360.54,8.53,853.02,3.45,344.7,0.49,49.41,0.62,62.1,3.01,301.23,5.56,555.57,125.88,0.67,61.34,0.33,3,4,3
PO1000004302,"2020,2019",UNKNOWN,PERKEBUNAN PERTANIAN PATI SARI,PATI SARI,Not RSPO Certified,,3/31/23,4.09,97.96,"4.088528, 97.960917",IDN,Indonesia,Aceh,Aceh Tamiang,1-Fully Verified,,1063.85,106384.95,1043.52,1548.34,154834.47,3.51,350.91,2.95,295.02,2.33,232.74,3.83,382.68,5.62,562.14,7.69,768.6,20.01,2000.79,4.78,478.26,5.48,548.28,4.59,459,0.98,98.01,1.48,147.78,1.92,192.06,3.99,399.42,4.21,420.75,8.74,874.26,5.66,565.92,9.47,946.62,8.82,882.45,7.23,723.42,9.59,959.4,5.64,564.03,128.53,0.12,935.32,0.88,2,1,3
PO1000004303,"2019,2020,2021",UNKNOWN,BEURATA SUBUR PERSADA,BEURATA SUBUR PERSADA,Not RSPO Certified,,3/31/23,4.13,96.34,"4.125333, 96.34125",IDN,Indonesia,Aceh,Nagan Raya,1-Fully Verified,,1670.81,167081.22,1692.02,3847.81,384781.41,5.98,597.6,2.19,218.79,1.04,104.04,2.19,219.24,2.46,246.24,3.97,396.99,5.55,555.12,6.28,628.47,19.32,1932.12,9.59,958.59,19.63,1963.08,16.46,1646.01,19.26,1925.82,14.22,1422.45,14.58,1458.45,22.73,2273.22,29.01,2901.15,21.28,2127.51,16.99,1698.75,11.94,1194.21,18.88,1887.93,14.67,1467.09,278.23,0.17,1392.58,0.83,3,1,3
PO1000004305,"2021,2019,2020",UNKNOWN,TRI AGRO PALMA TAMIANG,TRI AGRO PALMA TAMIANG,Not RSPO Certified,,3/31/23,4.19,98.04,"4.186056, 98.042389",IDN,Indonesia,Aceh,Aceh Tamiang,1-Fully Verified,,94.71,9470.88,115.34,257.62,25761.87,1.37,137.34,1.76,176.49,0.45,45.27,0.25,24.66,0.07,7.29,1.02,102.15,1.28,128.07,3.1,310.23,2.62,261.81,2.88,288.36,1.02,101.7,0.75,74.88,4.01,400.68,2.38,237.51,1.03,102.87,1.57,156.69,1.23,122.67,4.3,430.47,2.25,225.36,5.54,554.49,2.91,290.79,2.68,268.11,44.48,0.47,50.23,0.53,4,3,4
PO1000004306,"2020,2021,2019",FIMACORP,NUNUKAN JAYA LESTARI,KEMPAS,Not RSPO Certified,,3/31/23,4.21,117.25,"4.205883, 117.251783",IDN,Indonesia,Kalimantan Timur,Nunukan,1-Fully Verified,,1232.78,123278.4,1165.42,2717.56,271756.26,1.75,174.87,30.15,3014.55,28.5,2850.39,100.38,10037.7,54.2,5420.25,32.17,3217.32,17.02,1701.9,41.4,4140.18,28.13,2812.68,11.26,1126.26,13.46,1345.68,32.44,3243.69,6.7,670.14,15.44,1543.86,18.59,1859.22,12.07,1207.26,5.54,553.59,4.26,426.24,5.75,574.65,7.64,764.28,3.06,306.27,4.01,401.04,473.92,0.38,758.86,0.62,1,3,3
PO1000004307,"2019,2020,2021",UNKNOWN,CINTA RAJA,SILINDA,Not RSPO Certified,,3/31/23,3.22,98.78,"3.217, 98.78099",IDN,Indonesia,Sumatera Utara,Serdang Bedagai,1-Fully Verified,,698.25,69825.33,1259.54,3374.19,337418.55,4.59,459.27,2.89,289.44,2.98,297.54,2.82,281.52,2.57,256.77,3.54,353.7,3.52,352.44,6.31,631.08,7.73,772.56,5.97,596.97,5.26,526.5,6.81,680.94,3.92,392.31,9.13,912.69,7.95,795.15,24.8,2480.22,7.08,708.21,18.72,1872.36,9.45,945.09,8.96,896.49,9.74,973.62,10.45,1044.72,165.2,0.24,533.06,0.76,3,1,3
PO1000004308,"2020,2021,2019",MOPOLI RAYA,MOPOLI RAYA,ALUE KUYUN,Not RSPO Certified,,3/31/23,4.46,96.16,"4.457442, 96.16147222",IDN,Indonesia,Aceh,Aceh Barat,1-Fully Verified,,2216.82,221681.7,2102.21,3665.69,366568.56,13.27,1327.23,4.8,480.06,3.62,361.62,1.81,181.35,1.03,103.23,2.76,276.21,8.6,859.5,19.02,1902.06,6.76,675.72,5.91,591.03,11.2,1120.32,10.7,1069.65,27.89,2789.01,18.42,1842.3,8.23,822.51,10.04,1004.04,20.68,2067.75,10.81,1080.63,8.83,883.26,6.51,650.52,12.62,1261.98,16.33,1632.78,229.83,0.1,1986.99,0.9,2,1,3
PO1000004309,"2020,2019",EKA KARYA,KOPERASI PRIMA JASA,KOPERASI PRIMA JASA,Not RSPO Certified,,3/31/23,4.6,97.9,"4.598267, 97.901833",IDN,Indonesia,Aceh,Aceh Timur,1-Fully Verified,,150.59,15059.34,238.92,439.95,43995.06,0.8,79.83,0.67,67.41,0.16,16.47,0.65,64.8,0.49,48.96,0.28,27.81,0.67,66.96,1.06,105.57,1.52,152.37,1.01,101.16,1.05,104.94,2.49,249.12,3.34,333.9,2.88,287.91,3.9,389.52,6.3,630.36,3.58,358.29,6.03,602.82,2.01,200.97,2.13,212.85,3.32,331.92,1.78,177.75,46.12,0.31,104.48,0.69,3,2,3
PO1000004311,"2021,2020,2019",PTPN III,PERKEBUNAN NUSANTARA I,COT GIREK,Not RSPO Certified,,3/31/23,4.93,97.37,"4.9285, 97.370667",IDN,Indonesia,Aceh,Aceh Utara,1-Fully Verified,,1808.75,180875.16,1957.55,5540.85,554085.36,2.76,275.76,3.62,361.8,2.44,244.44,5.42,541.71,5.79,579.15,5.12,512.01,3.54,353.79,5.39,539.1,15.66,1565.82,13.35,1335.06,10.21,1021.05,8.39,839.25,8.37,836.55,34.89,3488.58,15.64,1564.38,28.69,2869.29,15.7,1570.23,29.13,2912.76,19.47,1946.7,14.02,1401.84,13.45,1344.87,13.52,1351.62,274.56,0.15,1534.19,0.85,2,1,3
PO1000004312,"2019,2021,2020",UNKNOWN,SAWITTA JAYA LAU PAKAM,SAWITTA JAYA LAU PAKAM,Not RSPO Certified,,3/31/23,3.26,97.96,"3.260417, 97.965",IDN,Indonesia,Sumatera Utara,Karo,1-Fully Verified,,2366.2,236619.63,2419.07,4056.06,405606.15,10.38,1038.24,4.19,419.31,4.21,421.38,6.5,649.8,8.65,865.17,7.46,745.74,17.43,1742.67,14.26,1426.23,28.94,2893.59,46.24,4624.02,5.77,577.35,17.51,1750.77,3.78,377.55,23.88,2388.15,6.29,629.19,17.05,1704.87,9.26,925.83,10.98,1098.18,5.84,583.65,10.02,1001.97,7.29,728.55,11.05,1105.38,276.98,0.12,2089.22,0.88,2,1,3
PO1000004313,"2020,2019,2021",UNKNOWN,CIPTA AGRO SEJATI,CIPTA AGRO SEJATI,Not RSPO Certified,,3/31/23,1.87,100.43,"1.8712, 100.431",IDN,Indonesia,Riau,Rokan Hilir,1-Fully Verified,,42.72,4272.21,63.88,100.96,10096.11,0.34,33.75,0.5,49.86,0.09,9.27,4.78,477.81,1.33,132.84,0.45,45.45,0.26,25.56,1.1,110.07,2.67,267.03,0.67,66.78,0.85,84.51,0.86,86.04,1.01,101.25,0.6,59.94,0.67,66.6,1.59,159.21,0.45,45.45,0.53,52.92,0.78,77.85,0.41,40.77,0.49,48.6,0.56,56.25,20.98,0.49,21.74,0.51,3,3,3
PO1000004314,"2021,2020,2019",PAYA PINANG,SUMBER SAWIT MAKMUR,PAYA PINANG,Not RSPO Certified,,3/31/23,3.27,99.25,"3.270467, 99.24775",IDN,Indonesia,Sumatera Utara,Batu Bara,1-Fully Verified,,67.81,6780.87,87.56,129.11,12910.77,10.5,1050.39,1.53,153,0.11,11.43,1.91,191.16,3.44,343.89,2.35,235.35,1.23,122.76,3.12,312.12,0.99,99.27,1.51,151.29,6.32,631.89,1.46,145.62,0.71,70.83,0.39,39.15,1.62,161.91,4.52,452.16,0.94,93.78,1.23,122.58,2.36,236.34,1.18,117.99,1.31,131.31,0.36,36.45,49.11,0.72,18.7,0.28,3,4,3
PO1000004315,"2019,2020,2021",SUPERVENTURE,ASIA SAWIT MAKMUR JAYA,ASIA SAWIT MAKMUR,Not RSPO Certified,,3/31/23,-0.49,101.45,"-0.485489, 101.452011",IDN,Indonesia,Riau,Kuantan Singingi,2-High Confidence,,482.52,48251.52,467.84,717.55,71755.29,5.41,541.17,11.96,1196.19,4.79,479.07,8.31,830.88,10.89,1089.45,13.23,1322.73,18.5,1849.95,11.37,1136.52,11.76,1176.12,11.23,1123.47,9.25,925.02,32.96,3295.62,10.39,1038.6,4.85,484.83,7.76,775.71,7.42,742.14,14.68,1467.9,12.26,1225.8,6.18,617.85,5.95,594.63,9.75,975.24,12.83,1282.86,241.72,0.5,240.8,0.5,3,3,3
PO1000004316,"2020,2019,2021",BUMITAMA GUNAJAYA AGRO (BGA),LADANG SAWIT MAS,BUKIT TUNGGAL JAYA,RSPO Certified,"RSPO Certified, MB",3/31/23,-1.55,110.34,"-1.546404, 110.344014",IDN,Indonesia,Kalimantan Barat,Ketapang,1-Fully Verified,,777.78,77777.73,772.45,1472.16,147215.79,2.69,269.37,2.86,286.38,1.21,120.96,7.8,779.85,5.59,558.54,33.61,3360.87,5.2,520.2,11.66,1165.59,12.17,1217.16,15.39,1539.27,10.73,1072.8,37.16,3716.01,40.71,4070.61,18.02,1802.43,21.72,2172.24,23.04,2304,7.78,777.51,3.97,396.81,12.5,1250.46,10.97,1097.19,6.62,661.95,6.73,672.66,298.13,0.38,479.65,0.62,3,3,3
PO1000004317,"2020,2021,2019",UNKNOWN,WAHANA POTENSI GUNA,WANA POTENSI GUNA,Not RSPO Certified,,3/31/23,-2.82,103.44,"-2.821718, 103.444369",IDN,Indonesia,Sumatera Selatan,Musi Banyuasin,1-Fully Verified,,253.42,25341.93,316.17,518.35,51835.14,2.47,247.05,14.69,1468.71,6.22,622.26,8.17,817.02,6.18,618.21,15.14,1513.53,3.78,378.27,14.68,1467.63,8.23,823.32,5.23,522.72,4.99,499.05,18.47,1846.8,5.13,512.91,9.63,963.18,5.26,526.5,9.75,974.52,4.19,419.13,3.67,367.29,3.55,354.51,5.97,596.61,9.25,924.75,8.28,827.64,172.92,0.68,80.5,0.32,5,4,3
PO1000004318,"2019,2020",PASIFIK AGRO SENTOSA,CIPTA USAHA SEJATI,MABALI,Not RSPO Certified,,3/31/23,-1,110.2,"-1.000083, 110.195667",IDN,Indonesia,Kalimantan Barat,Kayong Utara,2-High Confidence,,329.55,32955.39,305.25,341.65,34165.35,2.57,256.95,1.34,134.01,0.82,82.26,1.49,149.31,1.35,135.09,4.85,485.1,10.43,1042.65,27.66,2765.79,75.42,7542.36,37.67,3767.49,20.12,2011.77,16.17,1617.21,7.55,754.65,4.63,462.78,7.85,785.34,8.33,833.04,2.87,287.37,0.35,34.65,5.68,568.26,4.37,436.68,0.99,99.18,1.61,160.83,244.13,0.74,85.43,0.26,2,4,2
PO1000004321,"2020,2019,2021",DUTA MARGA,TALES INTI SAWIT,TALES INTI SAWIT,Not RSPO Certified,,3/31/23,3.33,98.76,"3.32731, 98.76403",IDN,Indonesia,Sumatera Utara,Deli Serdang,1-Fully Verified,,228.38,22838.22,244.96,657.1,65709.63,2.72,272.16,1.41,140.85,1.58,157.5,1.12,112.23,0.92,91.98,2.37,236.7,1.35,134.64,6.53,653.13,4.56,455.85,4.92,492.3,4.33,432.9,2.59,259.47,3.64,363.51,3.6,360.36,3,299.97,4.45,444.6,2.04,203.67,5.01,501.21,2.89,289.26,2.94,293.58,5.54,553.86,4.32,432.36,71.82,0.31,156.56,0.69,3,2,4
PO1000004323,"2021,2020,2019",UNKNOWN,MITRA AGROLIKA SEJAHTERA,MUARA BAHAR,Not RSPO Certified,,3/31/23,-1.96,103.62,"-1.962917, 103.6155",IDN,Indonesia,Sumatera Selatan,Musi Banyuasin,1-Fully Verified,,9.05,904.86,12.84,15.97,1596.69,0.07,7.47,0.04,3.87,0.05,4.68,0.8,79.92,0.28,27.99,0.04,3.87,0.41,41.31,0.23,23.4,0.26,26.1,0,0,0.04,3.69,0.13,13.05,0.2,19.62,0.04,4.32,0.02,1.98,0.07,6.66,0.03,2.88,0.93,92.61,0.54,54.36,0.39,38.97,0.29,28.62,0.52,51.57,5.37,0.59,3.68,0.41,5,3,4
PO1000004325,"2019,2021,2020",QL RESOURCES,PIPIT MUTIARA INDAH,PIPIT MUTIARA INDAH,Not RSPO Certified,,3/31/23,3.32,117.17,"3.324733, 117.17365",IDN,Indonesia,Kalimantan Timur,Bulungan,1-Fully Verified,,782.22,78221.7,1065.54,1990.62,199061.55,21.6,2159.64,13.09,1308.51,10.19,1019.43,13.09,1309.14,2.99,299.16,15.17,1516.86,20.88,2088.27,32.84,3283.65,45,4499.55,10.26,1026.18,45.23,4522.95,25.69,2569.05,19.77,1977.12,21.56,2155.5,18.8,1879.83,20.65,2065.14,18.49,1849.41,13.59,1359.27,14.93,1493.46,10.55,1054.89,7.49,748.62,5.08,508.14,406.94,0.52,375.28,0.48,2,3,3
PO1000004327,"2020,2019,2021",SEPTA,MITRA BUMI,MITRA BUMI,Not RSPO Certified,,3/31/23,0.45,101.06,"0.453731, 101.05567",IDN,Indonesia,Riau,Kampar,1-Fully Verified,,219.01,21901.05,338.2,509.3,50930.46,1.62,162.27,3.4,340.2,0.57,56.61,2.71,270.54,7.63,762.84,4.5,449.82,4.39,439.47,3.02,301.5,4.94,494.01,3.4,339.66,4.23,422.64,2.23,223.29,2.01,201.24,2.83,282.51,1.8,180,3.75,374.76,6.1,610.2,4.64,464.49,3.55,354.69,6.71,670.95,9.37,937.44,4.57,457.29,87.96,0.4,131.05,0.6,4,3,4
PO1000004329,"2020,2021,2019",SUMBER TANI AGUNG,KARYA SERASI JAYA ABADI,KARYA SERASI JAYA ABADI,Not RSPO Certified,,3/31/23,3.34,99.22,"3.34228, 99.22248",IDN,Indonesia,Sumatera Utara,Serdang Bedagai,1-Fully Verified,,42.84,4284.09,119.35,298.66,29865.69,1.87,186.93,0.32,31.59,0.47,46.71,1.34,133.92,0.7,70.02,0.95,94.68,0.33,32.85,1.06,106.47,1.17,116.91,0.36,36.45,0.58,57.69,1.11,111.06,0.32,32.04,0.95,95.4,1.04,104.31,0.86,85.5,0.61,60.66,3.45,344.88,1,99.99,1.55,154.89,1.59,159.39,1.38,137.88,23,0.54,19.84,0.46,5,3,4
PO1000004330,2020,FANGIONO AGRO PLANTATION,FANGIONO AGRO PLANTATION,FANGIONO AGRO PLANTATION,Not RSPO Certified,,3/31/23,-1.91,110.86,"-1.909696, 110.8593",IDN,Indonesia,Kalimantan Barat,Ketapang,1-Fully Verified,,890.47,89046.63,904.13,1946.11,194611.23,4.3,429.93,7.25,724.86,0.71,70.65,10.14,1014.3,4.67,467.46,9.5,949.68,2.57,257.22,1.83,183.33,15.03,1503.36,9.06,905.67,16.34,1633.95,20.34,2034.09,11.41,1140.93,34.35,3434.94,25.87,2586.87,29.93,2993.22,27.03,2703.42,14.41,1441.26,15.02,1502.28,14.78,1477.89,7.68,768.24,11.87,1186.92,294.1,0.33,596.36,0.67,3,2,3
PO1000004331,"2020,2021",PTPN III,PERKEBUNAN NUSANTARA IV,TIMUR,Not RSPO Certified,,3/31/23,0.37,99.31,"0.367194, 99.307647",IDN,Indonesia,Sumatera Utara,Mandailing Natal,1-Fully Verified,,69.25,6925.05,78.38,87.22,8722.44,0.68,67.68,0.64,63.81,0.16,15.93,1.05,105.21,1.82,182.16,0.82,82.35,6.1,609.93,12.97,1296.54,16.72,1672.38,0.69,68.67,3.2,319.95,0.9,90.45,0.85,85.41,2.13,212.67,1.1,110.16,1.86,185.67,1.15,115.29,1.7,169.56,1.12,111.96,0.92,91.98,1.03,103.32,1.22,122.13,58.83,0.85,10.42,0.15,3,5,2
PO1000004332,"2020,2021,2019",UNKNOWN,SERDANG HULU,SERDANG HULU,Not RSPO Certified,,3/31/23,3.35,98.49,"3.34945, 98.494433",IDN,Indonesia,Sumatera Utara,Langkat,1-Fully Verified,,474.7,47470.14,652.19,2003.84,200383.65,6.14,614.16,0.99,99,0.85,85.32,1.33,132.57,0.87,87.39,1.34,133.92,4.06,405.9,1.72,171.63,5.05,505.08,3.89,388.98,3.12,312.3,4.59,458.73,0.6,60.48,3.48,348.12,1.98,198.27,4.94,494.46,2.94,293.76,5.4,539.82,3.38,338.04,3.13,313.38,3.12,311.67,6.18,617.94,69.11,0.15,405.59,0.85,3,1,3
PO1000004334,"2019,2021,2020",MKH BERHAD,MAJU KALIMANTAN HADAPAN,SEGUNTUNG,Not RSPO Certified,,3/31/23,0.02,116.97,"0.015313, 116.968444",IDN,Indonesia,Kalimantan Timur,Kutai Kartanegara,1-Fully Verified,,169.6,16960.14,189.41,185.51,18551.16,0.61,60.93,0.09,8.91,0.04,4.41,0.21,20.61,0.08,8.1,0.1,9.54,1.95,195.21,22.26,2225.52,68.05,6804.54,38.78,3878.46,5.84,584.46,4.33,432.72,1.08,107.64,2.53,252.63,3.21,320.85,7.5,749.88,0.49,48.96,0.46,45.99,0.23,23.22,0.4,39.51,0.17,17.01,0.42,42.48,158.82,0.94,10.79,0.06,1,5,1
PO1000004335,2020,WILMAR GROUP,BUMI PRATAMA KHATULISTIWA,BUMI PRATAMA KHATULISTIWA,RSPO Certified,"RSPO Certified, MB",3/31/23,-0.02,109.42,"-0.022183, 109.424883",IDN,Indonesia,Kalimantan Barat,Kubu Raya,1-Fully Verified,,1027.58,102758.04,1368.52,2504.19,250419.06,8.22,822.06,17.44,1744.29,4.37,437.4,12.33,1232.73,10.72,1072.17,10.74,1074.33,10.34,1034.1,13.88,1388.43,25.52,2552.49,14.06,1406.34,42.25,4224.78,47.76,4776.12,33.94,3393.72,47.45,4744.89,27.96,2795.58,33.22,3322.35,24.5,2449.62,20.6,2060.28,10.9,1089.99,6.89,689.49,13.18,1317.87,13.97,1397.34,450.26,0.44,577.32,0.56,3,3,3
PO1000004336,"2020,2019,2021",UNKNOWN,TUNAS HARAPAN SAWIT,TUNAS HARAPAN SAWIT,Not RSPO Certified,,3/31/23,3.37,99.02,"3.367467, 99.017833",IDN,Indonesia,Sumatera Utara,Serdang Bedagai,1-Fully Verified,,11.89,1189.17,22.51,43.93,4393.44,0.12,12.42,0.14,13.59,0.01,1.26,0.01,1.44,0.1,10.44,0,0,0.02,1.62,0.18,18,0.43,43.11,0.16,15.57,0.02,2.07,0.6,60.48,0.17,17.01,0.44,43.56,0.12,12.42,0.23,23.31,0.19,18.72,0.62,61.65,1.13,112.95,0.93,92.97,0.2,19.8,0.6,59.85,6.42,0.54,5.47,0.46,4,3,4
PO1000004337,"2021,2020",INCASI RAYA (GUNAS),MULTI JAYA PERKASA,MULTI JAYA PERKASA,Not RSPO Certified,,3/31/23,-0.04,110.81,"-0.040833, 110.8088",IDN,Indonesia,Kalimantan Barat,Sekadau,1-Fully Verified,,419.95,41995.35,494.56,1282.16,128215.98,6.12,612,5.36,536.13,2.25,224.55,5.53,552.6,4.35,434.79,3.94,393.84,4.1,409.95,17.83,1782.63,10.44,1044.18,10.88,1087.92,12.09,1208.97,12.84,1284.3,6.26,625.86,10.84,1083.87,15.45,1544.67,20.26,2025.72,15.4,1539.72,14.39,1439.1,9.05,904.86,8.96,896.4,8.7,870.21,14.63,1463.31,219.66,0.52,200.3,0.48,4,3,3
PO1000004339,"2020,2021,2019",UNKNOWN,SERDANG TENGAH,TANJUNG PURBA,Not RSPO Certified,,3/31/23,3.4,98.86,"3.39584, 98.85533",IDN,Indonesia,Sumatera Utara,Deli Serdang,1-Fully Verified,,148.76,14876.01,192.9,421.78,42177.6,2.02,201.6,2.02,202.05,8.7,870.21,1.4,140.22,1.67,167.22,1.33,132.57,1.51,150.66,0.83,83.34,2.15,214.56,1.47,146.79,0.9,89.73,1.09,109.44,0.91,90.81,3.72,372.24,2.16,215.55,4.04,403.74,1.82,181.8,3.71,370.62,1.91,191.25,1.07,107.28,3.02,301.95,5.42,541.53,52.85,0.36,95.91,0.64,4,2,4
PO1000004340,"2020,2021",TSH RESOURCES,ANDALAS AGRO INDUSTRI,ANDALAS AGRO INDUSTRI,RSPO Certified,"RSPO Certified, MB",3/31/23,-0.05,99.97,"-0.050617, 99.9735",IDN,Indonesia,Sumatera Barat,Pasaman Barat,1-Fully Verified,,57.57,5757.39,79.11,132.55,13254.66,0.34,33.84,0.38,37.53,0.22,21.69,0.54,53.91,0.49,49.32,0.3,30.06,0.65,65.34,0.32,32.31,1.54,153.63,1.02,101.88,1.43,142.92,1.1,109.71,0.85,85.14,1.19,118.71,0.36,36.45,0.93,92.52,1.15,114.66,0.63,62.73,0.56,55.98,0.78,77.76,0.82,81.72,0.25,25.29,15.83,0.27,41.74,0.73,3,2,3
PO1000004341,"2020,2021,2019",PANCA EKA,KEBUN PANTAI RAJA,KEBUN PANTAI RAJA,Not RSPO Certified,,3/31/23,-0.06,101.24,"-0.05745, 101.24185",IDN,Indonesia,Riau,Kuantan Singingi,1-Fully Verified,TANJUNG PAUH,31.69,3169.08,45.86,87.88,8787.87,0.26,25.92,0.89,89.28,0.49,48.6,0.65,64.71,1.64,163.89,1.65,164.52,0.36,35.91,0.76,75.78,1.64,164.34,1.68,167.76,0.53,52.74,0.58,57.6,0.57,57.24,0.21,21.42,0.3,29.97,0.55,55.17,0.28,28.17,0.3,29.88,0.13,13.14,0.21,21.33,0.34,34.29,0.26,25.92,14.28,0.45,17.42,0.55,3,3,3
PO1000004342,"2020,2021,2019",PTPN III,PERKEBUNAN NUSANTARA III,RAMBUTAN,RSPO Certified,"RSPO Certified, MB",3/31/23,3.35,99.17,"3.351006, 99.169742",IDN,Indonesia,Sumatera Utara,Serdang Bedagai,1-Fully Verified,,87.71,8771.13,208.86,385.42,38542.05,5.52,552.15,1.96,195.93,0.26,26.28,2.06,206.46,2.91,291.24,1.81,180.72,1.72,171.63,1.9,190.44,1.84,183.69,2.16,216.36,1.1,109.62,1.97,197.46,2.02,201.96,5.76,576.09,6.5,649.98,8.99,898.65,5.84,583.56,5.52,551.97,3.07,306.54,0.65,65.07,0.25,25.2,0.79,79.2,64.6,0.74,23.11,0.26,2,4,2
PO1000004343,"2019,2020,2021",MULTI PRIMA ENTAKAI,MULTI PRIMA ENTAKAI,SEMUNTAI,Not RSPO Certified,,3/31/23,0.06,110.75,"0.05935, 110.749683",IDN,Indonesia,Kalimantan Barat,Sekadau,1-Fully Verified,,163.97,16396.74,208.47,477.91,47791.44,1.41,141.12,1.08,108.36,0.29,29.34,2.82,281.79,1.77,177.39,1.4,140.31,1.16,116.19,4.44,443.52,5.99,598.77,1.16,116.46,2.6,260.28,2.55,254.61,1.41,140.76,2.99,298.53,2.73,273.15,3.46,345.96,3.45,344.88,2.26,225.54,1.75,174.87,4.04,404.37,9.03,903.06,5.97,596.79,63.76,0.39,100.21,0.61,5,3,5
PO1000004344,"2020,2021,2019",ANGLO-EASTERN PLANTATION (AEP),UNITED KINGDOM INDONESIA PLANTATION,BLANKAHAN,Not RSPO Certified,,3/31/23,3.49,98.4,"3.493983, 98.397",IDN,Indonesia,Sumatera Utara,Langkat,1-Fully Verified,,118.5,11849.76,123.46,192.8,19279.98,1.41,140.76,0.45,44.64,0.25,25.02,0.26,25.74,0.11,11.25,0.36,36,0.49,48.51,0.97,97.29,2.24,224.1,0.86,86.49,0.69,68.94,0.73,73.35,0.25,25.47,0.66,65.97,0.58,57.6,1.51,151.2,0.75,74.52,7.22,721.8,3.57,356.76,1.22,121.77,0.83,82.62,0.82,82.26,26.22,0.22,92.28,0.78,2,1,3
PO1000004345,"2020,2021,2019",UNKNOWN,MAKMUR ANDALAN SAWIT,MAKMUR ANDALAN SAWIT,Not RSPO Certified,,3/31/23,0.07,102.12,"0.069117, 102.1246",IDN,Indonesia,Riau,Pelalawan,1-Fully Verified,,105.3,10530.18,114.9,150.13,15012.63,10.55,1055.34,8.46,846.27,0.07,6.84,3.92,391.86,4.73,472.77,0.44,44.46,4.03,403.02,5.5,549.54,0.42,41.94,3.94,393.57,2.12,211.77,1.2,120.15,1.05,104.85,0.74,73.71,0.91,90.63,2.32,231.66,2.61,260.91,1.4,140.49,2.01,200.61,1.79,178.92,3.41,340.74,2.93,293.22,64.53,0.61,40.77,0.39,4,3,3
PO1000004349,"2020,2021",ROYAL GOLDEN EAGLE,PERKEBUNAN PELALU RAYA,PERKEBUNAN PELALU RAYA,Not RSPO Certified,,3/31/23,-0.1,100.05,"-0.1004, 100.049",IDN,Indonesia,Sumatera Barat,Agam,1-Fully Verified,,1305.15,130515.3,1504.6,3875.12,387511.92,1.78,178.47,1.79,179.01,2.15,215.19,2.68,267.93,3.44,344.34,4.37,437.31,5.08,508.23,5.52,552.42,6.62,662.49,5.63,562.86,2.46,246.15,3.02,302.31,1.25,125.28,1.68,168.48,1.37,136.71,6.07,607.14,8.67,867.24,4.62,461.52,4.38,437.58,5.23,522.9,7.08,707.85,5.06,506.43,89.98,0.07,1215.17,0.93,2,1,3
PO1000004350,2020,PTPN III,PERKEBUNAN NUSANTARA XIII,KEBUN GUNUNG MELIAU,RSPO Certified,"RSPO Certified, MB",3/31/23,-0.11,110.29,"-0.106833, 110.292783",IDN,Indonesia,Kalimantan Barat,Sanggau,1-Fully Verified,,216.12,21612.33,277.95,487.01,48701.34,3.68,367.65,8.82,882.45,3.78,378.18,6.69,669.42,3.12,312.21,4.74,474.21,4.19,418.86,7.84,784.26,9.28,928.08,3.78,378.45,10.87,1087.38,7.33,732.87,15.13,1512.99,6.17,616.77,3.41,340.74,5.91,591.39,4.26,426.33,7.55,754.92,2.64,264.06,1.87,187.38,2.03,202.77,3.98,398.25,127.1,0.59,89.03,0.41,3,3,3
PO1000004351,"2020,2019,2021",ADIMULIA,ADIMULIA AGROLESTARI,ADIMULYA AGRO LESTARI,Not RSPO Certified,,3/31/23,-0.11,101.39,"-0.108983, 101.386783",IDN,Indonesia,Riau,Kampar,1-Fully Verified,,126.32,12631.86,172.84,365.27,36526.95,5.47,546.57,2.07,207.45,1.09,108.9,1.5,150.12,6.12,612,6.15,615.24,35.53,3552.84,27.74,2774.07,1.01,100.98,0.66,66.06,0.53,52.65,3.01,300.96,7.25,725.31,3.02,302.13,2.66,265.59,1.03,102.78,0.71,70.74,1.22,122.49,0.67,67.41,1.43,143.37,1.29,128.97,0.44,43.92,110.61,0.88,15.71,0.12,2,5,2
PO1000004352,"2021,2020",BINTANG HARAPAN DESA (BHD),BINTANG HARAPAN DESA,BINTANG HARAPAN DESA,Not RSPO Certified,,3/31/23,-0.11,110.33,"-0.11225, 110.332383",IDN,Indonesia,Kalimantan Barat,Sanggau,1-Fully Verified,,743.89,74388.6,797.78,1317.86,131785.56,6.06,605.52,5.19,519.12,3.54,353.79,8.81,880.65,6.5,649.53,3.57,357.3,3.86,386.37,6.51,651.06,11.42,1142.01,2.91,291.15,7.46,746.01,7.24,723.69,7.96,796.05,14.44,1443.87,21.87,2187.18,30.89,3088.8,20.19,2018.7,10.49,1049.04,12.27,1227.06,12.04,1204.47,28.75,2874.87,34.15,3415.32,266.12,0.36,477.77,0.64,5,2,4
PO1000004356,"2020,2021,2019",GAMA PLANTATIONS,TH INDO PLANTATIONS,NYATOH,Not RSPO Certified,,3/31/23,0.13,103.15,"0.131616, 103.154195",IDN,Indonesia,Riau,Indragiri Hilir,1-Fully Verified,,174.08,17408.43,236.87,680.81,68080.86,4.23,422.55,1.96,195.84,0.38,37.62,4.12,411.57,5.45,544.68,1.82,181.71,1.58,157.68,3.99,398.97,1.4,139.68,19.62,1961.82,3.88,387.72,5.87,587.16,2.25,224.91,7.19,719.1,4.98,498.06,3.27,327.33,6.24,623.97,9.76,975.6,14.77,1476.99,11.08,1107.81,3.63,362.88,19.53,1952.82,136.96,0.79,37.12,0.21,5,4,4
PO1000004358,"2020,2021",ADIMULIA,SURYA AGROLIKA REKSA,SURYA AGROLIKA REKSA,Not RSPO Certified,,3/31/23,-0.14,101.39,"-0.136967, 101.3908",IDN,Indonesia,Riau,Kuantan Singingi,2-High Confidence,,112.24,11223.9,172.39,244.75,24475.23,13.18,1317.6,17.06,1706.4,0.09,8.73,1.25,124.92,2.24,223.65,1.7,170.01,22.36,2236.14,5.26,525.87,1.86,185.85,2.42,241.65,1.7,169.65,1.98,198.45,0.96,95.67,0.58,58.41,0.24,23.58,0.96,95.85,1.33,133.47,0.74,74.34,0.95,95.04,0.93,93.24,0.61,60.75,0.77,77.4,79.17,0.71,33.07,0.29,2,4,2
PO1000004360,"2021,2020,2019",SWASTISIDDHI AMAGRA,SWASTISIDDHI AMAGRA,BINABARU,Not RSPO Certified,,3/31/23,0.21,101.28,"0.20895, 101.276083",IDN,Indonesia,Riau,Kampar,1-Fully Verified,,67.62,6761.52,112.36,187.86,18786.33,0.78,77.94,0.73,73.17,0.23,23.04,0.74,73.53,1.96,195.84,0.49,48.51,0.7,69.75,0.76,75.78,0.37,36.72,0.94,93.78,0.43,42.57,0.66,65.7,0.26,25.56,0.36,36.09,0.9,90.09,1.24,123.66,1.87,186.66,2.04,203.67,1.05,105.03,1.53,153,1.54,154.17,1.39,138.51,20.93,0.31,46.69,0.69,3,2,4
PO1000004361,"2020,2021,2019",LG INTERNATIONAL,PARNA AGROMAS,PARNA AGROMAS,RSPO Certified,"RSPO Certified, MB",3/31/23,0.21,111.08,"0.213083, 111.078633",IDN,Indonesia,Kalimantan Barat,Sekadau,1-Fully Verified,,872.81,87280.92,1112.44,2459.27,245927.25,10.92,1091.61,18.01,1801.26,7.31,730.8,14,1399.59,7.09,709.11,28.98,2897.82,27.7,2769.93,19.62,1961.73,14.54,1454.04,19.17,1917,20.53,2052.54,43.84,4383.81,18.38,1838.25,25.1,2510.1,29.7,2970.09,44.63,4463.28,18.32,1831.68,26.53,2653.38,13.62,1362.15,17.32,1731.51,11.69,1169.28,17.57,1756.71,454.56,0.52,418.25,0.48,3,3,3
PO1000004362,"2019,2020,2021",GAMA PLANTATIONS,CITRA RIAU SARANA,TESO I,Not RSPO Certified,,3/31/23,-0.21,101.47,"-0.21335, 101.474317",IDN,Indonesia,Riau,Kuantan Singingi,1-Fully Verified,,137.06,13705.83,180.11,272.48,27248.22,15.97,1597.23,4.2,419.58,0.09,9.18,1.23,122.58,4.64,464.4,8.58,858.42,30.94,3093.66,13.06,1306.17,6.45,645.12,9.22,922.05,7.32,731.61,14.29,1428.93,7.09,709.47,3.79,378.81,3.02,302.49,3.51,350.82,1.19,118.53,1.32,131.94,0.64,63.54,0.72,72.18,0.91,90.63,1.03,102.6,137.06,1,0,0,2,5,1
PO1000004363,"2021,2020,2019",GAMA PLANTATIONS,TH INDO PLANTATIONS,PULAI,Not RSPO Certified,,3/31/23,0.22,103.17,"0.219722, 103.165556",IDN,Indonesia,Riau,Indragiri Hilir,2-High Confidence,,118.96,11895.57,150.55,185.9,18589.5,2.95,295.29,4.22,422.1,6.35,635.22,1.78,177.93,9.87,986.58,1.23,123.3,0.32,32.04,1.4,140.04,0.46,45.81,7.96,795.78,2.07,206.82,6.01,601.11,6.56,656.28,3.49,349.11,2.83,282.51,3.47,347.13,2.99,298.71,7.8,779.58,6.3,630.27,4.94,494.37,0.92,92.34,11.36,1135.62,95.28,0.8,23.68,0.2,5,4,3
PO1000004364,2020,CHAROEN POKPHAND,SATRIA MULTI SUKSES,SATRIA MULTI SUKSES,Not RSPO Certified,,3/31/23,0.22,109.53,"0.22145, 109.531167",IDN,Indonesia,Kalimantan Barat,Landak,1-Fully Verified,,825.88,82588.05,843.14,1697.24,169724.34,2.08,207.9,10.01,1001.34,1.16,116.46,5.54,553.68,8.23,822.51,3.3,330.21,8.15,814.77,26.83,2682.99,64.9,6489.81,25.57,2557.26,34.16,3416.4,30.17,3016.53,23.28,2328.12,35.09,3509.46,36.28,3627.99,33.95,3394.71,34.2,3419.73,9.64,964.35,7.28,727.65,5.56,555.57,9.79,979.29,12.96,1296.45,428.13,0.52,397.75,0.48,3,3,3
PO1000004365,"2020,2021,2019",BAKRIE,BAKRIE PASAMAN PLANTATIONS,AIR BALAM,Not RSPO Certified,,3/31/23,0.23,99.48,"0.229917, 99.477083",IDN,Indonesia,Sumatera Barat,Pasaman Barat,1-Fully Verified,,244.52,24451.56,339.78,813.08,81308.07,3.84,384.21,2.11,210.6,1.63,162.81,8.41,841.5,4.29,429.03,4.7,469.89,4.66,465.84,5.07,506.97,11.46,1146.42,2.73,272.7,9.95,995.4,3.43,342.72,2.76,275.76,5.02,501.75,3.04,303.57,5.36,536.4,5.91,590.67,6.26,625.5,10.94,1094.04,5.61,560.88,6.04,603.9,4.42,441.81,117.62,0.48,126.89,0.52,3,3,3
PO1000004366,"2019,2020,2021",SUPERVENTURE,BERKAT SAWIT SEJAHTERA,BERKAT SAWIT SEJAHTERA (PASAMAN),Not RSPO Certified,,3/31/23,0.24,99.71,"0.238164, 99.705263",IDN,Indonesia,Sumatera Barat,Pasaman Barat,1-Fully Verified,,12.05,1204.74,16.48,26.72,2672.37,0.13,12.51,0.12,11.79,0.04,3.6,0.13,12.51,0.11,10.98,0.15,15.21,0.04,4.32,0.05,5.4,0.2,20.16,0.03,3.42,0.03,3.33,0.12,11.7,0.11,11.34,0.16,16.11,0.05,5.13,0.07,7.02,0.36,35.73,0.12,11.88,0.39,38.79,0.46,46.17,0.2,19.53,0.14,13.5,3.2,0.27,8.85,0.73,3,2,3
PO1000004367,"2021,2019,2020",GAMA PLANTATIONS,CITRA RIAU SARANA,TESO III,Not RSPO Certified,,3/31/23,-0.24,101.58,"-0.243333, 101.583633",IDN,Indonesia,Riau,Kuantan Singingi,3-Low Confidence,,805.18,80518.32,772.33,706.63,70663.23,36.42,3641.76,37.32,3732.39,5.21,520.56,29.32,2932.47,33.91,3390.66,0.13,12.96,5.35,534.6,41.28,4127.94,40.03,4003.47,133.68,13367.88,134.47,13446.81,136.7,13669.92,76.56,7656.12,48.55,4855.32,11.24,1124.37,32.63,3263.22,8.16,815.58,6.26,626.22,3.92,391.59,2.85,285.21,5.38,538.47,4,400.05,805.18,1,0,0,2,5,1
PO1000004368,"2020,2019",TIANJIN JULONG,REZEKI KENCANA,REZEKI KENCANA,Not RSPO Certified,,3/31/23,-0.27,109.25,"-0.266383, 109.252133",IDN,Indonesia,Kalimantan Barat,Kubu Raya,1-Fully Verified,,361.56,36155.88,409.51,1251.79,125178.57,1.19,119.43,4.91,490.95,0.48,48.42,6.3,629.64,15.02,1501.65,8.06,805.86,2.67,266.67,3.59,358.65,8.25,825.39,5.21,521.28,10.81,1080.81,19.04,1903.59,12.66,1265.67,18.19,1818.72,6.54,653.58,13.56,1355.94,8.73,873.18,2.26,226.17,2.33,232.56,1.4,139.68,3.81,381.15,5.14,514.44,160.13,0.44,201.42,0.56,3,3,3
PO1000004370,"2019,2020,2021",UNKNOWN,TASMA PUJA,SEI KUAMANG,Not RSPO Certified,,3/31/23,0.28,101.22,"0.275011, 101.219376",IDN,Indonesia,Riau,Kampar,2-High Confidence,,243.39,24338.88,321,531.9,53190.09,3.34,334.44,6.6,659.97,2.38,238.32,3.62,361.98,29.36,2935.53,20.19,2018.88,12.12,1212.12,14.25,1424.97,4.27,426.96,9.59,959.49,4.87,487.35,2.96,295.56,1.57,156.87,3.08,308.07,5.26,526.32,6.01,600.84,10.58,1057.68,9.29,929.25,1.92,192.15,3.23,323.28,4.44,444.42,2.66,265.86,161.6,0.66,81.79,0.34,3,4,3
PO1000004372,"2020,2021,2019",ASTRA AGRO LESTARI,TUNGGAL PERKASA PLANTATIONS,TUNGGAL PERKASA PLANTATIONS,Not RSPO Certified,,3/31/23,-0.31,102.27,"-0.305183, 102.273183",IDN,Indonesia,Riau,Indragiri Hulu,1-Fully Verified,,563.64,56364.03,557.94,1064.3,106429.86,9.79,978.57,1.62,162.09,7.3,729.63,28.9,2890.44,64.88,6488.46,2.79,279.36,39.85,3985.2,8.87,886.68,1.07,106.74,24.87,2487.33,39,3899.7,22.93,2292.66,10.18,1018.26,9.63,963.45,6.59,658.98,18.6,1859.85,9.25,924.57,14.19,1419.39,18.36,1835.64,12.7,1269.63,13.59,1359.18,9.76,975.69,374.72,0.66,188.93,0.34,3,4,3
PO1000004373,"2020,2021",PROVIDENT AGRO,MUTIARA AGAM,MUTIARA AGAM,Not RSPO Certified,,3/31/23,-0.32,99.88,"-0.320317, 99.877317",IDN,Indonesia,Sumatera Barat,Agam,1-Fully Verified,,174.9,17490.33,251.3,711,71099.64,2.11,210.69,2.35,235.44,2.89,289.26,6.25,624.78,4.83,483.39,3.89,389.43,7.18,718.2,8.22,822.42,16,1600.38,4.65,464.67,8.79,878.94,3.69,368.73,1.48,147.87,2.66,266.49,0.48,47.52,2.72,272.25,6.59,658.98,9.66,965.79,2.28,227.52,4.91,490.95,3.74,374.13,5.09,509.4,110.47,0.63,64.43,0.37,4,3,3
PO1000004374,"2021,2020,2019",GAMA PLANTATIONS,CITRA RIAU SARANA,TESO II,Not RSPO Certified,,3/31/23,-0.32,101.56,"-0.322533, 101.558217",IDN,Indonesia,Riau,Kuantan Singingi,1-Fully Verified,,279.97,27996.57,381.62,543.55,54354.78,6.29,628.83,7.39,738.81,1.09,109.26,13.86,1386.36,17.13,1712.97,0.12,12.24,4.3,429.93,13.96,1396.44,3.3,330.03,14.17,1417.23,7.95,795.15,9.61,960.57,2.61,261.18,3.56,356.22,3.72,372.42,9.82,982.17,12.03,1202.58,5.36,535.68,7.37,736.83,6.92,692.19,11.73,1173.33,12.02,1202.04,174.32,0.62,105.64,0.38,5,3,4
PO1000004375,"2021,2020",INCASI RAYA (GUNAS),BINTARA TANI NUSANTARA,BINTARA TANI NUSANTARA,Not RSPO Certified,,3/31/23,0.33,99.38,"0.332883, 99.3828",IDN,Indonesia,Sumatera Barat,Pasaman Barat,1-Fully Verified,,152.32,15232.14,183.31,264.09,26409.33,0.82,82.17,1.51,150.57,0.87,87.21,14.13,1413.27,12.77,1277.46,4.03,402.66,2.77,277.11,3.72,372.06,5.76,576.18,1.87,186.93,9.33,932.67,6.66,666.18,3.29,329.31,7.68,767.97,3.64,363.51,5.28,528.03,3.46,346.5,6.94,693.9,3.64,363.78,1.39,138.69,3.13,313.38,2.18,218.25,104.88,0.69,47.44,0.31,3,4,3
PO1000004377,"2020,2019",SIME DARBY,MITRA AUSTRAL SEJAHTERA,MITRA AUSTRAL SEJAHTERA,Not RSPO Certified,,3/31/23,0.36,110.43,"0.35905, 110.431367",IDN,Indonesia,Kalimantan Barat,Sanggau,1-Fully Verified,,557.68,55767.69,720.83,1321.02,132101.64,7.29,729,14.04,1403.64,2.72,272.43,11.78,1178.1,11.96,1195.83,9.09,909.27,20.3,2029.68,30.39,3039.21,23.61,2361.15,9.1,909.72,14.61,1461.06,14.77,1476.63,7.06,705.78,15.7,1569.51,13.2,1320.21,21.71,2170.62,27.54,2754.36,14.36,1436.4,13.82,1382.22,16.02,1602,25.63,2563.29,13.32,1332.45,338.03,0.61,219.65,0.39,5,3,3
PO1000004378,2020,INCASI RAYA (GUNAS),PASAMAN MARAMA SEJAHTERA,PASAMAN MARAMA SEJAHTERA,Not RSPO Certified,,3/31/23,0.36,99.63,"0.362283, 99.6336",IDN,Indonesia,Sumatera Barat,Pasaman Barat,1-Fully Verified,,131.56,13155.93,138.09,397.87,39787.29,0.25,25.11,0.14,13.68,0.32,31.59,0.35,35.28,0.32,31.86,0.37,36.99,0.55,55.17,0.59,59.22,1.21,121.23,0.26,25.92,0.9,90.18,0.48,47.88,0.42,41.85,0.52,51.93,0.67,66.96,1.07,107.46,0.56,55.53,0.58,58.23,3.74,374.4,3.16,315.81,9.95,995.49,5.72,571.59,32.13,0.24,99.43,0.76,5,1,5
PO1000004379,"2020,2021",MIWON,SINTANG RAYA,SINTANG RAYA,Not RSPO Certified,,3/31/23,-0.45,109.27,"-0.452644, 109.2652",IDN,Indonesia,Kalimantan Barat,Kubu Raya,1-Fully Verified,,540.14,54013.59,563.5,823.35,82334.61,2.36,235.71,3.03,303.39,1.62,162.45,4.32,432.36,5.66,566.01,2.94,294.3,5.76,575.82,10.37,1037.25,51.32,5132.43,31.28,3128.13,42.19,4219.02,27.02,2701.62,13.22,1322.28,18.67,1867.41,11.67,1167.3,9.69,968.58,5.43,542.61,3.21,321.39,2.65,264.69,1.14,113.85,2.65,264.51,3.15,315.09,259.36,0.48,280.77,0.52,2,3,3
PO1000004380,"2021,2020,2019",PASIFIK AGRO SENTOSA,MITRA ANEKA REZEKI,KUBU RAYA,Not RSPO Certified,,3/31/23,-0.37,109.3,"-0.366014, 109.300379",IDN,Indonesia,Kalimantan Barat,Kubu Raya,1-Fully Verified,,227.32,22732.29,240.39,295.14,29513.97,0.99,99.45,3.65,365.13,0.7,70.2,14.33,1432.62,9.82,981.9,7.22,721.8,4.37,436.59,7.01,700.65,39.26,3926.16,21.28,2127.69,16.1,1609.83,4.47,447.12,1.33,132.93,8.89,888.84,3.19,318.78,4.49,448.65,2.08,208.17,0.73,73.44,0.55,54.99,0.44,44.01,1.49,149.4,1.91,190.62,154.29,0.68,73.03,0.32,2,4,3
PO1000004382,"2019,2020",GAMA PLANTATIONS,TRITUNGGAL SENTRA BUANA,SALO BANDANG,Not RSPO Certified,,3/31/23,-0.42,117.36,"-0.417583, 117.3645",IDN,Indonesia,Kalimantan Timur,Kutai Kartanegara,1-Fully Verified,,260.07,26007.03,451.67,851.35,85135.05,0.45,45.18,1.42,142.02,0.62,61.83,3.1,309.69,4.44,443.88,6.44,644.22,28.54,2853.81,9.97,996.66,16.84,1683.99,4.43,442.89,2.32,232.2,27.55,2755.26,9,899.55,11.3,1130.22,10.56,1056.33,18.69,1869.3,10.15,1015.02,16.78,1678.41,6.39,638.73,4.98,498.42,4.36,435.96,4.98,497.88,203.31,0.78,56.76,0.22,3,4,3
PO1000004383,"2020,2019,2021",UNKNOWN,PANGKALAN BARU INDAH,PANGKALAN BARU INDAH,Not RSPO Certified,,3/31/23,0.42,101.59,"0.423633, 101.58915",IDN,Indonesia,Riau,Kampar,1-Fully Verified,,131.31,13131.09,176.16,272.59,27258.66,8.93,892.53,3.11,311.49,1.64,163.62,16.66,1666.26,9.32,932.04,4.46,445.68,5.11,510.84,6.36,635.76,4.27,427.32,4.53,452.61,2.4,240.03,3.64,364.14,2.12,212.4,5.22,522.45,3.38,338.49,3.32,332.1,3.69,368.55,3.46,345.78,2.34,233.82,3.07,307.17,1.57,156.96,1.8,179.82,100.4,0.76,30.91,0.24,3,4,3
PO1000004384,"2020,2021,2019",WILMAR GROUP,SINAR SIAK DIAN PERMAI,SINAR SIAK DIAN PERMAI,Not RSPO Certified,,3/31/23,0.45,101.62,"0.449367, 101.621217",IDN,Indonesia,Riau,Pelalawan,1-Fully Verified,,23.63,2363.22,39.97,96.49,9649.35,0.6,59.67,0.26,25.74,0.14,14.22,1.08,108.18,0.65,64.62,0.22,21.51,0.16,16.47,0.09,9.18,0.1,10.26,0.17,17.37,0.1,9.54,0.24,24.03,1.49,149.4,0.17,17.1,0.15,14.67,0.28,27.54,0.37,36.72,3.01,301.23,1.06,105.75,1.6,160.47,2.24,224.01,1.75,175.05,15.93,0.67,7.7,0.33,5,4,5
PO1000004385,"2019,2021,2020",PADASA ENAM UTAMA,PADASA ENAM UTAMA,KALIANTA 1,Not RSPO Certified,,3/31/23,0.46,100.8,"0.458199, 100.802036",IDN,Indonesia,Riau,Rokan Hulu,1-Fully Verified,,193.12,19311.66,235.62,596.6,59659.74,2.05,205.2,3.82,382.41,1.36,136.35,11.71,1171.26,24.56,2456.01,8.27,826.92,5.87,586.53,4.42,442.35,3.89,389.16,4.5,450,2.08,207.72,4.16,416.16,2.93,293.31,5.41,540.63,5.83,582.57,5.42,541.62,2.84,283.68,3.77,377.28,3.22,322.38,2.53,252.63,13.56,1355.76,2.3,229.95,124.5,0.64,68.62,0.36,5,4,4
PO1000004386,"2020,2021",SAGO NAULI,TRI BAHTERA SRIKANDI,SAGO NAULI,Not RSPO Certified,,3/31/23,0.47,99.37,"0.466483, 99.37025",IDN,Indonesia,Sumatera Utara,Mandailing Natal,1-Fully Verified,,229.97,22997.34,242.13,384.44,38444.49,4.94,493.56,3.38,338.13,1.62,162.45,8.67,867.15,9.19,918.99,7.54,753.57,8.3,829.71,10.16,1016.28,12.37,1236.87,4.01,400.59,9.93,992.7,5.37,536.76,7.42,741.6,4.42,441.99,3.16,315.9,7.14,714.33,5.68,568.08,8.56,855.99,3.77,376.65,3.77,377.19,6.16,616.5,6.45,644.76,142,0.62,87.98,0.38,4,3,3
PO1000004387,"2021,2020,2019",SAGO NAULI,SAGO NAULI,SAGO NAULI SINUNUKAN,Not RSPO Certified,,3/31/23,0.47,99.22,"0.469517, 99.22265",IDN,Indonesia,Sumatera Utara,Mandailing Natal,1-Fully Verified,,93.84,9383.94,127.37,164.92,16492.23,2.35,234.63,5.35,535.14,8.15,814.68,12.06,1206.18,6.39,639.45,4.18,417.6,9.9,990.09,4.47,447.3,10.45,1044.63,1.97,196.56,9.43,943.2,2.08,207.54,0.68,68.49,0.52,51.66,0.68,67.86,0.77,77.49,0.6,60.12,1.26,125.73,0.41,41.22,0.72,72.45,0.95,94.77,0.72,71.82,84.09,0.9,9.75,0.1,3,5,2
PO1000004389,"2020,2021,2019",UNKNOWN,MITRA AGUNG SWADAYA,KELAYANG,Not RSPO Certified,,3/31/23,-0.49,102.06,"-0.4934, 102.062467",IDN,Indonesia,Riau,Indragiri Hulu,1-Fully Verified,,263.75,26375.49,323.79,737.98,73798.29,10,1000.08,5.88,588.06,2.27,226.89,22.43,2242.71,16.79,1679.49,0.82,81.72,6.73,672.66,11.64,1164.33,3.24,324.45,10.86,1086.12,16.43,1643.22,25.2,2519.91,30.32,3031.83,13.18,1318.23,12.37,1236.87,21.96,2196.18,9.76,975.87,2.65,265.05,7.09,708.75,6.49,649.17,8.02,801.72,13.9,1389.51,258.03,0.98,5.73,0.02,5,5,3
PO1000004390,"2019,2020,2021",TELADAN PRIMA,TELEN PRIMA SAWIT,MUARA BENGKAL,Not RSPO Certified,,3/31/23,0.51,116.78,"0.51135, 116.781106",IDN,Indonesia,Kalimantan Timur,Kutai Timur,1-Fully Verified,,2209.01,220901.4,2561.04,6779.45,677944.62,5.46,545.94,15.06,1505.88,2.46,246.42,21.11,2111.04,14.96,1496.43,81.99,8198.55,25.34,2534.4,58.67,5866.56,67.55,6754.59,34.59,3459.06,60.12,6011.82,76.31,7631.28,39.25,3924.54,76.22,7622.46,56.62,5661.72,184.56,18455.76,69.85,6984.99,88.15,8814.87,103.73,10372.86,51.15,5114.97,100.15,10014.57,69.02,6901.74,1302.3,0.59,906.71,0.41,5,3,4
PO1000004392,"2021,2020,2019",SARIMAS,AGRO SARIMAS INDONESIA,AGRO SARIMAS INDONESIA,Not RSPO Certified,,3/31/23,-0.52,102.92,"-0.5163, 102.921496",IDN,Indonesia,Riau,Indragiri Hilir,1-Fully Verified,,2606.4,260640,2802.91,3807.71,380770.92,28.91,2890.8,13.4,1339.74,8.57,856.89,37.94,3794.04,52.89,5288.58,43.62,4362.03,67.72,6772.5,27.95,2794.86,12.14,1214.28,269.11,26911.44,178.9,17890.11,224.61,22461.3,74.84,7483.59,135.45,13545.45,37.27,3726.63,67.5,6750.45,52.68,5267.52,42.14,4213.98,55.82,5582.25,29.69,2968.56,27.36,2735.64,16.93,1693.08,1505.44,0.58,1100.96,0.42,3,3,3
PO1000004394,"2020,2021,2019",UNKNOWN,USAHA KITA MAKMUR,USAHA KITA MAKMUR,Not RSPO Certified,,3/31/23,-0.53,101.49,"-0.529767, 101.49305",IDN,Indonesia,Riau,Kuantan Singingi,1-Fully Verified,,275.71,27570.69,357.69,448.38,44837.73,7.98,797.85,5.29,529.02,0.64,64.35,3.82,382.23,11.17,1117.08,4.56,456.03,8.47,847.35,10.28,1027.8,11.86,1186.38,12.63,1263.33,9.22,922.14,6.68,668.43,3.09,309.06,5.55,555.48,6.15,614.7,11.54,1153.8,11.18,1117.62,10.34,1034.19,14.05,1404.72,18.9,1889.64,14.26,1426.5,16.28,1627.65,203.95,0.74,71.75,0.26,5,4,4
PO1000004395,"2019,2020,2021",UNKNOWN,TAMORA AGRO LESTARI,TAMORA AGRO LESTARI,Not RSPO Certified,,3/31/23,-0.53,101.42,"-0.530467, 101.417183",IDN,Indonesia,Riau,Kuantan Singingi,1-Fully Verified,,338.11,33811.38,355.12,796.77,79676.91,7.55,755.1,5.59,558.63,3.45,344.7,9.12,912.33,9.06,905.85,10.6,1059.75,10.96,1096.38,9.85,985.05,9.01,900.81,7.56,756.09,6.32,631.53,13.64,1363.95,8.22,822.06,6.93,692.55,7.74,773.82,7.82,781.92,8.8,880.47,10.17,1016.64,7.61,760.77,7.95,795.15,14.47,1447.29,13.93,1393.2,196.34,0.58,141.77,0.42,5,3,4
PO1000004398,"2021,2019,2020",UNKNOWN,SEWANGI SAWIT SEJAHTERA,SEWANGI SAWIT SEJAHTERA,Not RSPO Certified,,3/31/23,0.58,101.09,"0.581353, 101.087097",IDN,Indonesia,Riau,Kampar,1-Fully Verified,,39.24,3924.18,56.66,90.2,9020.34,0.45,44.91,0.91,90.99,0.54,54.27,0.29,29.07,2.68,267.75,0.93,92.52,1.01,100.8,1.02,101.79,0.94,94.32,0.99,98.91,1.25,125.19,0.95,95.31,0.04,3.87,0.27,27.09,0.16,16.2,0.44,44.28,0.39,39.33,0.08,8.1,0.23,23.4,0.08,7.65,0.23,23.13,0.08,7.92,13.97,0.36,25.27,0.64,2,2,3
PO1000004400,"2020,2021,2019",PEPUTRA,PEPUTRA MASTERINDO,PEPUTRA MASTERINDO,Not RSPO Certified,,3/31/23,0.59,100.99,"0.589804, 100.991448",IDN,Indonesia,Riau,Kampar,1-Fully Verified,,34.31,3431.43,64.63,130.73,13072.95,0.53,52.74,0.2,19.71,0.29,28.98,0.15,15.21,0.52,51.84,0.32,32.4,0.41,41.22,0.59,59.49,0.49,48.69,0.14,14.22,0.58,58.23,0.94,93.51,0.4,40.32,0.37,37.26,0.41,41.13,0.97,96.57,0.76,75.87,0.4,40.5,0.48,48.33,0.38,38.43,0.5,50.49,0.2,19.71,10.05,0.29,24.27,0.71,3,2,3
PO1000004402,"2019,2020,2021",PTPN III,PERKEBUNAN NUSANTARA V,TANDUN,RSPO Certified,"RSPO Certified, MB",3/31/23,0.6,100.69,"0.599154, 100.69283",IDN,Indonesia,Riau,Kampar,1-Fully Verified,,164.87,16486.83,169.43,215.26,21526.29,1.4,139.95,6.16,615.78,0.22,21.6,1.66,165.51,8.89,889.11,19.41,1941.03,18.15,1814.76,9.02,902.25,26.83,2682.99,7.3,729.54,3.11,311.22,15.14,1514.34,1.94,193.68,6.32,632.16,1.33,133.38,1.21,121.14,1.64,163.71,1.18,118.35,1.83,183.42,1.46,145.8,1.36,136.17,1.25,125.28,136.81,0.83,28.06,0.17,2,5,2
PO1000004403,"2020,2021,2019",SUPERVENTURE,BUMI MENTARI KARYA,KAMPAR,Not RSPO Certified,,3/31/23,0.63,101.14,"0.626717, 101.138583",IDN,Indonesia,Riau,Kampar,1-Fully Verified,,100.64,10064.34,127.49,225.31,22530.6,1.51,151.02,1.91,190.71,2.81,281.34,2.69,268.74,5.43,543.15,3.68,368.28,1.29,128.88,0.77,77.13,9.93,993.15,4.85,485.46,0.95,95.04,3.25,325.44,0.83,83.25,1.47,146.52,1.5,149.85,12.34,1234.44,3.54,354.06,4.81,481.23,0.18,17.73,0.32,32.49,0.33,32.76,0.1,9.99,64.51,0.64,36.14,0.36,1,4,2
PO1000004404,"2020,2021,2019",WILMAR GROUP,SIAK PRIMA SAKTI,SIAK PRIMA SAKTI,Not RSPO Certified,,3/31/23,0.65,101.75,"0.651217, 101.75405",IDN,Indonesia,Riau,Siak,1-Fully Verified,,72.18,7217.64,90.99,207.21,20721.24,1.76,175.86,1.03,102.6,0.45,45.36,8.09,808.65,7.74,773.55,2.76,275.58,5.32,532.44,3.05,305.1,3.59,359.37,5.7,569.79,2.95,295.29,4.49,448.74,4.55,454.86,3.08,307.62,0.79,78.84,0.84,84.15,2.02,201.78,2.66,266.31,0.77,77.22,0.73,72.99,0.48,48.15,0.5,49.59,63.34,0.88,8.84,0.12,2,5,2
PO1000004408,"2019,2020,2021",ASTRA AGRO LESTARI,KIMIA TIRTA UTAMA,KIMIA TIRTA UTAMA,Not RSPO Certified,,3/31/23,0.67,101.73,"0.674633, 101.728917",IDN,Indonesia,Riau,Siak,1-Fully Verified,,55.02,5501.52,77.98,95.49,9549.09,1.92,192.33,2.13,213.21,2.04,204.12,8.39,839.25,12.84,1283.58,3.67,367.47,1.75,175.05,0.46,46.44,0.2,19.98,1.05,105.03,0.67,66.6,0.75,74.7,0.31,31.05,0.13,13.41,0.22,21.51,0.06,5.76,0.29,28.8,1.17,116.55,0.02,1.98,0,0,0.04,3.87,0.07,7.47,38.18,0.69,16.83,0.31,1,4,2
PO1000004410,"2021,2020,2019",BUMITAMA GUNAJAYA AGRO (BGA),ROHUL SAWIT INDUSTRI,SUKADAMAI,RSPO Certified,"RSPO Certified, MB",3/31/23,0.68,100.53,"0.68325, 100.529233",IDN,Indonesia,Riau,Rokan Hulu,1-Fully Verified,,51.94,5193.9,82.64,159.98,15998.49,0.8,80.37,0.77,77.4,0.11,10.89,1.84,184.14,0.8,79.56,1.03,103.5,0.2,20.25,0.12,11.61,0.59,58.68,0.14,14.13,0.19,19.35,7.52,751.68,3.12,312.3,7.58,757.71,0.36,36.27,0.84,83.61,0.78,78.48,0.5,49.59,0.57,56.7,0.47,47.07,0.58,58.5,0.41,41.22,29.33,0.56,22.61,0.44,3,3,3
PO1000004411,"2020,2021,2019",UNKNOWN,SEWANGI SEJATI LUHUR,PRIMA SAUHUR LESTARI POM,Not RSPO Certified,,3/31/23,0.71,100.93,"0.714383, 100.928367",IDN,Indonesia,Riau,Kampar,1-Fully Verified,SUKARAMAI,124.23,12423.15,146.46,333.4,33340.5,0.8,80.1,0.49,48.51,0.71,71.46,3.41,341.01,0.59,59.22,0.15,14.85,0.14,14.13,0.03,3.24,0.32,31.86,0.25,24.75,0.04,4.05,0.17,17.01,0.04,4.23,0.1,10.44,0.02,2.16,0.12,11.97,0.15,14.58,0.05,4.95,0.1,9.81,0.93,93.33,0.59,58.59,0.01,1.17,9.21,0.07,115.02,0.93,1,1,3
PO1000004412,"2020,2021",MAHKOTA,BERLIAN INTI MEKAR,RENGAT,Not RSPO Certified,,3/31/23,-0.72,102.63,"-0.72335, 102.627217",IDN,Indonesia,Riau,Indragiri Hulu,1-Fully Verified,BERLIAN INTI MEKAR - RENGAT,105.27,10526.94,120.21,191.65,19165.41,4.6,460.35,6.26,625.86,1.27,126.9,8.2,819.9,13.09,1308.6,12.87,1287.09,2.9,290.25,10.94,1093.68,4.44,443.61,13.42,1342.35,3.06,306.18,4.73,473.4,0.64,64.35,1.11,111.42,0.82,81.99,1.39,139.41,0.97,97.2,0.54,54.18,0.45,44.64,0.25,24.75,0.71,70.83,0.3,30.24,92.97,0.88,12.3,0.12,2,5,1
PO1000004415,"2021,2020",GELANGGANG MAJU BERSAMA,GLOBAL KALIMANTAN MAKMUR,GLOBAL KALIMANTAN MAKMUR,Not RSPO Certified,,3/31/23,0.73,110.46,"0.72975, 110.463117",IDN,Indonesia,Kalimantan Barat,Sanggau,1-Fully Verified,,1173.19,117318.69,1209.28,3260.35,326035.08,5.16,516.06,6.68,667.8,16.15,1615.14,16.43,1643.31,15.3,1530.18,4.25,425.07,10.88,1087.83,55.26,5525.73,41.22,4121.91,22.2,2220.03,27.98,2798.37,19.46,1945.89,16.61,1660.86,38.99,3898.98,26.05,2604.96,44.02,4402.17,28.04,2803.5,18.46,1846.17,25.65,2564.82,10,999.99,28.56,2856.24,18.59,1859.31,495.94,0.42,677.24,0.58,3,3,3
PO1000004417,"2020,2019,2021",ASTRA AGRO LESTARI,SAWIT ASAHAN INDAH,SAWIT ASAHAN INDAH,Not RSPO Certified,,3/31/23,0.76,100.52,"0.761311, 100.519011",IDN,Indonesia,Riau,Rokan Hulu,1-Fully Verified,,67.11,6711.03,105.09,231.47,23147.1,0.76,75.96,2.27,227.43,0.22,22.14,2.72,271.53,2.14,213.93,1.88,188.19,0.47,46.89,0.64,63.54,3.94,394.38,0.51,50.85,0.32,31.5,0.37,36.81,0.68,67.68,0.67,66.6,0.2,19.8,1.16,116.1,1.29,129.42,0.74,73.62,0.38,37.53,0.56,56.34,1.64,163.53,1.03,103.23,24.57,0.37,42.54,0.63,3,3,3
PO1000004418,"2020,2021,2019",UNKNOWN,MULTI AGRO SENTOSA,MULTI AGRO SENTOSA,Not RSPO Certified,,3/31/23,0.77,100.89,"0.770833, 100.885283",IDN,Indonesia,Riau,Kampar,1-Fully Verified,,83.43,8342.64,122.84,222.58,22258.44,0.91,90.72,0.72,71.64,0.87,87.03,6.52,651.87,2.35,234.81,1.06,106.38,0.27,26.82,0.13,13.14,13.15,1314.63,2.81,280.89,0.95,95.4,1,99.99,0.18,18.45,0.2,20.25,2.11,211.41,0.26,26.46,2.44,243.81,4.59,458.82,1.45,145.35,3.99,398.79,1.62,162.27,1.72,171.54,49.3,0.59,34.12,0.41,3,3,3
PO1000004419,"2019,2021,2020",ANGLO-EASTERN PLANTATION (AEP),BINA FITRI JAYA,BINA FITRI JAYA,Not RSPO Certified,,3/31/23,0.81,101.28,"0.809088, 101.277952",IDN,Indonesia,Riau,Kampar,1-Fully Verified,,87.22,8721.99,133.82,303.33,30332.61,2.08,208.35,0.21,20.88,0.67,67.05,2.51,251.19,3.34,333.81,4.27,427.32,28.61,2860.92,7.69,768.51,5.23,522.9,4.32,432.27,2.01,201.15,9,899.73,5.91,590.58,2.38,237.78,0.75,74.61,0.44,43.74,2.6,259.74,1.19,118.71,0.24,24.21,0.42,42.39,0.61,60.75,0.17,17.37,84.64,0.97,2.58,0.03,2,5,1
PO1000004421,"2020,2019,2021",MAHKOTA,MUTIARA UNGGUL LESTARI,MUTIARA UNGGUL LESTARI,Not RSPO Certified,,3/31/23,0.86,101.3,"0.855817, 101.302617",IDN,Indonesia,Riau,Siak,1-Fully Verified,,212.11,21210.66,301.51,590.36,59036.22,2.74,273.69,4.94,494.01,4.52,451.53,21.47,2147.22,34.06,3405.96,24.34,2434.32,20.48,2047.86,12.96,1295.64,14.79,1478.52,11.78,1177.56,9.23,922.95,15.62,1562.49,7,699.84,6.19,618.57,3.29,329.49,5.86,586.17,5.04,503.73,2.58,258.03,4.43,443.25,3.36,336.06,2.26,225.54,1.53,152.91,212.11,1,0,0,3,5,1
PO1000004422,"2021,2020,2019",ASTRA AGRO LESTARI,EKA DURA INDONESIA,EKA DURA INDONESIA,Not RSPO Certified,,3/31/23,0.88,100.61,"0.88425, 100.611683",IDN,Indonesia,Riau,Rokan Hulu,1-Fully Verified,,141.42,14142.33,162.78,206.72,20671.92,1.74,173.61,4.7,469.98,0.27,26.73,4.66,465.84,3.53,352.62,6.35,635.31,4.65,465.39,3.87,387,7.9,790.38,5.46,545.94,4.04,404.1,10.19,1019.07,3.24,323.73,1.27,126.63,4.32,431.91,7.36,736.38,9.21,920.7,8.48,847.98,8.27,827.37,5.84,584.1,3.87,386.73,0.57,57.33,109.79,0.78,31.63,0.22,3,4,3
PO1000004423,"2019,2020,2021",UNKNOWN,SUMBER JAYA INDAHNUSA COY,KOTA LAMA,Not RSPO Certified,,3/31/23,0.89,100.7,"0.892167, 100.699",IDN,Indonesia,Riau,Rokan Hulu,1-Fully Verified,,136.48,13648.32,160.24,279.25,27925.2,1.6,160.29,6.57,657.45,2.83,282.69,21.91,2190.78,13.64,1364.31,11.38,1138.05,7.98,797.67,0.75,75.15,9.3,929.61,1.36,135.9,0.4,39.87,0.92,91.98,0.02,2.07,0.1,9.63,0.05,4.68,0.16,15.66,3.71,370.89,4.28,428.13,2.7,269.73,5.31,530.91,4.81,481.14,4.21,421.11,103.98,0.76,32.51,0.24,4,4,3
PO1000004424,"2020,2019,2021",PADASA ENAM UTAMA,SUMBER ALAM MAKMUR SENTOSA,MUARA DILAM,Not RSPO Certified,,3/31/23,0.96,100.72,"0.959467, 100.723783",IDN,Indonesia,Riau,Rokan Hulu,1-Fully Verified,,36,3600.27,42.98,40.66,4066.38,3.09,308.7,1.11,111.42,0.31,31.41,2.01,200.7,8.32,831.78,7.48,748.44,5.44,544.23,0.36,35.73,3.06,305.73,1.39,138.78,0.09,8.82,0.8,79.56,0.03,2.88,0.06,5.94,0.01,0.72,0.01,1.08,0.05,5.31,0.03,2.61,0.07,7.02,0.01,0.99,0.03,2.61,0,0.36,33.75,0.94,2.25,0.06,1,5,1
PO1000004425,"2021,2020,2019",SEPTA,CITRA BUMI AGRO,CITRA BUMI AGRO,Not RSPO Certified,,3/31/23,1,100.62,"0.995767, 100.6169",IDN,Indonesia,Riau,Rokan Hulu,1-Fully Verified,,113.48,11348.28,145.68,162.71,16271.01,3.92,392.22,2.62,261.54,0.56,55.62,6.17,617.31,15.12,1512.36,28.36,2836.17,16.35,1635.3,3.56,355.86,8.31,830.97,2.28,227.52,1.82,181.71,2.63,263.16,0.77,76.59,0.65,64.53,0.41,41.31,0.81,81.18,1.36,136.08,1.15,115.29,0.46,45.81,0.15,15.12,0.59,59.4,0.2,19.62,98.25,0.87,15.24,0.13,1,5,1
PO1000004426,2020,INCASI RAYA (GUNAS),SUMBAR ANDALAS KENCANA,SUMBAR ANDALAS KENCANA,Not RSPO Certified,,3/31/23,-1,101.74,"-0.997233, 101.7423",IDN,Indonesia,Sumatera Barat,Dharmasraya,1-Fully Verified,,413.7,41370.3,451.46,822.62,82261.62,8.19,819,8.9,889.92,1.35,135.36,6.64,663.66,3.53,353.34,10.55,1054.53,6.55,654.93,25.44,2544.21,11.46,1145.52,5.9,590.49,3.44,343.89,43.59,4359.24,9.9,990.36,7.74,774.27,10.98,1097.64,29.52,2952,41.75,4175.37,18.35,1834.65,28.58,2857.95,18.71,1870.92,12.82,1282.41,11,1099.8,324.89,0.79,88.81,0.21,4,4,3
PO1000004427,2020,SALIM GROUP,MULTI PACIFIC INTERNATIONAL,CIPTA GRAHA,Not RSPO Certified,,3/31/23,1,117.77,"1, 117.769",IDN,Indonesia,Kalimantan Timur,Kutai Timur,1-Fully Verified,,271.8,27180.27,275.71,510.87,51087.06,0.73,72.54,0.8,79.65,0.14,14.4,2.64,263.7,1.01,101.16,0.19,19.08,0.33,33.48,0.06,5.76,13.01,1300.68,2.93,292.59,23.97,2397.06,16.5,1649.79,4.35,434.61,3.1,309.51,5.02,501.75,8.49,848.52,3.85,385.47,20.66,2066.31,19.67,1967.31,2.13,213.21,1.58,157.95,1.36,135.81,132.5,0.49,139.3,0.51,2,3,3
PO1000004428,"2020,2021,2019",PTPN III,PERKEBUNAN NUSANTARA IV,SOSA,RSPO Certified,"RSPO Certified, MB",3/31/23,1.05,100.01,"1.048917, 100.012283",IDN,Indonesia,Sumatera Utara,Padang Lawas,1-Fully Verified,,86.98,8697.51,99,130.03,13002.84,0.48,47.97,1.29,129.24,0.45,44.55,0.63,63.36,0.78,77.58,1.54,154.35,0.83,82.53,0.48,47.61,0.49,48.51,0.63,63,1.92,191.52,20.33,2032.74,17,1700.19,3.34,334.35,0.33,33.03,0.99,99.18,0.59,58.77,0.26,25.74,0.08,7.92,2.84,283.77,2.69,268.65,1.03,102.6,58.97,0.68,28,0.32,3,4,3
PO1000004431,"2019,2020,2021",SUMBER TANI AGUNG,KARYA AGUNG SAWITA,KARYA AGUNG SAWITA,Not RSPO Certified,,3/31/23,1.07,99.96,"1.0657, 99.963133",IDN,Indonesia,Sumatera Utara,Padang Lawas,1-Fully Verified,,505.52,50551.56,584.68,1023.07,102306.69,2.52,252.09,2.69,269.1,1.81,181.08,7.34,733.95,6.85,685.35,11.75,1175.49,7.73,772.92,15.61,1561.23,14.83,1483.38,5.11,511.11,29.34,2933.82,11.96,1195.92,8.77,877.23,7.92,791.55,9.36,936.36,7.68,768.33,18.02,1801.71,2.68,268.29,2.65,264.87,3.2,319.95,3.58,358.47,8.06,805.95,189.48,0.37,316.03,0.63,3,3,3
PO1000004432,"2021,2020,2019",SIN TEK HUAT,TRIMITRA LESTARI,TRIMITRA LESTARI,Not RSPO Certified,,3/31/23,-1.07,103.17,"-1.068733, 103.165067",IDN,Indonesia,Jambi,Tanjung Jabung B,2-High Confidence,,923.05,92305.35,1049.76,2660.96,266096.16,33.62,3362.22,36.95,3695.04,16.65,1665.09,32.84,3284.01,35.49,3549.33,36.05,3604.95,31.91,3190.77,110.11,11011.32,54.78,5477.58,2.98,297.9,2,199.62,33.33,3332.97,7.16,715.59,11.48,1148.49,6.05,604.98,20.93,2093.31,18.79,1878.57,12.74,1274.04,9.85,984.96,9.76,976.05,8.78,877.95,8.32,831.96,540.57,0.59,382.49,0.41,3,3,3
PO1000004434,"2020,2021,2019",DUTA MARGA,DHARMASRAYA LESTARINDO,DHARMASRAYA LESTARINDO,Not RSPO Certified,,3/31/23,-1.08,101.66,"-1.076033, 101.663617",IDN,Indonesia,Sumatera Barat,Dharmasraya,1-Fully Verified,,177.34,17733.69,270.84,544.4,54439.56,2.9,289.62,1.13,113.49,0.93,93.24,7.82,782.28,2.58,258.39,8.41,841.5,2.52,251.82,4.22,422.01,2.72,272.16,1.83,182.7,3.24,324.36,3.94,394.02,2.6,260.01,4.34,434.34,4.68,468.27,6.01,601.11,8.52,851.76,3.04,303.93,4.91,491.49,4.77,476.73,5.94,594.09,5.46,546.12,92.53,0.52,84.8,0.48,4,3,4
PO1000004435,2020,UNKNOWN,NAGAMAS AGRO MULIA,TALIKUMAIN,Not RSPO Certified,,3/31/23,1.08,100.26,"1.077988, 100.261278",IDN,Indonesia,Riau,Rokan Hulu,1-Fully Verified,,133.26,13326.12,197.5,429.5,42950.07,1.99,198.99,3.96,396.27,3.46,345.6,9.74,973.71,13.55,1355.13,3.94,394.2,8.03,802.53,4.11,411.21,11.45,1144.98,5.18,518.22,5.1,509.94,6.68,668.07,0.72,71.91,1.82,182.43,1.41,141.39,4.4,439.83,1.69,169.11,1.37,136.53,0.8,79.74,1.71,171.18,1.85,184.86,1.7,170.1,94.66,0.71,38.6,0.29,3,4,3
PO1000004436,"2020,2019,2021",FIRST RESOURCES,SWADAYA MUKTI PRAKARSA,SWADAYA MUKTI PRAKARSA,Not RSPO Certified,,3/31/23,-1.08,110.38,"-1.082883, 110.38345",IDN,Indonesia,Kalimantan Barat,Kayong Utara,1-Fully Verified,,609.87,60986.88,573.17,1056.6,105660.45,3.41,340.74,1.83,183.42,1.55,155.07,4.79,479.25,1.31,130.68,8.73,872.91,27.83,2783.43,37.44,3744.45,5.41,541.35,3.41,341.19,5.63,562.77,6.84,684.18,3.08,307.8,8.86,886.23,9.51,951.12,7.84,783.72,4.27,426.69,2.47,247.41,8.46,846.09,3.41,341.19,1.51,150.66,0.91,90.54,158.51,0.26,451.36,0.74,1,2,3
PO1000004437,"2020,2019",GLOBAL PALM RESOURCES HOLDINGS,PRAKARSA TANI SEJATI,PRAKARSA TANI SEJATI,Not RSPO Certified,,3/31/23,-1.1,110.47,"-1.099617, 110.46815",IDN,Indonesia,Kalimantan Barat,Ketapang,1-Fully Verified,,294.06,29405.61,309.11,507.12,50711.58,2.39,238.68,1.31,131.22,1.88,188.1,3.53,353.43,2.3,230.31,3.72,371.7,0.68,68.4,16.31,1631.25,8.45,845.1,5.22,522,6.03,603.36,5.88,588.24,3.36,336.15,5.76,576.27,4.67,467.1,17.43,1742.85,10.02,1001.52,8.9,889.74,19.15,1914.66,3.73,373.14,10.04,1004.04,8.13,813.06,148.9,0.51,145.15,0.49,4,3,4
PO1000004439,"2020,2019,2021",MAKIN,PRODUK SAWITINDO JAMBI,PELABUHAN DAGANG,Not RSPO Certified,,3/31/23,-1.14,103.07,"-1.139183, 103.07365",IDN,Indonesia,Jambi,Tanjung Jabung B,1-Fully Verified,,119.85,11985.03,131.33,186.23,18623.34,0.56,56.34,1.95,194.85,6.43,643.32,8.86,886.32,6.46,646.11,9.48,948.42,7.84,783.99,12.38,1238.49,6.67,667.08,0.05,5.04,1.24,123.93,7.26,725.85,1.07,107.37,1.8,179.91,2,200.07,2.65,264.78,3.35,334.8,2.29,228.6,1.45,145.17,1.19,118.89,1.17,117.27,1.35,134.82,87.51,0.73,32.34,0.27,3,4,3
PO1000004441,"2020,2021,2019",UNKNOWN,SAWIT ANUGERAH SEJAHTERA,SAWIT ANUGERAH SEJAHTERA,Not RSPO Certified,,3/31/23,1.15,101.28,"1.151667, 101.276717",IDN,Indonesia,Riau,Bengkalis,1-Fully Verified,,18.49,1848.69,28.7,61.41,6140.97,0.17,17.01,0.22,21.78,0.09,9.18,0.21,20.97,0.59,58.86,0.24,23.94,0.32,31.5,0.17,17.1,0.08,7.74,0.89,88.56,0.74,74.43,2.1,210.33,4.06,406.35,2.57,256.86,0.47,47.43,0.46,46.08,0.37,37.17,0.15,15.48,0.22,21.69,0.16,15.57,0.17,17.1,0.33,32.94,14.78,0.8,3.71,0.2,3,4,3
PO1000004442,"2019,2021,2020",UNKNOWN,KENCANA PERSADA NUSANTARA,KENCANA PERSADA NUSANTARA,Not RSPO Certified,,3/31/23,1.18,100.23,"1.175407, 100.232727",IDN,Indonesia,Riau,Rokan Hulu,1-Fully Verified,,143.09,14309.19,181.12,250.88,25088.4,5.57,557.46,8.97,897.3,12.62,1261.53,55.14,5514.03,14.64,1463.76,3.54,353.97,1.29,128.61,0.79,78.93,18.06,1805.94,2.27,226.98,2.23,223.11,0.37,36.9,0.09,9.27,0.17,17.01,0.26,26.19,0.69,68.76,0.97,96.93,0.52,51.84,0.44,43.92,0.6,60.03,0.6,60.48,0.56,55.53,130.38,0.91,12.71,0.09,2,5,1
PO1000004443,"2020,2019,2021",HUTAHAEAN,HUTAHAEAN,DALU DALU,Not RSPO Certified,,3/31/23,1.18,100.27,"1.178517, 100.2703",IDN,Indonesia,Riau,Rokan Hulu,1-Fully Verified,,58.49,5849.28,88.82,137.57,13757.4,0.26,25.65,0.37,37.08,0.14,14.4,0.54,53.55,1.56,156.24,0.63,62.82,0.19,18.54,0.35,35.19,0.48,48.33,0.11,11.16,0.26,26.28,0.28,28.44,0.07,6.93,0.34,34.2,0.21,21.15,0.86,86.22,1.83,182.79,3.89,389.16,6.4,640.17,1.41,141.03,0.93,93.24,2.34,233.64,23.46,0.4,35.03,0.6,4,3,4
PO1000004444,"2021,2020,2019",TRINITY INTERLINK,MERANGKAI ARTHA NUSANTARA,MERANGKAI ARTHA NUSANTARA,Not RSPO Certified,,3/31/23,1.21,100.29,"1.212517, 100.29345",IDN,Indonesia,Riau,Rokan Hulu,1-Fully Verified,,46.74,4674.33,93.22,193.22,19321.83,0.1,10.44,0.17,17.28,0.01,1.44,0.13,12.96,0.12,11.52,0.08,7.65,0.03,3.06,0.03,2.88,0.05,4.95,0.07,6.75,0.03,3.33,0.04,3.78,0.03,3.24,0.12,12.33,0.22,22.05,0.15,14.94,0.39,38.7,0.13,12.69,0.14,14.04,0.32,32.4,0.5,49.77,0.3,29.61,3.16,0.07,43.59,0.93,3,1,3
PO1000004446,"2019,2021,2020",TELADAN PRIMA,TELEN,PENGADAN BAAY,Not RSPO Certified,,3/31/23,1.25,117.69,"1.247783, 117.693483",IDN,Indonesia,Kalimantan Timur,Kutai Timur,1-Fully Verified,,291.51,29150.82,317.51,362.47,36246.6,3.37,336.96,1.71,170.91,1.67,167.49,4.39,438.75,3.84,383.58,15.33,1532.7,31.67,3166.65,0.32,32.22,29.38,2938.32,9.66,966.06,7.74,773.55,4.78,478.26,6.35,634.59,6.01,601.02,20.47,2047.05,46.1,4609.62,18.68,1868.4,6.67,666.63,9.14,913.5,6.52,652.5,6.62,661.5,7.37,737.1,247.77,0.85,43.73,0.15,4,5,3
PO1000004447,"2020,2019,2021",INCASI RAYA (GUNAS),SELAGO MAKMUR PLANTATION,SELAGO MAKMUR PLANTATION,Not RSPO Certified,,3/31/23,-1.25,101.58,"-1.250283, 101.575733",IDN,Indonesia,Sumatera Barat,Dharmasraya,1-Fully Verified,,229.04,22903.65,269.94,398.22,39822.48,6.98,698.13,5,499.95,4.83,483.3,12.44,1244.07,10.2,1019.88,12.96,1296.36,10.61,1061.37,14.95,1495.26,15.27,1526.85,3.52,351.72,18.31,1831.14,12.35,1234.62,5.22,521.82,6.98,698.22,2.74,273.78,2.54,254.16,4.3,430.38,3.42,341.64,7.17,716.85,5.92,592.11,10.01,1000.8,4.99,498.87,180.71,0.79,48.32,0.21,4,4,3
PO1000004448,"2021,2020",KALIMANTAN SAWIT KUSUMA (KSK),FAJAR SAUDARA KUSUMA,SEBAWI,Not RSPO Certified,,3/31/23,1.27,109.23,"1.26659, 109.22532",IDN,Indonesia,Kalimantan Barat,Sambas,1-Fully Verified,,406.81,40680.63,777.48,1901.76,190175.67,4.25,424.53,5.51,551.34,0.46,45.63,4.03,403.02,2.7,270.27,2.46,246.24,3.32,331.56,25.22,2522.16,20.86,2086.29,10.45,1045.08,17.83,1782.63,16.41,1640.61,11.5,1149.57,21.96,2195.73,5.23,523.35,11.11,1111.41,7.15,714.96,8.67,866.7,3.81,381.24,5.36,535.95,5.76,575.91,10.14,1014.03,204.18,0.5,202.62,0.5,3,3,3
PO1000004449,"2020,2021,2019",NAGAMAS,NAGAMAS AGRO MULIA,NAGAMAS AGRO MULYA,Not RSPO Certified,,3/31/23,1.3,100.4,"1.3011, 100.3977",IDN,Indonesia,Riau,Rokan Hulu,1-Fully Verified,,60.57,6057.45,114.76,256.05,25605,0.6,60.3,1.06,105.75,0.63,62.55,1.92,192.06,2.14,213.84,2.07,207.27,1.11,110.7,0.67,66.87,1.25,125.28,0.84,83.61,0.59,59.13,0.97,97.47,0.47,47.43,0.85,84.51,0.59,58.77,1.47,146.88,1.94,193.77,1.17,116.64,0.59,58.77,0.76,76.05,0.7,70.11,0.99,99,23.37,0.39,37.21,0.61,3,3,3
PO1000004450,2020,TORGANDA,TOR GANDA,RANTAU KASAI,Not RSPO Certified,,3/31/23,1.28,100.33,"1.279791, 100.334152",IDN,Indonesia,Riau,Rokan Hulu,1-Fully Verified,,60.88,6088.14,73.18,163.18,16318.26,0.29,28.8,0.46,46.26,0.23,23.49,0.71,70.65,0.38,37.89,0.29,29.07,0.18,17.91,0.03,2.61,0.57,56.88,0.22,21.87,0.26,25.74,0.81,81.36,1.1,109.8,1.29,128.52,0.34,34.29,1.04,104.22,0.85,84.51,0.22,21.96,0.02,2.43,0.09,9.45,0.64,64.17,0.22,21.51,10.23,0.17,50.65,0.83,2,1,3
PO1000004451,"2020,2019,2021",INCASI RAYA (GUNAS),INCASI RAYA,PANGIAN,Not RSPO Certified,,3/31/23,-1.32,101.65,"-1.320133, 101.648567",IDN,Indonesia,Sumatera Barat,Dharmasraya,1-Fully Verified,,145.91,14591.16,154.2,215.89,21589.29,1.16,115.65,0.54,53.91,1.5,150.21,4.38,437.94,3.02,302.49,3.28,327.6,3.07,307.44,1.32,131.76,1.68,167.76,0.58,57.51,1.86,185.58,1.48,148.05,1.41,141.39,1.43,142.56,13.56,1356.03,21.98,2197.62,12.03,1202.94,12.6,1260,20.05,2005.38,9.95,995.4,8.94,894.15,1.47,146.88,127.28,0.87,18.63,0.13,5,5,3
PO1000004452,"2021,2020,2019",UNKNOWN,PALMA ABADI,PALMA ABADI,Not RSPO Certified,,3/31/23,-1.32,103.27,"-1.3213, 103.26525",IDN,Indonesia,Jambi,Muaro Jambi,1-Fully Verified,,355.89,35589.24,390.06,970.11,97011.45,2.86,285.57,7.9,789.57,6.38,637.92,15.94,1594.08,15.78,1578.33,51.27,5126.85,45.9,4589.73,45.84,4583.79,32.35,3234.69,2.48,247.86,14.39,1439.1,8.03,802.62,6.14,613.8,6.63,663.21,3.94,394.38,6.93,692.73,5.24,524.43,3.74,374.4,1.39,138.69,2.27,227.16,8.53,853.2,6.49,649.08,300.41,0.84,55.48,0.16,3,5,3
PO1000004453,"2021,2020",ASTRA AGRO LESTARI,WARU KALTIM PLANTATION,WARU KALTIM PLANTATION,Not RSPO Certified,,3/31/23,-1.33,116.54,"-1.329667, 116.544033",IDN,Indonesia,Kalimantan Timur,Penajam Paser Utara,1-Fully Verified,,148.25,14825.43,200.49,406.36,40635.54,1.27,126.72,1.11,110.7,1.36,135.63,3.48,348.48,4.7,470.16,2.74,273.6,2.58,258.21,1.09,108.54,10.95,1094.85,2.16,216.45,3.15,315.27,9.95,995.49,5.84,584.46,12.89,1289.16,7.64,764.01,12.32,1232.28,12.32,1232.1,9.74,973.8,4.78,477.63,1.54,153.72,3.45,345.24,2.33,232.56,117.39,0.79,30.86,0.21,3,4,3
PO1000004454,2020,BBIP PALM,BUKIT BARISAN INDAH PRIMA,BUKIT BARISAN INDAH PRIMA,Not RSPO Certified,,3/31/23,-1.34,103.46,"-1.339617, 103.455383",IDN,Indonesia,Jambi,Muaro Jambi,1-Fully Verified,,57.81,5780.7,89.87,132.06,13205.88,0.87,86.94,1.87,187.47,0.84,83.61,0.9,90.18,0.71,71.46,0.72,72.18,1.39,139.32,1.54,154.17,2.93,293.31,0.17,16.65,0.02,1.98,1.7,170.01,0.89,88.83,1.96,196.02,0.71,70.65,0.52,52.29,0.75,75.24,7.95,795.06,4.37,437.4,1.4,139.86,1.45,144.54,1.35,134.55,35.02,0.61,22.79,0.39,4,3,3
PO1000004455,"2020,2019,2021",BBIP PALM,BATANGHARI SAWIT SEJAHTERA,BATANGHARI SAWIT SEJAHTERA,Not RSPO Certified,,3/31/23,-1.35,103.54,"-1.348467, 103.543133",IDN,Indonesia,Jambi,Muaro Jambi,1-Fully Verified,,120.61,12060.99,138.01,206.32,20632.41,4.43,442.98,5.6,559.98,0.13,12.6,2.72,271.8,3.52,351.99,3.9,390.42,5.76,575.55,3.95,394.65,4.71,471.06,0.04,4.41,0.02,1.62,5.27,527.13,2.28,227.97,1.82,182.34,1.33,133.38,3.56,356.13,3.63,363.42,2.55,254.88,1.08,107.82,1.83,182.7,3,299.61,2.89,289.35,64.02,0.53,56.59,0.47,4,3,3
PO1000004456,"2020,2021,2019",ERA KARYA,PUJUD KARYA SAWIT,PUJUD KARYA SAWIT,Not RSPO Certified,,3/31/23,1.38,100.53,"1.37615, 100.52885",IDN,Indonesia,Riau,Rokan Hilir,1-Fully Verified,,259.96,25996.41,342.61,576.21,57621.24,3.45,345.06,3.15,314.91,3.29,329.4,12.7,1270.35,44.41,4441.41,21.56,2156.31,8.29,828.81,4.5,450,24.84,2483.55,20.02,2001.69,11.73,1172.61,29.42,2941.56,7.61,760.68,6.33,633.42,0.79,78.84,5.01,500.94,5.11,510.84,3.12,312.21,2,200.43,1.44,143.82,2.26,225.99,1.55,154.89,222.58,0.86,37.39,0.14,2,5,2
PO1000004457,"2019,2020,2021",UNKNOWN,BUKIT BINTANG SAWIT,BUKIT BINTANG SAWIT,Not RSPO Certified,,3/31/23,-1.38,103.49,"-1.382117, 103.494517",IDN,Indonesia,Jambi,Muaro Jambi,1-Fully Verified,,260.38,26037.54,289.94,527.44,52744.32,1.66,165.6,5.65,565.02,1.23,122.58,9.23,922.77,8.47,846.54,12.31,1231.2,20.1,2009.52,12.18,1217.7,14.44,1443.51,0.01,0.72,3.1,309.96,14.72,1472.13,4.18,417.69,4.34,433.8,3.77,376.65,6.14,613.71,7.13,712.89,7.52,751.59,2.9,290.16,4.48,448.29,9.66,965.7,8.16,815.85,161.34,0.62,99.04,0.38,4,3,3
PO1000004458,"2021,2020,2019",GENTING PLANTATIONS,SEPANJANG INTISURYA MULIA,MULIA,RSPO Certified,"RSPO Certified, MB",3/31/23,-1.38,110.48,"-1.382733, 110.479567",IDN,Indonesia,Kalimantan Barat,Ketapang,1-Fully Verified,,393.3,39329.73,388.6,544.63,54462.96,0.88,88.38,1.48,148.23,0.28,27.81,2.29,229.14,1.57,156.96,1.3,130.14,11.03,1102.95,44.23,4423.23,42.93,4293.45,12,1199.97,8.51,850.95,7.11,711.36,7.37,736.92,8.22,822.42,6.1,610.11,7.82,781.83,4.99,498.6,5.79,578.79,7.01,700.92,2.17,217.08,1.69,169.38,3.32,331.65,188.1,0.48,205.19,0.52,2,3,3
PO1000004461,"2020,2021,2019",UNKNOWN,MAJU INDO RAYA,AEK SIBIRONG,Not RSPO Certified,,3/31/23,1.41,98.86,"1.409317, 98.85825",IDN,Indonesia,Sumatera Utara,Tapanuli Selatan,1-Fully Verified,,415.56,41556.24,424.29,2073.02,207302.4,3.04,303.66,3.68,368.01,2.37,236.79,2.99,299.34,11.61,1160.73,9.77,976.68,14.95,1494.9,23.58,2357.73,54.1,5409.9,23.01,2300.94,68.37,6837.03,26.14,2614.05,6.03,602.55,12.87,1286.64,2.96,295.74,3.98,397.53,3.96,396.09,3.5,350.01,1.98,198.36,3.81,380.61,4.19,418.77,2.15,215.1,289.01,0.7,126.55,0.3,2,4,3
PO1000004462,"2019,2020,2021",SUMBER TANI AGUNG,SINARLIKA PORTIBIJAYA PLANTATION,PORTIBI,Not RSPO Certified,,3/31/23,1.43,99.72,"1.428267, 99.723733",IDN,Indonesia,Sumatera Utara,Padang Lawas Utara,1-Fully Verified,,1105.89,110588.94,1736.66,3877.74,387773.82,7.17,717.3,6.8,680.31,3.07,307.44,10.8,1079.64,9.32,932.49,10.73,1072.53,2.27,227.07,17.19,1718.64,15.43,1542.6,7.06,706.23,25.48,2548.08,19.76,1975.86,16.94,1693.53,15.81,1580.58,14.8,1480.5,26.57,2657.34,27.64,2763.81,18.95,1894.68,12.76,1275.57,12.24,1224.27,20.54,2054.43,18.25,1824.93,319.58,0.29,786.31,0.71,3,2,3
PO1000004464,"2020,2019",INCASI RAYA (GUNAS),JAMIKA RAYA,JAMIKA RAYA,Not RSPO Certified,,3/31/23,-1.44,101.75,"-1.444495, 101.751319",IDN,Indonesia,Jambi,Bungo,1-Fully Verified,,484.52,48451.68,501.78,837.57,83757.24,5.38,537.66,3.21,321.39,5.26,525.6,20.62,2062.08,15.59,1558.53,29.33,2933.28,18.95,1895.22,7.86,785.97,10.31,1031.13,4.29,429.3,12.65,1265.31,9.66,965.79,6.57,656.82,7.46,746.37,9.18,918.45,15.77,1576.53,28.88,2887.92,14.86,1485.54,23.21,2321.46,10.03,1002.96,15.95,1594.53,10.43,1042.56,285.44,0.59,199.07,0.41,4,3,3
PO1000004465,"2020,2021,2019",UNKNOWN,PETALING MANDRAGUNA,MARO SEBO,Not RSPO Certified,,3/31/23,-1.44,103.63,"-1.444417, 103.627917",IDN,Indonesia,Jambi,Muaro Jambi,1-Fully Verified,,6.54,653.58,6.7,6.69,668.88,0.01,0.72,0.09,9.18,0,0,0.03,2.88,0,0.18,0,0.09,0.6,59.85,1.11,111.15,1.44,143.73,0.12,11.88,0.02,2.34,1.51,151.02,0.02,1.53,0.07,6.75,0.04,4.32,0,0.45,0.15,15.21,0.15,15.21,0.03,2.88,0.02,1.71,0.09,9.18,0.02,2.16,5.52,0.85,1.01,0.15,3,5,2
PO1000004466,2020,MAKIN,RICKY KURNIAWAN KERTAPERSADA,RICKY KURNIAWAN KERTAPERSADA,Not RSPO Certified,,3/31/23,-1.5,103.86,"-1.49505, 103.861183",IDN,Indonesia,Jambi,Muaro Jambi,1-Fully Verified,,1870.75,187075.26,1982.6,2620,261999.81,11.31,1131.3,14.56,1455.84,9.55,954.99,127.06,12706.38,69.32,6931.98,8.28,828.18,52.01,5200.65,27.85,2785.14,31.74,3173.76,2.72,271.98,0.26,25.92,42.06,4206.42,18.36,1835.55,34.39,3439.44,19.44,1944.45,238.28,23827.86,17.88,1788.12,13.58,1357.92,23.73,2373.03,96.55,9655.29,16.4,1640.16,9.59,958.95,884.93,0.47,985.82,0.53,2,3,3
PO1000004467,"2020,2019,2021",TELADAN PRIMA,TANJUNG BUYU PERKASA PLANTATION,TANJUNG BUYU PERKASA PLANTATION,Not RSPO Certified,,3/31/23,1.51,118.27,"1.513797, 118.265711",IDN,Indonesia,Kalimantan Timur,Berau,1-Fully Verified,,945.14,94513.68,933.26,1519.34,151933.95,12.89,1288.98,13.95,1395.36,6.83,683.28,24.47,2446.65,54.34,5434.29,41.97,4197.42,24.78,2478.33,5.05,504.99,17.85,1784.61,1.22,121.86,20.94,2093.58,32,3200.22,4.58,457.65,15.52,1551.87,15.21,1520.82,14.01,1401.48,14.53,1453.05,21.69,2169.36,11.54,1154.16,7.22,721.62,12.61,1261.44,7.78,777.51,380.99,0.4,564.15,0.6,3,3,3
PO1000004468,"2020,2021,2019",UNKNOWN,SUNGAI BAHAR PASIFIK UTAMA,SUNGAI BAHAR PASIFIK UTAMA,Not RSPO Certified,,3/31/23,-1.54,103.63,"-1.5362, 103.630567",IDN,Indonesia,Jambi,Muaro Jambi,1-Fully Verified,,261.43,26142.84,458.53,919.12,91911.78,3.24,324.27,5.69,569.43,1.32,131.58,4.69,469.35,4.66,465.66,4.36,435.51,9.67,966.51,10.12,1011.96,13.26,1326.33,0.07,6.66,2.27,226.98,14.09,1409.13,5.62,561.96,5.34,534.42,5.58,558,11.23,1122.93,6.75,675.18,6.76,676.35,5.08,508.32,7.56,756.09,4.9,489.96,3.86,385.65,136.12,0.52,125.31,0.48,3,3,3
PO1000004469,"2019,2020,2021",WIDYA,UNGGUL WIDYA TEKNOLOGI LESTARI,BARAS,Not RSPO Certified,,3/31/23,-1.54,119.4,"-1.5414, 119.401633",IDN,Indonesia,Sulawesi Barat,Mamuju Utara,1-Fully Verified,,623.55,62354.52,638.7,1087.05,108704.79,29.37,2936.7,10.76,1075.86,6.74,674.28,19.94,1994.13,9.75,975.42,4.8,479.7,2.59,259.38,18.04,1803.96,13.41,1340.91,9.33,933.48,14.22,1422.36,13.08,1307.88,11.06,1105.92,13.81,1381.14,7.23,723.42,11.12,1111.5,12.6,1260.27,8.43,842.58,9,900.27,17.73,1773.27,10.72,1071.99,3.59,358.74,257.33,0.41,366.21,0.59,3,3,3
PO1000004470,"2020,2019,2021",SARIMAS,MESKOM AGRO SARIMAS,MESKOM AGRO SARIMAS,Not RSPO Certified,,3/31/23,1.55,102.09,"1.54875, 102.08845",IDN,Indonesia,Riau,Bengkalis,2-High Confidence,,1153.08,115307.55,1253.32,2838.23,283823.1,6.79,678.78,31.65,3165.48,11.71,1170.81,41.88,4188.42,82.93,8292.78,6.25,624.51,13.39,1339.38,5.53,553.23,7.2,720.27,6.95,694.89,11.94,1193.67,16.16,1615.5,15.3,1530.36,144.05,14405.49,15.18,1518.48,17.88,1788.12,18.55,1854.99,11.89,1189.35,10.37,1037.16,8.38,838.35,9.58,958.5,6.62,662.31,500.21,0.43,652.87,0.57,2,3,3
PO1000004471,"2021,2020,2019",UNKNOWN,GELIGA BAGAN RIAU,GELIGA BAGAN RIAU,Not RSPO Certified,,3/31/23,1.6,100.42,"1.599033, 100.421917",IDN,Indonesia,Riau,Rokan Hilir,1-Fully Verified,,38.15,3815.37,43.24,73.37,7336.53,0.16,16.02,0.07,6.75,0.08,8.46,0.09,8.55,0.14,13.59,0.04,3.69,0.01,0.54,0.01,1.08,0.16,16.11,0.09,8.73,0.02,1.53,0.13,13.14,0.03,3.06,0.17,16.74,0.54,53.91,0.83,82.89,0.46,46.35,0.55,54.81,0.42,41.85,1.14,113.85,1.63,163.44,0.61,61.38,7.36,0.19,30.79,0.81,4,1,4
PO1000004474,2021,WILMAR GROUP,MURINI SAMSAM,MURINI SAM-SAM PELINTUNG,Not RSPO Certified,,3/31/23,1.65,101.64,"1.6525, 101.6381",IDN,Indonesia,Riau,Dumai,1-Fully Verified,,1540.57,154057.05,1584.7,2645.59,264559.14,52.89,5289.12,106.02,10602.27,105.58,10558.26,155.27,15526.71,104.84,10483.74,88.54,8853.84,31.28,3128.04,36.03,3602.7,80.89,8089.47,53.79,5378.85,40.73,4073.04,100.76,10076.4,16.47,1647.45,59.52,5952.06,8.17,816.66,12.46,1245.78,14.65,1464.57,7.31,731.34,10.82,1081.89,8.56,856.17,12.18,1218.42,9.33,932.58,1116.09,0.72,424.48,0.28,2,4,2
PO1000004475,"2021,2020",WILMAR GROUP,AGRONUSA INVESTAMA,AGRONUSA INVESTAMA 2 - PAHOMAN,Not RSPO Certified,,3/31/23,0.28,109.73,"0.275303, 109.731414",IDN,Indonesia,Kalimantan Barat,Landak,1-Fully Verified,,951.59,95158.98,1036.16,2086.43,208643.13,4.76,475.65,22.92,2291.94,2.61,260.82,14.06,1405.71,18.94,1894.05,17.28,1727.91,19.78,1978.47,29.42,2942.28,21.49,2149.02,7.12,711.63,27.78,2778.48,20.6,2059.65,16.48,1647.9,29.27,2926.71,25.41,2541.33,44.38,4438.17,30.3,3029.94,16.61,1661.49,14.3,1429.83,9.14,913.77,12.94,1294.11,23.17,2316.51,428.75,0.45,522.84,0.55,3,3,3
PO1000004476,"2020,2021,2019",ANGLO-EASTERN PLANTATION (AEP),TASIK RAJA,TASIK RAJA,Not RSPO Certified,,3/31/23,1.67,100.16,"1.669611, 100.161528",IDN,Indonesia,Sumatera Utara,Labuhanbatu Selatan,1-Fully Verified,,122.6,12260.34,125.26,149.26,14925.6,0.2,19.62,1.13,113.31,0.01,1.26,0.57,56.52,0.13,12.87,0.55,55.17,0.88,88.38,0.04,4.14,1.41,141.39,1,100.44,1.32,131.94,0.4,39.6,3.25,324.9,13.7,1370.16,20.65,2064.78,24.16,2415.96,20.84,2084.22,9.64,963.81,0.6,59.58,0.78,78.12,1.59,158.58,0.05,5.04,102.9,0.84,19.71,0.16,2,5,2
PO1000004477,"2021,2020",PTPN III,PERKEBUNAN NUSANTARA III,SEI DAUN,RSPO Certified,"RSPO Certified, MB",3/31/23,1.68,100.32,"1.675883, 100.32325",IDN,Indonesia,Sumatera Utara,Labuhanbatu Selatan,1-Fully Verified,,232.55,23254.56,222.72,223.66,22366.44,12.1,1210.5,0.96,95.67,0.14,14.04,2.19,218.79,3.68,367.56,10.75,1075.14,16.93,1693.44,6.46,645.84,36.47,3647.07,58.11,5811.48,45.88,4587.66,33.59,3358.98,7.9,790.2,3.81,380.61,0.05,4.77,0.69,68.58,0.32,32.49,0.01,1.17,0.03,2.52,0.1,9.81,0.03,3.42,0.02,1.98,232.55,1,0,0,1,5,1
PO1000004479,"2021,2020,2019",WILMAR GROUP,SINAR PERDANA CARAKA,SINAR PERDANA CARAKA,Not RSPO Certified,,3/31/23,1.69,100.56,"1.69192, 100.55849",IDN,Indonesia,Riau,Rokan Hilir,2-High Confidence,,34.65,3465.09,42.22,70.07,7007.31,0.11,11.34,0.09,8.55,0.03,3.15,0.14,14.04,0.09,8.55,0.01,0.63,0,0.18,0.02,2.16,0.05,5.31,0.07,7.38,0.13,13.05,0.04,4.5,0.09,9.45,0.07,7.2,0.27,27.09,2.62,261.81,3.53,353.16,9.16,916.02,3.22,321.93,0.05,5.49,0.16,15.75,0.36,35.55,20.32,0.59,14.33,0.41,2,3,3
PO1000004481,"2019,2020",ASTRA AGRO LESTARI,SURYARAYA LESTARI,SURYARAYA LESTARI 1,Not RSPO Certified,,3/31/23,-1.69,119.36,"-1.69379, 119.36168",IDN,Indonesia,Sulawesi Barat,Mamuju Utara,1-Fully Verified,,1632.42,163242,1532.4,2014.48,201447.54,21.85,2185.2,9.32,931.5,8.97,897.48,19.21,1920.51,9.7,969.66,9.04,903.6,3.47,346.77,14.08,1408.41,9.7,970.29,8.07,807.03,16.13,1612.8,15.19,1519.29,8.78,877.95,15.27,1527.39,13.52,1352.34,11.54,1154.25,11.6,1159.92,14.71,1471.32,8.19,819.27,7.92,792.09,12.97,1296.72,13.89,1388.79,263.13,0.16,1369.29,0.84,2,1,3
PO1000004482,"2020,2019,2021",UNKNOWN,BICCON AGRO MAKMUR,BICCON AGRO MAKMUR,Not RSPO Certified,,3/31/23,-1.74,103.87,"-1.744367, 103.869367",IDN,Indonesia,Jambi,Muaro Jambi,1-Fully Verified,,1211.8,121180.05,1145.64,1799.27,179926.83,6.26,626.04,7.36,736.38,3.65,365.49,40.48,4048.02,47.26,4726.35,9.51,951.12,48.51,4850.91,25.59,2559.42,28.83,2882.97,3.59,358.83,7.46,745.56,58.42,5841.54,50.79,5079.33,46.95,4694.58,35.81,3581.46,253.57,25356.6,18.29,1829.43,21.87,2187.18,16.33,1633.32,94.56,9455.76,18.05,1805.4,12.38,1238.4,855.54,0.71,356.26,0.29,3,4,3
PO1000004483,"2021,2020,2019",SUMBER TANI AGUNG,SUMBER TANI AGUNG,SUMBER TANI AGUNG,Not RSPO Certified,,3/31/23,1.75,99.98,"1.75455, 99.9835",IDN,Indonesia,Sumatera Utara,Labuhanbatu Selatan,1-Fully Verified,LANGGA PAYUNG,220.21,22021.11,262.75,507.28,50727.6,3.9,389.7,2.31,230.76,1.12,111.6,4.45,444.87,3.34,333.54,2.39,238.77,4.16,415.89,4.3,429.93,4.76,476.37,2.78,278.19,6.28,628.29,4.09,408.78,9.13,912.51,12.72,1271.61,1.82,181.98,4.1,410.49,5.66,566.19,3.39,338.76,3.88,387.81,2.76,276.21,5.46,545.85,4.78,477.81,97.56,0.44,122.65,0.56,3,3,3
PO1000004484,"2019,2021,2020",WILMAR GROUP,DHARMA WUNGU GUNA,BULUH CINA,Not RSPO Certified,,3/31/23,1.77,100.49,"1.76856, 100.493594",IDN,Indonesia,Riau,Rokan Hilir,1-Fully Verified,,31,3099.87,44.69,82.43,8243.46,0.14,13.68,0.15,15.48,0.05,4.95,0.42,41.58,1.83,182.88,0.95,95.4,0.2,19.71,1.12,112.05,0.67,66.96,0.61,61.02,0.12,11.52,0.5,50.22,0.09,9.27,0.27,26.73,0.51,50.67,0.58,57.69,0.43,42.75,0.32,32.49,0.21,21.06,0.13,12.6,1.15,114.66,0.37,37.17,10.81,0.35,20.19,0.65,4,2,4
PO1000004486,"2020,2019,2021",UNKNOWN,PALM TRIMITRA INDOTAMA,PALM TRIMITRA INDOTAMA,Not RSPO Certified,,3/31/23,3.54,98.79,"3.541944, 98.794167",IDN,Indonesia,Sumatera Utara,Deli Serdang,1-Fully Verified,,73.79,7378.56,492.14,964.22,96421.86,1.04,104.49,0.71,71.28,0.49,48.6,0.53,53.46,1.01,100.89,0.64,64.08,1.31,131.31,0.66,65.88,1.87,187.2,5.31,531.18,0.84,83.88,10.58,1057.59,0.82,82.35,4.42,442.44,2.52,251.55,2.24,224.19,1.16,115.74,3.07,307.08,1.36,136.08,1.36,136.26,2.43,242.64,0.72,72.27,45.1,0.61,28.68,0.39,3,3,3
PO1000004487,"2021,2020,2019",UNKNOWN,KENCANA ANDALAN NUSANTARA,KENCANA ANDALAN NUSANTARA,Not RSPO Certified,,3/31/23,1.78,100.39,"1.783667, 100.392417",IDN,Indonesia,Riau,Rokan Hilir,1-Fully Verified,,111.76,11176.02,121.87,233.61,23360.85,0.75,74.52,0.53,52.74,0.27,26.82,0.3,30.33,0.8,80.28,2.94,293.94,1.11,110.52,0.69,68.76,1.71,170.64,1.51,150.75,0.78,78.03,1.29,128.79,0.62,61.92,0.49,48.87,0.34,34.38,1.41,140.94,1.42,142.02,2.52,252.45,3.45,344.7,3.44,343.62,1.13,112.59,1.22,121.77,28.69,0.26,83.07,0.74,3,2,3
PO1000004488,"2019,2021,2020",BISMA,BISMA DHARMA KENCANA,KALANAMAN,Not RSPO Certified,,3/31/23,-1.8,113.18,"-1.801, 113.1817",IDN,Indonesia,Kalimantan Tengah,Katingan,1-Fully Verified,,311.83,31183.02,471.39,1046.6,104659.65,2.59,259.29,6.45,644.67,4.34,433.98,13.4,1339.74,10.94,1093.68,15.52,1551.6,11.43,1142.64,9.25,924.66,12.15,1214.73,12.91,1290.78,7.67,767.25,10.72,1072.44,2.93,292.77,13.3,1330.11,10.36,1035.81,11.45,1144.89,3.17,317.07,7.12,712.26,5.9,589.95,4.93,493.2,7.94,794.25,8.11,810.54,192.56,0.62,119.27,0.38,4,3,3
PO1000004489,"2020,2019,2021",DUPONT & LEOSK ENTERPRISES,KUALA MAS SAWIT ABADI,KUALA MAS SAWIT ABADI,Not RSPO Certified,,3/31/23,1.81,100.02,"1.812333, 100.024367",IDN,Indonesia,Sumatera Utara,Labuhanbatu Selatan,1-Fully Verified,,153.95,15394.95,160.76,332.65,33264.72,3.95,395.37,2.73,273.06,0.51,51.48,6.27,627.12,7.81,780.84,3.27,327.06,1.14,113.76,2.66,265.77,2.74,273.6,4.49,448.92,2.85,284.67,4.99,499.41,1.75,174.6,2.48,247.95,1.67,167.04,1.79,178.65,4.02,402.3,3.39,339.12,4.92,492.12,2.46,246.06,2.42,242.28,5.52,552.06,73.83,0.48,80.12,0.52,4,3,3
PO1000004490,"2020,2019",BBIP PALM,EKA JAYA MULTI PERKASA,EKA JAYA MULTI PERKASA,Not RSPO Certified,,3/31/23,-3.55,103.3,"-3.55315, 103.30196",IDN,Indonesia,Sumatera Selatan,Lahat,1-Fully Verified,,127.38,12737.61,182.39,307.28,30728.07,1.05,104.76,0.56,56.43,0.56,56.34,2.16,215.82,2.24,224.01,2.54,253.89,0.17,17.46,3.24,323.91,2.36,235.89,2.06,206.1,1.54,153.63,7.18,717.66,2.24,223.56,7.39,738.99,5.17,516.51,7.99,799.2,2.37,236.61,11.33,1133.46,1.74,174.06,6.54,653.85,3.36,335.88,11.87,1187.01,85.65,0.67,41.73,0.33,5,4,4
PO1000004491,"2019,2021,2020",UNKNOWN,DWI MITRA DAYA RIAU,DWI MITRA DAYA RIAU,Not RSPO Certified,,3/31/23,1.81,100.4,"1.813867, 100.398467",IDN,Indonesia,Riau,Rokan Hilir,1-Fully Verified,,12.81,1281.33,16.39,30.7,3070.35,0.13,13.41,0.08,7.74,0.03,3.06,0.08,7.92,0.24,24.48,0.12,11.61,0.06,5.94,0.23,23.04,0.31,31.14,0.13,13.32,0.28,28.26,0.07,7.38,0.12,12.24,0.06,5.76,0.13,13.05,0.37,36.9,0.14,14.22,0.13,12.51,0.03,3.33,0.06,6.12,0.18,18.45,0.86,85.77,3.86,0.3,8.96,0.7,5,2,5
PO1000004492,"2020,2019",KUALA LUMPUR KEPONG (KLK),LANGKAT NUSANTARA KEPONG,PADANG BRAHRANG,Not RSPO Certified,,3/31/23,3.56,98.39,"3.5606, 98.390547",IDN,Indonesia,Sumatera Utara,Langkat,1-Fully Verified,,64.21,6420.69,81.79,146.2,14620.41,1.31,130.86,0.85,85.41,0.76,76.32,3.9,390.15,0.18,17.73,2.46,246.42,0.2,20.25,1.51,150.66,2.89,288.54,1.19,118.98,0.33,33.3,0.56,56.43,0.05,4.68,1.5,149.58,1.48,148.05,2.3,229.68,0.35,34.65,1.88,188.28,0.89,89.37,11.22,1121.58,0.3,30.15,0.08,8.28,36.19,0.56,28.01,0.44,1,3,2
PO1000004493,"2021,2020,2019",WILMAR GROUP,PERKEBUNAN MILANO,AEK BATU,Not RSPO Certified,,3/31/23,1.85,100.15,"1.850583, 100.1457",IDN,Indonesia,Sumatera Utara,Labuhanbatu Selatan,1-Fully Verified,,40.37,4037.31,50.47,97.77,9776.7,0.61,61.38,0.25,24.57,0.03,3.42,0.44,44.01,0.72,71.82,0.44,43.92,0.38,38.34,0.1,10.26,0.54,54.18,0.35,34.65,1.85,184.95,0.28,28.44,0.15,14.85,0.38,37.71,0.24,24.03,0.67,67.05,0.81,81.36,0.47,47.34,0.25,25.38,0.66,66.42,0.53,53.28,0.86,85.86,11.03,0.27,29.34,0.73,3,2,4
PO1000004495,"2019,2020,2021",DUTA MARGA,SIMPANG KANAN LESTARINDO,SIMPANG KANAN LESTARINDO,Not RSPO Certified,,3/31/23,1.85,100.3,"1.851433, 100.295583",IDN,Indonesia,Riau,Rokan Hilir,1-Fully Verified,,279.62,27962.46,303.02,645.71,64570.77,7.36,736.47,2.96,295.83,1.98,198,43.78,4378.32,33.47,3346.92,1.76,176.4,1.4,140.31,4.31,430.56,18.42,1842.21,8.27,827.37,8.46,845.91,5.28,527.76,1.14,114.39,3.69,369.18,2.92,291.96,4.82,482.49,6.76,676.26,3.74,374.49,5.53,552.96,3.93,393.03,7.96,796.14,7.05,704.52,185.01,0.66,94.61,0.34,4,4,3
PO1000004496,"2020,2019,2021",HERFINTA,HERFINATA PALM AND PLANTATION,HERFINATA PALM AND PLANTATION,Not RSPO Certified,,3/31/23,1.85,100.17,"1.854074, 100.165777",IDN,Indonesia,Sumatera Utara,Labuhanbatu Selatan,1-Fully Verified,,22.52,2252.43,22.64,36.63,3662.55,0.27,26.55,0.06,5.94,0.02,2.07,0.2,19.98,0.17,16.65,0.07,7.38,0.04,3.96,0.11,10.98,0.09,9.18,0.68,68.22,2.75,274.77,0.72,71.91,0.96,95.94,0.24,24.21,1,99.63,0.45,45.45,0.46,46.35,0.9,89.91,0.45,45.18,0.24,24.3,0.19,19.35,0.22,22.41,10.3,0.46,12.22,0.54,3,3,3
PO1000004497,"2021,2020,2019",PTPN III,PERKEBUNAN NUSANTARA IV,ADOLINA,RSPO Certified,"RSPO Certified, MB",3/31/23,3.57,98.95,"3.568533, 98.94805",IDN,Indonesia,Sumatera Utara,Serdang Bedagai,1-Fully Verified,,56.55,5655.33,245.35,508.67,50866.56,0.42,42.03,0.06,5.85,0.55,55.17,0.22,22.41,0.12,12.24,0.21,20.79,0.42,42.39,0.4,39.96,1.93,192.78,2.83,283.32,0.8,80.28,1.38,138.24,0.71,70.74,0.66,65.61,0.25,24.75,1.9,190.26,2.84,284.22,9.04,904.05,0.54,53.64,2.54,254.25,7.16,715.95,1.39,138.96,36.38,0.64,20.17,0.36,5,4,5
PO1000004498,"2019,2021,2020",UNKNOWN,PALMA JAYA SEJAHTERA,PALMA JAYA SEJAHTERA,Not RSPO Certified,,3/31/23,-1.87,103.56,"-1.874576, 103.560276",IDN,Indonesia,Jambi,Muaro Jambi,1-Fully Verified,,313.04,31304.34,328.62,523.06,52305.66,3.06,306.09,3.72,372.42,0.61,61.11,2.97,297.36,3.71,371.43,3.53,352.53,9.59,958.77,5.83,583.02,7.17,717.39,0.01,0.63,0.5,50.04,8.11,810.81,3.7,369.81,4.78,478.17,4.18,418.5,8.37,837.36,6.97,696.6,10.55,1055.25,4.75,475.38,11,1099.62,14.02,1402.47,17.7,1769.58,134.84,0.43,178.2,0.57,5,3,5
PO1000004499,"2020,2021",UNKNOWN,BUANA WIRASUBUR SAKTI,BUANA WIRASUBUR SAKTI,Not RSPO Certified,,3/31/23,-1.89,116.06,"-1.886417, 116.06075",IDN,Indonesia,Kalimantan Timur,Paser,1-Fully Verified,,1766.94,176693.94,1728.31,3324.48,332448.12,7.92,792.18,21.96,2196.36,10.31,1030.59,19.81,1980.72,21.16,2116.26,27.04,2703.69,14.84,1484.19,7.26,726.12,65.61,6560.82,14.13,1413.27,76.8,7679.88,46.3,4630.32,43.79,4378.86,32.46,3245.58,41.52,4152.15,51.83,5182.74,20.39,2039.31,18.38,1837.53,17.53,1753.47,8.92,892.26,13.69,1369.17,6.62,661.77,588.27,0.33,1178.67,0.67,2,2,3
PO1000004500,"2021,2020",ASAM JAWA,ASAM JAWA,ASAM JAWA,Not RSPO Certified,,3/31/23,1.9,100.19,"1.90006, 100.18661",IDN,Indonesia,Sumatera Utara,Labuhanbatu Selatan,1-Fully Verified,,114.35,11434.95,139.22,247.93,24793.29,3.03,302.67,0.52,52.47,0.49,48.78,0.55,54.9,0.26,25.65,0.51,50.85,0.76,75.6,0.7,70.02,0.86,86.49,0.75,74.88,0.58,58.14,0.34,33.75,0.41,40.59,0.95,95.13,5.82,582.3,4.2,419.85,10.28,1027.53,4.31,430.92,13.15,1314.72,8.33,832.77,11.48,1147.77,8.54,853.83,76.8,0.67,37.55,0.33,5,4,5
PO1000004504,"2020,2019,2021",GAMA PLANTATIONS,JATIM JAYA PERKASA,SIMPANG DAMAR,Not RSPO Certified,,3/31/23,1.95,100.74,"1.947383, 100.737117",IDN,Indonesia,Riau,Rokan Hilir,1-Fully Verified,,899.9,89989.56,1063.88,1670.64,167063.58,15.73,1573.11,28.65,2864.88,7.01,701.19,8.71,870.66,71.51,7151.31,53.67,5367.24,45.36,4536.45,51.77,5176.8,68.65,6865.47,107.61,10761.3,44.78,4477.68,109.63,10963.17,37.64,3764.25,75.24,7524,17.32,1731.51,15.16,1516.5,16.67,1667.25,14.89,1489.41,7.75,775.44,13.78,1378.08,5.84,583.74,9.87,986.94,827.26,0.92,72.63,0.08,3,5,1
PO1000004505,"2021,2020,2019",ASTRA AGRO LESTARI,SARI ADITYA LOKA,SARI ADITYA LOKA 1,Not RSPO Certified,,3/31/23,-1.96,102.37,"-1.957817, 102.37265",IDN,Indonesia,Jambi,Merangin,1-Fully Verified,,382.79,38279.43,434.3,904.92,90492.12,4.34,434.16,3.84,383.85,0.3,30.42,6.43,643.14,4.37,436.68,7.4,740.07,5.2,519.84,2.01,201.42,5.57,557.1,3.9,389.97,5.18,518.04,6.3,629.55,2.24,224.1,3.65,364.68,5.16,515.7,7.66,766.35,5.8,580.5,11.94,1194.48,14.11,1411.38,11.24,1124.37,18.04,1804.41,23.52,2351.79,158.22,0.41,224.57,0.59,5,3,5
PO1000004507,"2021,2020",WILMAR GROUP,AGRINDO INDAH PERSADA,AGROINDO INDAH PERSADA 2,Not RSPO Certified,,3/31/23,-1.96,102.3,"-1.963888, 102.301111",IDN,Indonesia,Jambi,Merangin,1-Fully Verified,,2698.38,269838.18,2646.86,4872.03,487203.48,31.96,3196.08,22.71,2271.42,6.2,619.74,34.03,3402.54,25.4,2540.16,42.1,4209.75,32.77,3276.63,16.61,1661.4,39.12,3911.67,36.53,3653.37,37.33,3733.47,37.13,3713.22,28.97,2896.56,37.81,3780.81,22.41,2240.91,37.03,3703.41,48.21,4820.58,42.27,4226.58,46.09,4608.63,56.37,5637.24,51.58,5158.35,59.32,5931.9,791.94,0.29,1906.44,0.71,3,2,4
PO1000004508,"2020,2019,2021",ORIENTAL HOLDINGS BERHAD,GUNUNG MARAS LESTARI,GUNUNG MARAS LESTARI,Not RSPO Certified,,3/31/23,-1.96,105.95,"-1.96395, 105.9516",IDN,Indonesia,Bangka Belitung,Bangka,1-Fully Verified,,111.77,11177.19,191.66,291.31,29131.2,2.2,219.78,2.93,293.22,1.07,107.01,3.83,383.4,4.9,489.69,1.26,125.55,5.06,505.98,0.93,93.33,1.79,179.1,0.28,28.35,1.61,160.74,1.56,156.42,0.91,90.81,6.44,644.22,6.7,669.69,7.25,725.22,2.52,252.27,2.12,212.13,1.42,142.38,8.09,809.01,7.87,787.32,9.26,926.28,80.02,0.72,31.75,0.28,5,4,4
PO1000004509,"2020,2019",ASTRA AGRO LESTARI,ASTRA AGRO LESTARI,ASTRA AGRO LESTARI 1,Not RSPO Certified,,3/31/23,-1.99,115.51,"-1.99055, 115.509267",IDN,Indonesia,Kalimantan Selatan,Tabalong,1-Fully Verified,,2373.56,237355.92,2389.38,3615.22,361522.08,6.92,692.1,16.93,1692.72,13.79,1379.25,18.01,1800.54,27.26,2725.74,37.81,3781.35,26.47,2647.08,11.06,1106.01,49.33,4933.08,10.06,1005.66,18.67,1867.32,35.67,3566.7,20.57,2056.68,22.83,2283.12,17.39,1739.34,38.25,3824.64,29.92,2992.5,18.5,1849.59,22.4,2240.01,15.05,1504.89,22.34,2233.98,13.84,1383.57,493.06,0.21,1880.5,0.79,2,1,3
PO1000004510,"2019,2020,2021",MAKIN,INTIGA PRABHAKARA KAHURIPAN,INTIGA PRABHAKARA KAHURIPAN,Not RSPO Certified,,3/31/23,-2.03,112.67,"-2.025217, 112.674933",IDN,Indonesia,Kalimantan Tengah,Kotawaringin Timur,1-Fully Verified,,257.11,25711.38,359.59,679.47,67947.12,6.06,606.33,4.36,436.5,11.4,1139.58,53.24,5323.68,1.17,117,11.28,1128.06,3.92,391.86,8.25,824.94,4.67,467.37,7.29,729.09,3.65,364.95,6.52,651.87,5.57,556.65,6.13,613.17,3.91,390.69,14.13,1413,2.29,228.69,1.65,164.88,2.09,208.71,1.58,158.49,1.69,169.38,1.63,163.35,162.48,0.63,94.63,0.37,2,3,3
PO1000004511,"2021,2020,2019",DUTA MARGA,GUNUNG SELAMAT LESTARI,GUNUNG SELAMAT LESTARI,Not RSPO Certified,,3/31/23,2.04,100.04,"2.0399, 100.044967",IDN,Indonesia,Sumatera Utara,Labuhanbatu Selatan,1-Fully Verified,,29.12,2912.04,29.77,66.59,6659.37,0.28,27.99,0.32,31.77,0.11,10.89,1.76,175.68,1.38,137.7,1.8,179.55,1.39,139.32,0.71,71.46,2.51,250.65,1.06,106.2,0.97,96.57,1.22,121.59,0.07,7.47,0.06,5.67,0.14,14.22,0.25,24.93,0.42,41.76,0.48,47.52,0.21,21.24,0.18,18.36,0.37,36.54,0.4,39.87,16.07,0.55,13.05,0.45,3,3,3
PO1000004513,"2020,2021,2019",UNKNOWN,ANUGERAH TANJUNG MEDAN,ANUGERAH TANJUNG MEDAN,Not RSPO Certified,,3/31/23,2.06,100.15,"2.063067, 100.146783",IDN,Indonesia,Sumatera Utara,Labuhanbatu Selatan,1-Fully Verified,,132.02,13202.01,204.43,326.15,32615.46,2.37,236.88,3.25,324.9,0.64,64.08,7.76,775.8,2.65,264.87,2.66,265.68,1.81,181.08,0.25,24.57,1.77,176.58,1.8,180.27,2.07,207.27,3.59,359.01,3.95,395.46,3.44,344.25,2.47,246.87,5.42,542.16,10.91,1091.07,9.04,903.78,12.91,1290.96,8.11,811.26,5.8,580.32,3.06,306.27,95.73,0.73,36.29,0.27,4,4,3
PO1000004514,"2019,2020,2021",ORIENTAL HOLDINGS BERHAD,GUNUNGSAWIT BINALESTARI,GUNUNGSAWIT BINALESTARI,Not RSPO Certified,,3/31/23,-2.07,105.32,"-2.073717, 105.324017",IDN,Indonesia,Bangka Belitung,Bangka Barat,2-High Confidence,,475.87,47586.69,674.26,1167.3,116730,5.16,516.42,5.78,578.34,3.43,342.63,6.64,664.11,5.48,547.56,8.33,833.4,9.37,937.26,25.72,2572.2,32.73,3273.39,7.27,726.57,17.26,1726.02,26.69,2669.04,14.64,1463.58,30.86,3085.83,13.76,1375.92,19.6,1960.02,7.55,755.1,15.3,1529.91,21.04,2103.93,7.07,706.68,17.36,1736.46,12.44,1243.89,313.48,0.66,162.38,0.34,4,4,3
PO1000004516,"2021,2020,2019",KENCANA AGRI,SAWINDO KENCANA,SAWINDO KENCANA,Not RSPO Certified,,3/31/23,-2.08,105.65,"-2.076, 105.647933",IDN,Indonesia,Bangka Belitung,Bangka Barat,1-Fully Verified,,327.97,32796.99,412.66,727.14,72714.06,2.37,236.88,3.32,332.01,1.24,124.2,8.46,845.91,4.15,414.9,3.13,313.38,3.66,366.12,5.97,596.97,15.67,1566.9,4.82,482.04,5.15,515.25,7.97,796.68,3.56,355.5,9.42,942.03,10.67,1066.68,7.16,715.68,5.63,563.4,6.37,637.47,4.9,489.51,5.63,563.31,6.88,687.51,12.45,1244.97,138.57,0.42,189.4,0.58,4,3,4
PO1000004518,"2020,2021,2019",SAMPOERNA AGRO,TELAGA HIKMAH,TELAGA HIKMAH,RSPO Certified,"RSPO Certified, MB",3/31/23,-3.6,105.06,"-3.599533, 105.060483",IDN,Indonesia,Sumatera Selatan,Ogan Komering Ilir,1-Fully Verified,,1539.81,153980.55,1993.36,3642.2,364219.92,5.38,537.84,21.07,2107.44,6.19,618.66,18.44,1844.19,22.8,2279.79,20.77,2076.75,54.39,5438.7,44.53,4453.47,94.21,9420.66,34.96,3495.69,25.67,2566.62,99.41,9941.49,17.52,1751.58,69.36,6936.48,63.62,6362.19,158.18,15818.49,25.26,2526.39,29.06,2905.65,15.83,1583.46,32.74,3273.57,7.75,774.72,31.81,3180.96,898.95,0.58,640.86,0.42,3,3,3
PO1000004522,2021,UNKNOWN,SUMBER SAWIT MEKAR,MANCANG,Not RSPO Certified,,3/31/23,3.65,98.43,"3.65315, 98.431",IDN,Indonesia,Sumatera Utara,Langkat,1-Fully Verified,,39.48,3947.58,77.27,123.78,12378.06,0.14,13.5,0.15,15.21,0.1,10.44,0.14,14.22,0.26,26.28,0.51,51.39,0.37,36.99,0.09,9.36,0.37,36.54,0.28,28.35,0.1,9.63,0.58,57.51,0.05,5.04,0.65,64.89,0.22,22.32,0.63,63.45,0.16,16.2,1.76,176.13,0.7,70.29,0.57,57.24,1.04,104.31,0.22,21.87,9.11,0.23,30.36,0.77,3,1,4
PO1000004523,"2020,2021,2019",MUJUR TIMBER,SINAR GUNUNG SAWIT RAYA,SINAR GUNUNG SAWIT RAYA,Not RSPO Certified,,3/31/23,2.11,98.27,"2.114933, 98.265567",IDN,Indonesia,Sumatera Utara,Tapanuli Tengah,1-Fully Verified,,371.97,37196.73,392.55,933.17,93317.13,3.69,369.18,0.81,81.45,9.84,983.79,5.17,516.6,4,399.96,14.02,1401.57,7.52,752.31,4.1,409.86,7.56,755.55,4.84,484.02,2.55,255.42,7,700.11,6.58,657.72,7.32,731.88,2.94,294.39,5.9,589.86,8.88,888.39,9.84,984.06,3.72,372.42,3.02,302.04,5.26,525.6,7.46,746.01,132.02,0.35,239.95,0.65,3,2,3
PO1000004524,"2019,2021,2020",PTPN III,PERKEBUNAN NUSANTARA IV,SUNGAI LANGKAT,RSPO Certified,"RSPO Certified, MB",3/31/23,3.7,98.29,"3.7003, 98.292",IDN,Indonesia,Sumatera Utara,Langkat,1-Fully Verified,,147.5,14750.1,156.07,195.49,19549.35,0.47,46.89,0.31,30.87,3.51,350.73,2.3,230.49,0.24,24.48,4.61,461.16,7.71,771.48,0.6,59.58,13.49,1348.56,9.28,928.44,14.02,1402.2,17.28,1727.91,11.2,1120.32,5.29,528.75,0.33,32.76,1,100.17,1.36,135.81,2.87,287.19,5.51,550.53,2.61,260.55,3.61,361.08,3.3,330.48,110.9,0.75,36.6,0.25,3,4,3
PO1000004525,"2020,2019,2021",TRURICH RESOURCES,GEMAREKSA MEKARSARI,GEMAREKSA MEKARSARI,Not RSPO Certified,,3/31/23,-2.13,111.56,"-2.125033, 111.555367",IDN,Indonesia,Kalimantan Tengah,Lamandau,1-Fully Verified,,210.39,21039.48,232.39,328.91,32890.77,3.83,383.04,12.11,1210.59,1.63,163.44,56.67,5667.39,34.57,3457.17,19.4,1939.59,6.23,623.34,1.21,121.14,7.69,769.05,4.18,417.69,3.06,306.09,7.71,770.67,4.35,434.7,21.96,2196.45,3.74,374.04,1.33,133.11,2.05,205.29,0.67,67.14,2.29,229.32,2.27,227.16,0.93,92.79,0.51,51.03,198.4,0.94,11.99,0.06,1,5,1
PO1000004526,"2020,2021,2019",TRIPUTRA AGRO PERSADA,GRAHA CAKRA MULIA,GRAHA CAKRA MULIA,Not RSPO Certified,,3/31/23,-2.13,111.18,"-2.134444, 111.1825",IDN,Indonesia,Kalimantan Tengah,Sukamara,1-Fully Verified,,1904.08,190408.23,1799.43,4352.49,435248.55,13.28,1327.77,10.22,1022.4,2.18,217.62,22.94,2294.46,23.44,2343.6,80.23,8022.96,29.07,2907.09,6.58,657.72,30.61,3060.72,19.46,1946.34,17.15,1714.86,59.76,5975.64,26.01,2601.27,42.58,4258.26,42.73,4272.75,41.01,4101.3,38.19,3819.42,45.92,4592.16,33.84,3383.55,32.98,3297.6,18.54,1854.09,36.79,3678.75,673.5,0.35,1230.58,0.65,3,2,3
PO1000004527,"2021,2020",UNKNOWN,PUTRA BANGKA MANDIRI,PUTRA BANGKA MANDIRI,Not RSPO Certified,,3/31/23,-2.17,106,"-2.166067, 106.004517",IDN,Indonesia,Bangka Belitung,Bangka,1-Fully Verified,,671.62,67161.78,897.56,2143.16,214316.28,13.64,1363.59,5.98,598.41,4.83,483.03,10.4,1040.4,13.08,1307.79,6.35,635.31,20.08,2007.72,9.26,925.56,37.4,3739.77,22.56,2256.03,12.35,1235.16,16.49,1648.62,9.68,967.77,33.83,3383.46,31.22,3121.65,46.03,4602.51,21.8,2179.89,19.98,1997.73,20.97,2096.64,22.14,2213.73,32.85,3285.36,32.14,3213.99,443.04,0.66,228.58,0.34,5,4,4
PO1000004530,"2020,2019",INCASI RAYA (GUNAS),INCASI RAYA,SODETAN,Not RSPO Certified,,3/31/23,-2.18,100.92,"-2.184183, 100.917317",IDN,Indonesia,Sumatera Barat,Pesisir Selatan,1-Fully Verified,,289.3,28929.78,292.83,303.9,30389.76,1.55,154.62,18.13,1812.78,7.66,765.9,33.37,3337.02,46.55,4655.07,24.23,2423.25,12.93,1293.39,13.09,1308.6,4.49,448.65,4.69,469.26,18.36,1835.91,9.74,973.89,7.53,753.21,9.47,947.25,8.27,827.46,8.13,812.88,2.36,236.25,16.62,1661.94,5.38,538.47,2.75,274.68,6.13,612.99,14.06,1405.71,275.49,0.95,13.81,0.05,5,5,3
PO1000004531,"2021,2020,2019",UNKNOWN,CAMPANG TIGA,CAMPANG TIGA,Not RSPO Certified,,3/31/23,-3.76,104.74,"-3.7648, 104.7398",IDN,Indonesia,Sumatera Selatan,Ogan Komering Ulu Timur,1-Fully Verified,,374.32,37432.35,729.51,1103.33,110332.71,5.15,515.07,7.26,726.03,1.28,127.89,15.54,1553.58,17.89,1789.11,37,3699.63,38.55,3854.52,29.1,2909.52,25.55,2554.92,18.19,1818.72,33.48,3348.18,31.82,3182.04,1.35,134.73,5.15,514.62,8.53,853.2,5.44,544.23,7.1,709.83,19.9,1989.63,8.71,870.75,2.95,294.93,4.06,406.17,5.1,509.85,329.07,0.88,45.25,0.12,3,5,2
PO1000004533,"2019,2020,2021",KUALA LUMPUR KEPONG (KLK),HUTAN HIJAU MAS,BERAU,RSPO Certified,"RSPO Certified, MB",3/31/23,2.21,117.17,"2.2114, 117.165867",IDN,Indonesia,Kalimantan Timur,Berau,1-Fully Verified,,971.24,97123.86,887.64,2369.01,236901.33,2.02,202.23,2.03,202.59,1.19,119.25,3.27,326.79,17.15,1715.13,46.51,4651.2,53.32,5331.96,3.98,397.8,28.67,2866.95,23.69,2369.07,11.2,1120.23,5.63,563.4,20.29,2028.6,22.16,2216.07,17.37,1736.73,22.56,2256.03,30.92,3091.95,32.57,3257.28,21.06,2106.45,17.35,1734.75,12.37,1237.05,7.29,729.09,402.61,0.41,568.63,0.59,3,3,3
PO1000004534,"2020,2019,2021",UNKNOWN,SERDANG CEMERLANG,SERDANG CEMERLANG,Not RSPO Certified,,3/31/23,3.77,98.55,"3.765767, 98.554967",IDN,Indonesia,Sumatera Utara,Deli Serdang,1-Fully Verified,,166.69,16669.26,636.48,1193.81,119381.49,1.07,107.19,0.49,49.05,0.54,53.91,0.64,64.17,1.65,164.79,3.36,336.24,1.69,168.57,0.99,99.09,6.93,693.27,4.29,428.76,0.69,69.39,1.26,125.91,0.52,52.47,3.26,326.16,1.63,162.63,3.59,358.65,0.2,19.71,1.41,140.94,0.89,88.83,1.82,182.16,2.81,280.8,2.07,207.18,41.8,0.25,124.89,0.75,3,2,3
PO1000004535,"2021,2020,2019",UNKNOWN,SEJATI PALMA SEJAHTERA,SEJATI PALMA SEJAHTERA,Not RSPO Certified,,3/31/23,-2.21,103.8,"-2.212233, 103.800117",IDN,Indonesia,Sumatera Selatan,Musi Banyuasin,1-Fully Verified,,486.06,48605.58,630.91,1124.43,112443.21,8.51,850.95,14.67,1467.36,1.24,123.66,21.11,2110.86,9.37,936.72,28.62,2862.45,48.94,4894.38,44.91,4490.64,23.23,2323.17,14.61,1460.61,4.86,486.27,44.66,4466.34,15.34,1533.78,30.13,3013.47,15.61,1560.96,15.87,1586.79,14.34,1434.33,14.33,1432.98,5.81,581.4,8.17,817.11,4.7,469.62,6.04,603.54,395.07,0.81,90.98,0.19,3,5,2
PO1000004536,"2019,2021,2020",UNKNOWN,SUMBER MAKMUR JAYA,SUMBER KEMBANG JAYA,Not RSPO Certified,,3/31/23,3.77,98.41,"3.765817, 98.407367",IDN,Indonesia,Sumatera Utara,Langkat,1-Fully Verified,,25.32,2532.15,63.04,124.26,12425.76,0.04,4.05,0.01,0.72,0.1,10.17,0.03,3.15,0.04,3.69,0.69,68.58,1.86,185.94,0.14,13.59,0.93,93.42,1.5,150.48,0.31,31.05,4.76,475.56,0.11,11.07,1.04,104.49,0.24,24.21,0.31,30.6,0.01,0.81,0.37,37.26,0.77,76.86,1.96,196.11,0.99,99.18,0.27,27,16.48,0.65,8.84,0.35,4,4,3
PO1000004538,"2020,2019,2021",UNKNOWN,PALMA MAS SEJATI,PALMA MAS SEJATI,Not RSPO Certified,,3/31/23,-3.78,102.37,"-3.777933, 102.369",IDN,Indonesia,Bengkulu,Bengkulu Tengah,1-Fully Verified,,148.21,14821.2,225.4,467.36,46736.28,1.02,102.42,0.71,71.1,1.18,117.9,1.88,187.56,2.04,204.12,5.46,545.85,1.33,133.47,4.47,446.94,2.19,219.33,2.51,250.56,3.39,339.12,5.72,572.22,1.48,147.96,2.78,277.74,3.05,305.19,4.43,442.62,5.16,515.88,0.15,15.03,5.55,554.94,4.63,462.78,3.08,308.25,3.6,359.64,65.81,0.44,82.41,0.56,3,3,3
PO1000004539,"2020,2021,2019",SINAR JAYA AGRO INVESTAMA (SJAI),AGRA SAWITINDO,AGRA SAWITINDO,Not RSPO Certified,,3/31/23,-3.78,102.4,"-3.778722, 102.402806",IDN,Indonesia,Bengkulu,Bengkulu Tengah,1-Fully Verified,,2204.46,220446.18,2367.96,5749.33,574932.6,11.12,1111.68,5.61,561.42,5.86,585.99,15.3,1530,8.6,860.04,15.43,1543.14,5.63,563.22,17.29,1728.72,9.77,977.22,10.29,1029.42,10.3,1030.23,24.11,2410.56,8.21,820.62,18.36,1835.91,19.35,1934.73,28.18,2818.35,30.05,3005.46,36.03,3602.88,22.1,2210.22,22.33,2232.99,12.77,1276.74,13.14,1314.45,349.84,0.16,1854.62,0.84,2,1,3
PO1000004540,"2019,2020,2021",PTPN III,PERKEBUNAN NUSANTARA II,SAWIT SEBERANG,Not RSPO Certified,,3/31/23,3.8,98.28,"3.7996, 98.277133",IDN,Indonesia,Sumatera Utara,Langkat,1-Fully Verified,,128.21,12821.4,146.24,392.37,39236.58,1.17,117.09,0.81,81.27,3.04,304.38,4.64,463.5,3.85,385.2,4.87,486.72,0.29,29.34,0.68,67.5,1.94,194.04,1.36,136.44,1.38,137.7,5.47,547.29,7.91,791.1,3.6,359.73,0.25,24.66,1.3,130.14,10.08,1008.09,9.22,921.51,2.66,265.77,13.57,1356.93,12.7,1269.63,1.98,197.91,92.76,0.72,35.45,0.28,5,4,4
PO1000004541,"2020,2019",UNKNOWN,MAKMUR ABADI RAYA,MAKMUR ABADI RAYA,Not RSPO Certified,,3/31/23,3.81,98.34,"3.8069, 98.341667",IDN,Indonesia,Sumatera Utara,Langkat,1-Fully Verified,,36.21,3620.7,58.19,134.11,13411.35,0.67,66.96,0.06,5.85,1.05,104.76,0.04,3.96,0.14,14.4,0.14,13.86,0.62,62.28,0.13,12.78,0.42,41.94,0.86,86.49,1.6,160.47,0.21,20.88,2.17,217.17,0.81,81.36,0.13,12.96,1.42,141.57,0.36,36.45,1.82,181.53,1.46,145.89,1.1,110.34,0.57,57.15,0.79,79.2,16.58,0.46,19.62,0.54,3,3,3
PO1000004544,"2020,2021,2019",UNKNOWN,NUNUKAN SAWIT MAS,NUNUKAN SAWIT MAS,Not RSPO Certified,,3/31/23,3.83,116.76,"3.831924, 116.757973",IDN,Indonesia,Kalimantan Timur,Nunukan,1-Fully Verified,,2536.13,253612.89,2341.44,5688.64,568863.54,5.31,530.91,7.46,745.65,3.48,347.94,5.52,551.61,5.36,535.95,6.58,658.17,11.62,1162.08,34.71,3471.48,11.87,1186.65,7.56,756,6.03,602.55,12.8,1279.62,25.98,2598.21,40.65,4064.76,7.56,756.18,16.95,1694.61,14.75,1475.19,22,2199.51,10.58,1058.31,11.85,1185.3,9.18,917.73,6.21,620.73,283.99,0.11,2252.14,0.89,1,1,3
PO1000004545,"2019,2020,2021",PTPN III,PERKEBUNAN NUSANTARA II,SAWIT HULU,Not RSPO Certified,,3/31/23,3.84,98.23,"3.843117, 98.233",IDN,Indonesia,Sumatera Utara,Langkat,1-Fully Verified,,125.49,12548.61,147.54,257.53,25753.23,5.05,505.44,5.37,537.03,12.94,1293.84,9.17,917.1,5.82,582.48,2.97,296.91,1.11,110.52,7.33,732.78,5.99,599.49,6.94,694.08,2.26,226.44,0.97,97.47,0.91,91.44,2.63,262.8,1.01,100.8,0.56,55.71,2.63,263.34,1.27,126.72,0.55,55.44,2.08,207.81,8.42,842.4,9.6,960.03,95.6,0.76,29.89,0.24,5,4,4
PO1000004546,"2021,2019,2020",UNKNOWN,CIPTA CHEMICAL MEDAN OIL,CIPTA CHEMICAL MEDAN OIL,Not RSPO Certified,,3/31/23,3.85,98.34,"3.854067, 98.344367",IDN,Indonesia,Sumatera Utara,Langkat,1-Fully Verified,,17.21,1720.53,23.73,42.34,4234.32,0.08,8.46,0.34,34.11,0.34,33.66,0.02,1.89,0.04,3.6,0.03,3.06,0.01,1.26,0.02,1.53,0.05,4.95,0.03,3.33,0.01,0.54,0.04,3.6,0.28,27.72,0.39,38.88,0.32,31.5,0.93,92.79,0.81,80.91,1.07,107.46,1.24,123.93,0.19,18.54,0.27,27.45,0.14,14.13,6.63,0.39,10.57,0.61,3,3,3
PO1000004548,"2020,2021,2019",SAMPOERNA AGRO,MUTIARA BUNDA JAYA,PERMATA BUNDA,RSPO Certified,"RSPO Certified, MB",3/31/23,-3.94,105.11,"-3.941983, 105.109783",IDN,Indonesia,Sumatera Selatan,Ogan Komering Ilir,1-Fully Verified,,119.99,11998.8,234.83,553.95,55394.82,0.51,50.94,0.66,66.33,0.19,19.17,0.54,53.73,0.31,31.23,0.6,59.85,0.38,37.62,0.55,54.54,0.95,94.77,0.56,55.62,1.33,132.84,0.92,92.25,0.81,81.45,2.16,215.55,0.56,56.25,3.39,338.67,4.17,417.15,6.02,601.65,1.42,142.2,19.94,1993.59,2.39,239.22,2.36,236.16,50.71,0.42,69.28,0.58,3,3,3
PO1000004550,"2019,2020,2021",UNKNOWN,RAYA PADANG LANGKAT,RAYA PADANG LANGKAT,Not RSPO Certified,,3/31/23,3.95,98.37,"3.946467, 98.3661",IDN,Indonesia,Sumatera Utara,Langkat,1-Fully Verified,,22.46,2245.5,38.83,60.27,6026.85,0.73,72.63,0.55,54.81,0.3,30.24,0.5,50.49,0.13,13.32,0.09,9.45,0.31,31.05,0.15,14.85,1.77,176.85,0.58,58.14,0.41,41.49,0.68,68.49,0.05,5.4,1.63,163.44,0.13,12.69,0.41,41.22,0.06,5.67,2.92,292.05,0.2,20.25,0.32,32.13,0.28,27.72,0.24,23.94,12.46,0.56,9.99,0.44,3,3,3
PO1000004553,2020,UNKNOWN,JAYA PALMA NUSANTARA,JAYA PALMA NUSANTARA,Not RSPO Certified,,3/31/23,3.96,98.36,"3.963333, 98.3628",IDN,Indonesia,Sumatera Utara,Langkat,2-High Confidence,,67.24,6723.99,173.73,380.74,38074.05,0.73,73.26,0.44,44.28,0.65,65.34,1.57,157.23,0.35,34.56,1,100.17,1.96,195.84,1.95,194.76,3.78,378.36,4.85,484.56,0.37,36.54,3.83,382.77,1.26,126.09,3.22,322.29,1.75,174.51,3.08,307.98,0.29,28.98,1.25,125.46,0.38,37.62,0.73,73.35,1.93,192.87,1.66,165.78,37.03,0.55,30.21,0.45,4,3,3
PO1000004554,"2020,2019,2021",UNKNOWN,AGRI ANDALAS,AGRI ANDALAS,Not RSPO Certified,,3/31/23,-4,102.43,"-3.998716, 102.429673",IDN,Indonesia,Bengkulu,Seluma,1-Fully Verified,,318.2,31820.22,443.28,1362.7,136269.72,3.04,304.11,3.17,317.25,1.3,130.14,2.83,282.96,2.92,292.23,5.99,598.68,1.58,157.77,4.2,420.48,2.34,233.82,9.42,941.85,4.2,419.58,5.63,563.4,1.86,185.94,2.62,261.99,3.11,311.13,4.36,435.87,4.06,405.99,5.22,521.55,3.14,314.28,3.2,320.13,5.37,537.12,6.5,650.25,86.07,0.27,232.14,0.73,3,2,4
PO1000004555,"2020,2021,2019",BERCA / CIPTA CAKRA MURDAYA,SEBAKIS INTI LESTARI,SEBAKIS INTI LESTARI,Not RSPO Certified,,3/31/23,4.01,117.25,"4.005167, 117.2545",IDN,Indonesia,Kalimantan Timur,Nunukan,1-Fully Verified,,1842.37,184237.29,1978.97,3931.09,393109.02,27.75,2775.24,21.73,2173.23,22.74,2273.85,54.07,5407.47,28.97,2897.01,47.9,4789.53,17.61,1760.58,10.98,1098.45,9.7,970.11,8.32,832.41,10.18,1017.81,34.42,3441.78,30.64,3064.32,34.37,3437.46,24.52,2452.05,23.86,2385.54,32.73,3272.94,43.61,4360.95,37.57,3757.32,18.04,1803.6,14.9,1490.49,9.5,949.68,564.12,0.31,1278.25,0.69,2,2,3
PO1000004556,"2021,2020",WILMAR GROUP,AGRINDO INDAH PERSADA,AGROINDO INDAH PERSADA 3,Not RSPO Certified,,3/31/23,-4.01,102.5,"-4.010267, 102.496717",IDN,Indonesia,Bengkulu,Seluma,1-Fully Verified,,711.13,71112.51,767.96,1173.26,117325.53,9.45,944.55,8.57,856.71,6.06,605.7,18.03,1802.61,10.1,1010.25,25.37,2537.28,5.7,569.88,17.43,1743.48,6.17,617.4,13.36,1335.69,6.72,671.76,22.03,2203.11,7.65,764.55,15.79,1578.78,13.99,1398.69,18.98,1897.83,16.66,1665.63,19.57,1956.78,11.89,1188.63,10.74,1073.79,7.02,701.55,10.79,1079.1,282.04,0.4,429.09,0.6,3,3,3
PO1000004557,"2020,2019,2021",ALAM GROUP,ANUGERAH LANGKAT MAKMUR,ANUGERAH LANGKAT MAKMUR,Not RSPO Certified,,3/31/23,4.01,98.19,"4.013017, 98.19435",IDN,Indonesia,Sumatera Utara,Langkat,1-Fully Verified,,17.6,1759.68,21.4,41.99,4198.77,0.23,23.31,0.14,13.77,0.17,17.46,0.09,9.27,0.01,0.99,0.07,6.57,0.08,7.83,1.59,159.21,1.51,150.66,0.29,29.16,0,0.36,0.05,4.77,0.03,3.06,0.65,64.53,0.37,36.99,0.52,51.66,0.24,24.21,0.47,46.62,0.15,15.21,0.06,5.67,0.34,33.57,2.65,265.14,9.7,0.55,7.9,0.45,5,3,5
PO1000004558,2020,UNKNOWN,SAWIT JAYA MAKMUR SENTOSA,SAWIT JAYA MAKMUR SENTOSA,Not RSPO Certified,,3/31/23,4.02,98.21,"4.017067, 98.2124",IDN,Indonesia,Sumatera Utara,Langkat,2-High Confidence,,34.12,3412.08,56.85,107.3,10730.43,0.43,42.66,0.09,8.82,0.04,3.96,0.16,16.38,1.17,117.18,1.06,105.66,0.46,46.17,0.99,99.27,1.28,127.62,0.57,57.33,0.17,16.92,0.47,46.62,0.52,52.47,0.92,91.8,1.07,107.46,1.19,119.16,0.76,75.96,1.66,165.69,0.61,61.47,0.44,43.83,0.7,70.11,0.74,74.25,15.51,0.45,18.61,0.55,3,3,3
PO1000004559,"2020,2021,2019",UNKNOWN,SUMBER MAKMUR JAYA,SUMBER MAKMUR JAYA,Not RSPO Certified,,3/31/23,4.03,98.3,"4.033367, 98.301517",IDN,Indonesia,Sumatera Utara,Langkat,1-Fully Verified,,23.64,2363.58,92.9,258.1,25809.75,0.16,15.57,0.21,20.88,0.13,12.87,0.1,9.9,0.6,60.39,0.42,42.39,0.42,41.76,0.56,56.43,0.72,72.18,0.15,14.58,0.06,5.58,0.26,26.46,1.61,161.01,0.56,56.16,1.06,105.93,0.58,58.5,0.39,39.15,1.26,125.73,0.11,11.34,0.15,14.67,0.47,47.34,0.71,70.83,10.7,0.45,12.94,0.55,4,3,3
PO1000004560,"2019,2020,2021",UNKNOWN,SAWIT NAGAN RAYA MAKMUR,SAWIT NAGAN RAYA MAKMUR,Not RSPO Certified,,3/31/23,4.05,96.47,"4.04892, 96.47428",IDN,Indonesia,Aceh,Nagan Raya,2-High Confidence,,130.66,13066.02,137.31,456.14,45613.98,0.61,60.84,0.19,18.54,0.12,11.7,0.23,22.68,0.16,16.38,0.39,38.52,1.05,104.94,1.59,158.85,5.09,508.59,3.37,336.96,5.65,565.29,17.55,1755,19.34,1933.92,5.1,510.48,2.22,222.03,2.46,246.42,1.98,197.82,1.91,190.53,1.12,112.5,0.6,60.3,1.1,110.25,0.59,59.22,72.42,0.55,58.24,0.45,2,3,3
PO1000004561,"2020,2019",MINANGA,MINANGA OGAN,SEI OGAN,Not RSPO Certified,,3/31/23,-4.05,104.2,"-4.049583, 104.198233",IDN,Indonesia,Sumatera Selatan,Ogan Komering Ulu,2-High Confidence,,484.92,48491.82,662.1,1217.03,121702.68,5.66,565.56,9.62,962.46,6.54,653.85,14.03,1402.92,19.57,1956.78,27.62,2762.28,19.13,1912.68,10.61,1060.92,32.38,3237.93,7.26,725.67,10.51,1050.75,21.29,2129.13,12.93,1293.48,7.52,751.68,6.45,645.39,7.88,788.31,11.33,1132.74,7.84,784.26,6.22,622.44,9.7,969.57,4.08,407.7,5.61,560.7,263.77,0.54,221.15,0.46,3,3,3
PO1000004563,"2020,2019,2021",UNKNOWN,JAYA BARU PERTAMA,JAYA BARU PERTAMA,Not RSPO Certified,,3/31/23,4.07,98.22,"4.065217, 98.217833",IDN,Indonesia,Sumatera Utara,Langkat,1-Fully Verified,,58.04,5803.65,156.57,285.06,28506.24,0.23,23.4,0.15,14.67,0.12,11.79,0.19,18.9,0.04,3.51,0.35,35.19,0.49,48.87,2.75,274.59,3.15,314.64,1.51,151.11,0.66,65.79,0.53,53.1,0.14,14.22,0.54,54,0.68,68.49,1.84,183.78,1.58,158.49,4.26,426.42,1.38,137.79,2.32,232.38,1.16,115.83,1.01,101.16,25.08,0.43,32.96,0.57,3,3,3
PO1000004565,"2021,2020,2019",FAJAR BAIZURY,FAJAR BAIZURI & BROTHERS,FAJAR BAIZURY & BROTHERS,Not RSPO Certified,,3/31/23,4.12,96.44,"4.11618, 96.44256",IDN,Indonesia,Aceh,Nagan Raya,1-Fully Verified,,40.26,4025.61,45.36,56.66,5665.68,0.62,61.56,0.06,6.3,0.01,0.99,0.05,4.59,0.13,12.78,0.26,26.28,0.68,68.13,0.42,42.21,2.4,239.58,1.66,166.41,2.01,200.7,1.06,106.38,2.2,220.5,3.48,347.76,1.78,178.11,4.91,491.31,4.07,406.89,1.04,104.13,0.41,40.86,0.32,32.13,0.71,71.1,0.67,67.32,28.96,0.72,11.3,0.28,3,4,3
PO1000004567,"2019,2020,2021",PTPN III,PERKEBUNAN NUSANTARA I,PULAU TIGA,RSPO Certified,"RSPO Certified, MB",3/31/23,4.18,97.94,"4.18335, 97.936817",IDN,Indonesia,Aceh,Aceh Tamiang,1-Fully Verified,,668.32,66832.11,665.8,1278,127799.82,7,700.38,2.32,231.66,2.77,277.29,2.64,264.33,1.62,162.36,3.13,313.02,8.34,834.12,4.93,493.47,7.14,714.42,10.76,1075.5,10.84,1083.51,14.9,1489.59,23.79,2378.52,13.75,1374.93,5.52,551.79,9.53,953.37,4.98,497.61,6.41,641.43,5.61,561.33,11.5,1150.47,4.66,466.47,3.96,396.45,166.12,0.25,502.2,0.75,2,1,3
PO1000004568,"2021,2020,2019",IBRIS PALM,SISIRAU,SISIRAU,Not RSPO Certified,,3/31/23,4.2,98.06,"4.20357, 98.06422",IDN,Indonesia,Aceh,Aceh Tamiang,1-Fully Verified,,75.74,7573.68,120.99,272.26,27225.63,0.54,53.73,0.28,28.17,0.36,35.73,0.26,26.28,0.09,9.09,0.29,28.8,0.42,41.67,0.81,81.27,1.41,141.39,1,100.26,0.3,30.42,1.06,105.57,0.87,87.21,2.72,272.16,0.67,66.69,1.03,103.14,0.99,99.45,2.06,206.1,0.66,66.06,1.4,139.86,1.15,114.75,1.16,116.37,19.54,0.26,56.2,0.74,3,2,3
PO1000004570,"2019,2020,2021",MOPOLI RAYA,MOPOLI RAYA,TAMIANG,Not RSPO Certified,,3/31/23,4.29,98.15,"4.2909, 98.153233",IDN,Indonesia,Aceh,Aceh Tamiang,1-Fully Verified,,122.62,12262.14,207.24,329.79,32978.7,0.64,63.81,0.6,59.58,0.14,14.13,0.83,82.62,0.74,73.71,5.6,559.62,6.26,626.31,4.96,495.72,11.06,1106.19,5.31,531.27,1.81,180.99,1.49,149.31,4.2,420.03,8.29,828.81,1.86,185.58,2.09,208.89,1.49,148.68,5.35,534.96,1.03,103.41,1.39,139.41,1.18,117.81,3.36,336.24,69.67,0.57,52.95,0.43,3,3,3
PO1000004571,"2021,2020,2019",ASTRA AGRO LESTARI,KARYA TANAH SUBUR,KARYA TANAH SUBUR,Not RSPO Certified,,3/31/23,4.35,96.16,"4.349722, 96.164444",IDN,Indonesia,Aceh,Aceh Barat,1-Fully Verified,,1300.15,130014.63,1458.1,2840.84,284084.46,6.25,624.6,3.66,365.67,1.69,168.93,8.44,844.2,27.04,2703.96,9.72,971.73,16.76,1675.62,34.84,3483.9,40.91,4091.4,21.17,2116.8,40.09,4008.78,51.09,5108.85,69.83,6982.65,60.94,6093.99,24.12,2412.36,31.95,3194.73,35.57,3557.25,19.91,1990.98,12.68,1267.92,11.28,1127.52,24.44,2443.68,23.79,2378.52,576.14,0.44,724.01,0.56,3,3,3
PO1000004572,"2019,2020,2021",UNKNOWN,BUMI SAMA GANDA,BUMI SAMA GANDA,Not RSPO Certified,,3/31/23,4.36,98.11,"4.356517, 98.1062",IDN,Indonesia,Aceh,Aceh Tamiang,1-Fully Verified,,15.51,1551.15,27.36,33.7,3370.05,0.09,9.09,0.06,6.39,0.01,1.44,0.16,15.75,0.06,6.12,0.42,41.85,0.16,16.2,0.08,8.28,0.16,15.93,0.3,29.7,0.02,1.53,0.1,10.17,1.23,123.21,0.57,57.42,0.44,44.01,0.8,79.74,0.14,13.77,0.64,63.54,0.23,23.22,0.22,22.32,0.95,95.04,1.63,162.63,8.47,0.55,7.04,0.45,5,3,5
PO1000004573,"2020,2021,2019",PTPN III,PERKEBUNAN NUSANTARA I,TANJUNG SEUMANTOH,Not RSPO Certified,,3/31/23,4.37,98.09,"4.366879, 98.088319",IDN,Indonesia,Aceh,Aceh Tamiang,1-Fully Verified,,151.3,15130.17,358.89,654.18,65418.03,1.16,116.19,1.87,186.57,1.58,157.59,3.65,364.77,1.96,196.11,2.51,251.46,3.06,305.82,2.39,238.59,2.97,297.09,3.76,376.38,4.84,483.75,4.9,490.5,5.43,542.7,3.64,363.6,2.31,231.12,7.54,754.29,7.94,794.43,4.17,417.06,1.97,196.56,2.73,273.15,2.58,258.39,1.5,149.85,74.46,0.49,76.84,0.51,3,3,3
PO1000004575,"2020,2021",SUPERVENTURE,ANUGERAH PELANGI SUKSES,ANUGERAH PELANGI SUKSES,Not RSPO Certified,,3/31/23,-4.56,103.11,"-4.5632, 103.1132",IDN,Indonesia,Bengkulu,Kaur,1-Fully Verified,,1640.2,164020.23,1660.53,3050.56,305056.35,8.24,824.49,10.49,1049.31,3.37,336.78,24.75,2475,11.1,1110.24,26.13,2613.42,3.63,362.61,23.27,2327.22,6.55,654.84,7.87,786.96,14.48,1447.65,30.18,3018.15,17.83,1783.44,18.75,1875.15,25.61,2561.04,20.08,2008.44,28.79,2879.1,26.51,2651.49,20.8,2080.08,12.65,1264.59,7.99,798.57,17.27,1727.28,366.36,0.22,1273.84,0.78,2,1,3
PO1000004576,"2021,2020,2019",UNKNOWN,ANUGRAH FAJAR REZEKI,ANUGERAH FAJAR REZEKI,Not RSPO Certified,,3/31/23,4.57,97.91,"4.57432, 97.90967",IDN,Indonesia,Aceh,Aceh Timur,1-Fully Verified,,210.87,21086.82,229.86,404.79,40478.67,0.89,89.46,0.75,74.7,0.29,28.71,1.37,137.43,0.68,68.13,0.39,39.33,0.89,89.28,1.5,150.21,2.13,213.48,2.11,210.69,4.75,474.75,6.74,674.46,5.6,560.07,11.17,1116.99,9.95,995.31,8.13,813.24,5.23,523.44,9.57,956.52,6.75,674.73,2.59,258.66,1.96,195.57,2.19,218.97,85.64,0.41,125.23,0.59,3,3,3
PO1000004582,"2019,2020,2021",UNKNOWN,BLANG KETUMBA,BLANG KETUMBA,Not RSPO Certified,,3/31/23,4.98,96.7,"4.984983, 96.7",IDN,Indonesia,Aceh,Bireuen,1-Fully Verified,,3534.11,353410.83,3844.09,10779.86,1077986.25,7.31,730.89,7.78,778.05,0.8,79.92,8.58,857.79,6.98,697.5,13.68,1368.18,6.57,656.64,7.11,710.73,19.7,1969.56,17.28,1728.09,16.07,1607.22,20.79,2078.64,20.98,2097.99,57.32,5731.56,34.18,3418.38,54.72,5472.27,42.06,4205.79,46.52,4652.46,34.17,3416.94,27.17,2717.28,26.38,2638.44,18.47,1847.43,494.62,0.14,3039.49,0.86,2,1,3
PO1000004583,"2021,2020,2019",UNKNOWN,SYAUKATH SEJAHTERA,SYAUKATH SEJAHTERA,Not RSPO Certified,,3/31/23,5.23,96.9,"5.228433, 96.899017",IDN,Indonesia,Aceh,Bireuen,1-Fully Verified,,751.59,75158.64,1293.92,2765.68,276568.38,2.75,275.49,2.77,277.38,0.18,18.09,2.83,283.05,3.83,382.95,4.76,476.37,4.03,403.29,4.85,484.65,8.4,840.06,5.16,515.88,7.57,756.54,7.75,775.44,6.64,664.2,16.8,1680.3,13.61,1360.62,20.71,2071.26,18.44,1843.92,17.84,1784.25,13.37,1336.86,13.85,1384.83,13.59,1358.82,10.93,1093.41,200.68,0.27,550.91,0.73,3,2,3
PO1000004650,"2019,2020,2021",GENTING PLANTATIONS,GENTING SDC SDN BHD,GENTING SABAPALM,RSPO Certified,"RSPO Certified, MB",3/31/23,5.97,117.37,"5.965083, 117.374111",MYS,Malaysia,Sabah,Beluran,1-Fully Verified,SABAPALM,111.14,11114.46,130.61,196.56,19656.18,4.45,445.23,3.64,364.41,2.2,220.5,2.6,259.65,0.26,26.19,2.37,237.15,0.73,72.81,2.68,268.29,4.52,451.53,10.35,1035.27,2.93,292.95,2.22,222.3,1.65,165.15,5.08,508.5,6.77,677.07,2.59,258.93,1.65,164.88,1.77,177.03,1.9,189.54,2.18,218.43,3.16,315.81,1.27,126.9,66.99,0.6,44.16,0.4,3,3,3
PO1000004655,"2020,2021,2019",SINAR MAS,AGROKARYA PRIMA LESTARI,KUAYAN,Not RSPO Certified,,3/31/23,-1.97,112.37,"-1.970503, 112.370324",IDN,Indonesia,Kalimantan Tengah,Kotawaringin Timur,1-Fully Verified,,212.39,21239.28,216.39,286.3,28629.99,0.99,99.09,4.33,433.35,0.14,13.5,3.77,377.37,3.88,387.81,57.81,5780.88,20.56,2056.05,12.08,1208.07,19.79,1978.65,8.95,895.14,7,699.75,6.61,661.23,12.08,1208.16,12.69,1269,1.53,152.73,1.31,131.04,0.39,38.88,1.34,133.74,1.33,132.84,0.56,56.07,0.39,38.52,0.41,41.4,177.93,0.84,34.46,0.16,1,5,1
PO1000004656,"2019,2020,2021",SINAR MAS,MITRA KARYA AGRO INDO,TANGAR,Not RSPO Certified,,3/31/23,-2.24,112.3,"-2.243602, 112.299345",IDN,Indonesia,Kalimantan Tengah,Seruyan,1-Fully Verified,,80.57,8057.34,128.56,240.76,24076.26,0.93,93.24,2.41,241.11,0.75,74.79,3.21,321.39,13.42,1341.81,12.55,1255.32,4.03,402.66,14.18,1417.77,6.41,640.89,2.91,290.7,1.86,186.48,2.17,216.81,0.58,57.69,1.53,152.73,0.63,62.91,1.4,139.59,0.62,61.92,0.23,22.86,0.17,17.28,0.26,25.56,0.51,51.39,0.45,45.18,71.2,0.88,9.37,0.12,2,5,1
PO1000004751,2020,INPARME S.A.,GUAICARAMO S.A.,GUAICARAMO S.A.,RSPO Certified,"RSPO Certified, MB",3/31/23,4.48,-72.96,"4.478556, -72.960694",COL,Colombia,Meta,Barranca de Upía,1-Fully Verified,,308.89,30888.81,808.04,2863.89,286388.82,0.83,82.98,1.01,101.25,1.05,105.21,2.89,288.54,1.76,176.13,3.15,314.91,1.92,192.15,2.03,203.22,2.78,278.37,2.64,263.79,5.49,548.55,3.87,387.27,0.32,32.22,2.72,272.16,1.95,195.03,2.33,232.56,2.49,248.67,5.31,531.36,1.39,138.69,1.08,108.45,2.81,281.43,2.17,217.44,52,0.17,256.88,0.83,2,1,3
PO1000004752,2020,UNKNOWN,PALMAS DEL CESAR S.A.,PALMAS DEL CESAR,RSPO Certified,"RSPO Certified, IP",3/31/23,7.89,-73.47,"7.886, -73.466694",COL,Colombia,Cesar,San Alberto,1-Fully Verified,,447.02,44701.56,929.36,2203.39,220338.99,4.12,412.11,3.87,387.09,2.74,274.05,3.83,382.86,2.8,280.44,4.17,416.7,10.31,1031.22,2.23,223.47,3.23,322.92,2.49,249.39,2.75,275.22,5.3,530.19,2.77,277.29,2.32,231.66,2.68,268.02,4.7,470.07,9.62,962.19,3.25,324.9,1.76,176.49,2.15,215.19,1.44,144.09,1.57,156.87,80.12,0.18,366.89,0.82,1,1,3
PO1000004753,2020,UNKNOWN,EXTRACTORA LA GLORIA S.A.S.,EXTRACTORA LA GLORIA,Not RSPO Certified,,3/31/23,8.61,-73.68,"8.614083, -73.680028",COL,Colombia,Cesar,La Gloria,1-Fully Verified,,2692.63,269262.54,4388.98,6941.05,694104.57,16.24,1623.87,13.3,1330.38,11.58,1157.85,16.83,1683.45,11.6,1160.46,9.8,979.56,26.82,2682.36,10.9,1089.9,16.61,1660.77,18.22,1822.14,10.47,1046.7,17.95,1795.05,7.73,773.46,19.45,1944.72,14.08,1408.14,28.16,2816.28,41.17,4117.14,26.56,2656.35,26.72,2672.46,24.09,2409.12,29.06,2905.56,24.7,2469.96,422.06,0.16,2270.57,0.84,3,1,3
PO1000004754,2020,UNKNOWN,PALMAS ACEITERAS DE HONDURAS EMPRESA CAMPESINA AGROINDUSTRIAL DE LA REFORMA AGRARIA  (HONDUPALMA ECARA),HONDUPALMA,RSPO Certified,"RSPO Certified, MB",3/31/23,15.57,-87.69,"15.574194, -87.692944",HND,Honduras,Yoro,El Negrito,1-Fully Verified,,228.36,22836.42,345.94,922.62,92261.79,1.22,122.04,0.88,87.57,1.29,128.97,1.48,147.69,1.11,111.24,0.93,92.61,3.05,305.46,2.48,248.49,1.81,180.72,1.54,154.35,2.88,287.82,1.68,167.94,3.77,377.46,2.4,239.85,3.66,366.48,1.64,164.16,5.2,519.57,2.39,239.31,3.8,380.07,3.72,372.42,4.66,466.11,5.01,501.03,56.61,0.25,171.75,0.75,3,1,4
PO1000004755,2020,UNKNOWN,PALMAS CENTROAMERICANAS S.A. DE C.V. (PALCASA),PLANTA EXTRACTORA PALCASA,Not RSPO Certified,,3/31/23,15.5,-87.7,"15.498861, -87.703639",HND,Honduras,Yoro,El Progreso,1-Fully Verified,,2152.79,215279.19,3338.38,5467.85,546784.83,12.47,1246.59,14.65,1464.66,8.97,897.03,14.02,1402.47,10.3,1029.96,8.9,889.74,17.93,1792.53,12.12,1211.67,20.54,2053.62,7.86,785.79,20.72,2071.98,9.16,916.02,19.34,1933.56,18.37,1837.26,27.99,2799.27,64.95,6495.39,75.4,7540.29,29.77,2976.84,36.78,3677.58,43.87,4386.78,54.4,5440.41,23.96,2396.25,552.46,0.26,1600.33,0.74,3,2,4
PO1000004757,2020,GRUPO OLEOMEX (OLEOFINOS),OLEOPALMA,AGROIPSA - PALENQUE,RSPO Certified,"RSPO Certified, MB",3/31/23,17.58,-91.94,"17.579, -91.941944",MEX,Mexico,Chiapas,Palenque,1-Fully Verified,,398.92,39892.14,1014.55,3405.36,340535.97,1.86,186.39,2.37,236.52,2.79,279.09,2.9,289.89,4.88,488.34,1.51,150.57,6.09,609.12,2.93,293.4,4.51,451.44,2.68,267.84,1.92,192.33,5.23,523.44,11.3,1129.86,6.83,682.92,6.56,656.28,9.02,902.25,15.76,1575.99,20.51,2050.83,16.88,1687.95,7.06,705.69,5.75,574.92,4.74,474.12,144.09,0.36,254.83,0.64,3,3,3
PO1000004758,2020,GRUPO OLEOMEX (OLEOFINOS),AGROINDUSTRIAS DE MAPASTEPEC S.A.. DE C.V.,AGROIMSA (AGROINDUSTRIAS DE MAPASTEPEC SA),RSPO Certified,"RSPO Certified, MB",3/31/23,15.34,-92.86,"15.344, -92.864939",MEX,Mexico,Chiapas,Mapastepec,1-Fully Verified,,1317.23,131722.65,2446.03,5186.14,518614.47,3.08,307.71,4.71,471.15,3.1,310.23,9.76,975.87,5.42,541.8,5.27,527.22,4.35,434.52,7.34,733.77,5.74,574.11,5.21,520.74,2.13,213.3,6.1,610.02,6.79,678.6,4.61,461.34,3.85,384.93,9.96,996.12,7.34,733.95,7.66,765.9,8.08,808.2,5.84,584.1,6,599.67,4.19,418.68,126.52,0.1,1190.71,0.9,2,1,3
PO1000004759,2020,UNKNOWN,PAKAL CONSULTORES EN AGRONEGOCIOS DEL SURESTE,FINCA LA LIMA,Not RSPO Certified,,3/31/23,15.16,-92.59,"15.159, -92.590455",MEX,Mexico,Chiapas,Villa Comaltitlán,1-Fully Verified,,226.76,22676.22,533.66,1001.32,100132.47,0.63,62.55,1.62,162.45,0.07,6.66,0.05,5.13,0.24,24.3,0.27,27.36,0.09,8.82,4.63,462.96,1.99,198.72,1.3,130.5,1.81,181.44,1.11,110.79,1.59,159.03,1.57,156.69,0.95,94.77,2.88,288.27,1.04,104.22,1.48,148.23,1.68,167.85,0.96,96.12,0.75,75.33,1.48,147.96,28.2,0.12,198.56,0.88,2,1,3
PO1000004760,2020,GRUPO OLEOMEX (OLEOFINOS),ACEITE CHIAPANECA LA PALMA S. DE P.R. DE R.L. DE C.V.,ACEITE CHIAPANECA LA PALMA S. DE P.R. DE R.L. DE C.V.,Not RSPO Certified,,3/31/23,15.32,-92.82,"15.322, -92.822108",MEX,Mexico,Chiapas,Acapetahua,1-Fully Verified,,94.35,9435.33,146.63,391.58,39157.65,0.2,20.43,0.36,36,0.17,17.46,0.32,31.77,0.26,26.46,0.43,42.84,0.32,32.22,0.47,46.89,0.67,66.69,0.21,20.88,0.19,18.54,0.38,37.8,0.42,42.03,0.27,27.45,0.2,20.07,0.93,92.52,0.65,65.07,0.63,63.18,0.91,90.9,0.47,47.25,0.26,26.37,0.25,24.57,8.97,0.1,85.38,0.9,1,1,3
PO1000004761,2020,UNKNOWN,PROCESADORA DE ACEITE DE PALMA,PROCESADORA DE ACEITE DE PALMA,Not RSPO Certified,,3/31/23,15.24,-92.59,"15.236, -92.586494",MEX,Mexico,Chiapas,Villa Comaltitlán,1-Fully Verified,,2869.75,286974.9,3899.06,8197.94,819794.07,4.4,440.28,4.68,468.27,2.5,250.47,4.73,472.77,15.07,1507.14,5.33,532.62,2.67,267.3,20,2000.34,9.22,922.05,4.98,497.97,6.63,663.21,7.46,746.46,9.97,997.02,7.75,774.63,5.05,505.35,19.23,1922.67,10.93,1092.87,13.81,1380.6,10.21,1020.69,8.65,864.81,7.14,714.24,6.27,626.76,186.69,0.07,2683.06,0.93,1,1,3
PO1000004762,2020,GRUPO PROPALMA,OLEOSUR,ACAPETAHUA,RSPO Certified,"RSPO Certified, MB",3/31/23,15.25,-92.68,"15.248, -92.678264",MEX,Mexico,Chiapas,Villa Comaltitlán,1-Fully Verified,,385.09,38509.47,643.05,1858.08,185808.33,0.5,49.5,1.02,101.52,0.48,47.7,1.1,110.16,3.26,325.98,2.12,212.4,0.76,76.05,3.48,348.03,1.49,148.59,0.98,98.19,0.46,46.17,1.11,110.7,2.55,255.42,1.38,137.52,1.24,124.02,2.72,272.07,1.96,196.47,2.03,202.59,1.84,184.14,1.26,126.36,0.7,70.29,0.99,99,33.43,0.09,351.67,0.91,1,1,3
PO1000004763,2020,GRUPO NUMAR,PALMERAS OLEAGINOSAS DEL SUR S.A. DE C.V.,PALMERAS OLEAGINOSAS DEL SUR,Not RSPO Certified,,3/31/23,17.57,-92.03,"17.573, -92.030144",MEX,Mexico,Chiapas,Palenque,1-Fully Verified,,3001.76,300176.01,5234.77,10170.83,1017083.34,19.35,1934.82,17.58,1757.97,15.77,1576.71,24.29,2429.1,20.81,2080.71,17,1699.74,31.84,3184.29,33.65,3364.83,38.53,3852.63,28.54,2854.44,25.88,2587.5,42.88,4287.87,71.93,7193.07,81.6,8159.76,80.2,8019.81,120.27,12027.42,130.79,13079.16,114.08,11407.59,169.83,16983.36,108.4,10840.41,55.27,5526.81,59.4,5939.91,1307.88,0.44,1693.88,0.56,3,3,3
PO1000004764,2020,UNKNOWN,OLEOFINOS DEL CARMEN,OLEOFINOS DEL CARMEN,Not RSPO Certified,,3/31/23,18.26,-91.3,"18.262, -91.303778",MEX,Mexico,Campeche,Carmen,1-Fully Verified,,2040.33,204032.61,4794.62,9816.47,981646.83,23.37,2337.3,24.63,2463.48,66.91,6690.6,21.44,2144.43,117.05,11705.22,15.55,1555.29,28.71,2871.27,24.65,2465.19,30.46,3045.87,12.91,1291.23,10.68,1068.12,20.44,2043.72,34.89,3489.03,37.46,3745.89,50.05,5004.81,61.48,6148.17,96.78,9678.06,40.05,4005.36,57.13,5712.66,75.49,7548.84,31.91,3191.49,25.45,2545.02,907.51,0.44,1132.82,0.56,3,3,3
PO1000004765,2020,UNKNOWN,ACEITES DE PALMA,ACEITES DE PALMA,Not RSPO Certified,,3/31/23,18.05,-94.92,"18.047, -94.917669",MEX,Mexico,Veracruz,Hueyapan de Ocampo,1-Fully Verified,,2440.65,244065.24,7544.11,10399.19,1039918.59,19.49,1948.86,34.24,3424.23,19.07,1906.92,15.56,1555.83,48.61,4861.26,28.91,2890.71,16.21,1621.08,35.56,3556.35,26.75,2674.89,15.01,1501.02,42.12,4212.27,22,2199.78,33.69,3369.42,22.46,2246.31,17.8,1779.66,31.98,3197.79,32.74,3274.02,40.94,4094.37,58.86,5886.18,30.08,3008.07,32.37,3237.48,32.21,3221.19,656.68,0.27,1783.98,0.73,3,2,3
PO1000004767,2020,GRUPO NUMAR,COMPAÑÍA INDUSTRIAL ACEITERA COTO 54 S.A.,INDUSTRIAL ACEITERA DE LA RAAS,Not RSPO Certified,,3/31/23,12.27,-83.83,"12.26502, -83.830034",NIC,Nicaragua,Atlántico Sur,Kukra Hill,1-Fully Verified,,3265.86,326586.06,3655.47,6554.97,655497.18,18.8,1879.56,47.86,4786.47,30.53,3052.62,11.69,1169.1,61.76,6176.43,11.88,1188.27,21.92,2191.68,54.16,5415.66,86.83,8682.84,89.93,8993.34,6.89,689.13,24,2399.94,38.63,3862.89,67.22,6721.74,39.07,3907.17,122.97,12297.06,54.95,5494.77,39.17,3917.43,42.78,4277.79,26.37,2636.82,21.7,2169.9,42.3,4230.45,961.41,0.29,2304.45,0.71,3,2,3
PO1000004768,2020,UNKNOWN,COAPALMA-ECARA (EMPRESA CAMPESINA AGROINDUSTRIAL DE LA REFORMA AGRARIA DE LA PALMA DE ACEITE),COAPALMA-ECARA,Not RSPO Certified,,3/31/23,15.59,-86.11,"15.588917, -86.112833",HND,Honduras,Colón,Tocoa,1-Fully Verified,,803.37,80337.42,938.73,1623.3,162330.21,8.88,888.3,3.39,338.94,6.09,609.39,3.4,339.75,6.75,675.09,7.05,704.97,3.96,396.36,11.82,1181.88,5,500.13,6.64,663.66,2.42,242.28,5.77,577.08,4.59,458.91,10.07,1006.83,13.66,1366.11,32.56,3255.75,23.78,2377.53,17.86,1786.5,21.62,2162.34,27.79,2779.11,13.05,1305.09,16.06,1606.05,252.22,0.31,551.15,0.69,3,2,3
PO1000004785,"2020,2021,2019",BOUSTEAD PLANTATIONS BERHAD,BOUSTEAD PELITA TINJAR SDN BHD,LOAGAN BUNUT,Not RSPO Certified,,3/31/23,3.73,114.28,"3.726871, 114.280914",MYS,Malaysia,Sarawak,Marudi,1-Fully Verified,,2772.37,277236.63,2673.38,4288.65,428865.03,10.92,1092.24,16.43,1642.68,7.38,737.64,10.71,1071.45,12.76,1275.75,16.07,1606.95,46.89,4689.09,32.56,3255.57,52.88,5288.22,44.42,4442.49,57.68,5768.37,61.14,6113.7,42.49,4248.81,65.15,6515.01,52.39,5239.17,54.18,5418,38.24,3823.92,42.05,4205.25,25.56,2556,15.63,1563.03,14.47,1446.84,15.84,1583.73,735.84,0.27,2036.53,0.73,2,2,3
PO1000004786,"2019,2021,2020",CHIN TECK PLANTATIONS BERHAD,CHIN TECK PLANTATIONS BHD,KERATONG,Not RSPO Certified,,3/31/23,3.29,102.82,"3.294139, 102.821528",MYS,Malaysia,Pahang,Rompin,1-Fully Verified,,258.51,25851.24,236.49,243.25,24325.38,0.04,4.05,0.04,3.96,0.01,0.63,0.99,99.36,1.42,142.2,6.36,636.21,4.23,422.73,1.09,108.9,7.93,792.99,9.29,929.16,9.2,919.98,8.85,884.52,0.31,30.6,2.07,206.55,8.81,881.28,5.26,525.69,8.14,814.05,1.71,171.27,1.54,153.99,16.17,1617.03,21.16,2115.99,3,299.88,117.61,0.45,140.9,0.55,5,3,4
PO1000004788,"2020,2019",GLENEALY PLANTATIONS SDN BHD,SAMLING PLANTATION SDN BHD,SAMLING,Not RSPO Certified,,3/31/23,3.03,114.09,"3.032675, 114.094464",MYS,Malaysia,Sarawak,Belaga,1-Fully Verified,,835.62,83562.03,824.53,1432.2,143219.7,3.56,355.95,7.96,796.05,16.42,1641.87,11.78,1177.83,5.24,524.07,8.38,837.81,3.2,319.77,4.62,461.79,4.62,462.15,0.9,89.73,2.79,279.36,13.15,1314.9,4.46,446.22,11.41,1141.11,28.75,2875.41,18.64,1864.26,15.88,1587.51,13.22,1322.1,12.28,1228.14,10.02,1001.79,13.96,1396.35,19.85,1985.49,231.1,0.28,604.52,0.72,3,2,4
PO1000004790,"2019,2020",GLENEALY PLANTATIONS SDN BHD,SAMLING PLANTATION SDN BHD,LANA,Not RSPO Certified,,3/31/23,2.52,113.38,"2.515615, 113.38449",MYS,Malaysia,Sarawak,Belaga,1-Fully Verified,,5106.79,510678.63,4845.18,7356.64,735664.14,60.36,6036.48,16.2,1619.64,72.07,7207.29,148.32,14831.55,75.44,7544.16,63.87,6387.12,84.08,8407.62,88.74,8874.09,106.3,10629.9,35.38,3538.44,98.94,9894.42,87.2,8720.01,32.07,3206.7,45.66,4566.42,43.91,4390.74,88.76,8875.8,72.31,7230.96,77.9,7790.31,52.05,5204.88,36.77,3676.86,22.22,2221.74,23.05,2305.35,1431.6,0.28,3675.18,0.72,2,2,3
PO1000004794,"2020,2021,2019",SABAH LAND DEVELOPMENT BOARD,KENINGAU PALM OIL MILL SDN BHD,KENINGAU POM,Not RSPO Certified,,3/31/23,5.11,116.09,"5.109346, 116.094151",MYS,Malaysia,Sabah,Keningau,1-Fully Verified,,418.15,41814.54,514.25,959.47,95947.2,4.06,406.17,5.52,552.42,1.92,191.97,6.74,674.46,13.59,1359.27,5.83,583.2,3.71,370.89,6.81,681.39,7.1,709.65,4.51,451.08,7.79,778.59,48.08,4808.07,6.99,698.85,17.58,1758.24,13.03,1303.47,10.83,1082.97,5.37,536.85,4.7,470.07,4.45,444.78,1.85,184.59,1.75,175.23,1.42,142.11,183.64,0.44,234.5,0.56,2,3,3
PO1000004795,"2019,2021,2020",TETANGGA AKRAB,TETANGGA AKRAB SDN BHD,TETANGGA AKRAB 1,Not RSPO Certified,,3/31/23,1.02,110.69,"1.0225, 110.691667",MYS,Malaysia,Sarawak,Serian,1-Fully Verified,,486.21,48620.88,510.18,1428.09,142808.67,1.45,145.44,1.3,129.51,2.84,284.31,4.04,403.92,1.38,138.15,1.59,159.21,6.68,668.07,15.5,1549.8,11.96,1195.56,9.89,989.28,14.33,1433.25,20.02,2001.78,17.53,1752.66,14.39,1438.74,6.79,678.96,15.18,1517.76,9.13,912.87,16.01,1601.01,10.26,1025.82,3.56,355.5,13.64,1364.13,5.9,590.4,203.36,0.42,282.85,0.58,3,3,3
PO1000004796,"2020,2021,2019",N.Y. HIEW (HOLDINGS) SDN BHD,KOONG SHING SDN BHD,TINGKAYU,Not RSPO Certified,,3/31/23,4.83,118.06,"4.827636, 118.06325",MYS,Malaysia,Sabah,Kunak,1-Fully Verified,,170.44,17044.11,192.71,330.64,33064.02,1,99.54,2.81,280.89,2.65,265.05,2.07,207.27,1.92,192.33,0.32,32.22,0.39,39.42,0.34,33.93,0.19,18.81,3.63,362.79,0.18,17.64,0.92,91.8,0.43,43.38,0.57,56.97,0.13,12.96,2.43,242.64,0.44,43.56,1.52,152.28,14.02,1401.84,1.76,175.95,2.96,296.19,8.57,856.71,49.24,0.29,121.2,0.71,4,2,4
PO1000004797,"2019,2021,2020",MELANGKING OIL PALM PLANTATION SDN BHD,MELANGKING OIL PALM PLANTATION SDN BHD,MELANGKING,Not RSPO Certified,,3/31/23,5.62,118.25,"5.622239, 118.247251",MYS,Malaysia,Sabah,Sandakan,1-Fully Verified,,271.27,27126.99,357.8,838.99,83898.9,1.03,103.41,1.91,190.98,1.33,133.38,6.54,654.21,4.15,415.26,2.1,210.33,3.04,304.02,2.5,249.84,0.31,30.87,1.85,184.59,0.98,98.19,5.27,526.95,2.45,244.8,7.87,786.96,3.73,372.51,2.77,277.2,6.55,655.29,4.36,435.96,12.79,1278.99,5.23,522.9,17.34,1733.94,13.31,1330.74,107.41,0.4,163.86,0.6,5,3,5
PO1000004798,"2020,2021,2019",RIMBUNAN SAWIT BERHAD,RSB LUNDU PALM OIL MILL SDN BHD,LUNDU,Not RSPO Certified,,3/31/23,1.51,109.91,"1.509295, 109.906071",MYS,Malaysia,Sarawak,Lundu,1-Fully Verified,,165.56,16556.04,181.86,248.19,24818.58,6.73,673.38,2.4,239.94,1.03,103.14,1.53,153.18,1.03,102.96,2.65,265.41,2.56,256.41,5.51,551.07,5.15,514.8,8.53,853.2,16.46,1646.01,9.32,931.95,7.62,761.94,5.23,523.35,1.75,175.23,1.83,183.06,2.2,220.32,2.51,250.65,7.7,770.49,5.28,527.94,9.5,949.68,1.91,191.43,108.46,0.66,57.1,0.34,5,4,3
PO1000004799,"2019,2020,2021",RINWOOD PELITA (MUKAH) PLANTATION SDN BHD,RINWOOD PELITA (MUKAH) PLANTATION SDN BHD,RINWOOD PELITA,Not RSPO Certified,,3/31/23,2.87,112.24,"2.873748, 112.244532",MYS,Malaysia,Sarawak,Mukah,1-Fully Verified,,344.3,34429.59,395.54,451.74,45174.42,16.37,1637.19,14.43,1442.97,1.67,166.68,10.75,1074.69,6.03,602.73,15.34,1533.78,31.44,3144.42,7.28,728.28,65.59,6558.93,9.27,926.82,4.24,423.63,12.21,1221.03,3.2,320.13,7.6,759.6,6.06,606.33,5.64,564.21,7.35,735.3,8.13,812.52,5.65,565.11,12.81,1281.33,10.79,1079.1,6.41,640.8,268.26,0.78,76.04,0.22,4,4,3
PO1000004833,"2020,2021,2019",SARAWAK LAND CONSOLIDATION AND REHABILITATION AUTHORITY (SALCRA),SARATOK PALM OIL MILL SDN BHD,SARATOK,Not RSPO Certified,,3/31/23,1.71,111.43,"1.71251, 111.430007",MYS,Malaysia,Sarawak,Saratok,1-Fully Verified,,3780.64,378064.08,3897.87,6618.9,661890.24,48.13,4812.57,33.67,3366.54,39.74,3973.68,22.49,2248.56,34.13,3412.89,38.4,3840.03,60.8,6080.31,78.5,7850.16,228.68,22868.01,102.24,10224,58.54,5854.05,65.39,6539.13,45.86,4586.4,85.66,8566.02,72.06,7205.67,48,4800.42,125.48,12547.53,93.23,9323.01,65,6500.07,29.87,2987.1,29.52,2951.55,38.58,3857.58,1443.95,0.38,2336.69,0.62,3,3,3
PO1000004834,"2019,2020,2021",SEGALONG GROUP,SANG GUAN OIL MILL SDN BHD,SANG GUAN,Not RSPO Certified,,3/31/23,4.56,118.18,"4.559354, 118.183722",MYS,Malaysia,Sabah,Tawau,1-Fully Verified,,41.24,4123.62,56.79,57.8,5779.89,1.12,111.51,1.35,134.64,0.55,55.44,2.41,240.93,1.78,177.93,1.98,197.64,0.69,69.21,1.7,169.74,0.17,17.19,1.13,113.13,0.22,22.23,1.52,152.37,0.46,46.26,1.48,148.5,0.96,95.67,0.6,60.03,0.82,81.99,1.44,143.73,3.53,352.53,1.57,156.96,0.63,62.73,0.59,59.04,26.69,0.65,14.54,0.35,3,4,3
PO1000004835,"2020,2021,2019",SEONG THYE PLANTATIONS SDN BHD,SEONG THYE PLANTATIONS SDN BHD,LADANG ROMPIN,Not RSPO Certified,,3/31/23,2.94,103.24,"2.939, 103.2438",MYS,Malaysia,Pahang,Rompin,1-Fully Verified,,839.43,83942.64,812.67,1107.47,110746.53,11.81,1180.8,11.32,1132.47,11.51,1150.92,20.18,2017.8,41.89,4189.41,20.19,2018.52,26.64,2664,10.75,1074.87,13.33,1333.35,25.85,2584.71,23.09,2309.4,27.49,2749.32,20.52,2051.55,57.89,5789.43,36.63,3663.27,79.45,7945.11,62.67,6267.33,21.01,2101.32,35.1,3509.73,28.66,2866.5,11.27,1126.98,10.18,1017.72,607.45,0.72,231.98,0.28,3,4,3
PO1000004836,"2019,2021,2020",TH PLANTATIONS BERHAD,THP SARIBAS SDN BHD,LADANG RAJA UDANG,Not RSPO Certified,,3/31/23,1.67,111.2,"1.665339, 111.20196",MYS,Malaysia,Sarawak,Betong,2-High Confidence,,17.18,1718.19,15.24,13.34,1333.89,0,0,0,0,0,0,0,0.18,0,0,0.02,2.34,0,0.36,12.87,1287.18,4.66,466.38,0.05,5.22,0.03,2.97,0,0,0,0,0,0,0,0,0,0,0,0,0,0,0,0,0,0,0,0,0,0,17.18,1,0,0,1,5,1
PO1000004838,"2020,2021,2019",TRADEWINDS PLANTATION BERHAD,LADANG PETRI TENGGARA SDN BHD,ULU SEBOL,Not RSPO Certified,,3/31/23,1.89,103.62,"1.888611, 103.621833",MYS,Malaysia,Johor,Kota Tinggi,1-Fully Verified,,351.45,35145.36,410.44,722.35,72234.54,10.6,1059.75,10.26,1026.09,5.66,565.92,15.36,1536.21,10.38,1037.88,4.58,457.74,5.46,545.76,4.02,402.39,6.44,644.49,4.86,485.64,5.7,570.33,2.75,275.4,3.22,321.93,19.59,1958.94,7.69,768.78,6,599.94,3.08,308.43,4.23,423.36,4.36,436.05,2.72,272.25,1.66,166.41,0.86,85.77,139.49,0.4,211.96,0.6,1,3,3
PO1000004839,"2019,2020,2021",TSH RESOURCES,TSH PLANTATION MANAGEMENT SDN BHD,SABAHAN,Not RSPO Certified,,3/31/23,4.82,118.09,"4.819294, 118.087737",MYS,Malaysia,Sabah,Kunak,1-Fully Verified,,5.21,520.74,5.36,4.57,456.93,0.15,15.21,0.62,62.01,0.01,1.17,0.01,1.35,0.01,1.08,0.31,30.78,0,0,0.04,3.87,0,0,0.09,8.82,0.02,2.34,0.02,1.62,0.54,53.91,0.09,9.45,0.02,2.25,0.02,2.34,0,0.18,0.08,8.1,0.45,44.91,0.56,55.62,0.15,15.48,0.51,51.21,3.72,0.71,1.49,0.29,5,4,4
PO1000004840,"2020,2021,2019",WTK HOLDINGS BHD,SOUTHWIND PLANTATION SDN BHD,SOUTHWIND,Not RSPO Certified,,3/31/23,3.64,113.5,"3.638101, 113.502748",MYS,Malaysia,Sarawak,Miri,1-Fully Verified,,15.42,1542.06,32.55,40.47,4047.39,1.32,131.85,0.47,46.98,0.05,4.59,0.02,2.16,0.23,22.59,0.14,13.59,0.17,17.46,2.76,276.3,1.07,107.37,0.39,39.24,0.42,42.39,0.74,73.53,0.2,19.53,1.51,151.2,0.52,51.57,0.56,55.89,0.22,22.05,0.65,65.16,0.79,79.47,2.08,207.99,0.99,99.09,0.17,17.01,15.42,1,0,0,5,5,2
PO1000004841,"2021,2020",TRINITY INTERLINK,BINA RAHMAD MADANI,BINA RAHMAD MADANI,Not RSPO Certified,,3/31/23,3.93,98.18,"3.931867, 98.179583",IDN,Indonesia,Sumatera Utara,Langkat,2-High Confidence,,171.47,17147.25,183.82,260.5,26050.41,5.54,554.04,4.16,416.25,3.89,389.43,3.86,385.65,6.24,624.15,4.96,496.17,0.93,92.7,2.17,217.35,7.05,704.61,6.96,696.24,1.29,129.42,1.02,102.42,5.65,565.2,11.93,1192.68,1.12,112.41,3.44,344.16,0.97,97.38,4.45,445.32,2.24,224.19,2.99,298.8,5.31,531.27,3.28,328.23,89.48,0.52,81.99,0.48,4,3,3
PO1000004842,"2020,2021,2019",UNKNOWN,ANEKA PURA MULTI KERTA,KAMPUNG BARU,Not RSPO Certified,,3/31/23,-1.08,103.01,"-1.078917, 103.007933",IDN,Indonesia,Jambi,Tanjung Jabung B,1-Fully Verified,,64.34,6433.92,75.09,100.23,10023.03,1.55,154.8,1.33,133.02,2.4,240.12,6.21,620.64,2.52,252.36,3.21,320.94,2.7,270.36,7.59,759.24,3.25,325.17,0,0.36,0.06,6.48,2.11,211.5,0.56,56.34,0.6,59.76,1.04,104.13,2.44,244.17,2.66,266.04,1.13,113.22,0.86,86.13,0.58,58.5,2.41,240.84,1.4,139.5,46.64,0.72,17.7,0.28,4,4,3
PO1000004843,"2019,2021,2020",ASTRA AGRO LESTARI,SUMBER KHARISMA PERSADA,SUMBER KHARISMA PERSADA,Not RSPO Certified,,3/31/23,1.01,118.05,"1.014086, 118.048363",IDN,Indonesia,Kalimantan Timur,Kutai Timur,1-Fully Verified,,335.38,33537.87,329.73,649,64900.17,2.74,274.05,5.61,561.33,0.57,56.88,1.84,183.96,2.33,233.1,31.19,3119.22,20.55,2054.97,4.66,465.75,7.29,729,0.93,92.97,6.63,662.67,6.03,603.45,3.64,363.51,6.39,639.09,2.98,297.72,6.7,669.69,2.33,233.01,1.5,149.76,4.52,451.98,1.8,179.64,0.46,45.99,0.86,85.77,121.54,0.36,213.84,0.64,1,3,3
PO1000004844,"2021,2020,2019",BARITO PACIFIC,TINTIN BOYOK SAWIT MAKMUR,TINTIN BOYOK SAWIT MAKMUR,Not RSPO Certified,,3/31/23,-0.11,110.73,"-0.111483, 110.733567",IDN,Indonesia,Kalimantan Barat,Sekadau,2-High Confidence,,2065.57,206557.29,2093.92,3238.09,323809.2,15.68,1568.16,13.27,1326.78,9.71,971.1,17.86,1785.51,16.54,1654.29,20.52,2051.55,21.51,2150.82,38.36,3836.34,43.79,4379.04,32.12,3212.46,33.94,3393.54,38.19,3819.42,26.47,2646.81,39.95,3995.01,52.6,5260.05,67.62,6762.06,69.32,6932.25,59.14,5913.81,38.22,3822.21,39.5,3950.46,41.2,4119.57,52.27,5226.57,787.78,0.38,1277.79,0.62,3,3,4
PO1000004850,2020,GOODHOPE,KARYA MAKMUR SEJAHTERA,KARYA MAKMUR SEJAHTERA,Not RSPO Certified,,3/31/23,-1.92,112.29,"-1.922451, 112.293768",IDN,Indonesia,Kalimantan Tengah,Kotawaringin Timur,2-High Confidence,,1058.85,105885.09,983.87,2587.42,258741.99,2.69,269.1,5.52,551.61,0.68,67.77,4.59,458.91,2.58,258.21,10.21,1020.78,3.19,319.14,2.84,284.4,18.13,1813.5,10.02,1001.79,7.65,764.91,11.75,1174.86,4.61,461.25,12.9,1290.15,20.64,2064.24,26.77,2676.96,10.07,1006.83,7.22,722.34,4.55,454.86,5.76,575.82,2.18,217.98,2.52,252,177.07,0.17,881.78,0.83,1,1,3
PO1000004852,"2020,2019,2021",DHARMA AGUNG WIJAYA (DAW),INTI GUNA NABATI,INTI GUNA NABATI,Not RSPO Certified,,3/31/23,-2.42,102.68,"-2.416483, 102.680667",IDN,Indonesia,Jambi,Sarolangun,1-Fully Verified,,3129.21,312920.64,3258.23,5470.06,547006.41,55.19,5519.34,38.5,3849.84,10.87,1087.29,53.13,5312.79,21.36,2136.06,121.89,12188.79,49.5,4950.09,104.72,10471.95,69.37,6936.84,32.8,3279.78,13.77,1376.82,76.91,7691.22,24.59,2458.89,45.17,4517.37,39.65,3964.68,66.57,6656.85,57.18,5717.61,44.68,4467.6,35.5,3550.05,31.15,3114.9,29.8,2980.44,44.09,4409.19,1066.38,0.34,2062.82,0.66,3,2,3
PO1000004853,"2020,2021,2019",CARGILL,MAYA AGRO INVESTAMA,KEDIPI,RSPO Certified,"RSPO Certified, MB",3/31/23,-2.34,110.97,"-2.3404, 110.9696",IDN,Indonesia,Kalimantan Barat,Ketapang,2-High Confidence,,3.61,360.72,4.83,5.91,590.94,0,0.18,0.01,0.99,0,0,0.01,1.08,0.01,1.26,0.02,1.53,0,0.18,0.99,99.36,0.85,84.96,0.23,23.31,0.02,1.53,0.12,11.52,0.02,2.07,0.08,8.37,0.06,6.21,0.07,7.47,0.08,7.65,0.02,2.25,0.05,4.59,0.03,2.97,0.03,2.52,0.14,13.59,2.84,0.79,0.77,0.21,3,4,3
PO1000004855,2020,PTPN III,PERKEBUNAN NUSANTARA VI,SOLOK SELATAN,Not RSPO Certified,,3/31/23,-1.39,101.48,"-1.392715, 101.478578",IDN,Indonesia,Sumatera Barat,Solok Selatan,1-Fully Verified,,2128,212799.6,2091.4,3537,353699.55,13.31,1331.37,8.73,873.36,5.32,532.26,10.99,1098.9,11.66,1166.49,33.96,3396.06,13.27,1326.87,26.68,2667.69,12.31,1230.66,6.5,649.71,31.25,3125.25,23.3,2330.46,22.37,2237.22,26.82,2681.73,18.57,1856.61,35.88,3587.67,36.5,3650.49,27.9,2789.64,22.21,2221.11,20.38,2037.6,32.73,3272.76,31.06,3105.54,471.69,0.22,1656.3,0.78,3,1,4
PO1000004856,2020,PUNDI,PUNDI LAHAN KHATULISTIWA,PUNDI LAHAN KHATULISTIWA,Not RSPO Certified,,3/31/23,-0.02,109.55,"-0.02075, 109.5462",IDN,Indonesia,Kalimantan Barat,Kubu Raya,1-Fully Verified,,507.38,50738.22,528.13,938.57,93856.59,7.22,721.53,5.6,559.71,0.89,89.46,5.4,539.91,3.43,342.99,3.62,361.98,4.8,480.24,12.03,1202.76,7.82,782.28,6.07,606.69,11.11,1111.14,21.26,2125.8,14.53,1453.32,19.24,1923.57,15.84,1584.45,16.88,1688.4,14.9,1490.49,17.16,1715.94,8.76,876.06,4.93,493.2,6.44,644.22,5.11,511.11,213.05,0.42,294.33,0.58,3,3,3
PO1000004857,"2019,2020,2021",EAGLE HIGH PLANTATIONS,JAYA MANDIRI SUKSES,BANGKIRAI,Not RSPO Certified,,3/31/23,-0.56,116.37,"-0.563446, 116.373882",IDN,Indonesia,Kalimantan Timur,Kutai Kartanegara,1-Fully Verified,,763.77,76376.7,1072.6,1680.44,168043.77,3.84,384.03,8.49,848.7,5.42,542.07,4.37,437.4,2.6,260.1,40.75,4074.93,49.95,4994.91,28.82,2881.62,21.17,2116.62,13.01,1301.49,15.61,1560.69,45.16,4516.38,27.05,2705.4,8.28,828.45,26.41,2641.32,44.74,4473.81,22.38,2237.76,8.84,884.07,9.68,967.86,5.21,521.46,8.98,898.47,6.08,608.49,406.86,0.53,356.91,0.47,3,3,3
PO1000004859,"2020,2021",PALMA SERASIH,ANUGERAH ENERGITAMA,ANUGERAH ENERGITAMA,Not RSPO Certified,,3/31/23,0.79,117.28,"0.791325, 117.282452",IDN,Indonesia,Kalimantan Timur,Kutai Timur,1-Fully Verified,,7.38,737.55,7.63,10.75,1074.78,0,0.18,0,0,0,0,0.04,3.6,0.01,0.54,0,0.09,0,0,0.02,2.16,1.66,166.23,0.1,9.99,0.47,46.71,1.99,198.9,0.03,3.06,0.1,10.17,0.05,4.59,0.25,24.57,0.03,2.79,0.01,0.54,0.02,1.53,0,0,0,0,0,0,4.76,0.64,2.62,0.36,1,4,1
PO1000004860,"2020,2021,2019",SIN TEK HUAT,BINA SAWIT NUSANTARA,BINA SAWIT NUSANTARA,Not RSPO Certified,,3/31/23,0.17,101.33,"0.165673, 101.326598",IDN,Indonesia,Riau,Kampar,1-Fully Verified,,85.62,8562.24,103.8,255.37,25536.87,0.46,46.44,1.04,104.4,0.36,36.09,1.67,166.86,5.53,553.14,7.75,774.54,6.92,692.1,4.5,450.45,2.86,285.57,6.59,658.62,2.08,208.44,3.34,333.9,1.24,123.66,1.22,122.4,1.73,172.98,1.86,186.21,2.9,289.89,1.3,130.05,0.91,91.44,1.12,111.69,2.06,206.19,1.97,196.65,59.42,0.69,26.21,0.31,3,4,3
PO1000004862,"2019,2020,2021",TELADAN PRIMA,TELEN,BUKIT PERMATA,Not RSPO Certified,,3/31/23,1.08,117.72,"1.08243, 117.722415",IDN,Indonesia,Kalimantan Timur,Kutai Timur,1-Fully Verified,,421.48,42147.81,459.94,705.59,70559.1,4.16,416.43,3.65,365.13,1.21,120.96,7.16,716.04,5.94,594.18,38.61,3860.73,25.44,2544.03,1.49,148.86,19.78,1977.57,4.48,447.93,20.27,2027.16,26.64,2664.09,8.24,823.86,11.58,1158.21,22.76,2275.56,22.49,2249.19,42.9,4290.12,45.22,4522.41,21.63,2163.15,9.76,976.05,14.41,1441.17,5.73,572.67,363.56,0.86,57.92,0.14,4,5,3
PO1000004863,"2021,2020",PTPN III,PERKEBUNAN NUSANTARA VI,OPHIR,RSPO Certified,"RSPO Certified, MB",3/31/23,0.01,99.84,"0.01405, 99.83695",IDN,Indonesia,Sumatera Barat,Pasaman Barat,1-Fully Verified,,1433.6,143360.46,1617,3684.54,368453.79,9.23,923.31,4.54,453.96,2.17,217.44,10.46,1045.8,7.94,793.62,12.51,1251.18,14.32,1432.44,15.66,1565.82,27.94,2793.78,9.52,952.47,22.7,2269.89,12.33,1233.36,11.9,1189.71,31.08,3108.15,10.66,1065.87,30.05,3005.46,25.53,2553.39,24.49,2448.9,22.92,2291.67,22.22,2222.19,16.15,1614.69,16.12,1611.54,360.45,0.25,1073.16,0.75,3,2,3
PO1000004864,"2020,2021,2019",INCASI RAYA (GUNAS),BINA PRATAMA SAKOTO JAYA,BINA PRATAMA SAKOTO JAYA,Not RSPO Certified,,3/31/23,-1.39,101.59,"-1.393349, 101.593242",IDN,Indonesia,Sumatera Barat,Solok Selatan,1-Fully Verified,,90.77,9076.86,122.4,166.5,16649.91,5.46,546.12,9.9,989.91,3.99,398.97,2.43,242.64,8.18,817.92,10.49,1049.04,2.42,241.74,1.68,167.94,2.5,249.57,0.62,62.28,3.14,314.46,3.19,318.69,1.72,172.26,2.09,208.89,1.08,107.91,1.8,179.64,1.52,152.1,1.13,112.68,0.87,86.67,1.03,103.23,1.35,135.09,0.83,82.71,67.4,0.74,23.36,0.26,3,4,3
PO1000004865,"2019,2020,2021",EAGLE HIGH PLANTATIONS,BUMI HUTANI LESTARI,BUMI HUTANI LESTARI,Not RSPO Certified,,3/31/23,-1.68,112.94,"-1.677517, 112.936183",IDN,Indonesia,Kalimantan Tengah,Katingan,1-Fully Verified,,650.14,65013.93,769.51,2689,268899.57,5.83,582.84,7.46,746.28,2.39,239.13,8.42,842.31,2.67,267.39,19.92,1991.7,14.93,1492.65,30.39,3038.58,9.51,951.21,9.8,980.37,11.37,1136.52,29.08,2908.35,13.42,1342.26,22.54,2253.78,20.36,2036.16,28.56,2855.97,9.84,984.15,5.81,581.49,5.67,567.18,5,500.04,4.16,416.43,4.89,488.7,272.03,0.42,378.1,0.58,2,3,3
PO1000004866,"2020,2021,2019",BUMITAMA GUNAJAYA AGRO (BGA),AGRO SEJAHTERA MANUNGGAL,PEMBANGUNAN RAYA,RSPO Certified,"RSPO Certified, MB",3/31/23,-2.55,110.38,"-2.546278, 110.384971",IDN,Indonesia,Kalimantan Barat,Ketapang,1-Fully Verified,,609.01,60901.2,976.92,2863.15,286315.2,3.58,357.84,3.24,324.45,1.84,183.51,6.63,663.21,3.41,340.83,10.13,1012.68,24,2400.03,0.98,97.83,23.25,2325.24,17.15,1714.95,18.82,1882.26,21.89,2189.34,14.11,1410.66,11.63,1163.43,23.83,2383.47,16.81,1680.93,1.76,176.31,5.71,571.14,1.73,172.53,3.22,321.66,0.41,41.22,0.43,43.47,214.57,0.35,394.44,0.65,1,2,3
PO1000004867,"2019,2020",IOI CORPORATION,SUKSES KARYA SAWIT,SUKSES KARYA SAWIT,Not RSPO Certified,,3/31/23,-2.8,110.59,"-2.801034, 110.59375",IDN,Indonesia,Kalimantan Barat,Ketapang,1-Fully Verified,,460.06,46006.38,811.31,2013.02,201302.37,1.86,186.21,3.75,375.12,0.71,71.37,5.47,546.57,1.47,146.88,8.36,836.19,13.76,1376.19,1.7,169.83,17.14,1714.14,10.17,1017.18,13.79,1379.16,13.03,1302.93,3.51,351.09,9.42,942.39,24.08,2407.68,22.77,2276.64,0.81,80.91,2.75,274.77,1.3,129.96,3.38,337.59,0.24,24.3,0.47,47.25,159.94,0.35,300.12,0.65,1,2,3
PO1000004868,"2020,2019",BUKIT ASAM,BUMI SAWINDO PERMAI,BUMI SAWINDO PERMAI,Not RSPO Certified,,3/31/23,-3.85,103.8,"-3.851717, 103.80405",IDN,Indonesia,Sumatera Selatan,Muara Enim,1-Fully Verified,,1707.54,170754.03,2004.63,4032.11,403210.62,29.18,2917.71,16.99,1698.66,11.63,1163.43,19.64,1963.53,18.84,1884.15,34.07,3406.86,31.4,3139.65,46.11,4611.15,38.8,3879.9,27.05,2704.77,36.92,3691.98,41.41,4141.44,22.65,2264.85,31.28,3127.86,35.69,3568.86,35.41,3540.96,25.83,2582.55,33.63,3363.12,29.58,2958.3,23.76,2375.55,23.37,2337.12,22.3,2230.02,635.52,0.37,1072.02,0.63,3,3,3
PO1000004869,"2019,2020",GAMA PLANTATIONS,PATIWARE,PATIWARE,Not RSPO Certified,,3/31/23,0.74,108.94,"0.740717, 108.941867",IDN,Indonesia,Kalimantan Barat,Bengkayang,1-Fully Verified,,835.06,83506.41,1038.75,3516.59,351658.62,3.41,340.56,8.1,810.18,2.77,277.29,11.65,1164.6,9.55,955.17,14.21,1420.92,19.65,1964.88,31.92,3192.12,94.91,9491.22,20.52,2051.55,27.87,2786.85,35.43,3543.39,16.78,1678.41,50.48,5048.46,11.69,1168.56,11.58,1158.48,12.47,1247.31,15.34,1533.78,11.19,1118.52,10.5,1050.03,10.45,1045.26,16.75,1674.72,447.22,0.54,387.84,0.46,3,3,3
PO1000004922,"2020,2021,2019",MAHKOTA,BERLIAN INTI MEKAR,SIAK,Not RSPO Certified,,3/31/23,0.64,101.98,"0.63875, 101.9764833",IDN,Indonesia,Riau,Siak,1-Fully Verified,,1333.82,133382.34,1431.53,2411.65,241165.08,51.54,5153.94,83.93,8393.04,7.32,731.61,100.27,10026.63,88.16,8815.86,30.4,3040.02,129.13,12913.02,41.94,4194.27,39.51,3950.55,76.04,7604.28,74.43,7443.18,79.66,7966.35,16.61,1661.31,99.41,9940.68,10.09,1008.81,35.7,3570.21,22.3,2229.93,13.51,1350.81,8.31,830.97,15,1500.39,16.56,1656.18,13.16,1316.34,1052.98,0.79,280.84,0.21,3,4,2
PO1000004924,2020,UNKNOWN,MAKMUR ANUGERAH SAWITINDO,MAKMUR ANUGERAH SAWITINDO,Not RSPO Certified,,3/31/23,3.7,98.51,"3.695101, 98.514633",IDN,Indonesia,Sumatera Utara,Deli Serdang,2-High Confidence,,35.06,3506.49,340.44,638.86,63885.78,0.35,35.19,0.08,8.46,0.12,11.52,0.18,17.91,0.45,44.91,0.26,25.56,0.35,35.1,0.06,6.48,0.37,37.08,0.43,43.02,0.3,29.97,0.94,93.6,0.66,66.33,4.46,445.5,0.88,88.38,0.85,85.05,0.17,16.83,2.78,277.56,1.02,101.61,1.73,173.07,3.24,324.36,3.46,345.78,23.13,0.66,11.93,0.34,5,4,5
PO1000004927,"2020,2019,2021",PTPN III,PERKEBUNAN NUSANTARA III,SEI MERANTI,RSPO Certified,"RSPO Certified, MB",3/31/23,1.64,100.42,"1.643317, 100.417617",IDN,Indonesia,Riau,Rokan Hilir,1-Fully Verified,,150.24,15024.42,166.16,306.39,30639.24,9.92,991.89,4.04,404.46,0.21,21.33,0.46,45.81,2.93,292.68,1.3,129.87,8.34,834.21,1.86,186.03,4.47,447.12,23.9,2389.68,4.52,451.8,17.03,1703.16,2.53,252.9,1.19,118.71,0.67,66.69,2,199.89,2.74,274.32,6.08,608.22,6.06,605.52,1.75,175.14,1.67,167.49,1.91,191.16,105.58,0.7,44.66,0.3,3,4,3
PO1000004929,"2021,2020",PTPN III,PERKEBUNAN NUSANTARA III,TORGAMBA,RSPO Certified,"RSPO Certified, MB",3/31/23,1.71,100.29,"1.709217, 100.289067",IDN,Indonesia,Sumatera Utara,Labuhanbatu Selatan,1-Fully Verified,,107.31,10731.33,109.65,113.73,11373.12,4.04,403.74,0.09,9.36,0.1,9.72,17.12,1711.62,24.37,2437.02,9.89,988.56,10.9,1089.81,6.64,664.38,12.87,1286.64,5.28,527.58,6.43,642.69,2.23,223.2,0,0.27,0.03,2.88,0.17,16.74,0.01,0.9,0.03,2.7,0.25,25.47,0.08,8.37,0.29,28.71,0.14,13.68,0,0,100.94,0.94,6.37,0.06,1,5,1
PO1000004930,2020,BUMITAMA GUNAJAYA AGRO (BGA),WINDU NABATINDO LESTARI,"SELUCING AGRO

",Not RSPO Certified,,3/31/23,-1.88,113.03,"-1.883033, 113.03175",IDN,Indonesia,Kalimantan Tengah,Kotawaringin Timur,1-Fully Verified,,169.36,16935.75,234.9,532.41,53240.58,0.64,63.54,5.33,532.53,0.31,31.05,5.71,571.41,20.6,2060.1,10.87,1087.38,11.15,1114.92,12.45,1244.97,11.64,1164.42,8.2,819.63,3.26,325.89,3.27,327.24,2.26,225.63,4.58,458.46,2.88,288.18,3.56,355.59,0.9,89.82,0.41,40.86,0.58,58.41,0.52,51.66,3.18,318.06,6.88,687.69,119.17,0.7,50.18,0.3,4,4,3
PO1000004931,"2020,2021,2019",MERBAUJAYA INDAHRAYA,SWADAYA SAPTA PUTRA,SWADAYA SAPTA PUTRA,Not RSPO Certified,,3/31/23,-1.99,112.83,"-1.993683, 112.831683",IDN,Indonesia,Kalimantan Tengah,Kotawaringin Timur,1-Fully Verified,,75.91,7590.6,107.39,168.36,16835.58,0.24,23.94,2.54,253.89,4.62,462.24,11.67,1167.12,0.08,8.01,1.85,184.68,0.93,92.61,7.46,746.19,2.62,261.81,1.03,102.51,1.64,163.89,4.53,452.88,0.21,20.79,2.79,278.55,2.33,232.65,2.5,250.2,0.68,67.77,0.76,75.78,2.21,221.31,1.29,129.24,1.29,129.15,1.41,140.58,54.66,0.72,21.25,0.28,3,4,3
PO1000004932,"2019,2020,2021",ASTRA AGRO LESTARI,NIRMALA AGRO LESTARI,NIRMALA AGRO LESTARI,Not RSPO Certified,,3/31/23,-2.09,111.49,"-2.091933, 111.48705",IDN,Indonesia,Kalimantan Tengah,Lamandau,1-Fully Verified,,102.26,10225.53,111.85,151.48,15148.44,1.32,132.48,1.85,184.95,0.19,19.17,4.26,425.61,7.37,737.19,15.42,1542.42,17.66,1766.25,4.12,411.57,12.38,1238.4,2.98,298.44,1.96,196.02,3.69,369.27,1.73,172.98,4.73,473.4,4.13,412.74,0.7,70.29,0.52,52.47,0.81,80.91,0.2,20.34,0.46,46.08,0.72,72.09,1.18,118.44,88.42,0.86,13.84,0.14,3,5,2
PO1000004934,"2020,2021",CHELLAM PLANTATIONS,PUCUK JAYA,PUCUK JAYA,Not RSPO Certified,,3/31/23,-2.23,116.05,"-2.232983, 116.048883",IDN,Indonesia,Kalimantan Timur,Paser,1-Fully Verified,,149.07,14906.79,159.39,509.17,50917.23,2.69,269.01,3.25,324.72,0.25,24.57,3.94,394.2,1.99,198.99,12.39,1238.85,5.21,520.56,6.35,634.86,21.7,2169.54,7.43,742.95,12.91,1291.32,13.67,1367.28,7.31,731.25,8,800.19,3.62,362.16,2.53,252.99,4.63,463.14,3.4,340.02,5.09,509.31,1.97,196.65,1.05,105.48,0.97,96.93,130.35,0.87,18.72,0.13,2,5,2
PO1000004935,"2021,2020,2019",ASTRA AGRO LESTARI,SARI LEMBAH SUBUR,SARI LEMBAH SUBUR 1,Not RSPO Certified,,3/31/23,-0.05,102.25,"-0.051, 102.252",IDN,Indonesia,Riau,Pelalawan,2-High Confidence,,169.17,16917.12,187.83,338.05,33805.26,5.6,559.98,5.3,529.65,0.99,99.45,15.39,1538.55,12.72,1271.52,0.25,25.11,4.1,409.86,6.61,660.96,1.26,125.64,10.73,1072.71,8.92,891.99,1.76,176.31,0.52,51.84,1.5,150.03,0.53,53.37,6.37,637.47,1.71,171.36,4.32,431.55,1.93,192.78,7.13,712.71,5.43,543.42,3.84,383.94,106.9,0.63,62.27,0.37,4,3,3
PO1000004938,"2019,2020",SRIWIJAYA PALM OIL,SRIWIJAYA PALM OIL INDONESIA,SRIWIJAYA PALM OIL INDONESIA,Not RSPO Certified,,3/31/23,-2.83,104.74,"-2.825767, 104.7353",IDN,Indonesia,Sumatera Selatan,Banyu Asin,1-Fully Verified,,25.49,2548.89,44.31,51.88,5188.5,0.68,68.4,0.31,30.96,2.21,221.4,0.3,30.24,1.92,191.52,0.12,11.61,0.8,80.01,0.97,96.66,0.47,46.53,0.37,36.81,0.24,24.39,1,100.44,0.12,11.61,0.62,61.83,0.96,96.21,1.26,125.73,0.21,21.33,0.83,82.62,0.67,67.41,1.8,180.18,0.62,61.74,0.11,11.07,16.59,0.65,8.9,0.35,3,4,3
PO1000004940,"2021,2020,2019",UNKNOWN,SINAR TENERA,SINAR TENERA,Not RSPO Certified,,3/31/23,3.07,99.2,"3.070117, 99.2047",IDN,Indonesia,Sumatera Utara,Simalungun,2-High Confidence,,95.57,9557.28,145.59,464.82,46482.39,4.86,485.73,2.93,293.31,0.22,22.23,1.72,172.44,1.96,196.38,1,99.54,1.35,134.82,0.15,14.67,1.92,192.06,3.6,360.45,2.93,292.86,3.26,326.43,2.73,272.7,4.71,471.33,1.48,147.87,4.24,424.44,1.05,105.21,1.43,143.01,3.27,327.06,0.88,88.29,3.98,397.62,6.64,664.29,56.33,0.59,39.25,0.41,5,3,4
PO1000004942,"2020,2021",ANGLO-EASTERN PLANTATION (AEP),MITRA PUDING MAS,MITRA PUDING MAS,Not RSPO Certified,,3/31/23,-3.13,101.6,"-3.133789, 101.60162",IDN,Indonesia,Bengkulu,Mukomuko,1-Fully Verified,,320.93,32093.01,407.44,1110.84,111084.3,5.89,588.69,4.4,440.46,3.08,307.98,8.39,838.71,1.56,155.7,4.39,439.29,7.33,733.32,3.64,363.69,3.72,372.15,2.61,261.45,13.81,1381.23,11.45,1145.16,3.97,396.99,5.96,595.98,2.85,285.21,5.93,593.28,10.3,1030.05,7.85,784.71,3.01,301.41,10.35,1035.27,15.42,1542.42,26.05,2604.87,161.98,0.5,158.95,0.5,5,3,5
PO1000004944,"2021,2020,2019",PTPN III,PERKEBUNAN NUSANTARA II,PAGAR MERBAU,RSPO Certified,"RSPO Certified, MB",3/31/23,3.53,98.9,"3.526085, 98.89842",IDN,Indonesia,Sumatera Utara,Deli Serdang,1-Fully Verified,,31.98,3198.06,107.64,190.44,19044.18,0.42,41.67,0.34,34.11,0.47,46.98,0.32,31.59,0.25,25.47,0.11,11.25,0.33,33.39,0.16,15.75,0.8,80.37,0.82,81.9,0.23,22.86,2,200.25,3.26,325.8,0.92,92.25,0.54,53.73,1.72,172.08,1.02,101.97,3.45,345.42,0.49,48.51,0.94,93.51,3.33,332.91,1.74,173.97,23.66,0.74,8.32,0.26,5,4,4
PO1000004945,"2019,2020,2021",UNKNOWN,BIO NUSANTARA TEKNOLOGI,SEI LEMAU,Not RSPO Certified,,3/31/23,-3.64,102.24,"-3.644467, 102.24245",IDN,Indonesia,Bengkulu,Bengkulu Tengah,1-Fully Verified,,325.49,32549.13,355.03,876.67,87667.02,2.21,221.04,1.07,107.46,0.48,47.52,4.7,470.34,1.98,197.91,4.66,466.11,1.3,129.96,4.74,473.76,8.44,844.47,4.44,443.79,4.49,449.37,6.26,626.04,2.26,226.17,5.16,515.61,6.14,614.25,7.71,771.39,9.75,975.24,7.54,753.57,4.62,462.42,5.65,565.02,4.98,498.24,9.13,912.96,107.73,0.33,217.76,0.67,3,2,4
PO1000004946,"2021,2020",GAGAH PUTERA SATRIA (GPS),BUANA KARYA BHAKTI,BATULAKI,Not RSPO Certified,,3/31/23,-3.67,115.48,"-3.673, 115.481",IDN,Indonesia,Kalimantan Selatan,Tanah Bumbu,2-High Confidence,,850.28,85027.5,867.42,1361.72,136171.62,5.61,560.52,4.3,429.66,9.97,996.93,14.61,1460.88,6.13,613.35,14,1400.04,5.97,597.15,5.23,522.63,24.04,2404.08,26.63,2663.28,13.03,1303.11,23.32,2332.17,18.01,1800.9,34.59,3458.97,35.37,3537.18,22.13,2212.74,17.78,1778.4,12.77,1277.19,11.7,1169.73,5.41,541.44,6.44,644.31,9.15,915.3,326.2,0.38,524.08,0.62,3,3,3
PO1000004948,"2020,2021,2019",PTPN III,PERKEBUNAN NUSANTARA III,SEI SILAU,RSPO Certified,"RSPO Certified, MB",3/31/23,2.9,99.51,"2.90205, 99.5094",IDN,Indonesia,Sumatera Utara,Asahan,1-Fully Verified,,433.94,43393.86,485.25,957.64,95764.5,5.33,532.71,7.9,789.57,15.17,1517.31,17.01,1701.18,27.48,2748.24,14.82,1481.76,5.12,511.83,1.03,103.32,21.35,2135.34,9.53,952.74,19.69,1969.2,6.53,652.68,9.52,951.93,11.91,1190.61,11.23,1122.84,12.26,1226.43,5.68,568.35,2.43,243,8.09,809.28,6.43,642.78,11.21,1121.13,4.99,499.32,234.72,0.54,199.22,0.46,3,3,3
PO1000004955,2020,AGROPALMA,AGROPALMA,PARAPALMA,Not RSPO Certified,,3/31/23,-2.54,-48.71,"-2.543461, -48.706247",BRA,Brazil,Pará,Tailândia,1-Fully Verified,,1909.13,190913.22,1937.88,3362.52,336251.97,27.64,2764.44,48.59,4858.56,8.38,837.9,18.01,1800.99,35.83,3583.26,34.46,3445.92,27.78,2778.3,45.14,4514.04,29.85,2985.48,48.63,4863.24,27.68,2768.04,4.88,488.34,52.25,5225.13,22.31,2231.19,27.98,2798.28,80.86,8085.6,48.49,4848.84,106.37,10637.37,40.22,4022.28,35.95,3594.69,39.39,3939.12,38.55,3854.7,849.26,0.44,1059.88,0.56,3,3,3
PO1000004976,2020,UNKNOWN,"S.P.O AGRO-INDUSTRIES CO, LTD","S.P.O.AGRO-INDUSTRIES CO.,LTD.(SICHON)",RSPO Certified,"RSPO Certified, MB",3/31/23,8.98,99.88,"8.975167, 99.879517",THA,Thailand,Nakhon Si Thammarat,Sichon,1-Fully Verified,,1567.11,156711.24,2251.6,4037.86,403785.99,7.93,792.81,7.26,726.12,4.11,411.48,11.91,1191.33,11.85,1185.48,18.6,1860.03,8.83,882.72,25.3,2530.35,18.85,1884.69,29.38,2938.32,24.14,2413.53,21.52,2152.08,10.61,1060.83,21.95,2194.74,27.86,2785.86,41.29,4128.84,46.46,4646.07,42.84,4284.09,41.78,4177.8,31.13,3113.19,37.68,3768.48,35.68,3568.23,526.97,0.34,1040.14,0.66,3,2,4
PO1000005100,"2019,2020,2021",KUALA LUMPUR KEPONG (KLK),PARIT SEMBADA,PARIT SEMBADA,RSPO Certified,"RSPO Certified, MB",3/31/23,-2.74,108,"-2.739621, 108.001782",IDN,Indonesia,Bangka Belitung,Belitung Timur,1-Fully Verified,,450.02,45001.89,534.36,1426.04,142603.65,1.24,123.75,2.06,206.28,9.89,989.1,26.72,2671.92,8.89,888.93,35.46,3545.91,8.73,872.73,12.1,1209.96,15.2,1519.74,2.69,269.19,17.49,1748.61,20.63,2062.62,6.88,687.69,9.8,979.74,8.64,863.82,6.92,691.83,3.24,323.55,3.26,326.07,5.5,549.81,9.86,985.68,5.45,544.95,4.91,491.4,225.53,0.5,224.49,0.5,3,3,3
PO1000005106,"2021,2019,2020",UNKNOWN,NIKMAT HALONA REKSA,SEBERIDA,Not RSPO Certified,,3/31/23,-0.73,102.52,"-0.734713, 102.524086",IDN,Indonesia,Riau,Indragiri Hulu,1-Fully Verified,,463,46300.41,441.54,1178.4,117840.06,12.69,1269.09,9.11,911.07,2.7,269.73,13.81,1381.05,42.78,4278.33,8.05,805.41,5.47,546.75,10.11,1011.33,6.42,642.42,30.11,3010.59,2.24,223.92,9.71,971.1,2.97,296.64,5.88,588.24,5.53,552.6,8.43,843.21,4.47,446.94,3,299.97,2.81,281.34,2.2,219.6,3.93,392.94,4.18,418.23,196.6,0.42,266.4,0.58,3,3,3
PO1000005117,2020,MANUELITA,ACEITES MANUELITA,ACEITES MANUELITA S.A. (YAGUARITO),RSPO Certified,"RSPO Certified, MB",3/31/23,3.88,-73.34,"3.882933, -73.341206",COL,Colombia,Meta,San Carlos de Guaroa,1-Fully Verified,,110.54,11054.16,241.83,379.68,37967.67,0.29,29.34,0.8,80.1,0.52,52.02,1.2,119.79,0.6,59.58,1.38,137.61,0.04,3.6,0.16,16.02,0.43,42.57,0.59,58.95,2.33,233.28,0.82,81.63,0.52,52.47,3.36,336.33,2.73,272.97,4.45,444.6,2.29,228.69,5.05,504.9,3.36,335.79,4.55,454.59,4.2,420.12,1.98,198.18,41.63,0.38,68.91,0.62,4,3,4
PO1000005128,"2020,2019,2021",PTPN III,PERKEBUNAN NUSANTARA V,SEI ROKAN,RSPO Certified,"RSPO Certified, MB",3/31/23,0.73,100.58,"0.7257222, 100.57898",IDN,Indonesia,Riau,Rokan Hulu,1-Fully Verified,,88.7,8870.04,88.73,88.38,8838,0.2,19.71,0.23,23.49,0.01,1.44,7.87,786.96,9.69,969.39,15.62,1561.5,6.51,650.61,1.98,197.73,5.9,589.86,10.44,1043.73,6.38,638.28,11.5,1150.38,0.12,11.97,0.17,16.92,0.34,33.75,0.29,28.53,0.63,62.82,0.72,72.27,0.23,23.4,0.29,29.43,0.15,15.12,0.14,13.95,79.41,0.9,9.29,0.1,1,5,1
PO1000005145,"2020,2021,2019",UNKNOWN,NAULI SAWIT,NAULI SAWIT,Not RSPO Certified,,3/31/23,2.08,98.31,"2.084092, 98.312222",IDN,Indonesia,Sumatera Utara,Tapanuli Tengah,1-Fully Verified,,2617.31,261731.43,2700.7,4720.25,472024.71,9.87,986.76,5.86,585.63,9.6,959.67,8.52,851.85,18.87,1886.94,33.47,3347.46,15.84,1583.91,33.74,3373.56,25.28,2528.19,39.21,3920.94,18.62,1861.83,24.35,2434.86,23.37,2337.03,34.99,3499.11,17.74,1774.17,24.25,2425.14,24.2,2420.01,28.52,2852.01,15.86,1586.25,18.28,1827.54,24.84,2483.55,28.02,2802.33,483.29,0.18,2134.03,0.82,3,1,3
PO1000005155,"2019,2021,2020",MAKIN,KATINGAN INDAH UTAMA,KABUAU,Not RSPO Certified,,3/31/23,-2.11,112.75,"-2.11044, 112.74684",IDN,Indonesia,Kalimantan Tengah,Kotawaringin Timur,2-High Confidence,,113.44,11343.78,133.42,226.87,22686.66,0.62,61.56,2.83,282.51,24.09,2408.94,27.32,2732.13,0.17,17.01,1.78,177.84,0.85,84.78,0.77,77.22,1.12,112.5,0.57,56.79,0.8,80.46,2.81,281.16,1.2,119.7,1.82,181.8,2.2,220.32,2.05,204.75,0.35,35.19,0.31,31.32,0.44,43.92,0.31,30.78,0.49,48.6,0.75,75.06,73.64,0.65,39.79,0.35,2,4,2
PO1000005202,"2020,2019",ANDIKA,ANDIKA PERMATA SAWIT LESTARI,ANDIKA PERMATA SAWIT LESTARI,Not RSPO Certified,,3/31/23,1.09,100.78,"1.089, 100.776",IDN,Indonesia,Riau,Rokan Hulu,1-Fully Verified,,118.47,11846.61,133.13,138.35,13835.43,1.9,189.72,9.4,940.41,4.27,426.51,6,599.58,19.91,1990.71,25.03,2502.99,5.88,588.24,5.01,501.39,3.1,309.69,1.16,116.1,1.45,145.26,4.45,445.32,5.67,566.73,4.36,435.87,0.33,33.3,1.34,134.19,1.75,174.87,1.58,158.13,1.85,184.68,0.6,59.85,0.62,61.56,0.27,27.27,105.92,0.89,12.54,0.11,2,5,1
PO1000005203,"2020,2019,2021",ASTRA AGRO LESTARI,SURYAINDAH NUSANTARA PAGI,SURYA INDAH NUSANTARA PAGI,Not RSPO Certified,,3/31/23,-2.26,111.98,"-2.255, 111.976",IDN,Indonesia,Kalimantan Tengah,Kotawaringin Barat,1-Fully Verified,,243.55,24355.26,321.01,767.05,76704.75,2.96,295.65,7.49,748.71,4.41,441.45,14.3,1429.74,8.39,838.53,18.13,1813.41,8.19,818.91,14.63,1463.22,9.92,992.07,6.01,600.57,6.05,605.07,7.27,726.66,5.41,541.26,15.44,1543.59,10.34,1034.37,11.22,1121.67,8.22,821.79,1.92,191.79,3.28,328.05,4.77,477.45,3,300.33,3.43,342.72,174.77,0.72,68.78,0.28,3,4,3
PO1000005204,2020,UNKNOWN,KENCANA KATARA KEWALA,KENCANA KETARA KEWALA,Not RSPO Certified,,3/31/23,-3.36,101.83,"-3.363583, 101.826889",IDN,Indonesia,Bengkulu,Bengkulu Utara,1-Fully Verified,,951.6,95160.42,969.92,4206.01,420600.96,7.44,744.39,4.09,408.69,4.13,413.19,11.31,1131.21,4.47,447.39,8.29,829.17,5.33,532.8,9.36,935.64,22.08,2207.61,11.19,1118.97,10.14,1013.58,7.76,776.34,5.98,598.23,9.26,925.56,7.38,737.55,8.7,870.12,12.01,1200.69,10.29,1028.7,7.41,741.24,6.24,624.24,11.19,1118.61,15.53,1552.68,199.57,0.21,752.04,0.79,3,1,3
PO1000005205,"2020,2021",TIANJIN JULONG,GRAND MANDIRI UTAMA,SEJAHTERA,Not RSPO Certified,,3/31/23,0.47,111.21,"0.469845, 111.211969",IDN,Indonesia,Kalimantan Barat,Sekadau,1-Fully Verified,,1610.92,161092.44,1905.93,3034.51,303451.02,22.32,2232,28.88,2888.1,17.73,1772.64,25.49,2548.89,17.65,1764.63,17.92,1791.63,23.68,2367.72,52.1,5210.37,31.54,3154.5,31.79,3178.62,45.82,4582.35,56.31,5631.48,18.56,1855.89,42.92,4291.65,36.6,3659.58,79.88,7988.4,34.65,3464.82,52.45,5244.57,49.2,4920.12,42.98,4297.5,28.58,2857.77,31.36,3136.23,788.39,0.49,822.53,0.51,3,3,3
PO1000005206,"2020,2021,2019",UNKNOWN,BENGKULU SAWIT LESTARI,BENGKULU SAWIT LESTARI,Not RSPO Certified,,3/31/23,-4.53,103.06,"-4.533458, 103.0570027",IDN,Indonesia,Bengkulu,Bengkulu Selatan,1-Fully Verified,,534.68,53468.46,556.74,1512.54,151254.27,4.01,400.68,3.98,397.98,1.56,156.06,9.75,974.52,5.47,547.02,10.67,1067.04,1.83,183.33,8.84,884.25,3.64,364.32,5.15,514.89,5.01,500.94,10.95,1095.48,2.84,283.68,6.36,635.85,10.37,1036.53,11.51,1151.46,10.68,1068.39,13.38,1338.03,11.09,1108.71,8.51,850.86,6.14,614.16,10.41,1040.67,162.15,0.3,372.54,0.7,3,2,3
PO1000005208,"2019,2020,2021",FANGIONO AGRO PLANTATION,KARANG JUANG HIJAU LESTARI,KARANG JUANG HIJAU LESTARI,Not RSPO Certified,,3/31/23,4.04,116.93,"4.036, 116.927",IDN,Indonesia,Kalimantan Timur,Nunukan,1-Fully Verified,,2815.01,281500.83,2644.42,7848.01,784800.99,24.63,2463.03,7.81,780.93,6.37,637.2,8.08,808.2,12.91,1290.51,13.76,1376.19,10.28,1028.34,75.89,7589.34,71.03,7102.53,14.1,1410.03,11.75,1175.04,16.53,1652.58,18.61,1861.11,47.95,4795.38,51.11,5111.28,20.47,2046.51,36.4,3640.32,41.71,4170.69,41.44,4144.14,33.48,3347.64,47.16,4716,35.29,3528.72,646.76,0.23,2168.25,0.77,3,1,3
PO1000005210,"2020,2021,2019",MEDCO AGRO,CIPTATANI KUMAI SEJAHTERA,CIPTATANI KUMAI SEJAHTERA,Not RSPO Certified,,3/31/23,-2.18,112.03,"-2.1839, 112.034267",IDN,Indonesia,Kalimantan Tengah,Seruyan,2-High Confidence,,208.41,20841.21,315.08,549.85,54985.23,7.32,732.06,8.06,806.31,0.73,73.08,39.38,3938.49,23.17,2316.96,11.58,1157.85,12.93,1292.94,8.97,896.58,6.17,616.77,4.53,453.42,7.11,710.82,5.95,594.63,2.47,247.14,5.7,570.42,6.07,606.6,6.51,651.06,2.23,223.02,1.35,135.36,1.13,112.59,2.8,279.72,3.7,369.99,1.45,144.72,169.31,0.81,39.11,0.19,3,5,2
PO1000005212,"2019,2020,2021",UNKNOWN,PERKEBUNAN SUMATERA UTARA,TANJUNG KASAU,Not RSPO Certified,,3/31/23,3.3,99.28,"3.301, 99.276",IDN,Indonesia,Sumatera Utara,Batu Bara,1-Fully Verified,,10.2,1019.79,15.08,38.13,3813.21,0.36,35.73,0.16,15.75,0.05,4.86,0.57,57.42,0.34,33.84,0.19,18.54,0.21,21.15,0.19,19.44,0.18,17.91,0.11,10.62,0.02,2.43,0.27,26.91,0,0.36,0.03,2.79,0.06,6.48,0.04,4.14,0.01,1.26,0.06,5.58,0.58,57.87,0.83,82.71,0.28,28.26,0.05,5.04,4.59,0.45,5.61,0.55,3,3,3
PO1000005218,2020,CILIANDRY ANKY ABADI,TIRTA MADU,TIRTA MADU,Not RSPO Certified,,3/31/23,1.04,104.6,"1.036278, 104.596081",IDN,Indonesia,Kepulauan Riau,Bintan,1-Fully Verified,,967.36,96736.41,1618.26,6791.08,679108.14,2.98,297.54,12.87,1286.55,5.24,523.53,7.42,742.05,28.08,2807.73,11.06,1106.37,8.53,852.75,11.05,1104.84,10.87,1086.57,12.47,1247.31,16.69,1669.23,27.38,2737.71,15.42,1542.42,65.46,6546.33,20.9,2089.53,26.59,2659.41,35.81,3581.1,35.21,3521.43,40.12,4012.38,30.48,3048.21,16.59,1659.33,10.3,1030.5,451.53,0.47,515.84,0.53,3,3,3
PO1000005219,"2020,2019",FANGIONO AGRO PLANTATION,TIRTAMADU SAWIT JAYA,TIRTAMADU SAWIT JAYA,Not RSPO Certified,,3/31/23,4.11,117.04,"4.114175, 117.040539",IDN,Indonesia,Kalimantan Timur,Nunukan,1-Fully Verified,,422.32,42232.23,386.96,714.01,71400.69,0.29,28.53,3.24,324.45,1.38,137.7,3.91,390.69,1.17,117.27,2.36,236.16,3.2,320.22,20.57,2057.13,67.66,6765.75,23.73,2373.21,14.52,1451.88,12.8,1279.62,5.43,542.52,3.82,381.96,8.66,866.34,7.37,736.65,7.44,743.94,6.32,632.34,7.91,791.1,4.69,468.99,4.57,456.66,9.98,997.74,221.01,0.52,201.31,0.48,3,3,3
PO1000005222,"2019,2021,2020",TRIPUTRA AGRO PERSADA,FIRST LAMANDAU TIMBER INTERNATIONAL,FIRST LAMANDAU TIMBER INTERNATIONAL,Not RSPO Certified,,3/31/23,-1.85,111.47,"-1.85017, 111.46939",IDN,Indonesia,Kalimantan Tengah,Lamandau,1-Fully Verified,,1959.36,195935.85,1772.16,4667.76,466776.36,5.97,597.06,3.88,387.54,0.81,80.64,5.98,598.5,13.58,1357.92,14.06,1405.98,10.82,1082.43,1.95,194.67,11.76,1176.03,8.79,878.67,20.36,2036.43,32.05,3205.17,6,599.94,14.72,1472.49,16.63,1662.93,14.79,1478.61,9.57,956.52,8.14,813.78,11.43,1143.45,10.54,1053.63,3.92,392.4,5.26,526.05,231.01,0.12,1728.35,0.88,1,1,3
PO1000005246,"2020,2021,2019",HARN LEN CORPORATION BHD,MASRANTI PLANTATION SDN BHD,MASRANTI,Not RSPO Certified,,3/31/23,1.12,110.82,"1.11605, 110.824503",MYS,Malaysia,Sarawak,Serian,2-High Confidence,,1769.01,176900.67,1750.34,3043.24,304323.84,5.97,596.7,5.96,596.07,14.9,1490.31,32.36,3235.77,29.86,2985.66,16.86,1685.52,21.19,2119.05,48.49,4848.57,44.31,4430.88,39.85,3984.66,53.46,5345.73,73.83,7383.42,44.07,4407.03,71.98,7198.47,41.04,4104.45,32.22,3221.64,22.29,2229.12,20.04,2004.3,16.16,1615.95,8.96,895.77,14.22,1421.73,12.48,1248.12,670.49,0.38,1098.52,0.62,2,3,3
PO1000005256,"2019,2021,2020",KULIM (MALAYSIA) BERHAD,MAHAMURNI PLANTATIONS SDN BHD,PASIR PANJANG,RSPO Certified,"RSPO Certified, IP",3/31/23,2.02,103.95,"2.018014, 103.948577",MYS,Malaysia,Johor,Kota Tinggi,1-Fully Verified,,41.93,4193.19,41.95,35.85,3584.7,0.05,4.59,0.31,30.69,0,0,0.06,6.03,2.74,274.32,1.92,191.88,1.85,184.95,0.36,36.45,0.34,34.11,1.08,108.09,3.28,328.32,1.58,157.77,7.37,736.74,8.53,852.84,1.84,183.69,2.38,237.78,4.61,460.62,4.51,450.54,1.52,152.01,0.32,32.4,0,0,0,0,41.93,1,0,0,1,5,1
PO1000005281,"2020,2021,2019",WILMAR GROUP,MURINI SAMSAM,MURINI SAM-SAM KANDIS,RSPO Certified,"RSPO Certified, MB",3/31/23,1.06,101.24,"1.060361, 101.239417",IDN,Indonesia,Riau,Bengkalis,1-Fully Verified,,117.24,11724.12,151.81,232.15,23215.05,1.75,175.14,2.87,286.56,0.82,81.9,10.7,1070.37,19.51,1950.84,19.6,1960.02,4.16,415.89,8.79,879.3,7.49,748.71,2.79,278.64,0.48,48.33,3.48,348.48,0.44,43.83,1.15,114.66,0.14,13.77,0.54,54.09,1.33,133.38,1.44,143.91,0.55,54.9,7.15,714.6,4.01,401.4,0.36,35.73,99.54,0.85,17.7,0.15,3,5,3
PO1000005302,2020,BUMITAMA GUNAJAYA AGRO (BGA),KARYA MAKMUR BAHAGIA,BUKIT MAKMUR,RSPO Certified,"RSPO Certified, MB",3/31/23,-1.57,112.72,"-1.567778, 112.72111",IDN,Indonesia,Kalimantan Tengah,Kotawaringin Timur,1-Fully Verified,,215.77,21577.41,242.32,354.41,35441.01,3.4,339.93,4.06,405.99,0.9,90.45,4.02,401.85,1.96,195.57,9.22,921.87,12.84,1284.48,13.86,1385.73,6.84,683.91,25.18,2517.93,9.5,950.49,17.38,1737.81,4.41,441,7.29,729.36,2.16,215.64,4.46,446.4,2.76,276.48,1.99,198.72,1.49,149.49,0.94,93.96,0.76,76.14,2.64,263.79,138.07,0.64,77.7,0.36,2,4,3
PO1000005375,"2020,2021",UNKNOWN,"THAI TALLOW AND OIL CO, LTD",THAITALLOW AND OIL CO.LTD (SITE 2),RSPO Certified,"RSPO Certified, MB",3/31/23,8.61,99,"8.6137028, 98.99985",THA,Thailand,Surat Thani,Prasaeng,1-Fully Verified,,285.38,28538.19,364.44,934.4,93440.16,4.18,417.96,4.01,400.59,2.35,234.72,5.05,505.26,3.71,371.25,8.43,842.94,5.81,581.4,3.69,369,6.95,695.25,11.98,1198.26,5.18,517.5,4.85,485.46,7.26,725.76,13.31,1331.1,12,1200.42,14.8,1479.6,29.67,2967.12,18.05,1804.68,13.01,1301.13,12.11,1210.95,14.35,1434.69,11.1,1109.7,211.85,0.74,73.53,0.26,5,4,3
PO1000005442,"2021,2020",PTPN III,PERKEBUNAN NUSANTARA VI,RIMBU DUA,RSPO Certified,"RSPO Certified, MB",3/31/23,-1.38,102.17,"-1.3777, 102.1677",IDN,Indonesia,Jambi,Tebo,1-Fully Verified,,805.06,80506.44,975.7,1864.52,186451.74,6.38,638.28,6.1,610.29,3.72,371.61,11.1,1110.42,8.34,834.48,24.66,2466.18,13.59,1358.55,5.74,573.66,16.12,1612.08,5.91,590.67,8.46,845.55,9.94,994.14,5.31,530.82,6.98,697.59,10.95,1094.85,12.45,1245.15,14.37,1437.12,8.34,833.94,15.81,1581.03,14.55,1454.85,16.3,1630.44,21.84,2183.76,246.95,0.31,558.11,0.69,3,2,4
PO1000005521,"2020,2021,2019",GENTING PLANTATIONS,GENTING SDC SDN BHD,GENTING TANJUNG,RSPO Certified,"RSPO Certified, MB",3/31/23,5.42,118.27,"5.422626, 118.273154",MYS,Malaysia,Sabah,Kinabatangan,1-Fully Verified,ASIATIC SRI TANJUNG,111.02,11101.95,133.66,176.34,17634.42,0.1,10.44,2.99,299.07,0.02,2.07,4.65,464.76,3.52,352.17,0.99,98.55,0.55,55.17,2.5,249.57,0.05,5.49,0.46,45.72,0.02,1.8,0.18,17.55,0.5,49.5,3.01,301.05,3.28,328.05,2,199.98,1.91,191.25,6.31,631.26,7.13,712.8,3.41,341.01,15.29,1529.1,13.97,1396.8,72.83,0.66,38.19,0.34,5,4,5
PO1000005560,2020,NATURACEITES S.A.,NATURACEITES S.A.,PANACTE,RSPO Certified,"RSPO Certified, IP",3/31/23,15.31,-89.62,"15.307381, -89.617156",GTM,Guatemala,Izabal,El Estor,1-Fully Verified,,4087.63,408762.72,4642.52,8108.88,810887.94,22.47,2246.94,34.98,3498.48,11.49,1149.39,17.56,1756.44,22.61,2261.16,10.91,1091.25,31.92,3191.85,26.45,2644.83,24.9,2489.58,31.69,3168.9,22.89,2288.61,49,4899.78,41.7,4169.79,33.73,3373.2,31.3,3129.93,234.56,23455.98,105.14,10513.71,89.93,8992.53,90.22,9021.87,92.46,9246.42,70.89,7088.67,51.14,5113.71,1147.93,0.28,2939.7,0.72,3,2,3
PO1000005580,"2020,2019,2021",SAMPOERNA AGRO,SELAPAN JAYA,SELAPAN JAYA,RSPO Certified,"RSPO Certified, MB",3/31/23,-3.71,105.1,"-3.7076028, 105.097086",IDN,Indonesia,Sumatera Selatan,Ogan Komering Ilir,1-Fully Verified,,138.96,13895.73,251.62,506.1,50609.61,0.4,40.41,1,99.9,1.74,174.33,1.42,141.57,2.41,240.84,1.2,119.7,2.17,216.99,0.67,67.05,2.16,215.91,0.63,63,1.35,135.18,2.08,207.81,0.58,58.5,2.45,244.62,1.3,129.96,1.53,152.64,9.55,955.35,9.61,960.75,5.33,532.8,20.3,2030.13,10.73,1073.43,20.4,2039.76,99.01,0.71,39.95,0.29,5,4,5
PO1000005713,"2020,2021,2019",TSH RESOURCES,TSH PLANTATION MANAGEMENT SDN BHD,LAHAD DATU,Not RSPO Certified,,3/31/23,5.32,118.04,"5.3194167, 118.042722",MYS,Malaysia,Sabah,Kinabatangan,1-Fully Verified,,68.83,6883.11,100.57,141.7,14170.05,0.82,81.63,0.42,42.12,0.97,97.47,0.71,70.56,0.06,5.76,0.17,17.19,0.01,1.17,1.28,127.89,0.43,43.2,6.25,624.69,0.48,47.52,3.44,343.62,0.87,87.21,4.96,496.17,2.49,249.12,2.48,248.13,3.02,302.13,3.33,333,9.4,940.5,10.61,1061.19,0.58,58.5,0.52,51.66,53.3,0.77,15.53,0.23,2,4,2
PO1000005793,"2020,2019,2021",KUALA LUMPUR KEPONG (KLK),JABONTARA EKA KARSA,JABON,RSPO Certified,"RSPO Certified, MB",3/31/23,1.24,118.34,"1.243126, 118.338642",IDN,Indonesia,Kalimantan Timur,Berau,1-Fully Verified,,1559.87,155986.92,1453.74,3303.14,330313.5,5.57,556.83,1.94,194.31,1.07,106.65,3.09,309.06,4.45,444.96,22.19,2219.31,10.74,1073.7,1.78,178.02,8.57,857.43,2.2,220.05,30.93,3093.39,80.59,8058.6,8,800.37,26.19,2619.27,15.96,1595.61,21.84,2184.48,24.11,2410.56,13.9,1390.32,10.24,1023.57,3.53,352.71,3.02,301.77,12.16,1216.17,312.07,0.2,1247.8,0.8,2,1,3
PO1000005803,"2020,2021,2019",KUALA LUMPUR KEPONG (KLK),LANGKAT NUSANTARA KEPONG,STABAT,RSPO Certified,"RSPO Certified, IP, MB",3/31/23,3.76,98.39,"3.759722, 98.393056",IDN,Indonesia,Sumatera Utara,Langkat,1-Fully Verified,,59.85,5985,93.18,205.13,20512.71,0.19,19.08,0.06,5.85,4.08,408.24,1.48,148.14,0.19,18.54,2.86,286.2,0.51,50.76,0.01,0.63,4.17,417.15,0.78,77.94,2.07,206.91,6.59,658.89,0.08,8.19,1.71,171.18,3.38,338.49,1.95,195.39,3.05,305.01,2.03,202.95,0.67,66.6,1.43,142.92,2.05,204.75,0.83,82.98,40.17,0.67,19.68,0.33,4,4,3
PO1000005868,"2020,2019,2021",PTPN III,PERKEBUNAN NUSANTARA IV,DOLOK SINUMBAH,RSPO Certified,"RSPO Certified, MB",3/31/23,3.11,99.33,"3.1129, 99.327311",IDN,Indonesia,Sumatera Utara,Simalungun,1-Fully Verified,,23.47,2347.38,42.46,67.24,6724.17,2.61,261.18,0.6,59.67,0.5,50.31,0.43,42.66,0.53,53.28,0.35,35.28,1.9,189.63,0.04,4.14,0.38,38.34,1.2,119.61,0.14,14.13,0.26,26.28,0.07,7.2,0.15,14.58,0.18,18.36,0.52,52.38,0.32,31.95,0.15,15.12,0.5,49.86,0.3,29.97,0.59,59.04,0.15,14.94,11.88,0.51,11.59,0.49,3,3,3
PO1000006136,2020,GRUPO HAME,OLMECA,ATLÁNTIDA S.A.,RSPO Certified,"RSPO Certified, IP",3/31/23,14.64,-92.15,"14.636667, -92.148417",GTM,Guatemala,San Marcos,Ayutla,1-Fully Verified,,1487.83,148782.96,2806.03,5733.92,573391.71,4.02,402.3,8.15,815.13,0,0,0,0.27,0.01,0.9,0.01,0.81,0,0.09,26.47,2646.81,13.69,1369.44,7.48,748.08,6.72,671.85,10.12,1011.96,9.66,966.33,15.89,1589.04,5.28,528.12,23.16,2316.42,8.52,852.3,11.12,1111.86,10.72,1072.44,10.98,1097.64,14.12,1411.56,8.49,848.52,194.62,0.13,1293.21,0.87,2,1,3
PO1000006137,2020,AGROAMERICA,AGROACEITE SA,EXTRACTORA AGROACEITE,RSPO Certified,"RSPO Certified, IP",3/31/23,14.56,-92.01,"14.555208, -92.006",GTM,Guatemala,Quezaltenango,Coatepeque,1-Fully Verified,,515.39,51538.77,2110.7,5129.19,512919.09,2.39,239.4,5.75,575.01,1.46,146.16,3.39,339.48,1.89,188.91,2.07,207.18,3.02,302.04,9.28,927.63,3.38,338.31,3.85,385.2,3.06,305.82,4.12,412.02,2.73,273.33,1.9,190.26,2.48,247.86,9.71,970.83,6.13,613.08,4.99,499.41,5.04,504.18,11.16,1115.73,6.49,649.08,4.91,490.95,99.22,0.19,416.17,0.81,3,1,3
PO1000006138,2020,GRUPO HAME,SANTA ROSA S.A.,SANTA ROSA I,RSPO Certified,"RSPO Certified, IP",3/31/23,14.22,-91.4,"14.218639, -91.398472",GTM,Guatemala,Escuintla,Tiquisate,1-Fully Verified,,1535.9,153589.77,4060.32,7149.75,714975.39,3.79,378.9,6.11,610.92,10.27,1027.17,12.08,1207.71,7.03,702.63,7.36,736.38,24.54,2454.3,13.22,1322.28,11.49,1148.58,9.51,951.21,6.42,642.42,28.44,2843.64,8.68,867.69,10.18,1018.44,9.89,988.65,25.84,2583.81,13.93,1393.38,13.66,1365.66,16.45,1645.2,16.68,1668.06,14.98,1498.23,12.82,1282.5,283.38,0.18,1252.52,0.82,3,1,3
PO1000006144,"2020,2021,2019",UNKNOWN,TEGUH KARSA WANALESTARI,BUNGA RAYA,Not RSPO Certified,,3/31/23,0.93,102.02,"0.92772, 102.02125",IDN,Indonesia,Riau,Siak,1-Fully Verified,,2329.19,232919.01,2397.62,3387.38,338737.5,37.89,3788.82,55.92,5591.7,4.16,415.53,78.34,7834.14,122.65,12265.11,23.27,2327.04,161.75,16175.16,43.45,4344.66,98.86,9885.78,158.09,15808.86,164.56,16455.6,139.19,13919.22,57.76,5776.11,186.88,18688.32,46.82,4682.25,49.45,4944.69,45.72,4572,27.55,2754.81,27.27,2727.18,22.96,2295.81,23.47,2346.93,25.59,2558.88,1601.59,0.69,727.6,0.31,3,4,3
PO1000006145,2020,IJM PLANTATIONS BERHAD,INDONESIA PLANTATION SYNERGY,INDONESIA PLANTATION SYNERGY,Not RSPO Certified,,3/31/23,0.79,118,"0.786111, 117.998389",IDN,Indonesia,Kalimantan Timur,Kutai Timur,1-Fully Verified,,13.55,1355.04,25.29,80.12,8012.25,0.12,12.42,0.07,7.02,0,0.18,0.06,6.3,0.1,9.72,0.02,1.62,0.21,21.42,0.02,1.53,0.7,69.84,1.05,104.67,1.1,109.62,0.78,78.03,0.12,11.79,0.11,11.07,0.3,30.42,1.14,114.12,0.08,7.56,1.73,172.62,0.44,44.28,0.04,4.41,0.05,5.22,0.17,17.46,8.41,0.62,5.14,0.38,2,3,3
PO1000006147,"2020,2021,2019",PTPN III,PERKEBUNAN NUSANTARA V,SEI INTAN,RSPO Certified,"RSPO Certified, MB",3/31/23,0.78,100.61,"0.7838056, 100.6116389",IDN,Indonesia,Riau,Rokan Hulu,1-Fully Verified,,145.72,14572.17,157.33,253.51,25351.2,0.3,30.24,2.22,221.58,0.17,17.19,3.73,372.69,2.12,212.4,1.98,198.09,6.54,654.48,4.53,452.52,16.33,1632.87,5.24,523.53,3.87,386.55,20.26,2026.35,3.66,365.58,0.55,55.26,0.4,39.87,0.73,72.81,3.62,361.62,0.84,84.42,10.03,1003.05,17.84,1784.16,1.39,138.87,1.88,188.46,108.23,0.74,37.5,0.26,3,4,3
PO1000006150,"2020,2019,2021",BIMA PALMA,BIMA PALMA NUGRAHA,TEPIAN LANGSAT,Not RSPO Certified,,3/31/23,0.75,117.41,"0.751819, 117.405166",IDN,Indonesia,Kalimantan Timur,Kutai Timur,1-Fully Verified,,810.1,81009.72,816.17,1400.73,140072.67,2.99,298.62,2.24,223.83,0.58,57.78,2.77,276.93,1.09,109.35,0.84,84.15,2.09,208.8,21.66,2166.3,28.58,2858.13,19.6,1959.57,8.81,881.19,10.68,1068.48,1.83,182.79,2.05,204.57,10.44,1044,22.2,2220.12,29.32,2932.2,8.47,847.26,4.94,494.19,3.71,371.43,2.13,212.58,3.95,394.56,190.97,0.24,619.13,0.76,2,1,3
PO1000006152,"2021,2020,2019",UNKNOWN,RIAU KAMPAR SAHABAT SEJATI,SUKARAMAI,Not RSPO Certified,,3/31/23,0.66,100.9,"0.6588611, 100.8966944",IDN,Indonesia,Riau,Kampar,1-Fully Verified,,116.92,11691.99,181.03,457.86,45785.61,0.61,60.57,0.67,66.69,1.3,130.23,2.09,208.71,1.44,144.36,0.51,50.76,0.33,33.03,0.44,43.92,0.78,78.12,0.17,17.19,0.81,81.27,5.68,567.72,2.82,282.15,0.36,36.27,1.05,105.03,1.23,122.76,3.96,395.55,3.33,333.27,3.38,337.95,25.8,2579.76,18.18,1817.55,3.54,354.33,78.47,0.67,38.45,0.33,5,4,5
PO1000006153,"2020,2019,2021",UNKNOWN,PERSADA NUSA NABATI INDONESIA,PERSADA NUSA NABATI INDONESIA,Not RSPO Certified,,3/31/23,0.65,101.49,"0.648558, 101.485061",IDN,Indonesia,Riau,Pekanbaru,1-Fully Verified,,240.38,24038.37,344.84,772.65,77264.82,3.02,302.31,10.45,1045.44,7.12,712.17,28.84,2884.05,19.05,1905.12,12.38,1237.68,11.13,1112.94,9.29,928.8,17.39,1739.16,18.04,1804.5,5.8,579.78,12.58,1257.75,3.17,316.8,4.28,427.86,3.02,301.5,4.13,412.65,8.17,816.93,3.32,331.65,1.85,185.13,3.47,346.59,2.82,281.7,1.15,114.75,190.45,0.79,49.93,0.21,2,4,2
PO1000006156,"2020,2021,2019",EAGLE HIGH PLANTATIONS,SAWIT SUKSES SEJAHTERA,SAWIT SUKSES SEJAHTERA,Not RSPO Certified,,3/31/23,0.42,116.49,"0.41975, 116.49",IDN,Indonesia,Kalimantan Timur,Kutai Timur,1-Fully Verified,,1425.21,142520.67,1715.82,3371.58,337157.55,1.42,141.84,9.87,987.48,0.58,57.51,4.48,448.2,1.48,147.69,11.43,1142.82,3.34,333.72,9.4,940.14,23,2299.5,42.3,4230.27,113.62,11362.23,65.32,6532.38,16.74,1674.09,11.34,1133.64,14.07,1407.24,134.12,13411.62,23.93,2392.65,13.82,1382.13,50.62,5062.14,99.77,9976.68,30.21,3020.85,1.84,184.41,682.69,0.48,742.51,0.52,3,3,3
PO1000006158,2020,BOUSTEAD PLANTATIONS BERHAD,BOUSTEAD PLANTATIONS BHD,LEPAN KABU KKS,Not RSPO Certified,,3/31/23,5.48,102.22,"5.482125, 102.219672",MYS,Malaysia,Kelantan,Kuala Krai,1-Fully Verified,,1468.16,146815.74,1459.87,2638.84,263883.69,9.35,934.74,5.66,565.74,5,499.5,5.59,558.72,8.47,847.26,7.96,795.78,22.34,2233.8,7.94,793.89,43.28,4327.92,33.41,3340.53,27.56,2756.34,61.16,6115.59,21.49,2148.66,57.62,5761.71,28.15,2815.47,23.67,2367.45,33.91,3391.29,33.41,3341.34,55.19,5518.53,31.65,3164.76,34.83,3483.18,34.9,3490.11,592.52,0.4,875.63,0.6,3,3,4
PO1000006159,"2020,2019,2021",PTPN III,PERKEBUNAN NUSANTARA V,SUNGAI PAGAR,RSPO Certified,"RSPO Certified, MB",3/31/23,0.33,101.35,"0.32605, 101.35253",IDN,Indonesia,Riau,Kampar,1-Fully Verified,,26,2600.28,28.62,32.99,3298.95,0.6,59.67,0.58,58.32,0.31,30.78,1.42,142.38,0.98,98.37,1.19,119.16,1.26,125.82,0.22,22.05,0.42,41.94,0.3,29.52,0.05,4.77,0.14,13.5,0.03,2.7,0.07,6.66,0.07,7.29,4.44,444.33,1.1,110.07,0.5,50.4,2.09,209.07,0.28,28.26,0.32,31.5,0.09,8.73,16.45,0.63,9.55,0.37,2,3,3
PO1000006161,"2020,2021,2019",SUPERVENTURE,USAHA SAWIT MANDIRI,USAHA SAWIT MANDIRI,Not RSPO Certified,,3/31/23,0.31,99.45,"0.30609, 99.4476",IDN,Indonesia,Sumatera Barat,Pasaman Barat,1-Fully Verified,,28.53,2852.73,38.85,52.12,5212.35,0.33,32.85,0.28,28.35,0.2,19.98,1.09,108.54,1.47,147.15,0.41,40.86,0.96,95.58,0.35,35.37,2.02,201.51,0.31,30.6,1.49,148.95,0.4,39.69,0.44,44.19,0.84,84.06,0.65,64.8,0.98,98.1,0.72,72.18,0.57,56.52,0.34,33.57,0.37,37.08,0.48,47.79,0.61,60.57,15.28,0.54,13.24,0.46,3,3,3
PO1000006167,2021,DITALI SDN BHD,WARIS SELESA SDN BHD,WARIS SELESA,Not RSPO Certified,,3/31/23,4.87,118.09,"4.869653, 118.090641",MYS,Malaysia,Sabah,Kunak,1-Fully Verified,,128.62,12861.63,142.87,303.42,30341.52,1.27,127.35,1.44,143.91,0.51,50.85,5.4,540.18,2.07,206.82,1.62,162,0.82,81.72,2.62,261.72,0.36,35.64,3.03,303.03,0.87,87.03,1.23,123.3,1.42,142.38,1.24,124.11,1.37,136.98,1.6,160.38,1.17,117.09,1,100.08,0.15,15.21,0.82,81.99,0.31,30.6,0.36,35.91,30.68,0.24,97.93,0.76,1,1,3
PO1000006169,"2021,2020,2019",CHIN TECK PLANTATIONS BERHAD,CHIN TECK PLANTATIONS BHD,GUA MUSANG,Not RSPO Certified,,3/31/23,4.84,102,"4.8365, 102.004417",MYS,Malaysia,Kelantan,Gua Musang,1-Fully Verified,,3611.08,361107.63,3418.29,5884.98,588498.12,30.81,3081.24,22.92,2292.03,8.82,882.27,24.02,2401.65,33.84,3383.73,17.12,1711.53,43.37,4337.28,33.81,3380.94,68.09,6809.13,65.05,6505.47,39.19,3918.69,91.58,9158.22,32.55,3255.12,110.31,11030.76,52.48,5247.81,74.35,7434.63,58.37,5836.68,80.32,8032.41,96.75,9674.91,52.7,5269.86,64.35,6434.82,53.18,5318.46,1153.98,0.32,2457.1,0.68,3,2,3
PO1000006173,"2019,2020,2021",ROYAL GOLDEN EAGLE,INTI INDOSAWIT SUBUR,TANJUNG PAUH,Not RSPO Certified,,3/31/23,-0.1,101.3,"-0.09765, 101.29788",IDN,Indonesia,Riau,Kuantan Singingi,2-High Confidence,,448.23,44823.33,480,1184.28,118427.85,2.49,248.67,12.72,1271.52,4.63,462.87,26.23,2623.14,70.59,7059.06,26.75,2675.16,30.28,3027.69,45.62,4562.28,33.29,3328.65,28.6,2859.57,16.76,1676.34,7.44,744.03,19.41,1941.12,21.07,2107.08,7.21,721.17,7.97,797.13,8.6,859.5,5.56,556.11,3.98,398.34,5.6,560.34,6.17,616.59,4.73,473.04,395.69,0.88,52.54,0.12,3,5,2
PO1000006176,"2020,2021,2019",UNKNOWN,PERSADA AGRO SAWITA,PERSADA AGRO SAWITA,Not RSPO Certified,,3/31/23,-0.41,102.36,"-0.41125, 102.3595",IDN,Indonesia,Riau,Indragiri Hulu,1-Fully Verified,,253.47,25346.52,256.06,819,81900.45,5.64,564.48,2.28,228.42,1.81,180.9,6.64,663.57,21.42,2141.73,0.46,45.72,15.37,1537.47,18.17,1817.46,2.2,220.05,13.75,1374.66,1.93,193.23,7.92,792.27,2.66,265.86,3.9,389.52,2.03,203.4,3.15,315.09,4.42,441.81,2.43,242.64,2.96,296.19,1.89,189.36,4.27,426.78,3.75,375.3,129.06,0.51,124.41,0.49,3,3,3
PO1000006177,"2019,2020",FGV HOLDINGS BERHAD,FGV PALM INDUSTRIES SDN BHD,KECHAU A,Not RSPO Certified,,3/31/23,4.29,102.08,"4.292928, 102.076614",MYS,Malaysia,Pahang,Lipis,1-Fully Verified,,1087.63,108763.29,1040.67,1367.02,136701.72,6.27,626.76,4.25,425.07,2.4,240.3,2.34,234.36,9.43,942.93,3.39,338.76,6.96,695.7,9.97,996.66,19.92,1992.42,26.42,2641.59,10.14,1014.3,19.51,1950.57,4.91,491.04,16.7,1670.31,15.66,1565.73,25.12,2512.26,15.2,1520.28,14.42,1442.07,11.95,1195.47,5.43,543.42,8.55,854.73,14.54,1454.31,253.49,0.23,834.14,0.77,3,1,3
PO1000006178,2020,INPARME S.A.,ALIANZA DEL HUMEA S.A.S.,ALIANZA DEL HUMEA S.A.S.,RSPO Certified,"RSPO Certified, IP",3/31/23,4.27,-72.98,"4.269703, -72.981181",COL,Colombia,Meta,Cabuyaro,1-Fully Verified,,431.87,43187.22,2072.64,4024,402399.63,0.79,79.38,0.84,84.06,0.14,13.5,1.75,175.05,0.82,82.26,1.9,189.54,2.13,213.39,2.31,230.94,1.41,140.67,1.55,155.43,1.79,179.1,2.07,207.27,0.98,98.19,1.18,118.08,1.18,118.08,2.62,262.44,2.8,279.81,1.53,153.36,1.84,183.69,2.53,252.81,2.56,256.23,2.18,217.89,36.91,0.09,394.96,0.91,2,1,3
PO1000006180,"2020,2021",SARAWAK OIL PALMS BERHAD,SARAWAK OIL PALMS BHD,TINBARAP,Not RSPO Certified,,3/31/23,4.02,114.29,"4.0219, 114.2876",MYS,Malaysia,Sarawak,Marudi,1-Fully Verified,,691.23,69122.79,658.91,944.08,94407.84,0.78,77.67,1.07,107.46,0.15,15.03,1.38,137.88,1.31,131.22,2.24,223.65,3.36,335.52,20.97,2097.36,93.69,9369.09,6.61,661.23,78.89,7888.68,99.42,9942.3,48.03,4802.76,41.26,4125.78,11.92,1191.78,6.46,645.66,3.11,311.22,3.57,356.85,2.37,236.88,1.53,152.82,1.16,116.37,5.67,566.91,434.94,0.63,256.29,0.37,2,3,2
PO1000006181,"2020,2021,2019",UNKNOWN,TALANG JERINJING SAWIT,TALANG JERINJING PALM,Not RSPO Certified,,3/31/23,-0.46,102.47,"-0.46315, 102.46722",IDN,Indonesia,Riau,Indragiri Hulu,1-Fully Verified,,684.6,68460.03,655.85,1605.83,160583.4,9.08,908.19,7.73,772.65,4.35,434.88,15.02,1502.01,8.64,863.64,0.9,90.27,4.7,470.07,11.23,1123.02,2.35,235.26,36.14,3614.04,5.83,582.66,11.6,1159.92,3.96,395.55,7.86,785.52,3.23,323.28,20.62,2062.08,9.53,953.46,3.3,330.03,10.97,1097.1,4.78,477.72,6.03,602.64,4.85,485.01,192.69,0.28,491.91,0.72,2,2,3
PO1000006182,"2019,2020",UNKNOWN,KARIMUN AROMATICS,KARIMUN AROMATICS,Not RSPO Certified,,3/31/23,4.01,98.15,"4.013075, 98.149517",IDN,Indonesia,Sumatera Utara,Langkat,1-Fully Verified,,141.15,14114.52,153.56,318.97,31897.44,0.29,29.16,0.23,22.86,0.17,17.46,0.13,12.87,0.64,64.44,0.5,49.77,0.81,81.18,0.11,10.98,1.01,100.98,0.98,97.74,0.56,56.43,0.52,52.02,2.16,216.45,3.62,361.98,1.17,117.45,3.65,364.77,1.27,126.81,3.01,300.87,0.77,76.86,1.1,110.07,1.01,101.07,1.63,163.44,25.36,0.18,115.79,0.82,3,1,3
PO1000006184,"2019,2020,2021",INCASI RAYA (GUNAS),SUMATERA MAKMUR LESTARI,SUMATERA MAKMUR LESTARI*,Not RSPO Certified,,3/31/23,-0.66,102.34,"-0.662, 102.345",IDN,Indonesia,Riau,Indragiri Hulu,1-Fully Verified,,58.93,5893.11,68.7,92.51,9250.74,1.83,182.79,1.4,140.49,0.37,36.99,1.66,166.5,11.04,1104.3,0.58,58.41,0.28,27.81,0.61,61.38,1.9,189.63,1.57,156.78,0.55,55.44,2.64,263.7,0.97,97.47,0.92,91.98,0.57,57.15,2,199.62,1.48,147.51,0.47,46.98,0.32,31.59,2.3,230.49,2.3,230.49,2.41,240.75,38.18,0.65,20.75,0.35,5,4,3
PO1000006186,"2020,2019,2021",SUPERVENTURE,KEMILAU PERMATA SAWIT,SIJUNJUNG,Not RSPO Certified,,3/31/23,-0.9,101.4,"-0.903778, 101.3981389",IDN,Indonesia,Sumatera Barat,Sijunjung,1-Fully Verified,,2829.38,282937.5,2684.07,5236.41,523640.61,13.09,1309.23,21.01,2100.69,19.26,1926,23.89,2388.69,15.78,1577.7,26.49,2649.24,26.68,2667.69,23.57,2357.46,42,4200.03,15.51,1551.42,31.51,3150.54,55.47,5546.79,16.11,1610.91,23.68,2368.17,18.73,1873.17,22.75,2274.84,34.5,3449.61,21.53,2152.8,26.52,2651.94,19.85,1984.86,27.26,2725.56,31.04,3104.37,556.22,0.2,2273.16,0.8,3,1,3
PO1000006188,"2021,2020",GOODHOPE,AGRO INDOMAS,BUMI JAYA,Not RSPO Certified,,3/31/23,-1.01,116.69,"-1.0148244, 116.6895414",IDN,Indonesia,Kalimantan Timur,Penajam Paser Utara,1-Fully Verified,,1903.63,190362.78,2064.17,2987.6,298759.86,7.93,792.99,7.27,726.93,10.58,1057.68,12.81,1281.33,16.77,1676.88,12.27,1227.15,41.59,4158.63,39.17,3917.34,63.85,6385.14,19.73,1972.62,65.33,6533.37,81.47,8146.89,38.56,3855.51,72.39,7239.42,63.78,6377.94,64.65,6464.88,38.41,3841.11,18.33,1833.48,22.11,2211.21,27.01,2700.54,18.89,1889.46,20.7,2069.64,763.6,0.4,1140.03,0.6,3,3,3
PO1000006189,"2020,2019",TIAN SIANG HOLDINGS SDN BHD,TIAN SIANG OILL MILL (PAHANG) SDN BHD,TIAN SIANG PAHANG,Not RSPO Certified,,3/31/23,3.99,101.79,"3.986498, 101.792486",MYS,Malaysia,Pahang,Raub,1-Fully Verified,,917.85,91785.42,894.35,1457.72,145772.01,8.37,837.09,11.93,1193.4,3.39,339.48,6.96,696.42,16.67,1666.71,7.11,711.45,5.7,570.06,3.15,315.36,21.41,2140.65,11.25,1125.18,3.55,354.78,12.93,1293.21,3.92,392.49,21.43,2142.9,10.12,1012.05,22.11,2210.76,19.55,1954.89,12.16,1215.72,12.64,1263.6,8.99,898.65,11.09,1109.34,8.77,877.05,243.21,0.26,674.64,0.74,3,2,3
PO1000006192,"2019,2020,2021",MHC PLANTATIONS BHD,ANSON OIL INDUSTRIES SDN BHD,ANSON OIL INDUSTRIES,Not RSPO Certified,,3/31/23,3.96,101.2,"3.95556, 101.199",MYS,Malaysia,Perak,Hilir Perak,1-Fully Verified,,13.7,1370.43,14.84,11.49,1149.39,2.98,298.17,1.38,137.7,0.16,15.75,0.47,47.25,1.98,197.64,0.15,14.58,0.58,58.14,0.79,78.66,1.04,104.31,0.29,28.53,0.12,12.06,0.39,38.97,0,0,0.01,0.81,0,0,0,0,0.45,45.36,0,0,0,0,0.74,73.71,0.98,98.19,0.04,3.78,12.54,0.91,1.17,0.09,5,5,3
PO1000006194,"2020,2019,2021",KEMA DEVELOPMENT SDN BHD,KEMA DEVELOPMENT SDN BHD,KEMA DEVELOPMENT,Not RSPO Certified,,3/31/23,3.73,102.89,"3.729276, 102.888766",MYS,Malaysia,Pahang,Kuantan,1-Fully Verified,,44.83,4483.35,49.16,121.15,12114.63,1.83,182.7,1.87,187.2,2.41,241.11,2.33,232.74,0.55,54.72,2.15,214.74,4.17,417.42,3.26,325.62,4.49,449.19,2.86,285.57,2.56,255.78,1.97,197.28,1.26,126,0.42,41.94,1.36,135.54,1.9,189.72,0.31,30.6,0.56,55.89,2.1,210.15,0.31,31.14,0.27,26.73,0.24,23.67,39.15,0.87,5.68,0.13,2,5,1
PO1000006198,2020,ASTRA AGRO LESTARI,SUKSES TANI NUSASUBUR,SUKSES TANI SUBUR,Not RSPO Certified,,3/31/23,-1.38,116.47,"-1.381201, 116.474659",IDN,Indonesia,Kalimantan Timur,Penajam Paser Utara,1-Fully Verified,,231.57,23157.36,266.07,417.89,41789.07,4.03,402.57,1.28,127.53,2.36,235.62,8.93,893.43,6.49,649.26,6.9,689.94,4.74,474.3,2.05,205.38,12.02,1202.4,2.08,207.72,13.04,1304.46,18.38,1837.62,14.63,1463.4,32.16,3215.79,6.34,633.87,8.81,881.1,3.88,388.08,13.92,1391.94,11.75,1174.68,9.03,903.06,5.18,517.68,7.04,703.8,195.04,0.84,36.54,0.16,4,5,3
PO1000006199,"2020,2021,2019",SERN LEE ENTERPRISE SDN BHD,SRI SENGGORA KILANG KELAPA SAWIT SDN BHD,SRI SENGGORA,Not RSPO Certified,,3/31/23,3.6,102.92,"3.603726, 102.917673",MYS,Malaysia,Pahang,Pekan,1-Fully Verified,,523.85,52385.13,518.08,1314.38,131438.25,4.21,421.11,4.19,418.68,2.34,233.64,11.37,1137.06,9.28,928.08,8.24,824.22,6.33,633.24,9.9,989.82,13.09,1308.78,19.97,1996.56,9.3,929.52,12.78,1277.82,6.31,630.81,7.78,778.32,9.78,978.3,33.34,3333.69,27.14,2713.68,19.14,1913.76,9.76,976.23,18.66,1866.42,13.38,1337.85,14.87,1486.89,271.14,0.52,252.71,0.48,4,3,3
PO1000006202,"2019,2020,2021",UNKNOWN,LANGKAT SAWITHIJAU PRATAMA,LANGKAT SAWITHIJAU PRATAMA,Not RSPO Certified,,3/31/23,3.5,98.22,"3.497324, 98.224693",IDN,Indonesia,Sumatera Utara,Langkat,1-Fully Verified,,442.89,44289.18,439.35,917.12,91711.71,0.71,71.1,0.69,69.21,0.85,84.6,0.99,99.27,1,100.35,1.63,163.08,1.31,130.77,0.94,94.32,1.74,174.06,2.57,257.13,1.06,105.66,1.66,165.51,0.58,57.6,1.67,167.22,0.71,71.1,3.27,327.42,2.39,238.59,3.36,336.33,2.64,263.61,2.1,209.61,4.09,409.41,2.66,265.86,38.62,0.09,404.27,0.91,2,1,3
PO1000006204,"2020,2021,2019",NG CHIN SIU & SONS GROUP,KILANG MINYAK KELAPA SAWIT SEMANTAN SDN BHD,SEMANTAN,Not RSPO Certified,,3/31/23,3.47,102.31,"3.469233, 102.313714",MYS,Malaysia,Pahang,Temerloh,1-Fully Verified,,591.94,59194.08,679.62,1354.54,135453.69,12.79,1279.44,15.19,1519.2,6.16,615.6,12.44,1243.62,19.89,1988.91,16.05,1605.42,27.97,2797.02,18.68,1868.49,26.01,2600.64,21.51,2151,21.11,2111.49,42.7,4269.6,22.86,2285.82,47.32,4731.93,22.92,2292.12,31.52,3152.07,24.79,2478.69,14.5,1449.54,10.77,1076.94,11.04,1103.94,12.59,1258.74,7.73,773.19,446.53,0.75,145.41,0.25,3,4,3
PO1000006206,"2019,2021,2020",BELL GROUP,KILANG SAWIT C.P. SDN BHD,CHARUK PUTTING,Not RSPO Certified,,3/31/23,3.44,102.49,"3.440086, 102.489873",MYS,Malaysia,Pahang,Temerloh,1-Fully Verified,,169.96,16996.41,245.51,387.7,38770.02,11.1,1110.33,4.32,431.82,1.02,101.97,3.9,389.79,11.03,1102.77,2.58,257.85,2.51,250.56,4.35,435.24,4.31,430.83,1.85,185.13,1.13,113.4,11.63,1162.98,4.57,457.2,7.13,712.8,8.11,811.26,16.46,1645.74,5.38,538.11,6.26,625.68,4.64,464.4,4.9,490.32,4.85,484.92,2.84,283.68,124.87,0.73,45.1,0.27,3,4,3
PO1000006208,"2020,2021,2019",HARUM AGRO,CITRA SAWIT HARUM,CITRA SAWIT HARUM,Not RSPO Certified,,3/31/23,-1.74,102.05,"-1.742472, 102.054472",IDN,Indonesia,Jambi,Bungo,2-High Confidence,,937.34,93733.74,871.41,1682.18,168218.37,10.45,1044.9,4.12,412.29,2.9,290.25,12.42,1242.09,11.04,1103.76,16.17,1617.48,14.33,1432.71,12.17,1217.25,23.83,2383.2,8.74,874.17,15.74,1573.83,15.19,1518.57,14.64,1463.85,7.55,755.28,3.39,338.58,6.51,650.88,5.16,515.61,4.81,481.5,5.65,565.02,4.02,401.85,4.55,455.4,5.41,540.9,208.79,0.22,728.54,0.78,2,1,3
PO1000006210,2020,UNKNOWN,HARAPAN SAWIT SEJAHTERA,HARAPAN SAWIT SEJAHTERA,Not RSPO Certified,,3/31/23,-1.75,116.12,"-1.752722, 116.120889",IDN,Indonesia,Kalimantan Timur,Paser,1-Fully Verified,,379.54,37954.17,392.86,657.94,65794.05,3.24,324.09,4.28,428.13,2.29,228.87,6.81,681.39,4.76,476.37,3.78,378.36,4.35,434.61,1.3,130.41,9.37,936.63,1.01,100.71,6.43,642.96,8.02,802.35,3.17,317.25,7.42,741.69,6.9,690.21,15.6,1559.61,5.11,511.02,2.14,213.66,11.26,1126.26,11.07,1107.27,2.31,230.58,4.84,483.93,125.46,0.33,254.08,0.67,3,2,3
PO1000006211,"2020,2019,2021",TIAN SIANG HOLDINGS SDN BHD,PUJAAN MAKMUR OIL MILL SDN BHD,PUJAAN MAKMUR,Not RSPO Certified,,3/31/23,3.18,102.46,"3.181753, 102.458895",MYS,Malaysia,Pahang,Bera,1-Fully Verified,,224.27,22426.83,301.26,523.04,52303.59,7.92,792.27,8.07,806.58,1.3,129.51,6.17,616.95,8.77,876.87,3.72,372.33,5.08,508.05,2.51,251.1,4.3,430.2,2.07,206.73,10.67,1066.86,29.09,2909.16,7.39,739.35,18.85,1885.05,10.12,1011.6,16.33,1632.51,9.11,910.62,6.27,626.67,6.02,601.56,6.37,637.2,5.87,587.34,5.07,507.42,181.06,0.81,43.21,0.19,4,5,3
PO1000006212,"2021,2020,2019",UNKNOWN,SURYA UTAMA AGROLESTARI,SURYA UTAMA AGROLESTARI,Not RSPO Certified,,3/31/23,-1.81,103.43,"-1.805056, 103.430583",IDN,Indonesia,Jambi,Muaro Jambi,2-High Confidence,,106.1,10610.37,122.17,290.47,29047.14,1.27,127.35,1.87,186.93,0.71,71.1,2.08,208.17,1.85,184.77,1.67,166.68,5.07,507.42,3.67,367.47,3.52,351.81,0,0,0.28,28.44,3.46,346.05,1.2,119.52,1.01,100.71,1.06,106.2,1.71,170.82,1.88,188.37,2.08,207.99,1.08,107.82,1.47,146.97,3.48,348.21,6.33,632.97,46.76,0.44,59.35,0.56,5,3,4
PO1000006213,"2020,2019,2021",SOUTHERN GROUP,SOUTHERN REALTY (MALAYA) SDN BHD,GOLCONDA,Not RSPO Certified,,3/31/23,3.14,101.39,"3.139413, 101.38792",MYS,Malaysia,Selangor,Klang,1-Fully Verified,,158,15800.49,233.25,747.16,74715.66,5.41,541.44,4.31,431.01,1.68,168.48,6.05,605.07,3.16,316.44,2.9,289.89,4.08,407.52,2.56,255.78,12.42,1242.27,8.6,860.04,1.6,159.75,8.58,857.88,2.07,207.36,8.57,856.8,4.01,400.95,4.9,490.05,3.69,369.09,5.46,546.48,3.53,352.98,2.21,221.49,3.12,311.67,3.26,326.16,102.19,0.65,55.82,0.35,3,4,3
PO1000006217,2020,UNKNOWN,MARBORGES AGROINDUSTRIA SA,MARBORGES,Not RSPO Certified,,3/31/23,-1.99,-48.61,"-1.988672, -48.6066",BRA,Brazil,Pará,Moju,2-High Confidence,,4624.78,462477.51,4564.23,7031.5,703149.75,61.98,6198.48,57.95,5795.19,31.24,3124.26,41.21,4121.37,42.97,4297.23,56.32,5632.29,56.09,5608.62,67.93,6792.75,57.73,5772.51,80.04,8003.52,39.84,3984.03,31.87,3186.63,110.62,11062.44,56.58,5658.03,54.82,5482.35,108.37,10837.08,158.17,15817.05,83.17,8317.08,61.76,6175.71,75.24,7523.91,56.43,5643.36,77.66,7766.37,1468,0.32,3156.77,0.68,3,2,3
PO1000006222,"2020,2021,2019",SUPERVENTURE,KEMILAU PERMATA SAWIT,TAPAN,Not RSPO Certified,,3/31/23,-2.2,101.09,"-2.201694, 101.087389",IDN,Indonesia,Sumatera Barat,Pesisir Selatan,1-Fully Verified,,2142.77,214277.04,2198.6,4390.53,439053.48,3.33,333.45,1.32,132.48,1.69,168.75,3.17,316.98,2.84,283.5,6.83,683.28,6.77,676.62,5.84,584.37,9.26,925.65,7.57,757.08,11.99,1198.71,19.45,1945.26,10.37,1037.34,17.41,1740.78,7.55,755.1,19.46,1946.16,33.43,3343.05,33.99,3399.48,26.65,2665.08,30.12,3011.85,31.26,3125.97,39.48,3948.48,329.79,0.15,1812.98,0.85,3,1,4
PO1000006223,"2019,2020,2021",ENG HONG PALM OIL MILL SDN BHD,ENG HONG PALM OIL MILL SDN BHD,ENG HONG,Not RSPO Certified,,3/31/23,2.86,101.47,"2.859843, 101.474397",MYS,Malaysia,Selangor,Kuala Langat,1-Fully Verified,,3.1,309.78,3.68,7.9,790.02,0.02,1.89,0.1,9.81,0.05,5.13,0.04,3.69,0.4,40.05,0,0,0.18,18,0.06,6.03,0.06,5.67,0.73,72.72,0.01,0.99,0,0.18,0,0,0.49,48.6,0,0.27,0.01,0.81,0.01,0.63,0.01,0.99,0.02,2.43,0.15,15.39,0.12,12.24,0.01,1.26,2.47,0.8,0.63,0.2,3,4,3
PO1000006225,2020,MAKIN,BANYU KAHURIPAN INDONESIA,KARANG AGUNG,Not RSPO Certified,,3/31/23,-2.26,104.31,"-2.261, 104.312689",IDN,Indonesia,Sumatera Selatan,Musi Banyuasin,1-Fully Verified,,126.98,12697.92,193.24,234.67,23466.69,0.27,26.73,0.07,7.29,0.58,58.41,2.86,285.57,8.87,887.4,11.66,1165.68,7.49,748.62,5.76,576,4.92,491.67,1.75,175.14,3.07,306.54,15.08,1508.13,3.19,318.96,4.06,405.99,7.69,768.51,4.18,418.41,5.06,506.43,4.81,481.41,0.89,88.92,0.51,50.58,1.79,179.01,1.38,138.15,95.94,0.76,31.04,0.24,3,4,3
PO1000006226,"2020,2019",SARASWANTI,SARASWANTI SAWIT MAKMUR,SARASWANTI SAWIT MAKMUR,Not RSPO Certified,,3/31/23,-2.27,116.02,"-2.266944, 116.015",IDN,Indonesia,Kalimantan Timur,Paser,2-High Confidence,KERANG DAYO MILL,613.85,61384.68,578.44,1031.91,103190.67,4.79,479.07,9.35,935.37,1.67,167.13,6.23,622.8,3.65,365.22,13.78,1377.9,1.49,149.49,1.18,117.72,15.51,1551.15,9.61,961.38,16.53,1652.85,21.94,2194.29,10.96,1096.11,12.96,1296.18,30.19,3019.32,19.18,1917.54,8.44,844.29,4.69,468.81,7.14,713.88,2,199.53,2.18,217.89,9.36,935.73,212.84,0.35,401.01,0.65,3,2,3
PO1000006230,"2021,2020",EAGLE HIGH PLANTATIONS,PESONALINTAS SURASEJATI,SAFIR,Not RSPO Certified,,3/31/23,-2.63,116.16,"-2.626944, 116.158072",IDN,Indonesia,Kalimantan Selatan,Kota Baru,1-Fully Verified,,283.52,28352.25,298.78,841.59,84159,1.19,119.43,4,400.41,2.96,296.37,4.03,403.47,6.24,623.7,22.71,2271.15,4.97,497.34,3.75,374.85,11.6,1160.28,1.15,115.29,2.87,286.83,1.82,181.62,2.18,218.43,3.87,386.55,13.76,1376.1,34.54,3454.38,1.21,121.32,1.51,151.47,3.23,323.46,1.12,112.14,1.75,175.23,1.79,179.1,132.29,0.47,151.23,0.53,2,3,3
PO1000006231,2019,UNKNOWN,SUTOPO LESTARI JAYA,SUTOPO LESTARI JAYA,Not RSPO Certified,,3/31/23,-2.8,104.74,"-2.795475, 104.735954",IDN,Indonesia,Sumatera Selatan,Banyu Asin,1-Fully Verified,,98.36,9836.37,186.2,280.92,28091.79,0.13,12.51,0.3,29.7,1.04,103.59,1.86,185.94,8.56,856.08,4.89,488.97,8.83,883.08,3.67,367.11,7.94,794.34,1.81,180.54,3.33,333.45,15.35,1535.22,2.37,236.7,4.78,478.35,6.95,694.62,5.19,519.12,2.59,258.84,2.65,265.32,1.99,198.54,1.89,188.64,1.19,119.16,1.24,124.38,88.54,0.9,9.82,0.1,3,5,2
PO1000006232,"2019,2020,2021",PROVIDENT AGRO,TRANSPACIFIC AGRO INDUSTRY,TRANSPACIFIC AGRO INDUSTRY,Not RSPO Certified,,3/31/23,-2.8,104.9,"-2.8025, 104.896944",IDN,Indonesia,Sumatera Selatan,Banyu Asin,2-High Confidence,,107.54,10753.56,291.99,428.59,42858.81,0.31,30.51,0.14,13.5,0.46,45.9,0.6,59.76,0.73,72.54,8.98,897.57,24.27,2426.94,2.8,279.9,3.6,360.27,9.98,998.46,15.22,1522.26,16.27,1626.66,1.67,167.4,2.65,264.6,2.2,219.69,0.93,92.79,1.11,110.88,0.87,86.67,1.03,102.96,1.62,161.73,0.71,71.37,0.09,8.73,96.21,0.89,11.32,0.11,2,5,1
PO1000006234,"2020,2019",HARN LEN CORPORATION BHD,HARN LEN CORPORATION BHD,LIAN HUP,Not RSPO Certified,,3/31/23,2.78,102.96,"2.77809, 102.962",MYS,Malaysia,Pahang,Rompin,1-Fully Verified,,68.65,6865.02,65.67,99.31,9931.05,2.27,227.25,2.69,268.56,0.01,0.63,12.31,1231.47,1.31,130.68,5.69,568.8,1.36,136.26,0.47,47.25,3.38,337.77,1.75,175.32,17.36,1735.83,4.14,414.36,2.12,211.86,0.88,87.75,0.74,74.43,2.77,276.66,8.68,867.96,0.36,36.09,0.04,3.87,0,0,0.06,6.39,0.02,1.62,68.41,1,0.24,0,1,5,1
PO1000006236,"2020,2021",HASNUR,HASNUR CITRA TERPADU,HASNUR CITRA TERPADU,Not RSPO Certified,,3/31/23,-2.96,114.99,"-2.961639, 114.9871667",IDN,Indonesia,Kalimantan Selatan,Tapin,1-Fully Verified,,1100.09,110009.25,1727.31,4096.97,409696.74,10.47,1047.33,11.47,1146.96,5.32,532.17,14.65,1464.93,7.52,752.4,27.32,2732.22,14.26,1426.14,6.51,650.88,48.66,4865.76,13.86,1385.73,21.4,2140.11,49.1,4910.49,16.73,1673.01,55.26,5525.55,33.67,3366.9,31.45,3145.23,24.99,2499.39,38.27,3827.34,38.91,3890.52,18.77,1877.04,32.43,3242.88,21.49,2149.38,542.52,0.49,557.57,0.51,4,3,3
PO1000006237,2020,PTPN III,PERKEBUNAN NUSANTARA VII,UNIT TALANG SAWIT,Not RSPO Certified,,3/31/23,-2.97,104.12,"-2.96878, 104.12181",IDN,Indonesia,Sumatera Selatan,Musi Banyuasin,1-Fully Verified,,99.9,9989.64,158.22,360.72,36071.55,0.5,49.59,0.92,91.98,0.76,76.41,2.31,230.58,1.44,144.27,1.35,135.45,2.76,275.94,1.31,130.68,2.3,230.49,1.18,118.08,0.78,78.03,3.04,303.93,1.24,124.29,1.2,119.52,1.22,121.77,3.4,340.38,1.54,153.9,2.35,235.08,2.26,226.44,7.28,728.19,1.25,125.28,1.48,148.41,41.89,0.42,58.01,0.58,3,3,3
PO1000006239,2020,PTPN III,PERKEBUNAN NUSANTARA VII,SUNGAI NIRU,Not RSPO Certified,,3/31/23,-3.49,104.04,"-3.48742, 104.03591",IDN,Indonesia,Sumatera Selatan,Muara Enim,1-Fully Verified,,778.29,77828.94,917.55,1270.27,127026.9,30.49,3049.11,26.98,2697.66,7.49,749.16,19.3,1930.05,15.87,1586.52,22.52,2251.89,39.93,3992.76,28.16,2816.01,55.53,5553.27,26.34,2634.3,19.39,1939.32,67.44,6743.97,14.33,1432.8,21.69,2169.36,20.39,2039.31,20.44,2044.35,19.74,1973.79,16.37,1637.28,15.06,1506.33,24.8,2480.4,20.12,2012.22,17.36,1735.92,549.76,0.71,228.53,0.29,4,4,3
PO1000006240,2020,PTPN III,PERKEBUNAN NUSANTARA VII,SUNGAI LENGI,RSPO Certified,"RSPO Certified, MB",3/31/23,-3.55,103.84,"-3.54847, 103.84418",IDN,Indonesia,Sumatera Selatan,Muara Enim,1-Fully Verified,,500.72,50071.68,620.93,827.88,82787.85,12.56,1256.49,6.15,614.88,4.77,476.55,12.52,1251.9,8.26,825.57,10.16,1016.28,21.28,2127.6,16.18,1618.29,35.53,3552.75,19.56,1956.33,18.45,1844.73,34.13,3413.25,14.25,1425.24,12.58,1258.02,13.38,1337.58,12.39,1238.94,7.06,706.5,10.94,1093.95,9.83,983.16,24.84,2484.27,11.23,1123.2,20.47,2047.41,336.53,0.67,164.19,0.33,4,4,3
PO1000006241,"2020,2021,2019",GAN TENG SIEW REALTY SDN BHD,GAN TENG SIEW REALTY SDN BHD,ULU KANCHONG,Not RSPO Certified,,3/31/23,2.58,102,"2.582643, 101.997936",MYS,Malaysia,Negeri Sembilan,Seremban,1-Fully Verified,,505.27,50527.17,638.88,1180.66,118066.5,16.43,1642.86,10.04,1003.95,3.78,377.73,9.06,905.76,6.93,692.91,6.95,694.53,7.34,733.77,5.7,569.52,10.49,1049.22,8.35,834.57,10.31,1030.59,20.01,2001.06,15.8,1579.5,21.89,2188.8,11.22,1121.58,13.97,1397.25,12.8,1280.16,13.74,1374.48,12.05,1204.65,7.11,711,10.24,1024.29,7.11,711.27,241.29,0.48,263.98,0.52,3,3,3
PO1000006242,"2019,2020,2021",BELL GROUP,BELL SRI LINGGA SDN BHD,BELL SRI LINGGA,Not RSPO Certified,,3/31/23,2.38,101.99,"2.377635, 101.985317",MYS,Malaysia,Melaka,Alor Gajah,1-Fully Verified,,260.95,26095.14,424.85,1286.42,128641.5,16.52,1651.86,5.4,540.27,3.89,388.89,4.57,457.29,8.12,811.98,5.38,537.84,6.6,660.15,4.89,488.97,10.77,1077.03,3.24,324.27,7.61,760.95,9.44,943.74,4.72,472.5,9.74,973.8,6.44,643.77,14.09,1409.04,12.87,1287,14.52,1452.42,12.72,1272.42,7.96,796.41,10.56,1055.61,6.08,608.13,186.14,0.71,74.81,0.29,4,4,3
PO1000006244,"2020,2021",MAKIN,POLA KAHURIPAN INTI SAWIT,KINTAP,Not RSPO Certified,,3/31/23,-3.81,115.17,"-3.810444, 115.172944",IDN,Indonesia,Kalimantan Selatan,Tanah Laut,1-Fully Verified,,736.21,73621.17,832.69,1595.54,159554.25,5.57,557.28,4.44,444.42,15.71,1571.31,42.72,4272.48,4.2,419.67,12.03,1202.58,7.56,755.73,4.8,479.79,3.63,363.06,8.43,843.48,8.31,830.79,12.38,1238.49,9.62,961.83,30.1,3010.32,51.21,5121.36,15.38,1537.92,19.18,1917.81,24.47,2446.83,15.65,1564.83,6.23,622.8,4.76,475.83,3.56,356.4,309.95,0.42,426.26,0.58,2,3,3
PO1000006246,"2021,2020",J.A. WATTIE (JAWA),KINTAP JAYA WATTINDO,KINTAP JAYA WATTINDO,Not RSPO Certified,,3/31/23,-3.9,115.21,"-3.898528, 115.205067",IDN,Indonesia,Kalimantan Selatan,Tanah Laut,2-High Confidence,,60.31,6030.9,165.04,385.58,38558.16,3.45,344.97,1.31,130.68,1.56,155.61,7.39,739.35,2.56,256.5,5.1,509.85,1.06,106.02,2,199.62,1.84,184.05,4.04,404.28,3.42,341.82,3.44,344.07,1.73,173.43,4.13,413.01,2.02,202.14,1.41,140.58,0.74,73.71,0.75,75.24,1.14,114.48,1.07,106.83,0.93,92.52,0.34,34.2,51.43,0.85,8.88,0.15,3,5,2
PO1000006247,"2020,2021",UNKNOWN,KENCANA INTI PERKASA,AEK NOPAN,Not RSPO Certified,,3/31/23,2.57,99.58,"2.567509, 99.578451",IDN,Indonesia,Sumatera Utara,Labuhanbatu Utara,1-Fully Verified,,428.66,42866.37,428.13,881.02,88102.35,3.85,384.84,2.38,238.05,2.07,206.82,5.28,528.39,3.05,304.83,3.81,381.42,2.27,226.89,2,200.07,6.68,668.07,4.42,442.35,6.3,629.55,11.03,1102.77,3.9,390.42,9.82,982.26,4.36,435.69,7.65,765.36,9.63,962.82,11.93,1193.31,8.73,873.18,12.62,1262.34,8.89,888.75,4.38,438.39,135.07,0.32,293.6,0.68,3,2,3
PO1000006249,"2021,2020",SINAR ALAM,CITRA PUTRA KEBUN ASRI,JORONG FACTORY,Not RSPO Certified,,3/31/23,-3.94,114.95,"-3.943611, 114.953333",IDN,Indonesia,Kalimantan Selatan,Tanah Laut,1-Fully Verified,,83.3,8330.22,280.02,641.27,64127.25,0.8,79.65,1.08,108.18,1.01,101.43,5.74,574.11,1.89,189.45,8.41,841.5,1.11,110.52,0.47,46.62,3.91,390.6,4.61,460.62,5.03,503.01,6.23,623.16,12.91,1291.32,9.99,998.55,5.01,500.76,4.72,471.6,1.05,104.58,1.33,132.57,4.1,409.86,2.03,203.04,2.92,292.41,2.24,224.46,83.3,1,0,0,4,5,2
PO1000006251,2020,GOLDEN PLANTATION,BUMIRAYA INVESTINDO,BUMIRAYA INVESTINDO,Not RSPO Certified,,3/31/23,-3.97,116.1,"-3.965556, 116.098611",IDN,Indonesia,Kalimantan Selatan,Kota Baru,1-Fully Verified,,674.22,67422.15,849.46,1134.65,113464.53,19.89,1989.18,24.45,2444.94,10.28,1027.89,11.88,1188.45,13.76,1376.28,37.68,3767.58,18.15,1814.94,6.73,673.2,14.76,1475.73,15.75,1574.55,13.33,1332.99,40.43,4042.8,21.34,2134.35,38.89,3889.35,38.3,3829.59,10.52,1051.83,51.09,5108.94,44.46,4446.27,34.46,3446.19,30.06,3006,4.79,479.43,13.03,1303.47,514.04,0.76,160.18,0.24,3,4,3
PO1000006257,"2020,2021",PERMATA HIJAU,NUBIKA JAYA,NUBIKA JAYA,RSPO Certified,"RSPO Certified, MB",3/31/23,1.95,100.1,"1.948333, 100.101136",IDN,Indonesia,Sumatera Utara,Labuhanbatu Selatan,1-Fully Verified,,101.29,10128.96,112.08,151.21,15120.99,1.75,175.23,1.8,180,2.92,292.41,12.11,1210.77,12.58,1257.66,3.62,362.07,2.31,231.21,2.11,210.51,0.68,68.04,1.42,142.29,2.29,228.87,2.4,240.3,1.45,145.08,1.81,180.72,2.16,215.91,0.72,71.91,1.01,101.43,2.83,282.78,2.34,233.91,1.49,148.77,3.93,392.58,2.22,221.76,65.94,0.65,35.35,0.35,4,4,3
PO1000006258,2020,SALIM GROUP,SALIM IVOMAS PRATAMA,BALAM,Not RSPO Certified,,3/31/23,1.76,100.62,"1.762078, 100.620861",IDN,Indonesia,Riau,Rokan Hilir,1-Fully Verified,,296.53,29652.84,316.02,507.15,50715.18,3.66,365.58,9.03,902.97,0.54,54,19.49,1948.86,20.56,2056.23,12.39,1238.76,2.22,221.94,3.52,351.81,27.05,2705.22,17.72,1771.83,9.2,920.34,17.26,1725.84,5.94,594.09,8.97,896.67,2.48,247.5,3.85,384.93,5.63,562.95,6.52,652.14,7.17,716.58,4.9,490.14,1.23,123.3,5.25,524.79,194.56,0.66,101.96,0.34,3,4,3
PO1000006259,"2020,2021",FIRST RESOURCES,MERIDAN SEJATISURYA PLANTATION,MERIDAN SEJATI SURYA PLANTATION BANGSAL ACEH,Not RSPO Certified,,3/31/23,1.72,101.38,"1.7235, 101.3789444",IDN,Indonesia,Riau,Dumai,1-Fully Verified,,1497.58,149758.29,1574.64,2399.5,239950.35,15.77,1576.89,34.54,3453.57,4.38,438.3,15.82,1582.02,101.95,10194.93,92.62,9261.81,48.57,4856.94,25.98,2598.03,107.13,10713.06,165.57,16557.21,95.52,9551.61,127.04,12704.04,72.28,7228.44,111.67,11166.57,20.63,2062.89,34.08,3408.39,39.05,3904.74,33.97,3396.87,18.58,1857.69,18.65,1864.71,20.12,2011.95,16.9,1690.11,1220.81,0.82,276.78,0.18,3,5,2
PO1000006261,"2021,2020",PH PALM EXPRESS CORPORATION,PH PALM EXPRESS SDN BHD,FRUIT EXPRESS,Not RSPO Certified,,3/31/23,1.6,104.21,"1.597422, 104.213328",MYS,Malaysia,Johor,Kota Tinggi,3-Low Confidence,,73.68,7367.76,117.92,265.9,26590.41,0.13,13.14,8.09,808.56,0.63,63.09,27.88,2788.2,4.4,440.19,0.4,40.14,0.96,96.03,0.35,34.83,1.48,147.6,1.38,138.42,2.43,242.82,3.46,346.14,0.76,75.87,1.03,103.5,1.12,112.32,2.16,216,1.04,104.22,0.37,37.44,0.41,40.77,0.71,70.56,0.24,24.3,0.16,15.66,59.6,0.81,14.08,0.19,1,5,1
PO1000006264,2020,PTPN III,PERKEBUNAN NUSANTARA III,HAPESONG,RSPO Certified,"RSPO Certified, MB",3/31/23,1.45,99.07,"1.4519833, 99.068467",IDN,Indonesia,Sumatera Utara,Tapanuli Selatan,1-Fully Verified,,2746.86,274686.12,2864.36,5613.57,561356.91,6.35,635.49,7.9,790.11,4.73,473.4,12.28,1228.5,13.7,1370.16,13.21,1321.47,9.01,901.17,15.43,1542.69,23.81,2381.4,11.95,1194.93,23.52,2352.33,21.48,2148.21,13.58,1358.46,17.26,1725.84,12.71,1271.43,18.11,1810.53,29.62,2962.44,21.06,2105.55,17.6,1759.5,15.26,1526.4,17.09,1709.1,14.78,1477.62,340.47,0.12,2406.39,0.88,2,1,3
PO1000006266,"2020,2021,2019",TRIPUTRA AGRO PERSADA,YUDHA WAHANA ABADI,YUDHA WAHANA ABADI,Not RSPO Certified,,3/31/23,1.44,117.21,"1.44075, 117.2127",IDN,Indonesia,Kalimantan Timur,Berau,1-Fully Verified,,966.39,96638.58,927.26,2146.2,214619.58,1.72,172.35,0.73,72.63,0.24,24.21,1.31,130.77,0.65,65.25,10.05,1005.21,4.72,471.51,6.57,657,20.46,2046.15,17.04,1704.33,23.3,2330.1,13.95,1394.64,5.17,516.78,7.87,787.32,7.06,705.96,11.12,1112.31,11.35,1135.08,7.1,710.28,14,1400.13,3.99,398.52,3.97,397.26,3.33,332.55,175.7,0.18,790.68,0.82,2,1,3
PO1000006268,"2019,2020,2021",FIRST RESOURCES,PANCASURYA AGRINDO,TAMBUSAI,Not RSPO Certified,,3/31/23,1.16,100.51,"1.157186, 100.508333",IDN,Indonesia,Riau,Rokan Hulu,1-Fully Verified,,31.27,3127.41,76.59,171.16,17115.66,0.27,27.18,7.06,706.32,3.3,330.3,3.8,380.25,2.65,264.96,0.43,42.93,0.07,6.75,0.04,4.23,0.16,15.57,0.18,18.45,0.21,21.42,0.24,24.12,0.53,52.56,0.42,42.21,0.05,5.31,0.09,9.27,0.32,31.5,0.6,60.12,0.55,55.44,0.02,1.53,0.01,1.44,0.06,5.94,21.08,0.67,10.2,0.33,1,4,2
PO1000006269,2021,PERMATA HIJAU,VICTORINDO ALAM LESTARI,UNIT PABRIK HUTALOMBANG,Not RSPO Certified,,3/31/23,1.14,99.77,"1.139533, 99.76809",IDN,Indonesia,Sumatera Utara,Padang Lawas,1-Fully Verified,,923.65,92365.38,1025.25,2453.22,245321.55,5.44,544.14,7.43,743.22,2.14,214.47,8.37,837.27,14.6,1459.62,12.95,1295.1,6.14,614.07,22.55,2255.04,31.65,3164.85,6.1,610.11,30.84,3084.12,19.77,1976.67,11.96,1196.46,26.01,2600.91,12.09,1209.15,16.23,1623.42,38.28,3827.97,14.44,1443.6,9.89,989.46,7.11,711.36,7.47,746.64,10.06,1006.02,321.54,0.35,602.12,0.65,3,2,3
PO1000006293,2020,SALIM GROUP,GUNTA SAMBA,AMPENAS,Not RSPO Certified,,3/31/23,1.21,117.81,"1.213515, 117.80838",IDN,Indonesia,Kalimantan Timur,Kutai Timur,1-Fully Verified,,249.97,24996.51,282.79,509.34,50934.42,2.07,207.09,1.58,157.86,1.56,156.24,5.99,598.59,21.15,2114.82,21.97,2197.17,33.16,3316.05,8.51,850.77,14.8,1479.78,7.07,706.86,13.08,1307.61,11.19,1119.24,9.76,976.32,4.03,402.75,7.61,761.49,15.87,1587.42,1.38,138.06,1.03,102.69,1.01,100.8,0.79,79.47,1.39,138.78,1.53,152.82,186.53,0.75,63.44,0.25,2,4,2
PO1000006294,"2020,2021,2019",SINAR JAYA AGRO INVESTAMA (SJAI),KALIREJO LESTARI,KALIREJO LESTARI,Not RSPO Certified,,3/31/23,-5.23,104.95,"-5.228708, 104.948211",IDN,Indonesia,Lampung,Lampung Tengah,1-Fully Verified,,1781.24,178124.22,2485.08,4778.88,477887.76,13.57,1356.84,7.76,776.25,6.55,655.38,9.83,983.07,5.43,542.97,11.44,1144.44,12.95,1295.37,8.21,821.07,10.88,1087.92,10.35,1034.91,14.82,1481.67,11.37,1136.88,3.47,347.31,6.47,646.74,4.57,456.66,10.47,1046.52,18.27,1827.27,13.67,1366.65,15.31,1530.9,9.13,913.14,11.6,1159.65,6.49,649.17,222.61,0.12,1558.63,0.88,2,1,3
PO1000006295,"2019,2021,2020",SINAR JAYA AGRO INVESTAMA (SJAI),ANAKTUHA SAWIT MANDIRI,ANAK TUHA SAWIT MANDIRI,Not RSPO Certified,,3/31/23,-5.1,105.19,"-5.095458, 105.186819",IDN,Indonesia,Lampung,Lampung Tengah,1-Fully Verified,,26.94,2694.42,224.48,589.54,58953.51,0.07,7.38,0.1,9.72,0.04,4.32,0.5,49.95,0.21,21.42,0.3,30.42,0.31,30.51,0.06,6.39,0.33,33.12,0.43,43.47,0.31,31.14,2.06,205.65,0.14,13.86,0.32,32.04,0.56,56.25,1.01,101.07,1.31,131.13,1.58,157.68,0.58,58.23,0.9,90,0.36,36.45,0.49,48.69,11.99,0.44,14.96,0.56,3,3,3
PO1000006301,2020,SINAR JAYA AGRO INVESTAMA (SJAI),SINAR JAYA INTI MULYA,SINAR JAYA INTI MULYA,Not RSPO Certified,,3/31/23,-5.07,105.3,"-5.0665, 105.302",IDN,Indonesia,Lampung,Metro,1-Fully Verified,,372.93,37292.76,1691.79,3385.88,338588.19,1.05,105.21,1.96,195.66,0.48,48.42,1.35,134.64,1.76,176.49,1.44,144.45,3.65,365.31,0.44,43.92,2.98,298.08,4.05,405.45,1.35,135.45,4.95,494.64,1.2,120.15,5.07,506.88,7.14,713.97,8.27,827.28,11.39,1139.13,7.04,704.25,5.45,544.59,6.96,695.88,2.33,232.83,6.15,614.79,86.47,0.23,286.45,0.77,3,1,3
PO1000006304,"2020,2021,2019",MUKAH KILANG KELAPA SAWIT SDN BHD,MUKAH KILANG KELAPA SAWIT SDN BHD,MUKAH KILANG KELAPA SAWIT,Not RSPO Certified,,3/31/23,2.91,112.31,"2.906111, 112.308611",MYS,Malaysia,Sarawak,Mukah,1-Fully Verified,,216.44,21644.1,240.41,307.08,30707.55,2.76,276.39,3.21,320.67,0.47,46.98,1.86,185.94,2.62,261.99,2.27,227.07,22,2199.96,1.14,114.21,44.64,4464.45,25.58,2557.98,13.12,1312.02,9.52,952.47,1.33,133.38,6.84,683.55,6.6,659.7,2.81,280.98,2.49,249.12,7.33,732.51,3,300.06,7.62,762.21,4.81,480.69,4.38,438.12,176.4,0.82,40.04,0.18,3,5,3
PO1000006310,"2019,2021,2020",UNKNOWN,MEGA HIJAU LESTARI,MEGA HIJAU LESTARI,Not RSPO Certified,,3/31/23,-1.24,116.64,"-1.24075, 116.645",IDN,Indonesia,Kalimantan Timur,Penajam Paser Utara,1-Fully Verified,,1031.8,103179.51,1012.67,1823.68,182367.81,5.28,527.85,5.59,558.63,5.24,524.25,5.84,584.19,9.27,926.55,9,899.55,7.89,788.67,8.25,824.94,26.7,2670.21,4.27,427.05,15.85,1585.35,41.32,4131.63,8.05,804.6,20.31,2030.85,36.98,3697.65,39.5,3950.46,10.81,1081.35,14.07,1406.52,19.15,1915.02,16.82,1681.56,13.19,1318.95,6.85,684.72,330.21,0.32,701.59,0.68,3,2,3
PO1000006312,2020,DAABON GROUP,PALMA & TRABAJO S.A.S.,PALMA & TRABAJO SAS,RSPO Certified,"RSPO Certified, IP",3/31/23,7.24,-73.8,"7.2384889, -73.800094",COL,Colombia,Santander,Puerto Wilches,1-Fully Verified,,1869.04,186903.54,2523.26,4950.52,495052.38,16.96,1695.96,14.4,1439.73,10.66,1065.6,26.92,2691.99,18.25,1825.2,19.99,1998.81,37.26,3726,20.55,2054.52,29.33,2932.92,25.66,2566.26,11.14,1114.02,28.48,2847.69,14.25,1424.97,23.77,2376.63,18.96,1896.21,25.99,2598.75,40.77,4077.18,27.04,2703.96,29.43,2942.73,28.24,2823.66,28.38,2837.7,24.89,2488.95,521.29,0.28,1347.74,0.72,3,2,3
PO1000006313,2020,INDUPALMA,PROCESADORA DE ACEITE ORO ROJO LTDA,PROCESADORA DE ACEITE ORO ROJO LTDA,Not RSPO Certified,,3/31/23,7.38,-73.57,"7.376089, -73.568536",COL,Colombia,Santander,Sabana de Torres,1-Fully Verified,,1147.29,114728.67,2054.14,4908.91,490890.87,13.62,1361.97,10.95,1095.12,9.28,928.44,12.17,1216.89,12.45,1245.15,16.49,1649.07,23.66,2366.46,19.47,1946.7,24.19,2418.66,11.35,1135.26,10.69,1069.29,14.32,1431.81,3.39,338.85,3.62,361.62,5.01,500.58,7.59,758.79,13.76,1376.1,5.67,567.09,6.28,628.38,8.1,809.64,6.24,623.97,6.82,682.29,245.12,0.21,902.17,0.79,2,1,3
PO1000006316,2020,UNKNOWN,PALMA SUR S.A.,PALMA SUR S.A.,Not RSPO Certified,,3/31/23,16.43,-90.34,"16.428333, -90.341889",GTM,Guatemala,Petén,Sayaxché,1-Fully Verified,,857.42,85741.56,1127.49,2074.27,207427.05,11.14,1114.2,11.76,1176.48,46.83,4682.7,27.52,2751.75,61.87,6186.87,22.18,2218.5,60.79,6078.6,28.94,2894.31,39.23,3922.92,28.92,2892.42,25.38,2537.82,17.21,1720.71,12.49,1249.11,13,1299.69,9,900,24.47,2447.19,17.7,1769.58,13.17,1316.52,19.89,1988.73,17.79,1779.12,10.29,1029.42,9.04,904.14,528.61,0.62,328.81,0.38,3,3,3
PO1000006323,"2020,2021,2019",WILMAR GROUP,KERRY SAWIT INDONESIA,KERRY SAWIT INDONESIA 2,RSPO Certified,"RSPO Certified, MB",3/31/23,-2.7,112.48,"-2.69695, 112.483083",IDN,Indonesia,Kalimantan Tengah,Seruyan,1-Fully Verified,,152.61,15261.12,199.03,359.39,35938.98,0.69,69.48,2.43,242.73,5.63,562.86,40.12,4012.29,56.44,5643.72,20.42,2041.92,5.91,590.85,6.19,619.2,0.71,70.92,1.08,108.18,5.57,556.92,3.13,313.47,0.96,96.21,1.47,146.52,1.23,123.03,4.52,452.16,0.28,28.26,0.49,48.96,0.55,54.72,0.31,30.69,0.18,17.64,0.36,36.27,152.61,1,0,0,1,5,1
PO1000006328,"2019,2021,2020",UNKNOWN,GUNA AGUNG SEMESTA,GUNA AGUNG SEMESTA,Not RSPO Certified,,3/31/23,0.99,101.24,"0.98806, 101.24345",IDN,Indonesia,Riau,Siak,1-Fully Verified,,72.86,7285.95,89.35,160.05,16004.79,2.18,217.53,0.4,40.05,0.53,52.56,3.16,315.54,9,900.27,4.86,486.09,2.6,259.74,1.98,198.09,2.96,295.65,1.16,116.37,0.42,42.48,2.34,234,0.22,21.69,1.05,105.03,0.08,7.92,0.92,92.34,5.2,520.02,1.47,146.7,2.16,215.91,2.65,265.32,1.28,128.16,0.45,45.27,47.07,0.65,25.79,0.35,3,4,3
PO1000006339,"2020,2021,2019",UNKNOWN,GREENGLORY CO.,GREENGLORY CO,RSPO Certified,"RSPO Certified, IP, MB",3/31/23,9.32,99.13,"9.32035, 99.127561",THA,Thailand,Surat Thani,Tha Chang,1-Fully Verified,,1549.62,154961.91,1937.38,3302.08,330208.38,14.7,1470.33,16.21,1620.63,15.8,1580.22,22.57,2256.93,43.47,4347,22.77,2276.91,18.61,1861.38,19.16,1915.92,23.22,2322.18,32.43,3243.06,14.49,1448.64,17.51,1751.04,19.66,1966.32,37.95,3794.58,34.2,3419.73,56.56,5656.32,59.74,5973.66,42.99,4299.21,30.82,3082.5,35.33,3533.13,44.6,4459.5,33.36,3336.21,656.15,0.42,893.47,0.58,4,3,4
PO1000006340,"2019,2020",PTPN III,PERKEBUNAN NUSANTARA VII,UNIT BETUNG,RSPO Certified,"RSPO Certified, MB",3/31/23,-2.85,104.16,"-2.848944, 104.1649",IDN,Indonesia,Sumatera Selatan,Banyu Asin,1-Fully Verified,,404.02,40402.08,493.67,926.12,92612.34,3.72,372.06,5.94,594.27,3.86,386.19,16.5,1649.61,7.63,763.2,9.53,953.19,11.5,1149.57,11.87,1187.01,13.4,1339.83,7.5,750.42,3.07,307.17,18.94,1894.05,5.62,561.78,6.96,696.15,5.28,527.67,14.93,1492.83,5.79,578.7,5.75,575.01,4.44,444.33,7.26,725.76,3.84,383.94,4.75,474.84,178.08,0.44,225.94,0.56,3,3,3
PO1000006345,"2020,2021",GURITAS LINTAS SAMUDERA,SANDABI INDAH LESTARI,LUBUK BANYAU,Not RSPO Certified,,3/31/23,-3.31,102.09,"-3.3097, 102.0926",IDN,Indonesia,Bengkulu,Bengkulu Utara,1-Fully Verified,,443.85,44385.21,503.22,786.03,78603.03,4.5,449.91,1.99,198.54,3.62,362.25,5.77,576.99,2.46,246.42,4.53,453.24,5.41,541.44,4.39,439.11,6.16,615.6,4.78,478.17,10.13,1012.68,7.76,776.07,6.67,667.26,7.74,774.36,6.5,650.43,7.06,705.6,11.08,1107.81,9.04,904.5,5.89,589.41,6.03,602.91,4.86,486,6.33,632.52,132.71,0.3,311.14,0.7,3,2,3
PO1000006346,2020,SALIM GROUP,GUNTA SAMBA JAYA,MERAPUN,Not RSPO Certified,,3/31/23,1.37,117.14,"1.3745, 117.144472",IDN,Indonesia,Kalimantan Timur,Berau,1-Fully Verified,,1365.92,136591.56,1319,2996.53,299652.75,5.39,539.01,6.84,684.18,5.08,508.23,8.08,808.29,3.25,324.9,18.33,1833.48,32.8,3280.32,22.81,2280.69,66.58,6658.2,38.53,3853.26,22.72,2272.32,37.25,3725.19,23.57,2357.19,67.85,6784.65,30.44,3043.8,50.24,5024.34,46.35,4635.18,23.51,2351.07,23.33,2333.43,11.41,1141.47,8.66,865.89,8.71,871.02,561.76,0.41,804.15,0.59,2,3,3
PO1000006347,"2020,2021,2019",SARAWAK OIL PALMS BERHAD,SARAWAK OIL PALMS BHD,SABAJU,Not RSPO Certified,,3/31/23,3.2,113.51,"3.197481, 113.509834",MYS,Malaysia,Sarawak,Bintulu,1-Fully Verified,,151.35,15134.76,142.29,221.18,22117.77,0.51,51.3,0.12,12.15,0.3,29.88,0.68,68.13,0.91,90.81,2.84,284.13,9.89,988.56,24.29,2428.56,10.86,1085.85,14.42,1442.25,19.94,1994.13,3.47,347.4,3.26,325.71,2.11,210.6,1.97,196.83,4.01,400.86,3.23,323.28,1.35,134.64,0.9,90.18,1.01,100.71,0.26,25.83,5.07,506.88,111.39,0.74,39.96,0.26,3,4,3
PO1000006348,"2019,2021,2020",BERCA / CIPTA CAKRA MURDAYA,HARDAYA INTI PLANTATIONS,LEOK,Not RSPO Certified,,3/31/23,1.03,121.36,"1.026389, 121.360833",IDN,Indonesia,Sulawesi Tengah,Buol,1-Fully Verified,,6171.02,617102.46,5719.45,8951.82,895181.85,20.14,2013.93,21.48,2147.85,12.31,1231.2,19.5,1950.03,17.09,1709.28,27.42,2741.67,8.2,820.44,22.87,2287.17,24.78,2478.33,5.64,564.3,29.74,2974.14,96.65,9665.37,100.3,10029.87,72.55,7254.54,77.54,7753.59,59.48,5948.19,46.33,4633.38,31.16,3115.71,38.1,3809.79,20.24,2023.74,13.97,1396.71,22.07,2206.98,787.56,0.13,5383.46,0.87,1,1,3
PO1000006350,2020,UNKNOWN,UNIPALMA S.A.,UNIPALMA S.A.,RSPO Certified,"RSPO Certified, MB",3/31/23,4.22,-73.26,"4.22384, -73.255523",COL,Colombia,Meta,Cumaral,2-High Confidence,,143.45,14345.1,656.22,1282.57,128256.57,1.12,112.05,0.68,68.49,1.41,140.67,2.61,260.64,1.62,162.27,2.89,288.54,7.18,718.02,4.58,457.83,3.03,303.39,5.35,534.96,7.34,733.86,4.96,495.54,0.53,53.46,0.4,40.05,0.33,33.12,0.52,52.29,0.19,19.17,0.9,89.64,1.02,101.61,0.44,43.74,1.2,120.15,0.81,80.82,49.1,0.34,94.35,0.66,2,2,3
PO1000006353,"2020,2021,2019",RISDA ESTATES SDN BHD,RISDA ESTATES SDN BHD,RISDA DURIAN MAS,Not RSPO Certified,,3/31/23,4.6,103.2,"4.595091, 103.202805",MYS,Malaysia,Trengganu,Dungun,2-High Confidence,,2536.12,253611.9,2352.92,3722.87,372287.34,15.8,1580.4,11.62,1162.26,8.96,896.04,17.2,1720.17,8.17,817.38,9.08,907.65,8.85,885.42,11.4,1139.94,13.92,1391.58,15.37,1537.2,20.67,2066.76,21.4,2140.02,21.49,2149.47,21.96,2196,19.49,1949.4,10.03,1002.51,16.85,1684.98,15.38,1538.28,6.52,651.96,9.91,990.54,8.22,821.97,10.85,1085.13,303.15,0.12,2232.97,0.88,2,1,3
PO1000006357,2020,GRUPO OLEOMEX (OLEOFINOS),OLEOPALMA,AGROIPSA - JALAPA,Not RSPO Certified,,3/31/23,17.74,-92.78,"17.73921389, -92.783867",MEX,Mexico,Tabasco,Jalapa,1-Fully Verified,,2800.22,280021.59,7621.84,10220.69,1022068.53,8.17,816.84,7.6,760.14,6.49,649.08,9.15,914.94,12.88,1288.26,4.67,466.65,19.34,1933.92,8.17,816.84,8.8,879.75,9.18,918.36,11.39,1138.77,10.41,1041.39,33.49,3348.72,30.73,3073.14,31.91,3190.95,61.25,6124.95,57.45,5745.15,63.23,6323.13,89.48,8948.43,67.41,6740.91,31.22,3122.37,19.47,1946.7,601.89,0.21,2198.32,0.79,3,1,3
PO1000006362,2020,SINAR MAS,KAPUASINDO PALM INDUSTRY,KAPUASINDO PALM INDUSTRY,Not RSPO Certified,,3/31/23,1.02,111.88,"1.019664, 111.879215",IDN,Indonesia,Kalimantan Barat,Kapuas Hulu,1-Fully Verified,SAWIT SERIANG,1286.58,128658.33,1445.14,3613.18,361317.78,6.78,677.97,8.95,894.87,5.99,599.22,5.31,531.36,4.71,470.61,3.71,370.8,10.16,1015.65,6.3,630,35.86,3585.96,9.57,957.33,24.63,2462.94,83.77,8376.84,16.74,1674.45,28.42,2841.66,10.36,1036.08,6.49,649.35,9.74,974.07,16.6,1659.96,10.31,1031.22,13.62,1361.88,6.75,674.82,9.24,924.48,334.02,0.26,952.57,0.74,2,2,3
PO1000006365,"2020,2019,2021",SAMPOERNA AGRO,USAHA AGRO INDONESIA,USAHA AGRO INDONESIA,RSPO Certified,"RSPO Certified, MB",3/31/23,-2.68,110.98,"-2.683161, 110.975442",IDN,Indonesia,Kalimantan Barat,Ketapang,1-Fully Verified,,355.5,35550.27,441.54,667.56,66755.97,2.09,208.53,6.66,665.82,0.42,42.48,7.18,717.93,3,299.79,12.8,1280.16,12.89,1288.53,10.53,1053.45,14.12,1412.01,9.47,947.16,11.93,1193.13,13.2,1319.85,16.32,1631.97,23.1,2309.67,18.17,1817.28,36.49,3649.05,5.79,578.79,11.05,1105.2,30.76,3075.57,3.79,378.54,2.92,291.69,1.85,184.59,254.51,0.72,100.99,0.28,2,4,2
PO1000006366,2021,ANJ AGRO,KAYUNG AGRO LESTARI,KAYUNG AGRO LESTARI,RSPO Certified,"RSPO Certified, MB",3/31/23,-1.45,110.23,"-1.45051, 110.232027",IDN,Indonesia,Kalimantan Barat,Ketapang,2-High Confidence,,2016.34,201634.02,1973.74,4125.48,412548.12,6.5,650.07,5.93,593.37,4.49,449.28,14.97,1496.52,6.07,607.32,16.88,1687.5,15.47,1546.74,17.14,1713.51,37.88,3788.01,19.02,1901.7,61.53,6152.85,79.94,7994.34,43,4299.84,34.41,3440.7,106.89,10689.3,69.76,6976.26,15.71,1570.86,10.61,1060.92,45.87,4586.85,24,2399.76,7.54,753.93,13.25,1325.43,656.85,0.33,1359.49,0.67,2,2,3
PO1000006370,2020,ASAM JAWA,SAWIT MAS NUGRAHA PERDANA,SAWITMAS NUGRAHA PERDANA,Not RSPO Certified,,3/31/23,-2.66,112.25,"-2.65525, 112.2464556",IDN,Indonesia,Kalimantan Tengah,Seruyan,1-Fully Verified,,207.39,20738.7,300.49,358.22,35822.34,2.56,255.78,6.39,639,0.94,94.41,8.49,848.52,4.38,438.39,5.09,508.68,16.92,1691.82,28.27,2827.35,6.34,633.6,3.06,306.27,4.46,446.22,4.05,404.91,5.45,545.31,9.73,973.08,5.74,574.11,15.28,1527.84,5.18,518.4,3.32,332.46,4.54,454.14,1.27,127.44,0.68,68.49,0.87,86.94,143.03,0.69,64.36,0.31,2,4,2
PO1000006376,"2020,2021,2019",SOUTHERN ACIDS BERHAD,WANASARI NUSANTARA,WANASARI NUSANTARA,Not RSPO Certified,,3/31/23,-0.29,101.47,"-0.287, 101.4718",IDN,Indonesia,Riau,Kuantan Singingi,1-Fully Verified,,88.03,8802.72,122.19,142.05,14204.52,0.79,79.29,4.01,401.4,0.25,25.11,1.92,191.61,5.8,580.23,2.81,281.34,3.46,346.32,2.22,222.21,1.54,153.63,1.59,159.3,1.56,156.33,0.74,74.43,3.07,307.35,4.23,422.55,7.83,782.64,3.98,398.07,0.82,81.99,0.47,46.89,2.47,247.05,24.18,2417.94,9.72,972.45,3.3,329.67,86.78,0.99,1.25,0.01,5,5,3
PO1000006389,"2019,2020,2021",BOUSTEAD PLANTATIONS BERHAD,BOUSTEAD PLANTATIONS BHD,TRONG OIL MILL,RSPO Certified,"RSPO Certified, IP",3/31/23,4.67,100.71,"4.67356, 100.708154",MYS,Malaysia,Perak,Larut and Matang,1-Fully Verified,,72.66,7266.15,78.54,157.53,15753.15,0.77,76.59,1.58,158.22,0.72,72.45,1.29,129.15,0.52,52.47,0.36,36.45,0.18,17.55,0.96,95.76,1.16,115.83,0.67,66.69,1.43,142.65,0.8,80.19,0.53,52.83,0.98,97.92,1.43,142.65,2.4,239.85,2.6,260.37,2.05,205.29,1.63,163.17,1.85,184.59,0.94,94.41,0.19,19.17,25.04,0.34,47.62,0.66,2,2,3
PO1000006502,"2020,2019",FGV HOLDINGS BERHAD,FGV PALM INDUSTRIES SDN BHD,KERATONG 09,Not RSPO Certified,,3/31/23,2.97,102.96,"2.969027, 102.958",MYS,Malaysia,Pahang,Rompin,2-High Confidence,,140.42,14041.71,165.72,161.68,16168.32,26.75,2675.07,10.2,1020.24,0.99,99.09,3.99,398.7,6.31,630.63,1.03,103.41,7.93,792.72,13.07,1307.07,14.17,1416.87,20.21,2020.68,7.54,754.47,5.3,530.19,0.84,84.33,1.14,114.3,1.8,180.45,2.62,262.26,5.64,564.21,2.96,295.74,1.8,180.09,0.62,62.1,0.68,68.13,0.87,87.21,136.48,0.97,3.94,0.03,2,5,1
PO1000006505,"2019,2021,2020",MUSIM MAS,GUNTUNG IDAMAN NUSA,GUNTUNG IDAMAN NUSA 2,RSPO Certified,"RSPO Certified, IP",3/31/23,0.05,103.21,"0.0530444, 103.20761",IDN,Indonesia,Riau,Indragiri Hilir,1-Fully Verified,,374.57,37457.37,413.96,517.1,51710.04,6.84,683.73,17.88,1787.67,4.19,418.59,26.57,2656.71,20.19,2018.61,11.74,1173.87,17.65,1765.08,30.96,3096.09,8.09,809.46,9.03,902.97,5.72,571.77,10.59,1059.48,4.25,424.89,23.25,2324.97,6.02,601.56,6.28,628.47,4.21,421.2,6.15,615.06,5.82,582.03,4.92,492.3,1.84,183.87,1.19,118.62,233.37,0.62,141.2,0.38,2,3,2
PO1000006576,"2020,2019",OLAM INTERNATIONAL,OLAM PALM GABON S.A.,BILALA PALM OIL MILL,RSPO Certified,"RSPO Certified, MB",3/31/23,-1.65,10.85,"-1.6521556, 10.8545278",GAB,Gabon,Ngounié,Tsamba Mangotsi,2-High Confidence,,7779.7,777969.99,7841.37,11177.26,1117725.75,1.64,163.71,10.24,1024.11,4.14,414.27,3.73,372.51,5.17,516.78,14.57,1457.01,11.4,1140.39,10.65,1064.52,0.11,11.07,4.08,408.15,6.43,643.41,5.37,536.58,69.01,6900.75,49.61,4960.98,61.36,6136.29,46.95,4694.67,91.99,9198.9,11.85,1184.85,5.73,572.67,13.18,1318.05,7.25,725.31,10.21,1021.05,444.66,0.06,7335.04,0.94,1,1,3
PO1000006652,"2019,2021,2020",MP EVANS,GUNUNG PELAWAN LESTARI,TENGKALAT,RSPO Certified,"RSPO Certified, MB",3/31/23,-1.62,105.99,"-1.62363, 105.988565",IDN,Indonesia,Bangka Belitung,Bangka,1-Fully Verified,,538.57,53857.35,863.03,1202.9,120290.4,5.99,599.04,9.9,989.73,2.27,227.07,12.95,1295.1,10.86,1086.21,13.65,1364.58,27.92,2792.43,7.03,702.54,27.7,2769.75,5.68,567.81,37.13,3712.86,33.68,3367.71,23.07,2307.42,34.48,3448.44,47.09,4708.71,39.7,3969.99,16.79,1679.13,16.06,1605.69,15.53,1553.4,16.74,1673.55,12.39,1239.03,13.81,1381.14,430.41,0.8,108.16,0.2,4,4,3
PO1000006977,"2020,2021",SINAR MAS,SINAR KENCANA INTI PERKASA,KASUARI,Not RSPO Certified,,3/31/23,-2.97,140.03,"-2.973111, 140.029917",IDN,Indonesia,Papua,Jayapura,1-Fully Verified,,7814.69,781469.28,7133.86,10589.27,1058926.86,3.82,381.6,2.92,291.6,3.13,313.29,3.17,317.16,15.55,1554.93,7.12,711.54,6.56,655.56,9.23,922.59,10.99,1099.08,10.31,1031.49,5.75,574.92,7.69,769.14,3.74,374.04,5.94,594.18,5.31,530.91,9.85,984.78,8.04,803.61,7.55,754.56,17.62,1762.02,22.25,2224.8,23.15,2314.89,38.45,3845.25,228.12,0.03,7586.57,0.97,2,1,3
PO1000006984,"2020,2021,2019",SINAR MAS,AGROLESTARI SENTOSA,JALEMO,Not RSPO Certified,,3/31/23,-1.35,113.5,"-1.3482 , 113.5022",IDN,Indonesia,Kalimantan Tengah,Gunung Mas,1-Fully Verified,,66.55,6654.69,62.38,53.3,5330.34,0.54,54.45,0.11,10.98,0.14,13.5,0.66,66.15,0.12,12.15,0.38,38.25,2.13,212.94,26.08,2608.2,7.86,785.79,5.15,514.89,4.47,447.39,4.26,426.33,3.02,302.31,2.55,254.79,0.13,12.87,0.4,39.51,0.16,15.84,0.07,7.38,0.03,2.88,0.04,4.5,0.28,28.08,0.23,23.04,58.82,0.88,7.72,0.12,2,5,1
PO1000006989,"2019,2020",FGV HOLDINGS BERHAD,FGV PALM INDUSTRIES SDN BHD,KECHAU B,RSPO Certified,"RSPO Certified, MB",3/31/23,4.24,102.11,"4.2391667, 102.106667",MYS,Malaysia,Pahang,Lipis,1-Fully Verified,,612.17,61216.83,652.99,1118.51,111851.37,5.35,535.23,5.81,581.31,4.65,465.03,3.47,347.04,11.09,1108.89,7.74,774.45,4.65,465.12,4.74,474.03,19.53,1953.09,10.6,1060.11,11.21,1121.04,21.89,2189.34,9.28,927.72,22.26,2225.79,27.12,2712.06,40.07,4006.53,22.83,2282.67,17.78,1777.86,18.22,1821.69,12.44,1243.89,7.53,753.12,6.47,646.56,294.73,0.48,317.44,0.52,3,3,3
PO1000006992,"2020,2019",FGV HOLDINGS BERHAD,FGV PALM INDUSTRIES SDN BHD,PALONG TIMOR,RSPO Certified,"RSPO Certified, MB",3/31/23,2.74,102.7,"2.7388889, 102.705",MYS,Malaysia,Johor,Segamat,1-Fully Verified,,176.39,17638.65,192.63,151.42,15141.6,2.49,248.67,18.26,1826.01,12.55,1254.96,11.03,1103.22,21.06,2106.36,6.28,628.47,7.38,738.27,8.34,833.67,7.36,736.11,0.04,3.6,4.24,423.63,7.99,798.75,11.72,1171.8,13.45,1344.51,8.68,867.96,15.96,1596.42,6.27,626.94,3.09,308.61,0.57,56.7,4.17,416.88,0.63,63.18,0.77,76.68,172.31,0.98,4.07,0.02,2,5,1
PO1000006998,2020,FGV HOLDINGS BERHAD,FGV PALM INDUSTRIES SDN BHD,SERTING HILIR,RSPO Certified,"RSPO Certified, MB",3/31/23,3,102.48,"2.997778, 102.4780556",MYS,Malaysia,Negeri Sembilan,Jempol,1-Fully Verified,,247.89,24788.61,289.27,314.96,31496.13,4.01,400.77,6.81,681.3,1.21,121.5,4.13,412.92,11,1099.62,9.16,916.11,12.27,1226.7,4.84,483.75,23.44,2343.69,2.58,258.48,12.57,1257.12,38.23,3822.66,30.32,3031.92,14.53,1452.78,7.25,725.49,7.87,786.6,8.57,857.16,10.47,1046.97,10.62,1062.18,1.25,125.46,1.72,172.35,3.31,330.84,226.16,0.91,21.72,0.09,3,5,2
PO1000007000,"2020,2019",FGV HOLDINGS BERHAD,FGV PALM INDUSTRIES SDN BHD,CHIKU,RSPO Certified,"RSPO Certified, MB",3/31/23,4.94,102.2,"4.9419444, 102.2036111",MYS,Malaysia,Kelantan,Gua Musang,1-Fully Verified,,779.01,77901.48,810.7,1035.91,103591.17,11.82,1182.24,8.55,855.18,1.89,188.55,25.24,2524.23,22.71,2270.61,15.72,1572.03,20.57,2057.04,13.09,1309.14,36.5,3649.86,62.98,6298.2,35.92,3591.81,46.85,4685.22,25.38,2538.45,61.96,6195.96,40.85,4085.46,27.2,2720.25,3.94,393.66,5.61,561.33,10.63,1062.99,5.33,532.71,5.47,546.84,3.55,354.69,491.76,0.63,287.25,0.37,2,3,3
PO1000007049,2020,RIMBUNAN HIJAU GROUP,RH SELANGAU PALM OIL MILL SDN BHD,RINWOOD PELITA PLANTATION,Not RSPO Certified,,3/31/23,2.52,112.33,"2.515988, 112.331157",MYS,Malaysia,Sarawak,Selangau,1-Fully Verified,,1983.95,198395.01,2032.31,3469.8,346979.61,11.45,1144.62,14.32,1432.17,11.86,1185.66,10.71,1070.82,33.28,3327.57,33.36,3336.12,51.11,5111.19,1.09,108.9,79.46,7946.28,25.75,2574.81,13.46,1346.22,66.1,6609.51,48.9,4889.52,94.08,9408.24,56.15,5614.56,57.57,5757.03,45.93,4592.79,41.78,4178.16,33.08,3308.4,16.18,1618.47,21.85,2185.29,34.35,3435.3,801.82,0.4,1182.13,0.6,3,3,3
PO1000007051,2020,SIME DARBY,SIME DARBY PLANTATION BHD,MOSTYN (SOU 30B),Not RSPO Certified,,3/31/23,4.67,118.2,"4.666954, 118.203458",MYS,Malaysia,Sabah,Kunak,1-Fully Verified,SANG GUAN,107.26,10726.29,121.19,205.64,20563.65,1.12,111.51,0.99,99.18,0.95,95.22,3.38,337.5,2.14,214.47,1.28,127.98,0.62,61.56,2.48,247.59,0.36,35.73,3.74,374.13,2.1,210.33,3.02,302.04,1.37,137.25,3.52,351.9,2.2,219.69,2.8,280.44,2.41,240.93,4.39,438.57,4.97,497.07,4.73,473.04,6.69,669.06,6.89,688.68,62.14,0.58,45.12,0.42,5,3,5
PO1000007052,"2020,2019,2021",FIRST RESOURCES,SUBUR ARUM MAKMUR,SUBUR ARUM MAKMUR II,Not RSPO Certified,,3/31/23,0.98,100.78,"0.978389, 100.7826",IDN,Indonesia,Riau,Rokan Hulu,1-Fully Verified,,87.61,8761.05,87.71,171.3,17130.24,1.62,161.64,0.43,43.02,0.75,75.33,10.04,1004.22,42.21,4220.55,14.06,1406.43,0.49,48.6,0.17,17.28,0.34,34.47,0.33,32.85,0.06,6.21,0.09,9.36,0,0.18,0.02,1.71,0,0.18,0,0,0.18,18.18,0.28,28.26,0.01,0.54,0,0,0,0,0,0,71.09,0.81,16.52,0.19,1,5,1
PO1000007053,"2020,2021,2019",AWAN TIMUR GROUP,AWAN TIMUR MANAGEMENT SDN BHD,TUNJUK LAUT,Not RSPO Certified,,3/31/23,1.97,103.98,"1.9737, 103.979",MYS,Malaysia,Johor,Kota Tinggi,2-High Confidence,,323.16,32315.76,336.54,655.03,65503.35,2.8,280.44,4.07,407.07,1.09,108.9,7.67,766.71,14.29,1428.75,11.45,1144.53,14.38,1437.93,5.24,523.53,20.28,2027.52,13.07,1306.89,17.21,1720.62,7.34,734.13,10.25,1024.74,14.01,1400.58,7.13,712.98,9.59,959.13,15.06,1506.15,7.38,737.73,5.26,526.05,5.61,561.15,3.51,351,2.11,210.87,198.77,0.62,124.38,0.38,3,3,3
PO1000007305,2020,UNKNOWN,KH REGIONAL GROUP INC.,NACIONAL AGRO INDUSTRIAL S.A.,RSPO Certified,"RSPO Certified, IP",3/31/23,16.23,-90.15,"16.227913, -90.152902",GTM,Guatemala,Petén,Sayaxché,1-Fully Verified,,544.92,54492.03,860.38,1405.95,140595.12,14.52,1452.42,23.87,2387.34,13.63,1362.6,14.53,1453.32,18.46,1846.08,11.05,1104.84,24.69,2468.97,23.52,2351.61,17.97,1796.67,15.33,1532.61,9.1,910.17,9.47,946.62,7.18,718.47,7.87,786.78,7.58,758.25,13.76,1376.1,11.65,1165.05,7.23,723.33,15.9,1590.39,9.28,927.99,7.21,720.9,5.48,548.37,289.29,0.53,255.63,0.47,3,3,3
PO1000007396,"2020,2021",MUSIM MAS,MULTI PERSADA GATRA MEGAH,MULTI PERSADA GATRA MEGAH,RSPO Certified,"RSPO Certified, MB",3/31/23,-0.77,114.74,"-0.770833, 114.741222",IDN,Indonesia,Kalimantan Tengah,Barito Utara,1-Fully Verified,,220.32,22031.55,221.44,455.7,45570.24,1.43,143.28,1.77,177.21,0.76,76.23,0.51,51.39,4.85,485.1,0.85,84.78,0.97,97.02,6.2,620.28,9.76,976.5,12.47,1246.95,2.55,255.24,1.95,194.67,2.07,207.18,4.4,439.74,2.61,261.45,4.88,488.07,2.09,208.98,2.12,212.22,0.83,82.98,1.43,142.74,1.11,111.42,1.78,178.02,67.41,0.31,152.9,0.69,2,2,3
PO1000007432,"2021,2020",WILMAR GROUP,AGRO PALINDO SAKTI,AGRO PALINDO SAKTI 2,Not RSPO Certified,,3/31/23,0.3,110.2,"0.303, 110.195959",IDN,Indonesia,Kalimantan Barat,Sanggau,1-Fully Verified,,434.31,43430.67,472.87,706.71,70671.06,5.67,567.09,4.26,425.7,1.59,159.12,5.82,581.76,7.29,729.45,5.6,559.98,17.67,1766.7,8.78,877.68,20.61,2061.36,3.08,308.43,8.91,891.27,5.37,536.58,3.07,307.35,9.41,940.86,7.9,790.2,19.2,1919.88,13.69,1368.63,8.17,817.47,9.16,915.84,5.48,547.74,7.42,742.05,16.14,1613.52,194.29,0.45,240.02,0.55,4,3,4
PO1000007434,2020,AGROINDUSTRIAS DEL SUR DEL CESAR LIMITADA,AGROINCE LTDA Y CIA SCA,AGROINCE LTDA Y CIA SCA,RSPO Certified,"RSPO Certified, MB",3/31/23,8.11,-73.57,"8.110308, -73.574628",COL,Colombia,Cesar,Río de Oro,1-Fully Verified,,1511.47,151146.72,3889.31,8243.5,824349.78,8.33,833.31,9.08,908.19,6.62,661.59,12.5,1250.37,8.44,844.11,7.65,765,15.81,1581.48,8.18,817.92,11.19,1118.52,4.47,447.3,4.6,459.99,8.35,834.84,5.18,517.95,6.7,670.23,3.67,367.02,8,800.28,16.69,1668.78,6.97,697.32,6.99,699.39,7.62,762.21,4.37,437.4,7.17,717.48,178.61,0.12,1332.86,0.88,2,1,3
PO1000007436,"2020,2019",GOODHOPE,AGRO BUKIT,MANGKALAPI,Not RSPO Certified,,3/31/23,-3.45,115.64,"-3.4520711, 115.642476",IDN,Indonesia,Kalimantan Selatan,Tanah Bumbu,2-High Confidence,ADISURYA CIPTA LESTARI,1118.51,111850.56,1099,2244.04,224404.11,3.1,310.05,7.09,708.75,7.39,739.35,10.89,1088.82,5.3,529.65,14.48,1448.28,5.03,502.65,2.13,212.67,33.43,3342.6,12.29,1228.68,27.58,2758.05,41.83,4182.75,10.85,1084.59,12.75,1274.85,20.4,2040.03,15.79,1578.96,6.48,647.91,9.19,919.17,16.64,1664.28,10.13,1013.13,7.62,762.48,5.54,553.59,285.91,0.26,832.59,0.74,2,2,3
PO1000007437,"2020,2021",MUSIM MAS,SINAR AGRO RAYA,SINAR AGRO RAYA,Not RSPO Certified,,3/31/23,0.42,101.76,"0.419917, 101.756389",IDN,Indonesia,Riau,Pelalawan,2-High Confidence,,11.53,1152.54,16.03,27.34,2733.84,0.12,11.52,0.15,15.48,0.02,1.98,0.21,20.7,0.72,71.55,0.01,0.54,0.4,39.87,0.08,8.46,0.32,32.22,0.15,14.76,0.15,14.67,0.15,15.48,0,0.36,0.05,4.68,0.07,7.38,0.17,16.65,0.16,16.11,0.84,83.97,0.82,81.81,0.96,95.94,1.16,116.01,0.94,94.14,7.64,0.66,3.88,0.34,5,4,5
PO1000007438,2020,LA FABRIL,EXTRACTORA AGRICOLA RIO MANSO,EXTRACTORA LA COMUNA,Not RSPO Certified,,3/31/23,0.33,-79.37,"0.32585, -79.3709",ECU,Ecuador,Esmeraldas,Quinindé,1-Fully Verified,,95.26,9525.87,105.04,247.96,24796.26,0.46,45.81,0.13,12.87,0,0,0.09,9.18,1.97,197.01,0.67,67.14,1.51,151.38,1.65,165.15,1.9,189.9,0.14,13.59,1.31,130.95,0.36,35.64,0.23,23.4,0.15,15.48,0.18,17.91,0.38,38.16,0.29,29.43,0.03,3.24,1.27,126.99,0.02,2.16,0,0,0.02,2.25,12.78,0.13,82.48,0.87,1,1,3
PO1000007440,"2020,2021,2019",SARAWAK LAND CONSOLIDATION AND REHABILITATION AUTHORITY (SALCRA),LUBOK ANTU PALM OIL MILL SDN BHD,LUBOK ANTU,Not RSPO Certified,,3/31/23,1.17,111.76,"1.168155, 111.761971",MYS,Malaysia,Sarawak,Sri Aman,1-Fully Verified,,2923.12,292311.54,2931.68,5606.81,560681.19,6.85,685.17,19.12,1911.6,14.76,1475.64,13.84,1384.29,16.49,1649.43,12.92,1292.31,20.62,2061.54,31.91,3191.22,44.45,4444.56,17.11,1710.81,21.86,2185.92,55.86,5585.67,21.34,2133.63,53.84,5383.89,48.23,4823.28,60.91,6090.93,89.22,8922.15,43.99,4398.84,45.1,4509.9,17.26,1726.38,26.52,2652.3,20.63,2063.43,702.83,0.24,2220.29,0.76,2,1,3
PO1000007441,"2019,2021,2020",UNKNOWN,SINAR HALOMOAN,SINAR HALOMOAN,Not RSPO Certified,,3/31/23,1.06,99.83,"1.061727, 99.834377",IDN,Indonesia,Sumatera Utara,Padang Lawas,2-High Confidence,,424.23,42423.48,441.8,893.53,89353.08,1.31,130.77,1.99,198.54,1.09,109.35,3.43,343.35,3.03,302.58,5.61,560.61,1.99,199.44,2.31,230.67,7.36,736.2,1.84,183.69,7.37,737.01,2.86,286.38,2.33,232.92,2.88,287.91,10.21,1020.87,14.88,1487.7,10.14,1013.67,7.19,719.46,7.3,729.54,6.2,620.01,4.72,472.23,5.83,582.84,111.86,0.26,312.38,0.74,3,2,3
PO1000007442,"2020,2021,2019",UNKNOWN,SULTRA PRIMA LESTARI,SULTRA PRIMA LESTARI,Not RSPO Certified,,3/31/23,-3.45,122.17,"-3.451764, 122.168248",IDN,Indonesia,Sulawesi Tenggara,Konawe Utara,1-Fully Verified,,279.85,27984.6,279.62,708.17,70816.95,0.05,4.59,0.39,39.15,0.16,16.47,0.54,54.27,0.34,33.57,5.71,570.6,5.27,526.77,4.28,428.13,7.94,793.8,6.02,601.74,4.18,418.5,3.84,384.12,0.45,44.55,0.71,71.28,1.61,161.1,4.17,416.79,0.91,90.72,0.8,79.65,3.72,372.42,4.18,417.87,2.13,212.67,5.56,556.38,62.95,0.22,216.89,0.78,3,1,3
PO1000007443,"2019,2020",PPA KAPITAL,DUTA MENTARI RAYA,DUTA MENTARI RAYA,Not RSPO Certified,,3/31/23,-0.35,101.4,"-0.34809, 101.399069",IDN,Indonesia,Riau,Kuantan Singingi,1-Fully Verified,SUN SAWIT,85.59,8559.09,95.08,124.72,12471.93,3.75,374.85,2.3,229.59,1.06,106.38,1.89,188.82,2.57,256.59,1.24,124.02,3.53,352.98,4.22,421.65,2.28,227.52,5.17,516.78,5.04,504.27,4.82,481.86,3.95,394.65,2.18,217.89,1.84,184.23,2.51,251.46,4.7,469.71,2.52,252.09,1.17,117.45,8.58,858.33,10.84,1084.32,1.65,165.33,77.81,0.91,7.78,0.09,5,5,3
PO1000007447,2020,UNKNOWN,OLEODAVILA,AGROPARAISO,Not RSPO Certified,,3/31/23,-0.57,-79.5,"-0.57461, -79.49826",ECU,Ecuador,Manabi,El Carmen,1-Fully Verified,,1617.92,161792.01,2037.25,4274.6,427460.04,3.22,321.84,0.93,93.33,1.07,107.19,2.66,266.04,5.17,517.32,2.27,226.53,22.52,2251.89,18.01,1800.63,14.77,1476.63,4.23,423.36,3.71,371.07,1.72,171.9,9.25,924.66,3.04,304.02,6.44,643.59,3.59,359.37,1.17,116.73,0.44,43.74,1.33,132.93,2.28,227.79,0.13,13.23,3.9,389.97,111.84,0.07,1506.08,0.93,1,1,3
PO1000007448,"2020,2019,2021",UNKNOWN,SUMBER KENCANA INDO PALMA,SUMBER KENCANA INDO PALMA,RSPO Certified,"RSPO Certified, MB",3/31/23,-0.68,102.5,"-0.68269, 102.5015",IDN,Indonesia,Riau,Indragiri Hulu,1-Fully Verified,,136.45,13645.35,149.07,244.28,24427.62,4.72,471.69,3.34,333.63,1.37,136.8,4.91,491.13,18.18,1818.45,11.81,1180.8,7.41,741.24,4.83,482.85,7.55,754.83,9.18,918.36,2.48,248.04,5.82,581.76,0.6,60.21,1.93,192.51,1.83,182.97,4.49,448.74,2.66,266.13,6,600.39,5.85,584.64,2.13,213.03,2.89,289.44,2.35,234.9,112.33,0.82,24.13,0.18,3,5,3
PO1000007449,"2020,2021,2019",MEDCO AGRO,MEDCO PAPUA HIJAU SELARAS,MEDCO PAPUA HIJAU SELARAS,Not RSPO Certified,,3/31/23,-0.81,133.6,"-0.8104, 133.595074",IDN,Indonesia,Papua Barat,Manokwari,1-Fully Verified,,5293.42,529342.29,4978.54,8337.13,833712.57,5.57,556.65,13.73,1372.77,7.51,751.14,11.08,1108.08,10.39,1039.41,9.68,968.4,4.93,493.47,7.12,712.26,19.43,1942.92,33.5,3350.16,17.71,1771.02,26.78,2677.68,20.78,2077.92,17.41,1741.05,22.13,2213.37,23.79,2378.52,23.6,2360.34,22.4,2240.46,14.53,1453.41,37.15,3714.75,27.31,2731.41,27.01,2701.35,403.57,0.08,4889.86,0.92,2,1,3
PO1000007453,"2020,2019,2021",UNKNOWN,CEMPAKA MAS ABADI GROUP,META EPSI AGRO,Not RSPO Certified,,3/31/23,-2.61,111.78,"-2.60852, 111.780488",IDN,Indonesia,Kalimantan Tengah,Kotawaringin Barat,1-Fully Verified,,99.39,9938.52,157.88,358.39,35839.26,0.28,28.26,0.25,25.29,0.41,41.13,4.77,477.45,4.2,420.3,2.25,225.09,1.03,103.14,2.09,209.34,3.16,315.99,1.48,148.14,4.35,434.79,10.28,1028.25,5.46,546.3,7.42,741.78,3.2,319.59,5.17,517.05,2.18,218.34,0.99,99.18,1.21,121.41,1.03,102.69,1.03,103.23,0.68,68.4,62.95,0.63,36.43,0.37,3,3,3
PO1000007457,"2021,2020,2019",UNKNOWN,ANUGERAH TANI MAKMUR,ANUGERAH TANI MAKMUR,Not RSPO Certified,,3/31/23,0.54,101.6,"0.53622, 101.602024",IDN,Indonesia,Riau,Siak,1-Fully Verified,,28.84,2883.87,61.55,81.74,8173.62,0.34,34.11,0.18,18.09,0.04,4.14,2.25,225,1.53,152.55,0.57,56.61,1.32,131.85,1.77,177.03,1.1,109.98,1.03,103.32,0.3,30.33,0.36,36.36,2.49,248.76,0.59,59.13,0.28,28.44,2.58,257.67,1.72,172.35,3.19,319.41,13.24,1324.35,8.73,872.91,1.61,161.01,2.39,239.22,28.84,1,0,0,5,5,3
PO1000007462,"2020,2021",TANJUNG RHU PLANTATION,MITRA ABADIMAS SEJAHTERA,MITRA ABADIMAS SEJAHTERA,Not RSPO Certified,,3/31/23,1.18,109.44,"1.18186, 109.438",IDN,Indonesia,Kalimantan Barat,Sambas,1-Fully Verified,,131.64,13163.67,132.08,155.7,15570.27,2.61,260.55,2.24,223.83,0.96,95.94,2.41,241.29,2.62,261.63,1.41,141.12,1.53,152.55,4.98,497.97,9.89,989.37,10.61,1061.37,12.49,1248.93,8.86,886.5,6.37,636.84,5.04,503.91,2.84,283.77,3.38,337.86,3.5,350.37,4.32,432.36,2.13,213.12,1.91,191.16,1.68,167.94,2.32,231.75,94.1,0.71,37.54,0.29,3,4,3
PO1000007463,"2021,2020,2019",UNKNOWN,KALIMANTAN AGRO PUSAKA,SUNGAI SEPETI,Not RSPO Certified,,3/31/23,-0.83,109.89,"-0.829001, 109.88604",IDN,Indonesia,Kalimantan Barat,Kayong Utara,1-Fully Verified,,2045.98,204597.54,2072.53,4343.73,434372.76,3.89,388.8,16.15,1615.05,3.05,305.37,14.23,1423.44,9.5,950.13,31.78,3178.08,19.88,1987.74,21.04,2103.66,67.98,6798.06,33.43,3342.69,30.39,3038.67,95.05,9504.54,57.09,5708.52,37.71,3770.73,118.21,11821.05,58.61,5860.98,22.64,2263.86,12.62,1261.8,25.31,2530.8,14.21,1420.56,16.33,1632.87,48.07,4806.9,757.14,0.37,1288.83,0.63,3,3,3
PO1000007464,"2019,2020,2021",UNKNOWN,MITRASARI PRIMA,MITRASARI PRIMA,Not RSPO Certified,,3/31/23,0.14,101.71,"0.136306, 101.705028",IDN,Indonesia,Riau,Pelalawan,1-Fully Verified,,17.03,1702.53,36.99,62.74,6273.9,1.23,123.3,0.21,20.7,0.01,1.26,0.82,82.44,1.04,104.31,0.05,5.04,1.8,180.27,0.21,21.06,1.21,121.32,1.7,169.92,1.98,198,0.53,52.65,0.06,6.21,0.16,16.29,0.08,7.65,0.13,13.41,0.1,9.54,0.31,31.23,0.19,19.17,0.05,4.59,0.08,8.19,0.22,22.05,12.19,0.72,4.84,0.28,3,4,3
PO1000007467,"2021,2020,2019",BIMA PALMA,BIMA AGRI SAWIT,MUARA BULAN,Not RSPO Certified,,3/31/23,1.26,117.6,"1.263417, 117.602556",IDN,Indonesia,Kalimantan Timur,Kutai Timur,1-Fully Verified,,2951.08,295107.57,2886.04,5650.31,565031.43,5.72,571.77,4.49,448.65,3.73,373.41,11.45,1144.89,12.75,1275.03,9.17,917.1,6.9,689.76,0.5,49.86,17.69,1768.86,27.08,2707.65,70.24,7023.78,38.01,3800.7,26.52,2652.03,27.22,2721.87,11.38,1138.5,32.78,3278.43,11.41,1140.57,9.25,925.11,14.32,1431.72,9.33,932.76,4.47,447.03,9.41,941.04,363.81,0.12,2587.27,0.88,1,1,3
PO1000007468,"2019,2020,2021",UNKNOWN,ASIA SAWIT LESTARI,ASIA SAWIT LESTARI,Not RSPO Certified,,3/31/23,-1.84,103.38,"-1.83758, 103.379028",IDN,Indonesia,Jambi,Batang Hari,1-Fully Verified,,277.93,27792.81,300.18,412.78,41278.05,1.19,119.25,2.22,222.12,0.63,63.18,7.31,730.98,8.74,874.35,9.9,990.27,21.55,2155.32,12.48,1247.94,11.46,1146.24,0,0,3.85,385.11,9.72,972.36,2.77,276.75,3.66,366.48,4.09,409.05,10.39,1038.51,8.23,822.96,10.62,1062.36,3.52,351.54,5.78,578.25,10.04,1004.13,13.09,1309.05,161.26,0.58,116.67,0.42,5,3,4
PO1000007469,"2021,2020,2019",UNKNOWN,SURYA GEMILANG AGRO MANDIRI,SURYA GEMILANG AGRO MANDIRI,Not RSPO Certified,,3/31/23,-1.27,103.81,"-1.271232, 103.814442",IDN,Indonesia,Jambi,Tanjung Jabung T,1-Fully Verified,,1053.57,105357.42,1545.1,2400.13,240013.26,1.81,181.17,5.89,589.41,2.32,231.66,12.05,1205.1,15.85,1585.44,12.73,1272.69,24.37,2436.57,20.59,2058.75,28.4,2839.77,2.78,278.37,0.18,18,33.84,3384.18,11.07,1107.27,32.76,3276.18,21.12,2112.21,86.35,8634.51,41.86,4186.44,38.04,3804.21,19.65,1965.24,33.36,3336.21,27.14,2713.68,26.27,2626.56,498.44,0.47,555.14,0.53,4,3,3
PO1000007472,"2020,2021",PROSPER GROUP,TAGAR PROPERTIES SDN BHD,TAGAR,Not RSPO Certified,,3/31/23,3.44,101.47,"3.43592, 101.474097",MYS,Malaysia,Selangor,Hulu Selangor,1-Fully Verified,,203.1,20310.03,277.61,402.48,40248.09,6.66,665.55,4.69,469.17,3.34,334.35,9.53,952.83,6.65,664.56,3.83,383.4,6.23,622.89,9.96,996.03,15.14,1513.62,8.8,879.66,1.66,165.6,8.4,840.42,1.27,127.35,16.06,1606.05,1.91,190.62,5.49,548.82,6.25,624.96,4.05,404.82,4.67,467.37,5.27,526.77,12.26,1225.98,2.47,247.23,144.58,0.71,58.52,0.29,5,4,3
PO1000007473,"2020,2019",UNKNOWN,MULTI AGRINDO SUMATERA,MULTI AGRINDO SUMATERA,Not RSPO Certified,,3/31/23,3.35,98.95,"3.348311, 98.950331",IDN,Indonesia,Sumatera Utara,Serdang Bedagai,1-Fully Verified,,121.48,12147.66,178.88,340.46,34045.56,0.68,67.68,0.42,42.03,4.32,431.55,1.84,184.05,0.58,58.14,0.4,39.69,0.9,89.82,0.44,43.92,3.16,315.99,4.58,458.01,3.53,352.53,3.81,381.42,1.58,157.77,7.54,754.38,1.91,190.71,8.32,831.51,3.51,351.27,3.28,327.51,2.46,245.97,3.09,308.61,4.95,494.73,3.85,384.66,65.12,0.54,56.36,0.46,5,3,4
PO1000007474,2020,MAKIN,BANYU KAHURIPAN INDONESIA,LALAN,Not RSPO Certified,,3/31/23,-2.23,104.33,"-2.23413, 104.332258",IDN,Indonesia,Sumatera Selatan,Musi Banyuasin,1-Fully Verified,,67.22,6721.74,93.9,122.34,12233.7,0.21,20.61,0.39,39.24,0.02,2.43,0.29,29.16,0.72,72,5.29,528.66,27.33,2732.94,8.06,806.49,0.82,81.9,0.68,68.49,0.65,65.43,4.78,477.99,1.1,110.34,2.54,254.25,4.06,405.63,0.66,65.52,2.18,217.53,2.18,218.25,1.12,111.96,1.55,154.98,0.15,15.3,0.12,11.7,64.91,0.97,2.31,0.03,1,5,1
PO1000007477,"2020,2019,2021",PTPN III,PERKEBUNAN NUSANTARA VII,BEKRI,Not RSPO Certified,,3/31/23,-5.07,105.13,"-5.073927, 105.134545",IDN,Indonesia,Lampung,Lampung Tengah,1-Fully Verified,,76.17,7616.79,381.75,664.28,66427.65,5.67,567.27,5.62,561.69,1.23,122.85,4.28,427.86,4.13,412.65,0.39,39.06,1.15,114.93,0.27,27.45,0.7,70.29,0.89,89.28,1.58,158.4,2.88,288.09,0.18,18,4.29,428.76,9.61,960.66,4.72,471.87,1.83,183.06,1.95,195.48,2.41,240.84,2.92,291.87,2.67,266.67,1.3,130.05,60.67,0.8,15.5,0.2,4,4,3
PO1000007481,"2020,2021,2019",SUPERVENTURE,BINA MITRA MAKMUR,BINA MITRA MAKMUR,Not RSPO Certified,,3/31/23,-1.5,102.24,"-1.49723, 102.240672",IDN,Indonesia,Jambi,Bungo,1-Fully Verified,,236.19,23618.88,288.38,599.9,59990.49,1.55,155.25,2.79,278.64,0.88,87.57,4.27,426.96,2.38,238.14,13.26,1326.33,6.66,665.64,2.96,296.1,8.99,899.01,1.73,172.89,2.77,277.2,6.03,603.09,3.37,337.14,4.2,419.58,3.66,365.76,4.86,485.73,5.74,573.93,5.6,560.16,9.44,943.74,6.45,644.94,11.39,1139.04,7.1,709.65,116.06,0.49,120.12,0.51,5,3,4
PO1000007483,2020,C.I BIOCOSTA S.A,BIOPLANTA PALMERA PARA EL DESARROLLO S.A.,BIOPLANTA PALMERA PARA EL DESARROLLO S.A.,Not RSPO Certified,,3/31/23,7.57,-76.61,"7.567717, -76.61233",COL,Colombia,Antioquia,Chigorodó,1-Fully Verified,,2575.04,257503.77,2649.26,5604.42,560442.33,8.49,849.42,4.65,465.3,1.03,102.96,14.26,1426.05,10.8,1079.82,5.69,568.53,11.4,1140.03,6.1,610.29,9.38,938.07,14.18,1417.5,2.79,278.73,20.96,2095.92,6,599.94,5.04,504.45,2.59,258.93,13.6,1359.9,25.71,2571.48,10.79,1078.56,8.57,856.53,6.44,644.22,5.52,551.88,9.06,906.3,203.05,0.08,2371.99,0.92,1,1,3
PO1000007486,2020,UNKNOWN,BUDI NABATI PERKASA,BUDI NABATI PERKASA,Not RSPO Certified,,3/31/23,-1.69,102.16,"-1.692028, 102.160547",IDN,Indonesia,Jambi,Bungo,1-Fully Verified,PKS 7 BUNGO,769.14,76914.36,785.81,1306.73,130672.62,15.25,1524.87,8.91,891,2.54,254.25,16.8,1680.48,10,999.81,24.96,2496.06,20.92,2091.6,8.66,865.89,30.77,3077.01,17.23,1722.69,36.51,3651.3,21.57,2157.12,16.79,1678.77,20.4,2039.94,9.08,908.1,16.83,1682.82,17.25,1724.58,14.45,1444.95,13.27,1326.96,11.17,1116.63,20.95,2094.84,20.3,2030.49,374.6,0.49,394.54,0.51,4,3,3
PO1000007489,"2020,2019",FGV HOLDINGS BERHAD,FGV PALM INDUSTRIES SDN BHD,CINI 2,Not RSPO Certified,,3/31/23,3.4,102.97,"3.395214, 102.9681",MYS,Malaysia,Pahang,Pekan,1-Fully Verified,,131.51,13151.07,126.1,137.75,13775.04,0.19,19.26,0.33,32.85,7.41,740.97,1.18,117.99,9.44,944.37,16.77,1677.33,11.82,1181.79,0.76,75.69,8.73,872.64,13.74,1374.12,9.93,992.79,6.77,677.43,1.09,109.35,0.86,86.04,0.35,35.1,0.81,80.73,0.9,89.64,4.3,430.38,6.97,697.41,13.32,1332.45,6.89,688.86,0.28,28.17,122.85,0.93,8.66,0.07,4,5,2
PO1000007490,2020,UNKNOWN,GODREJ AGROVET LTD,CHINTAMPALLI,Not RSPO Certified,,3/31/23,17.21,80.94,"17.20973, 80.94",IND,India,Telangana,Khammam,1-Fully Verified,,300.47,30047.22,3435.23,6183.12,618312.33,0.46,45.9,1.11,110.88,1.86,186.21,2.27,227.43,4.57,457.11,5.08,508.23,5.35,534.51,10.22,1022.13,10.51,1050.75,3.72,371.52,12,1199.97,9.4,939.87,7.48,747.63,7.56,756.18,2.01,200.7,7.84,784.08,2.48,248.49,6.37,636.84,8.41,841.32,4.63,463.32,4.72,472.23,3.09,309.42,121.15,0.4,179.32,0.6,3,3,3
PO1000007492,2021,J.A. WATTIE (JAWA),CONDONG GARUT,CONDONG GARUT,Not RSPO Certified,,3/31/23,-7.59,107.66,"-7.59417, 107.66",IDN,Indonesia,Jawa Barat,Garut,1-Fully Verified,,3101.73,310173.21,4234.78,7685.55,768554.73,17.99,1799.28,7.6,759.6,5.89,588.69,3.23,323.37,3.55,355.05,9.5,949.68,8.35,834.66,16.74,1674.36,3.6,359.91,4.07,406.98,9.97,997.29,7.18,717.93,7.63,762.75,7.88,788.31,7.46,745.65,13.35,1335.33,15.3,1529.55,8.56,856.08,21.5,2149.65,6.73,673.38,5.53,552.96,3.74,374.31,195.35,0.06,2906.38,0.94,1,1,3
PO1000007496,"2020,2021,2019",UNKNOWN,DHARMASRAYA SAWIT LESTARI,DHARMASRAYA SAWIT LESTARI,Not RSPO Certified,,3/31/23,-1.15,101.74,"-1.149817, 101.740183",IDN,Indonesia,Sumatera Barat,Dharmasraya,1-Fully Verified,,381.92,38191.59,473.79,836.01,83600.64,13.83,1382.67,3.62,361.98,2.04,203.76,6.22,621.72,7.07,706.95,35.98,3598.02,12.18,1217.7,8.82,882.27,14.6,1460.16,6.87,687.06,11.3,1129.77,24.5,2449.71,6.55,655.47,6.31,630.72,7.61,760.59,9.57,956.7,15.77,1577.16,6.04,604.17,10.14,1014.21,7.09,708.84,6.38,638.46,9.64,964.35,232.12,0.61,149.79,0.39,3,3,3
PO1000007497,"2019,2020,2021",DOUBLE DYNASTY SDN BHD,DD PALM OIL MILL SDN BHD,DD PALM,Not RSPO Certified,,3/31/23,3.14,113.31,"3.14292, 113.310333",MYS,Malaysia,Sarawak,Bintulu,1-Fully Verified,,342.83,34283.07,365.45,756.77,75676.95,3.91,391.05,4.52,452.07,5.95,594.63,22.19,2219.04,29.09,2908.8,11.42,1141.74,26.93,2692.8,19.92,1992.24,6.75,674.91,2.69,269.01,9.1,909.81,19.08,1908.27,11.95,1194.84,13.01,1301.49,6.64,663.75,8.62,862.02,9.13,912.51,10.14,1013.58,10.85,1084.95,6.97,697.23,4.53,452.61,3.02,301.86,246.39,0.72,96.44,0.28,3,4,3
PO1000007504,2020,GRUPO HAME,"PALMAS DEL HORIZONTE S.A. ",AGROSERVICIOS EL TRIUNFO S.A.,RSPO Certified,"RSPO Certified, IP",3/31/23,14.56,-91.94,"14.564833, -91.938944",GTM,Guatemala,Quezaltenango,Coatepeque,1-Fully Verified,,1003.54,100354.5,1372.26,3572.03,357202.8,2.93,292.86,8.19,818.82,0.12,11.52,0.37,37.44,0.19,18.81,0.33,33.12,0.52,51.84,18.85,1885.32,6.08,608.04,2.33,232.74,3.45,345.06,8.42,841.59,5.78,577.89,6.52,652.23,10.05,1004.94,16.94,1693.62,6.65,665.28,7.04,703.62,5.42,542.25,6.48,648.18,7.19,718.65,6.59,659.34,130.43,0.13,873.11,0.87,2,1,3
PO1000007505,"2020,2021,2019",SOUTHERN GROUP,SOUTHERN REALTY (MALAYA) SDN BHD,FERMANAGH,Not RSPO Certified,,3/31/23,2.65,101.66,"2.650057, 101.658622",MYS,Malaysia,Selangor,Sepang,1-Fully Verified,,123.97,12397.32,166.43,305.48,30547.89,14.88,1488.42,3.12,311.67,0.43,43.2,2.87,287.28,5.04,504.45,1.58,157.68,2.15,215.46,2.1,209.97,2.64,263.79,7.64,764.28,2.01,201.24,3.84,383.85,1.72,172.35,8.38,837.9,2.42,242.37,4.14,414.27,2.34,233.55,2.64,263.61,2.23,223.47,1.6,160.11,3.31,330.84,0.97,96.93,78.07,0.63,45.91,0.37,3,3,3
PO1000007508,"2019,2021,2020",UNKNOWN,GEMILANG SAWIT LESTARI,GEMILANG SAWIT LESTARI,Not RSPO Certified,,3/31/23,-0.45,101.83,"-0.45481, 101.827",IDN,Indonesia,Riau,Kuantan Singingi,1-Fully Verified,,8.82,882.45,8.35,11.07,1107.36,0.68,68.13,0.18,18.09,0.04,4.23,0.1,9.99,0.15,15.39,0,0,0.1,9.63,0.66,65.79,0.03,2.7,1.12,112.23,0.61,60.84,0.55,54.81,0.22,21.96,0.21,20.88,0.08,8.37,0.21,21.06,0.48,47.97,0.14,14.13,0.23,23.49,0.15,14.94,0.07,7.47,0.22,22.14,6.24,0.71,2.58,0.29,3,4,3
PO1000007509,"2020,2019",UNKNOWN,GOLDEN OILINDO NUSANTARA,GOLDEN OILINDO NUSANTARA,Not RSPO Certified,,3/31/23,-3.12,104.69,"-3.1192, 104.694516",IDN,Indonesia,Sumatera Selatan,Ogan Ilir,1-Fully Verified,,136.97,13697.37,547.43,1018.97,101896.56,0.48,47.97,0.61,60.93,0.12,11.61,1.73,172.71,0.5,49.5,1.61,160.65,2.24,224.1,0.91,90.9,4.64,464.49,1.5,149.85,0.3,30.33,6.01,601.02,0.82,82.26,3.71,371.16,1.26,126.09,2.4,239.58,4.89,489.33,4.68,467.73,10.66,1065.96,1.84,184.05,2.4,240.48,0.94,94.5,54.25,0.4,82.72,0.6,3,3,3
PO1000007511,"2019,2020",SARIMAS,TRI BAKTI SARIMAS,IBUL,Not RSPO Certified,,3/31/23,-0.86,101.75,"-0.860278, 101.750833",IDN,Indonesia,Riau,Kuantan Singingi,1-Fully Verified,,592.04,59204.07,757.87,1245.67,124567.47,48.72,4871.79,16.88,1687.95,1.48,147.96,7.93,793.17,6.93,693.09,11.47,1146.51,22.31,2231.1,30.95,3094.56,20.47,2047.41,11.03,1103.04,18.8,1879.92,49.23,4922.64,29.1,2909.97,46.94,4694.22,38.75,3874.77,26.56,2655.81,33.08,3307.86,16.42,1641.6,14.15,1415.07,13.19,1319.22,14.24,1423.53,23.19,2318.67,501.8,0.85,90.24,0.15,4,5,3
PO1000007515,2020,AHMAD ZAKI RESOURCES BERHAD,ICHTIAR GUSTI PUDI,ICHTIAR GUSTI PUDI,Not RSPO Certified,,3/31/23,0.23,109.85,"0.23495, 109.852133",IDN,Indonesia,Kalimantan Barat,Landak,1-Fully Verified,,241.35,24135.3,247.63,381.84,38184.39,1.25,125.46,5.37,537.03,2.45,244.98,2.64,263.79,1.51,151.38,6.28,627.66,25.53,2553.39,16.81,1680.57,17.41,1741.41,2.78,277.65,6.82,681.84,5.99,599.49,6.15,615.42,13.12,1311.84,15.46,1545.84,11.31,1131.03,12.96,1296.18,2.98,297.81,9.21,921.42,4.1,409.95,2.55,255.15,3.33,333.27,176.03,0.73,65.33,0.27,3,4,3
PO1000007519,"2020,2021",TRINITY INTERLINK,TRINITY PALMAS PLANTATION,TRINITY PALMAS PLANTATION,Not RSPO Certified,,3/31/23,-2.06,119.34,"-2.0579, 119.344864",IDN,Indonesia,Sulawesi Barat,Mamuju,1-Fully Verified,,1031.49,103149.27,955.64,1679.17,167916.87,10.81,1080.72,7.86,786.15,6.76,676.35,16.6,1659.87,10,1000.44,13.26,1325.79,4.21,420.75,5.76,576.45,5.86,585.72,3.44,343.8,8.14,813.6,11.85,1184.58,5.09,508.86,5.14,514.35,3.63,362.7,4.29,429.12,6.08,607.5,8.1,809.82,5.02,502.2,3.54,354.24,6.45,644.76,7.42,742.41,159.3,0.15,872.19,0.85,2,1,3
PO1000007523,"2020,2019",SUNGAI BUDI,TUNAS BARU LAMPUNG,PKS 8,Not RSPO Certified,,3/31/23,0.48,101.6,"0.478069, 101.600256",IDN,Indonesia,Riau,Pelalawan,1-Fully Verified,,40.98,4097.61,103.79,231.64,23164.29,1.21,121.32,0.48,47.79,0.46,45.72,1.68,167.85,2.62,261.99,0.88,87.93,1.31,131.49,1.39,139.14,1.46,145.62,1.47,147.24,0.88,88.47,0.59,59.31,0.71,70.92,1.25,124.92,1.28,127.98,1.27,127.08,2.07,207.27,1.08,107.82,4.27,427.23,7.36,735.57,9.26,926.1,4.33,433.35,40.98,1,0,0,5,5,4
PO1000007524,"2019,2020,2021",UNKNOWN,JABAL PERKASA,JABAL PERKASA,Not RSPO Certified,,3/31/23,1.06,100.13,"1.06108, 100.131917",IDN,Indonesia,Riau,Rokan Hulu,1-Fully Verified,,72.77,7277.31,137,230.86,23086.44,1.46,145.71,3.53,353.43,0.5,49.68,4.01,400.77,3.92,392.4,1.81,181.35,0.87,87.3,0.82,82.35,3.03,303.3,1.16,115.56,1.6,160.29,0.92,92.07,0.82,81.72,1.03,103.05,0.73,73.17,1.62,162,0.81,81.09,1.14,113.76,0.54,53.64,2.17,216.9,1.07,106.65,2.84,283.77,36.4,0.5,36.37,0.5,4,3,3
PO1000007526,"2021,2020,2019",JUGRA PALM OIL MILL SDN BHD,JUGRA PALM OIL MILL SDN BHD,"JUGRA ",Not RSPO Certified,,3/31/23,2.85,101.47,"2.845865, 101.467214",MYS,Malaysia,Selangor,Kuala Langat,1-Fully Verified,,73.3,7330.41,101.18,167.74,16774.47,0.25,25.38,1.63,162.9,0.55,54.99,0.99,98.82,1.49,148.86,1.28,128.07,0.94,94.23,1.8,180.36,1.79,179.1,2.2,219.78,1.88,187.83,1.38,137.97,0.33,33.03,3.31,330.93,1.39,139.23,1.84,183.51,1.51,151.11,1.75,175.41,1.76,176.4,0.9,90,2.06,205.56,1.22,122.04,32.26,0.44,41.05,0.56,3,3,3
PO1000007527,"2019,2020,2021",FELCRA BERHAD,FELCRA JAYAPUTRA SDN BHD,JAYAPUTRA,Not RSPO Certified,,3/31/23,3.98,102.22,"3.982938, 102.222483",MYS,Malaysia,Pahang,Jerantut,1-Fully Verified,,928.33,92832.57,902.29,1821.06,182105.55,2.7,269.55,10.96,1096.47,5.96,596.25,5.36,535.95,14.54,1454.04,5.32,532.17,6.26,625.68,7.15,715.32,15.66,1565.73,8.39,838.89,5.44,544.32,20.64,2064.42,12.41,1241.46,27.76,2776.05,29.34,2934.09,23.37,2336.76,22.49,2249.19,16.58,1657.71,10.88,1088.28,6.75,675.09,7.15,714.96,5.71,571.05,270.83,0.29,657.49,0.71,2,2,3
PO1000007528,"2020,2021,2019",KENCANA AGRI,AGRI EASTBORNEO KENCANA,AGRI EASTBORNEO KENCANA,Not RSPO Certified,,3/31/23,0.13,116.92,"0.134167, 116.9161",IDN,Indonesia,Kalimantan Timur,Kutai Kartanegara,1-Fully Verified,,865.8,86580.36,1124.48,1778.16,177816.24,3.6,360.09,12.03,1203.12,1.74,174.24,2.93,292.59,3.18,317.88,31.11,3111.48,77.63,7763.04,89.69,8969.04,80.78,8078.4,75.29,7529.13,43.1,4310.46,64.46,6445.89,40.84,4083.66,48.5,4850.46,43.06,4305.78,68.84,6884.37,10.3,1030.05,28.26,2826.18,26.65,2665.26,19.88,1988.28,1.38,138.33,1.25,124.83,774.53,0.89,91.28,0.11,1,5,1
PO1000007529,"2019,2020,2021",UNKNOWN,VAREM SAWIT CEMERLANG,VAREM SAWIT CEMERLANG,Not RSPO Certified,,3/31/23,2.67,99.67,"2.665007, 99.667418",IDN,Indonesia,Sumatera Utara,Asahan,1-Fully Verified,,155.15,15515.19,157.33,211.51,21150.9,4.28,427.77,0.67,66.87,3.33,332.64,24.01,2401.38,15.25,1524.87,2.97,296.91,2.39,238.59,1.61,160.56,1.42,142.02,4.51,450.9,3.47,347.4,4.01,400.68,0.21,21.15,2.83,283.41,1.13,112.86,2.52,252.36,7,700.29,2.16,216.36,1.46,145.8,3.2,320.13,3.87,386.91,0.52,51.84,92.82,0.6,62.33,0.4,3,3,3
PO1000007530,"2020,2019,2021",KILANG KELAPA SAWIT JERANTUT SDN BHD,KILANG KELAPA SAWIT JERANTUT SDN BHD,JERANTUT,Not RSPO Certified,,3/31/23,3.86,102.35,"3.862045, 102.345482",MYS,Malaysia,Pahang,Jerantut,1-Fully Verified,,698.51,69851.16,764.41,1759.33,175932.81,16.9,1690.29,18.18,1818.27,7.01,701.46,10.72,1071.72,15.98,1597.95,6.21,621.36,6.15,614.79,9.71,970.92,14.48,1447.56,7.05,705.06,6.12,611.55,15.41,1541.25,14.15,1414.62,15.4,1540.44,18.61,1861.47,28.53,2852.64,19.78,1978.38,20.91,2091.06,18.08,1807.56,12.07,1207.35,9.49,948.96,9.56,955.71,300.5,0.43,398.01,0.57,3,3,3
PO1000007531,2020,UNKNOWN,PALMICULTORES DEL NORTE S.A.S.,PALMICULTORES DEL NORTE (PALNORTE) S.A.S.,Not RSPO Certified,,3/31/23,8.54,-72.64,"8.53507, -72.63589",COL,Colombia,Norte de Santander,Tibú,1-Fully Verified,,2425.42,242541.63,2538.1,4886.41,488641.14,23.66,2365.56,22.46,2246.22,12.76,1276.2,7.82,782.37,11.73,1173.15,11.33,1133.28,19.24,1923.75,27.1,2709.54,30.51,3051.09,35.68,3568.5,24.14,2413.8,27.8,2780.1,24.15,2414.7,45.89,4589.46,39.01,3901.05,118.42,11841.75,68.87,6886.53,82.97,8296.74,79.77,7977.42,74.56,7455.6,92.57,9257.4,51.98,5198.4,932.43,0.38,1492.99,0.62,4,3,4
PO1000007532,2020,TRIPUTRA AGRO PERSADA,BUANA HIJAU ABADI,BUANA HIJAU ABADI,Not RSPO Certified,,3/31/23,0.52,111.58,"0.51795, 111.583783",IDN,Indonesia,Kalimantan Barat,Sintang,2-High Confidence,,217.79,21779.46,228.61,226.49,22648.68,4.47,446.94,2.77,276.57,2.97,297.45,3.5,350.19,2.44,244.35,4.04,404.19,0.97,97.2,4.07,407.34,3.83,382.68,2.31,231.03,18.96,1896.3,53.92,5392.44,11.34,1134.18,6.55,654.66,4.16,416.25,5.93,593.46,2.35,234.54,3.4,339.66,2.28,227.52,2.3,230.31,1.79,178.65,1.65,164.79,146.01,0.67,71.79,0.33,2,4,3
PO1000007533,"2020,2021,2019",GAMA PLANTATIONS,WAWASAN KEBUN NUSANTARA,SUNGAI KUMBAH,Not RSPO Certified,,3/31/23,1.27,109.82,"1.26689, 109.817139",IDN,Indonesia,Kalimantan Barat,Bengkayang,1-Fully Verified,,1369.01,136900.89,1338.07,2225.06,222505.65,15.31,1531.44,10.12,1012.5,10.06,1006.2,27.42,2741.94,20.16,2015.64,9.56,955.62,28.2,2819.61,31.95,3194.82,25.59,2558.52,5.92,591.57,26.83,2682.99,22.28,2227.5,27.7,2770.2,41.57,4156.74,20.24,2024.01,42.93,4293.45,32.11,3210.93,27.42,2741.58,24.06,2406.42,28.83,2882.79,22.54,2254.32,19.56,1956.06,520.35,0.38,848.66,0.62,3,3,3
PO1000007534,"2019,2020",LYMAN AGRO,KALIMANTAN SANGGAR PUSAKA,KALIMANTAN SANGGAR PUSAKA,Not RSPO Certified,,3/31/23,0.08,111.19,"0.08311, 111.19205",IDN,Indonesia,Kalimantan Barat,Sekadau,1-Fully Verified,,296.57,29657.07,398.47,741.86,74186.1,1.93,192.6,3.33,333,1.85,184.77,3.79,379.44,2.75,275.4,6.83,683.01,6.76,675.81,9.59,958.95,8.02,801.54,4.2,420.21,7.12,712.44,14.57,1456.92,5.09,509.04,6.9,690.03,6.95,694.62,13.68,1368.27,7.71,770.58,9.76,976.05,8.3,830.43,5.21,521.28,3.08,307.62,4.23,423.45,141.65,0.48,154.92,0.52,3,3,3
PO1000007535,2020,SAMTAN,PALMINDO MITRA LESTARI,PALMINDO MITRA LESTARI,Not RSPO Certified,,3/31/23,-1.99,105.89,"-1.98953, 105.89459",IDN,Indonesia,Bangka Belitung,Bangka,1-Fully Verified,,34.37,3436.74,39.77,80.12,8012.43,0.26,25.56,0.42,41.67,0.09,8.73,0.49,49.41,0.34,34.2,0.27,26.64,1.12,112.41,0.72,72.09,1.52,152.19,0.66,65.7,1.66,165.87,1.15,114.84,0.75,75.42,2.56,256.41,1.95,194.67,1.51,151.47,1.01,100.53,1.35,134.73,1.13,113.49,1.14,114.39,1.95,194.67,2.53,252.99,24.58,0.72,9.79,0.28,5,4,4
PO1000007536,"2020,2019",SIN HUAT HIN,SIN HUAT HIN,SIN HUAT HIN PALM OIL MILL (KUALA SELANGOR) SDN BHD,Not RSPO Certified,,3/31/23,3.34,101.29,"3.344606, 101.291608",MYS,Malaysia,Selangor,Kuala Selangor,1-Fully Verified,KAMPUNG KUANTAN BHD,415.7,41570.01,582.57,1470.55,147054.78,2.54,254.43,3.41,340.56,1.88,188.19,3.02,302.4,2.08,208.26,1.97,197.46,4.67,466.74,2.13,212.58,9.5,949.86,6,599.67,1.05,105.12,4.2,419.85,2.59,258.75,6.11,611.37,1.75,175.23,9.56,956.07,6.75,675.09,4.64,464.4,10.08,1007.91,3.92,392.31,7.94,793.98,3.12,312.39,98.93,0.24,316.77,0.76,3,1,3
PO1000007537,"2019,2020,2021",UNKNOWN,CAHAYA INTI SAWIT,CAHAYA INTI SAWIT,Not RSPO Certified,,3/31/23,1.44,100.29,"1.440833, 100.291111",IDN,Indonesia,Sumatera Utara,Padang Lawas Utara,1-Fully Verified,,18.01,1801.17,85.77,148.58,14858.19,1.43,143.46,4.84,484.2,0.22,21.78,2.6,259.83,1.5,149.58,0.29,29.16,0.07,6.93,0.44,43.65,0.86,85.95,2.23,222.93,0.23,22.59,0.14,14.49,0.05,5.4,0.08,8.1,0.48,48.15,0.32,32.04,0.47,47.25,0.05,4.86,0.09,8.64,0.16,15.66,0.18,18.27,0.05,5.13,16.78,0.93,1.23,0.07,2,5,1
PO1000007538,"2021,2020,2019",WEE TEE TONG PLANTATIONS SDN BHD,WEE TEE TONG PALM OIL MILL SDN BHD,WEE TEE TONG,Not RSPO Certified,,3/31/23,5.66,117.81,"5.66281, 117.81144",MYS,Malaysia,Sabah,Kinabatangan,1-Fully Verified,,46.6,4659.66,46.9,84.92,8491.5,0.27,26.55,0.07,7.29,0.19,19.08,0.98,98.46,3.86,386.01,0.77,77.22,0.18,18.27,0.19,18.81,2.71,271.35,2.61,261.09,2.14,213.57,2.05,204.93,1.44,143.73,3.43,343.44,0.81,81.27,1.83,182.61,5.2,520.38,1.64,164.07,2.56,255.6,2.3,229.68,6.05,605.25,2.25,224.55,43.53,0.93,3.06,0.07,5,5,4
PO1000007540,"2020,2021,2019",UNKNOWN,PALUTA INTI SAWIT,PALUTA INTI SAWIT,Not RSPO Certified,,3/31/23,1.55,99.84,"1.55403, 99.835694",IDN,Indonesia,Sumatera Utara,Padang Lawas Utara,1-Fully Verified,,446.21,44621.19,660.72,1579.74,157974.48,3.46,346.5,5.6,559.98,2.37,236.97,5.05,505.08,8.37,837.45,9.89,988.74,5.12,511.92,13.72,1371.69,11.72,1172.25,4.66,465.75,14.61,1461.24,5.26,526.23,5.4,539.64,6.78,677.88,3.32,331.65,7.84,784.17,9.71,970.92,7.54,753.75,5.18,517.86,6.48,647.55,7.01,701.28,7.55,755.1,156.64,0.35,289.58,0.65,3,2,3
PO1000007541,"2019,2020,2021",UNKNOWN,GRUTI LESTARI PRATAMA,GRUTI LESTARI PRATAMA,Not RSPO Certified,,3/31/23,0.51,99.27,"0.51375, 99.271329",IDN,Indonesia,Sumatera Utara,Mandailing Natal,1-Fully Verified,,101.8,10180.17,130.37,276.04,27603.81,0.96,96.03,1.05,105.3,1.2,119.7,1.49,148.68,1.41,141.3,2.31,230.58,1.87,187.11,3.45,344.97,2.68,267.57,1.02,101.61,1.96,195.66,1.13,113.13,3.59,358.65,3.35,334.53,3.32,331.83,2.97,297.27,3.2,320.13,4.2,420.39,2.92,292.14,1.48,147.69,3.96,395.55,2.45,244.8,51.95,0.51,49.86,0.49,4,3,4
PO1000007545,2020,GRUPO PALMAS / PALMAS DEL ESPINO,INDUSTRIAS DEL SHANUSI S.A.,INDUSTRIAS DEL SHANUSI,Not RSPO Certified,,3/31/23,-6.12,-76.17,"-6.121496, -76.17145",PER,Peru,Loreto,Alto Amazonas,2-High Confidence,,4302.83,430282.53,3976.82,6485.69,648569.43,20.39,2039.4,29.59,2958.75,14.79,1478.97,45.63,4563.27,60.55,6054.57,30.98,3097.8,96.89,9689.31,78.9,7889.94,64.77,6477.21,72.92,7292.34,40.27,4027.32,141.08,14108.04,77.84,7784.01,80.07,8007.03,57.25,5725.17,75.75,7574.76,81.03,8102.97,58.87,5886.54,57.85,5785.29,62.9,6290.46,63.94,6394.23,56.57,5656.95,1368.84,0.32,2933.98,0.68,3,2,3
PO1000007546,"2020,2019,2021",SUPERVENTURE,KARYA INDORATA PERSADA,KARYA INDORATA PERSADA,Not RSPO Certified,,3/31/23,0.11,101.24,"0.113361, 101.2356",IDN,Indonesia,Riau,Kampar,1-Fully Verified,,210.71,21070.62,235.89,380.49,38049.21,1.4,139.5,5.49,549.27,0.66,65.52,1.08,108.27,8.14,814.41,25.93,2593.08,40.25,4024.98,17.75,1775.25,11.42,1141.56,17.76,1775.52,7.56,756.09,18.69,1868.85,5.59,559.44,3.7,370.35,3.68,368.19,4.97,496.53,7.12,711.63,2.92,292.5,1.61,160.65,2.51,251.28,4.99,498.87,2.69,268.65,195.9,0.93,14.8,0.07,3,5,2
PO1000007547,2020,INCASI RAYA (GUNAS),AGRO SUKSES LESTARI,AGRO SUKSES LESTARI,Not RSPO Certified,,3/31/23,0.23,111.67,"0.2295, 111.6659",IDN,Indonesia,Kalimantan Barat,Sintang,1-Fully Verified,,566.16,56615.76,683.54,2168.73,216873,5.69,568.98,5.51,550.71,4.13,413.46,6.56,656.19,4.7,470.16,4.23,423.18,3.74,373.68,35.32,3532.32,40.8,4080.06,32.38,3238.29,23.34,2334.06,42.3,4230.09,15.39,1539,13.04,1303.92,11.72,1171.62,25.9,2589.75,17.33,1733.13,13.99,1398.69,9.6,960.3,9.47,946.62,3.86,386.1,8.71,870.93,337.71,0.6,228.45,0.4,3,3,3
PO1000007548,"2020,2021",MUSIM MAS,INDOMAKMUR SAWIT BERJAYA,INDOMAKMUR SAWIT BERJAYA,Not RSPO Certified,,3/31/23,0.93,100.35,"0.93491, 100.351975",IDN,Indonesia,Riau,Rokan Hulu,1-Fully Verified,,477.55,47754.9,588.91,1050.13,105012.9,5.34,534.15,7.31,731.25,3.26,325.71,8.15,814.86,14.39,1439.19,7.14,713.88,8.91,890.73,10.85,1085.4,26.36,2636.46,8.09,809.19,2.92,291.96,5.86,586.26,5.17,517.23,9.25,925.11,4.5,449.73,11.9,1189.98,12.9,1290.24,7.8,780.12,6.92,692.19,10.69,1068.57,13.21,1321.02,13.98,1397.97,204.91,0.43,272.64,0.57,4,3,4
PO1000007549,2020,GCCP RESOURCES,ARJUNA UTAMA SAWIT,ARJUNA UTAMA SAWIT,Not RSPO Certified,,3/31/23,-2.25,113.38,"-2.253034, 113.379145",IDN,Indonesia,Kalimantan Tengah,Katingan,1-Fully Verified,,3446.77,344676.78,3367.23,5115.26,511526.34,2.86,286.29,6.72,671.67,72.98,7298.1,13.97,1396.89,6.58,657.99,10.25,1025.01,203.41,20340.99,24.25,2425.05,16.07,1606.68,19.91,1991.16,22.2,2219.85,36.93,3692.7,14.04,1404,74.71,7470.54,68.76,6876.45,158.83,15882.93,9.23,923.49,16.5,1649.52,21.56,2156.4,14.49,1449.27,6.18,617.58,6.57,656.55,826.99,0.24,2619.78,0.76,1,1,3
PO1000007550,"2021,2020,2019",KUALA LUMPUR KEPONG (KLK),KARYA MAKMUR ABADI,KARYA MAKMUR ABADI,RSPO Certified,"RSPO Certified, IP",3/31/23,-2.04,112.49,"-2.0422611, 112.4899694",IDN,Indonesia,Kalimantan Tengah,Kotawaringin Timur,1-Fully Verified,,242.01,24201.36,258.53,448.29,44828.82,1.06,105.57,2.52,252.45,0.35,34.92,2.97,296.91,0.25,25.47,7.64,764.46,5.26,526.5,30.47,3047.4,28.23,2823.12,20.85,2084.67,9.01,900.54,9.25,924.75,18.27,1826.82,9.87,986.76,3.03,303.12,7.06,705.69,1.08,108.27,2.69,269.01,3.28,327.51,2.48,247.86,4.79,478.8,1.42,142.29,171.83,0.71,70.18,0.29,3,4,3
PO1000007552,2020,DANEC,PALMERAS DE LOS ANDES QUININDE,PALMERAS DE LOS ANDES QUININDE,RSPO Certified,"RSPO Certified, MB",3/31/23,0.26,-79.36,"0.260694, -79.362389",ECU,Ecuador,Esmeraldas,Quinindé,1-Fully Verified,,31.77,3176.91,36.8,67.47,6746.58,0.16,16.38,0.13,12.51,0,0,0.05,5.22,0.74,73.89,0.33,33.48,0.54,54.36,0.53,52.65,1.32,132.48,0.02,2.16,0.69,68.85,0.18,18.09,0.04,4.32,0.02,1.98,0.05,5.04,0.2,20.34,0.38,37.98,0.01,1.17,0.27,26.91,0,0,0,0.18,0.07,7.38,5.75,0.18,26.02,0.82,1,1,3
PO1000007553,"2020,2019",AGROSUBUR,KARYA DEWI PUTRA,KATINGAN CENTRAL,Not RSPO Certified,,3/31/23,-1.44,112.87,"-1.438169, 112.874141",IDN,Indonesia,Kalimantan Tengah,Katingan,1-Fully Verified,,1850.83,185083.2,1771.08,5041.12,504111.87,12.66,1266.03,11.61,1160.64,3.51,350.64,15.57,1556.73,59.64,5964.39,38.29,3828.69,44.48,4447.71,43.39,4338.63,11.75,1175.49,11.41,1140.93,9.65,965.34,31.23,3122.82,16.81,1680.66,25.23,2523.15,29.57,2957.04,39.39,3939.03,29.2,2919.69,19.41,1941.39,19.83,1983.15,12.66,1265.85,11.41,1140.84,11.66,1165.59,508.34,0.27,1342.49,0.73,2,2,3
PO1000007559,2020,PTPN III,PERKEBUNAN NUSANTARA VI,PINANG TINGGI,Not RSPO Certified,,3/31/23,-1.96,103.4,"-1.962553, 103.4007",IDN,Indonesia,Jambi,Muaro Jambi,1-Fully Verified,,182.78,18277.65,233.78,390.54,39054.06,2.03,203.04,2.35,234.54,1.51,150.66,4.01,401.22,6.98,697.5,5.41,541.17,12.77,1276.83,5.7,569.97,1.69,169.29,0.43,43.2,2.06,206.37,7.79,778.95,3.8,379.8,2.05,205.29,0.78,77.58,2.97,296.82,0.81,81.09,1.95,194.58,3.19,319.23,2.65,265.41,3.3,329.76,1.71,171.36,75.94,0.42,106.84,0.58,3,3,3
PO1000007560,"2020,2021,2019",KENSO TIMUR SDN BHD,KEMABONG SDN BHD,SAPANG PALM OIL MILL,Not RSPO Certified,,3/31/23,4.58,118.32,"4.57883, 118.31783",MYS,Malaysia,Sabah,Semporna,1-Fully Verified,,167,16699.68,191.4,558.01,55801.17,1.65,164.61,2.16,215.91,0.9,89.82,4.08,407.61,1.94,194.22,1.25,125.1,0.69,69.21,5.27,526.68,1.54,153.54,1.61,161.1,1.68,168.48,3.25,325.35,3.55,354.6,5.91,590.67,6.86,686.34,5.01,501.3,4.81,481.41,3.48,347.67,6.46,646.47,7.15,715.14,4.05,404.73,1.56,155.52,74.85,0.45,92.14,0.55,3,3,3
PO1000007561,"2019,2020,2021",CT AGRO,KUTAI AGRO LESTARI,KUTAI AGRO LESTARI,Not RSPO Certified,,3/31/23,-0.64,115.74,"-0.642833, 115.7388",IDN,Indonesia,Kalimantan Timur,Kutai Barat,1-Fully Verified,,2389.03,238902.66,2312.61,3202.95,320294.97,10.66,1065.96,20.36,2035.98,18,1799.64,18.6,1859.85,8.61,860.67,41.54,4153.5,22.79,2278.71,14.9,1490.13,47.39,4738.59,38.62,3862.17,28.64,2863.89,77.37,7736.76,66.83,6682.59,54.23,5422.77,100.93,10092.96,137.34,13733.55,45.59,4558.86,131.35,13135.14,113.2,11319.66,62.26,6226.47,27.67,2767.14,16.45,1644.93,1103.3,0.46,1285.73,0.54,3,3,3
PO1000007564,2020,GRUPO LA JOYA,EXTRACTORA LA JOYA CIA LTDA,LA JOYA,Not RSPO Certified,,3/31/23,-0.07,-79.43,"-0.072, -79.427202",ECU,Ecuador,Santo Domingo de los Tsachilas,La Concordia,1-Fully Verified,,49.06,4906.35,51.17,78.2,7819.65,0.77,76.95,0,0,0,0,0.1,9.54,0.53,53.28,0.23,22.86,0.9,90.27,0.61,60.57,1.09,108.54,0.87,87.03,0.43,42.93,0.01,0.54,0.11,10.8,0.09,8.64,0.25,25.47,0.24,23.94,0.11,11.07,0.01,0.72,0.09,9,0.01,0.99,0,0,0.01,0.9,6.44,0.13,42.62,0.87,1,1,3
PO1000007566,"2020,2021,2019",UNKNOWN,KENCANA PERMATA NUSANTARA,KENCANA PERMATA NUSANTARA,Not RSPO Certified,,3/31/23,3.45,98.7,"3.45222, 98.698611",IDN,Indonesia,Sumatera Utara,Deli Serdang,1-Fully Verified,,303.47,30346.92,519.91,1263.61,126361.17,2.55,254.52,1.06,106.02,3.63,363.33,1.18,117.63,1.13,113.13,1.93,192.96,6.09,608.67,1.57,157.05,7.54,754.2,4.01,400.86,1.8,180,8.03,803.43,0.3,29.88,1.79,179.19,0.83,82.62,2.22,221.85,1.7,170.19,2.62,261.72,2.14,214.11,1.61,160.56,2.6,260.46,2.07,207.09,58.39,0.19,245.07,0.81,2,1,3
PO1000007567,"2019,2021,2020",UNKNOWN,LANGGAK INTI LESTARI,LANGGAK INTI LESTARI,Not RSPO Certified,,3/31/23,0.63,100.59,"0.634917, 100.591778",IDN,Indonesia,Riau,Rokan Hulu,1-Fully Verified,,62.19,6218.55,68.51,92.13,9213.48,0.22,21.69,0.22,22.41,0.11,10.89,4.62,462.42,3.38,337.59,2.45,245.07,0.05,5.13,0.25,24.57,10.05,1005.48,0.55,55.35,0.51,51.48,2.78,278.46,2.36,236.43,9.71,971.37,0.12,12.15,0.51,51.03,0.54,54.27,0.32,32.4,2.19,218.88,4.59,459.09,0.17,16.56,0.41,41.4,46.14,0.74,16.04,0.26,2,4,2
PO1000007568,"2020,2021,2019",SUPERVENTURE,CAHAYA SAWIT LESTARI,CAHAYA SAWIT LESTARI,Not RSPO Certified,,3/31/23,-3.8,102.4,"-3.804606, 102.397516",IDN,Indonesia,Bengkulu,Bengkulu Tengah,1-Fully Verified,,237.2,23720.4,341.39,953.45,95344.92,4.6,459.9,1.6,160.11,0.67,66.87,2.42,241.74,2.63,262.62,4.97,496.89,1.88,187.92,4.2,419.67,1.84,183.51,3.64,364.41,2.43,243.27,5.09,509.4,3.29,329.49,3.54,353.61,4.96,495.99,7.56,755.91,6.93,692.64,6.24,623.97,4.6,460.35,5.34,534.15,4.85,484.92,5.02,501.84,88.29,0.37,148.91,0.63,3,3,3
PO1000007570,"2020,2019",QL RESOURCES,QL PLANTATION SDN BHD,QL MILL 2,Not RSPO Certified,,3/31/23,4.83,118.1,"4.828936, 118.10409",MYS,Malaysia,Sabah,Kunak,1-Fully Verified,,47.59,4758.93,58.13,81.94,8194.5,0.28,28.26,0.39,38.7,0.5,49.59,0.93,93.24,0.97,96.66,0.19,19.35,0.31,30.51,0.21,21.24,0,0.09,0.19,19.35,0.03,3.06,1.39,139.14,1.88,188.1,1.84,183.69,2.63,262.71,3.14,313.65,1.25,125.37,2.42,242.19,1.15,115.47,1,100.35,2.26,226.26,0.97,96.57,23.94,0.5,23.65,0.5,4,3,4
PO1000007571,"2019,2021,2020",FIRST RESOURCES,LIMPAH SEJAHTERA,LIMPAH SEJAHTERA,Not RSPO Certified,,3/31/23,-1.72,110.35,"-1.716225, 110.354369",IDN,Indonesia,Kalimantan Barat,Ketapang,1-Fully Verified,,1008.12,100811.7,1133.11,2994.3,299430.27,3.76,375.75,3.24,324,0.78,77.76,7.37,736.92,2.2,220.23,9.69,969.21,27.95,2795.4,45.17,4517.46,87.56,8755.92,62.02,6201.72,18.85,1885.23,29.64,2963.97,19.95,1994.58,68.09,6809.31,88.22,8822.43,41.24,4124.25,9.95,994.59,10.08,1008,42.28,4227.75,10.97,1097.19,11.09,1108.98,12.94,1293.93,613.05,0.61,395.07,0.39,3,3,3
PO1000007572,2020,UNKNOWN,RAJA MARGA,RAJA MARGA,Not RSPO Certified,,3/31/23,3.99,96.63,"3.98547, 96.627139",IDN,Indonesia,Aceh,Nagan Raya,1-Fully Verified,,113.83,11382.66,118.99,288.86,28886.4,0.76,75.78,0.75,74.61,1.67,167.31,0.62,61.83,0.45,44.64,0.76,75.51,1.53,153,0.44,44.19,2.84,283.86,3.69,369.36,2.33,232.92,0.86,85.95,1.64,164.34,3.36,336.15,1.77,176.67,1.5,149.67,2.79,279.09,4.98,497.52,1.99,199.26,1.47,146.61,2.13,212.94,1.82,182.07,40.13,0.35,73.69,0.65,3,2,3
PO1000007577,"2020,2021,2019",UNKNOWN,RAUB MINING & DEVELOPMENT COMPANY SDN BHD,RAUB,Not RSPO Certified,,3/31/23,3.84,101.86,"3.84332, 101.85549",MYS,Malaysia,Pahang,Raub,1-Fully Verified,,1078.7,107869.68,1081.7,2184.98,218498.31,4.56,456.03,10.37,1036.89,1.93,192.78,2.72,271.8,9.22,921.78,9.14,914.04,11.07,1107,11.99,1198.98,21.24,2124.27,11.76,1175.76,2.87,286.74,13.06,1305.81,6.8,679.95,17.94,1794.33,8.53,853.02,30.31,3030.93,18.25,1824.75,16.92,1692.09,27,2699.55,8.77,877.05,13.58,1358.1,6.17,617.49,264.19,0.24,814.51,0.76,3,1,3
PO1000007579,"2019,2020,2021",BELL GROUP,BELL-KSL SDN BHD,BELL-KSL,Not RSPO Certified,,3/31/23,2.47,101.99,"2.468325, 101.993762",MYS,Malaysia,Negeri Sembilan,Port Dickson,1-Fully Verified,,271.28,27128.16,369.06,527.22,52722.18,14.28,1428.21,5.9,590.4,3.48,348.39,4.29,429.3,15.32,1532.25,7.99,798.84,10.3,1029.96,6.74,674.28,9.53,953.46,5.14,514.44,9.94,994.14,11.05,1105.38,4.78,478.26,12.95,1294.83,9.97,997.2,16.92,1692.27,13.18,1317.96,11.98,1197.54,9.54,954,8.59,858.87,6.5,649.53,9.52,951.75,207.91,0.77,63.37,0.23,4,4,3
PO1000007580,"2021,2020,2019",DELLOYD,REBINMAS JAYA,REBINMAS JAYA,Not RSPO Certified,,3/31/23,-2.73,107.9,"-2.733417, 107.901472",IDN,Indonesia,Bangka Belitung,Belitung,1-Fully Verified,,635.76,63575.73,852.32,1689.62,168961.77,4.25,425.43,4.89,489.24,1.58,158.31,14.59,1459.35,12.28,1227.51,22.93,2293.29,23.99,2399.4,14.68,1468.26,40.5,4050.36,5.75,574.56,19.85,1985.04,29.46,2946.42,16.72,1671.75,25.35,2535.21,22.66,2265.93,14.2,1419.84,8.01,801.27,7.47,746.82,9.23,922.77,6.9,690.12,8.14,813.96,16.07,1606.77,329.52,0.52,306.24,0.48,3,3,3
PO1000007581,"2021,2020",DUPONT & LEOSK ENTERPRISES,MILIK MESTIKA SDN BHD,MILIK MESTIKA,Not RSPO Certified,,3/31/23,2.4,102.67,"2.401573, 102.667208",MYS,Malaysia,Johor,Ledang,1-Fully Verified,,401.39,40139.37,489.35,561.39,56138.67,20.67,2067.21,14.65,1464.84,8.56,855.81,10.31,1031.22,19.95,1995.03,8.59,859.41,6.99,699.12,5.88,587.7,15.12,1512.18,0.72,72.45,20.91,2090.61,20.15,2014.56,5.16,516.42,15.58,1557.54,13.95,1395.27,23.36,2336.31,24.41,2440.62,18.47,1846.98,17.46,1746.27,15.2,1520.1,13.33,1332.54,10.61,1060.74,310.03,0.77,91.36,0.23,4,4,3
PO1000007585,"2020,2021,2019",PTPN III,PERKEBUNAN NUSANTARA II,KWALA SAWIT,Not RSPO Certified,,3/31/23,3.69,98.15,"3.69194, 98.153056",IDN,Indonesia,Sumatera Utara,Langkat,1-Fully Verified,PADANG TUALANG UNIT - KWALA SAWIT MILL,726.6,72659.97,688.71,1362.11,136211.49,0.83,83.25,0.59,58.86,0.36,36.36,4.89,489.24,5.96,595.53,0.18,17.82,1.65,164.52,9.36,935.73,14.45,1444.77,1.69,169.47,30.09,3009.06,29.85,2984.67,3.88,387.63,4.05,404.55,1.28,127.8,3.12,311.76,1.07,106.74,4.63,462.6,1.95,194.85,1.55,155.07,4.6,460.08,5.31,531.45,131.32,0.18,595.28,0.82,2,1,3
PO1000007586,2020,PTPN III,PERKEBUNAN NUSANTARA XIII,KEBUN RIMBA BELIAN,Not RSPO Certified,,3/31/23,-0.03,110.45,"-0.02874, 110.454143",IDN,Indonesia,Kalimantan Barat,Sanggau,1-Fully Verified,,315.33,31533.3,394.06,558.88,55887.75,5.37,536.76,8.19,819.18,3.35,334.89,6.41,640.89,5.31,530.73,3.01,300.87,2.34,234.36,11.59,1159.29,12.65,1264.95,5.45,545.13,17.65,1765.44,5.97,596.88,11.35,1134.99,7.25,725.49,5.08,507.51,8.79,879.03,14.18,1418.13,18.17,1817.01,3.85,385.2,2.34,234.09,5.39,539.37,4.6,460.08,168.3,0.53,147.03,0.47,3,3,3
PO1000007587,"2020,2019,2021",MULTI PRIMA ENTAKAI,PERMATA HIJAU SARANA,SERARAS,Not RSPO Certified,,3/31/23,0.04,111.03,"0.044667, 111.0251",IDN,Indonesia,Kalimantan Barat,Sekadau,1-Fully Verified,,433.53,43352.55,563.4,1114.99,111499.2,2.37,236.7,5.65,565.02,3.26,325.98,6.88,687.6,9.93,992.79,6.65,665.01,3.17,316.8,7.97,797.4,4.82,482.4,9.22,922.41,6.54,654.48,21.18,2117.97,9.23,922.86,10.17,1017.09,13.97,1397.07,21.34,2134.44,9.92,991.71,14.6,1460.07,5.88,587.7,8.66,866.25,5.83,582.93,11.29,1128.51,198.53,0.46,234.99,0.54,3,3,3
PO1000007589,"2021,2019,2020",UNKNOWN,RIMBO PANJANG SUMBER MAKMUR,RIMBO PANJANG SUMBER MAKMUR,Not RSPO Certified,,3/31/23,-0.03,100,"-0.02709, 100.002981",IDN,Indonesia,Sumatera Barat,Pasaman Barat,1-Fully Verified,,11.25,1124.55,15.94,36.75,3674.97,0.09,8.73,0.06,6.12,0.19,19.08,0.1,9.9,0.37,37.26,0.2,20.16,0.29,28.8,0.2,19.62,0.48,48.42,0.1,9.72,0.16,15.93,0.06,6.12,0.05,4.59,0.04,4.23,0.03,2.52,0.06,5.58,0.03,2.7,0.1,9.99,0.06,6.48,0.07,6.84,0.09,9.27,0.17,17.37,2.99,0.27,8.25,0.73,3,2,3
PO1000007591,2020,UNKNOWN,ROHUL PALMINDO,ROHUL PALMINDO,Not RSPO Certified,,3/31/23,0.99,100.73,"0.986753, 100.73253",IDN,Indonesia,Riau,Rokan Hulu,1-Fully Verified,,40.37,4037.04,44.18,52.72,5271.75,1.16,115.92,0.99,99.09,0.08,8.01,1.23,122.58,11.63,1163.25,6.59,659.07,2,200.43,3.52,352.26,1.47,146.79,4.64,464.04,0.14,13.59,1.27,127.44,0.8,79.65,0.14,13.68,0.05,4.59,0.07,6.93,0.06,6.3,0.04,4.23,0.04,4.41,0,0.18,0,0.27,0,0.18,35.93,0.89,4.44,0.11,1,5,1
PO1000007593,"2020,2019",SARAWAK OIL PALMS BERHAD,SARAWAK OIL PALMS BHD,"SARAWAK OIL PALMS ",Not RSPO Certified,,3/31/23,4.14,113.98,"4.136427, 113.977079",MYS,Malaysia,Sarawak,Miri,1-Fully Verified,LAMBIR,13.75,1375.38,16.79,19.33,1933.29,2.84,284.31,3.8,379.89,2.07,207.27,0.55,54.99,0.15,14.85,0.18,18,0.05,5.13,0.01,0.63,0.04,3.87,0.14,13.5,0.22,22.23,0.01,0.72,0.14,13.95,0.05,5.4,0.02,2.34,0.58,58.23,0.02,1.98,0.13,12.96,1.45,144.72,0.36,35.73,0.32,32.49,0.1,9.9,13.23,0.96,0.52,0.04,3,5,2
PO1000007594,"2019,2021,2020",UNKNOWN,SARI BUAH SAWIT,SARI BUAH SAWIT,Not RSPO Certified,,3/31/23,-0.05,99.88,"-0.049639, 99.883139",IDN,Indonesia,Sumatera Barat,Pasaman Barat,1-Fully Verified,,90.96,9096.39,160.76,370.54,37054.26,1.7,169.92,0.68,67.77,0.53,53.19,4.17,416.79,1.02,102.06,1.07,107.01,2,199.98,2.81,280.71,4.37,436.59,8.03,802.71,5.54,554.31,7.27,726.84,2.08,208.08,1.02,101.61,0.25,25.29,0.58,57.96,2.14,214.38,2.36,235.89,3.33,333.18,3.68,368.28,1.45,145.35,1.09,108.54,57.16,0.63,33.8,0.37,3,3,3
PO1000007595,"2020,2021,2019",UNKNOWN,SEBANGA MULTI SAWIT,SEBANGA MULTI SAWIT,Not RSPO Certified,,3/31/23,1.26,101.29,"1.255978, 101.28869",IDN,Indonesia,Riau,Bengkalis,1-Fully Verified,,377.69,37768.86,506.89,922.17,92216.79,10.28,1027.71,17.77,1777.23,3.46,345.6,31.04,3104.01,12.46,1246.05,18.95,1895.04,12.23,1223.37,9.26,926.1,17.18,1718.1,19.3,1929.51,5.18,517.5,8.64,864.36,5.83,583.38,10.31,1031.22,0.86,85.77,4.61,461.25,3.81,381.33,4.36,436.5,4.31,431.19,3.25,325.35,2.35,235.35,4.19,419.13,209.65,0.56,168.04,0.44,3,3,3
PO1000007596,"2019,2021,2020",ASTRA AGRO LESTARI,SARI LEMBAH SUBUR,SARI LEMBAH SUBUR 2,Not RSPO Certified,,3/31/23,0,102.2,"-0.002078, 102.196417",IDN,Indonesia,Riau,Pelalawan,1-Fully Verified,,72.09,7209.18,78.46,161.37,16137.45,1.31,131.31,1.41,141.48,0.03,2.97,1.76,176.49,1.78,178.38,0.1,10.44,0.31,30.6,2.57,257.13,0.29,28.71,2.44,243.99,0.62,62.19,2.11,211.5,1.63,163.26,2.2,219.69,0.15,14.58,4.15,414.9,3.2,320.04,4.88,487.53,11.88,1187.82,2.71,270.63,1.59,159.48,0.42,42.03,47.55,0.66,24.54,0.34,3,4,3
PO1000007598,"2020,2021",SINAR JAYA AGRO INVESTAMA (SJAI),SINAR JAYA INTI MULYA,SINAR JAYA INTI MULYA (KT),Not RSPO Certified,,3/31/23,-2.49,113.01,"-2.487427, 113.007276",IDN,Indonesia,Kalimantan Tengah,Kotawaringin Timur,1-Fully Verified,,3320.57,332057.34,3477.88,5206.68,520667.55,3.2,319.86,11.68,1168.02,17.37,1736.64,17.5,1750.41,7.74,774.36,51.33,5132.52,129.04,12904.38,20.38,2037.87,36.28,3627.72,19.48,1948.32,77.66,7765.65,69.56,6956.1,31.26,3125.7,77.35,7734.87,158.82,15882.03,384.48,38448,28.95,2895.21,24.02,2402.46,77.74,7774.29,23.27,2327.4,8.44,843.93,23.17,2316.87,1298.73,0.39,2021.85,0.61,2,3,3
PO1000007599,"2021,2020",TSANI HUTANI ABADI (THA),KRUING LESTARI JAYA,SUNGAI PERAK,Not RSPO Certified,,3/31/23,-0.66,115.59,"-0.66144, 115.58972",IDN,Indonesia,Kalimantan Timur,Kutai Barat,1-Fully Verified,,1777.36,177736.23,1639.11,3321.63,332162.73,7.39,738.63,6.33,632.97,10.07,1007.28,18.83,1882.71,6.46,646.47,14.76,1476.45,10.33,1033.11,13.99,1398.6,13.42,1342.26,17.93,1793.34,26.17,2616.66,56.51,5651.37,45.3,4530.15,77.55,7754.85,56.47,5647.05,46.42,4642.47,22.24,2223.63,38.67,3866.58,27.45,2744.82,10.06,1006.02,8.06,805.68,4.94,494.19,539.35,0.3,1238.01,0.7,1,2,3
PO1000007600,"2021,2020,2019",UNKNOWN,SAWIT JUJUHAN ABADI,SAWIT JUJUHAN ABADI,Not RSPO Certified,,3/31/23,-1.24,101.75,"-1.24208, 101.7461389",IDN,Indonesia,Jambi,Bungo,1-Fully Verified,,168.53,16853.13,192.92,359.89,35989.11,1.33,132.66,1.29,128.79,0.6,60.12,1.76,176.22,1.98,198.27,3.63,363.33,2.47,246.51,1.55,154.71,1.42,142.47,1.28,128.25,1.53,153.18,2.13,212.85,1.8,180.27,2.25,225,2.8,280.08,3.41,340.83,6.52,651.6,4.09,409.14,7.31,731.25,13.18,1318.5,9.19,919.44,6.5,649.53,78.03,0.46,90.5,0.54,5,3,4
PO1000007601,"2019,2020,2021",NG CHIN SIU & SONS GROUP,KILANG MINYAK KELAPA SAWIT LUM SDN BHD,LUM,Not RSPO Certified,,3/31/23,2.74,102.94,"2.74357, 102.938817",MYS,Malaysia,Pahang,Rompin,1-Fully Verified,,12.54,1253.88,11.88,10.57,1056.69,1.06,106.02,1.2,120.42,0,0,0,0,0.37,37.08,0,0,0.58,57.87,0.1,10.26,0.71,71.46,0.38,37.8,4.45,444.51,0.51,50.76,0.99,99.18,0.1,10.26,0.17,17.01,0.65,65.25,1.91,190.8,0.02,1.98,0,0,0,0,0,0.09,0,0,12.54,1,0,0,1,5,1
PO1000007602,"2020,2021",SINAR MAS,SAWITA KARYA MANUNGGUL,SAWITA,Not RSPO Certified,,3/31/23,-2.55,116.14,"-2.546639, 116.140667",IDN,Indonesia,Kalimantan Selatan,Kota Baru,1-Fully Verified,,468.47,46846.8,460.29,1035.78,103578.21,1.97,196.83,10.8,1080.18,3.72,372.15,10.86,1086.3,3.66,366.12,28.33,2833.29,14.24,1423.71,6,600.12,18.43,1843.29,2.16,215.73,8.4,839.79,7.17,717.3,9.33,933.3,13.44,1343.88,11.21,1120.95,29.23,2922.75,2.31,231.21,3.91,390.78,9.43,943.29,6.4,640.35,5.34,534.42,2.88,288.09,209.24,0.45,259.23,0.55,3,3,3
PO1000007603,"2021,2020",KUALA LUMPUR KEPONG (KLK),SATU SEMBILAN DELAPAN,SATU SEMBILAN DELAPAN,RSPO Certified,"RSPO Certified, IP, MB",3/31/23,2.14,117.3,"2.14256, 117.298381",IDN,Indonesia,Kalimantan Timur,Berau,1-Fully Verified,SEGAH,3188.51,318851.19,3151.67,9060.62,906062.31,43.77,4376.97,18.11,1810.89,16.6,1660.41,40.01,4001.13,36.08,3607.56,30.84,3083.67,44.51,4451.49,13.25,1324.8,56.94,5693.76,18.67,1867.41,52.26,5226.21,77.06,7706.16,32.06,3205.8,52.59,5259.06,52.8,5279.67,51.54,5154.48,69.44,6944.49,80.75,8074.89,71.18,7118.28,30.42,3042.36,24.73,2472.57,28.07,2807.1,941.69,0.3,2246.82,0.7,2,2,3
PO1000007604,"2020,2021,2019",PTPN III,PERKEBUNAN NUSANTARA V,SUNGAI GALUH,RSPO Certified,"RSPO Certified, MB",3/31/23,0.55,101.23,"0.546917, 101.2291",IDN,Indonesia,Riau,Kampar,1-Fully Verified,,99.03,9902.97,120.91,176.8,17680.14,0.45,45.45,0.57,56.7,0.65,64.98,0.47,46.53,2.31,230.94,0.53,53.37,1.37,136.98,0.79,79.11,1.13,113.04,1.09,108.99,0.86,85.77,0.77,77.31,6.85,684.63,1.69,169.47,0.66,65.88,4.51,450.81,4.86,486.18,2.63,263.07,2.51,250.74,2.14,213.84,11.59,1158.93,6.34,634.5,54.77,0.55,44.26,0.45,5,3,5
PO1000007605,"2019,2021,2020",PTPN III,PERKEBUNAN NUSANTARA V,SEI GARO,RSPO Certified,"RSPO Certified, MB",3/31/23,0.64,101.11,"0.644016, 101.1097",IDN,Indonesia,Riau,Kampar,1-Fully Verified,,99.63,9963.45,137.34,315.23,31523.4,0.5,49.5,0.63,62.64,0.39,39.06,0.71,70.92,0.42,42.12,0.36,35.91,0.11,11.07,0.05,4.77,0.49,49.14,0.28,27.72,0.15,15.3,0.28,28.17,0.29,29.07,0.54,54.36,0.39,39.06,3.82,382.41,3.81,381.42,11.03,1103.31,0.41,41.31,1.36,135.99,5.55,554.76,2.41,241.2,33.99,0.34,65.64,0.66,5,2,4
PO1000007609,"2020,2021,2019",DHARMA AGUNG WIJAYA (DAW),SENTOSA BUMI WIJAYA,BENKAYANG,Not RSPO Certified,,3/31/23,1.04,109.58,"1.04422, 109.579528",IDN,Indonesia,Kalimantan Barat,Bengkayang,1-Fully Verified,,1887.12,188711.55,1933.49,3591.58,359157.51,20.54,2053.8,17.35,1735.11,7.91,791.01,30.84,3083.58,32.96,3295.98,8.15,814.95,23.99,2399.22,48.04,4804.29,35.56,3555.9,13.75,1375.47,44.56,4455.81,43.22,4322.07,47.1,4710.42,50.47,5046.93,39.22,3922.2,66.26,6625.71,43.3,4329.9,37.68,3767.94,31.89,3188.88,46.24,4624.11,31.65,3164.67,26.65,2664.81,747.33,0.4,1139.79,0.6,3,3,3
PO1000007610,"2019,2021,2020",SINAR JAYA AGRO INVESTAMA (SJAI),SERASAN SEKUNDANG SAWITMAS,SERASAN SEKUNDANG SAWITMAS,Not RSPO Certified,,3/31/23,-3.89,104.1,"-3.89291, 104.0956053",IDN,Indonesia,Sumatera Selatan,Muara Enim,1-Fully Verified,,857.54,85753.8,1012.35,1392.71,139271.04,30.27,3026.61,27.76,2776.14,17.33,1733.22,21.01,2100.96,18.77,1877.13,32.91,3290.67,41.7,4169.88,33.11,3311.19,81.52,8152.02,33.92,3392.37,52.76,5276.43,69.86,6986.43,21,2099.79,42.25,4225.23,33.98,3398.4,33.22,3321.54,16.21,1620.54,12.74,1273.77,18.81,1880.64,13.57,1356.84,7.52,752.22,11.19,1119.24,671.41,0.78,186.13,0.22,3,4,2
PO1000007611,2020,LA FABRIL,EXTRACTORA AGRICOLA RIO MANSO,TYSAISA,Not RSPO Certified,,3/31/23,0.06,-79.41,"0.05827, -79.409608",ECU,Ecuador,Esmeraldas,Quinindé,1-Fully Verified,,161.32,16132.32,191.49,605.52,60552.18,8.87,886.59,0.06,5.67,0.01,0.99,0.47,46.71,2.5,250.11,0.83,82.98,4.44,444.42,2.14,214.02,3.75,374.76,0.05,5.04,0.77,76.77,1.14,113.94,0.89,89.28,0.1,9.54,0.57,57.15,0.26,25.74,0.37,36.99,0,0.27,0.15,14.94,0.01,1.35,0.07,7.11,0.13,12.87,27.57,0.17,133.75,0.83,1,1,3
PO1000007612,"2020,2021,2019",SERI ULU LANGAT PALM OIL MILL SDN BHD,SERI LANGAT PALM OIL MILL SDN BHD,SERI LANGAT,Not RSPO Certified,,3/31/23,2.86,101.51,"2.863792, 101.512812",MYS,Malaysia,Selangor,Kuala Langat,1-Fully Verified,,99.37,9937.17,131.21,202.91,20290.77,4.55,455.31,1.67,166.86,0.44,44.1,1.72,171.54,1.18,118.08,0.74,73.62,1.44,143.55,0.82,82.08,3.89,389.25,5.35,534.96,1.06,106.29,2.18,217.98,0.55,54.54,5.78,577.8,2.55,254.52,5.1,510.12,5.27,527.13,4.63,463.23,2.58,257.94,2.49,249.12,3.66,365.76,1.41,140.85,59.05,0.59,40.33,0.41,4,3,3
PO1000007616,"2021,2020",INCASI RAYA (GUNAS),SUMATERA JAYA AGRO LESTARI,SUMATERA JAYA AGRO LESTARI,Not RSPO Certified,,3/31/23,-0.41,110.18,"-0.41106, 110.18269",IDN,Indonesia,Kalimantan Barat,Sanggau,1-Fully Verified,,1872.65,187265.34,1712.34,2851.11,285111,6.13,612.81,6.18,617.94,4.25,425.43,15.14,1514.25,13.5,1349.64,29.04,2904.21,35.84,3584.07,36.47,3647.16,52.24,5224.32,35.25,3525.48,146.6,14659.74,145.67,14567.13,114.46,11445.84,39.25,3925.35,40.67,4067.1,20.91,2091.33,14.44,1443.6,12.07,1206.9,20.26,2026.08,30.72,3072.24,18.15,1814.85,53.84,5383.53,891.09,0.48,981.56,0.52,3,3,3
PO1000007618,"2020,2019",AGRINDO,KALIMANTAN RIA SEJAHTERA,SONDAI MUARA,Not RSPO Certified,,3/31/23,-1.18,114.03,"-1.179982, 114.03198",IDN,Indonesia,Kalimantan Tengah,Kapuas,1-Fully Verified,,287.02,28701.54,265.12,438.73,43872.84,0.99,99.36,1.61,160.83,0.6,59.85,0.82,81.63,3.94,394.02,3.86,386.01,17.32,1732.32,62.53,6253.02,16.16,1615.68,4.95,495.45,6.65,665.19,12.89,1289.34,2.66,266.49,2.95,295.38,0.99,98.73,1.92,191.61,1.89,189,0.87,87.48,0.59,59.13,5.72,572.31,12.39,1238.58,5.36,536.4,167.68,0.58,119.34,0.42,4,3,3
PO1000007619,2021,PTPN III,PERKEBUNAN NUSANTARA VI,AUR GADING,RSPO Certified,"RSPO Certified, MB",3/31/23,-1.86,103.02,"-1.8627, 103.0207",IDN,Indonesia,Jambi,Batang Hari,1-Fully Verified,,345.32,34532.28,383.81,908.08,90808.11,1.08,107.91,2.89,289.26,0.44,44.28,8.32,831.96,4.91,491.22,12.62,1261.8,25.31,2531.25,14.01,1401.03,14.43,1443.06,0,0,4.01,401.22,15.17,1516.77,3.97,396.81,8.65,864.54,5.34,534.33,17.87,1787.49,7.94,794.43,5.07,507.42,9.33,933.21,5.44,544.5,7.81,781.2,12.37,1237.32,187.01,0.54,158.31,0.46,4,3,3
PO1000007621,"2020,2021,2019",ZTE AGRIBUSINESS,SINAR CITRA CEMERLANG,CEMPAKA SAKTI,Not RSPO Certified,,3/31/23,-2.13,112.91,"-2.133, 112.906",IDN,Indonesia,Kalimantan Tengah,Kotawaringin Timur,1-Fully Verified,,362,36200.34,408.1,809.04,80903.7,0.62,62.19,10.67,1066.86,12.22,1221.57,27.88,2788.11,4.19,418.59,19.18,1918.44,14.23,1422.72,10.6,1060.38,23.85,2385.36,17.27,1727.19,21.34,2133.9,9.4,939.96,5.62,562.32,11.42,1141.65,10.6,1060.11,10.32,1032.3,6.53,652.68,4.14,414.27,3.58,358.29,2.95,295.02,1.93,193.41,5.03,502.83,233.58,0.65,128.42,0.35,3,4,3
PO1000007622,"2020,2019,2021",TOBA BARA,PERKEBUNAN KALTIM UTAMA I,PERKEBUNAN KALTIM UTAMA I,Not RSPO Certified,,3/31/23,-0.73,117.19,"-0.728455, 117.185481",IDN,Indonesia,Kalimantan Timur,Kutai Kartanegara,1-Fully Verified,,1130.02,113001.84,1951.68,4724.8,472480.02,15.72,1572.48,18.64,1864.44,10.15,1014.84,18.26,1826.37,12.69,1268.64,7.82,782.1,19.31,1930.59,9.68,968.4,47.78,4777.65,11.48,1148.31,21.53,2152.62,89.23,8923.32,23.94,2394.27,38.97,3897.45,39.14,3913.56,70.12,7011.81,43.43,4342.95,39.57,3956.76,37.88,3788.19,33.35,3335.49,22.8,2279.7,20.23,2023.2,651.73,0.58,478.29,0.42,3,3,3
PO1000007623,"2020,2021,2019",CAHAYA TIARA PLANTATION,CAHAYA ANUGERAH PLANTATION,FELIZA,Not RSPO Certified,,3/31/23,-0.09,117.03,"-0.091583, 117.028639",IDN,Indonesia,Kalimantan Timur,Kutai Kartanegara,1-Fully Verified,,5.08,507.6,6.44,8.82,881.91,0,0.18,0.01,1.08,0,0.36,0.01,0.81,0.03,2.88,0.01,0.63,0.36,36.45,0.82,81.99,1.72,171.99,0.14,13.95,0.15,14.76,0.05,5.4,0,0.36,0,0.27,0.04,3.87,0.42,42.12,0.1,9.63,0.04,3.78,0,0.09,0.04,3.51,0,0.36,0.09,8.82,4.03,0.79,1.04,0.21,3,4,2
PO1000007626,"2021,2020,2019",SINAR MAS,ADITUNGGAL MAHAJAYA,SAKO,Not RSPO Certified,,3/31/23,-2.04,112.24,"-2.0356, 112.2387",IDN,Indonesia,Kalimantan Tengah,Seruyan,1-Fully Verified,,138.65,13864.68,138.07,139.76,13976.01,0.72,72,0.98,97.65,0.37,36.63,2.64,263.79,8.52,852.39,14.33,1432.53,19.24,1924.38,26.95,2694.6,12.3,1230.3,8.21,820.89,8.15,814.68,5.92,592.11,4.36,436.23,2.76,276.03,0.82,81.63,1.15,115.11,0.25,24.75,0.16,16.11,0.12,12.33,0.23,22.68,0.65,64.98,0.78,77.76,119.6,0.86,19.05,0.14,2,5,1
PO1000007627,"2020,2019,2021",ANGLO-EASTERN PLANTATION (AEP),SAWIT GRAHA MANUNGGAL,SAWIT GRAHA MANUNGGAL,Not RSPO Certified,,3/31/23,-2.07,115.07,"-2.07272, 115.06854",IDN,Indonesia,Kalimantan Tengah,Barito Timur,1-Fully Verified,,2801.01,280100.7,3150.69,6461.71,646171.29,18.51,1850.94,19.83,1982.79,27.41,2740.59,25.24,2523.96,21.24,2124,47.01,4700.97,80.04,8003.61,12.64,1263.51,67.89,6789.33,56.14,5613.75,46.67,4666.86,72.98,7297.83,32.1,3209.67,47.48,4747.95,91.1,9110.07,240.68,24068.25,31.96,3196.44,36.54,3654.45,44.05,4405.05,23.67,2367.09,19.41,1940.58,9.68,968.22,1072.26,0.38,1728.75,0.62,2,3,3
PO1000007628,"2020,2019",UNKNOWN,BINAKARYA ERAMANDIRI,MANGSANG,Not RSPO Certified,,3/31/23,-2.17,103.99,"-2.173, 103.987",IDN,Indonesia,Sumatera Selatan,Musi Banyuasin,1-Fully Verified,,97,9699.93,150.99,232.59,23258.52,3.55,355.32,10.75,1075.05,0.21,21.33,3.86,385.74,4.6,459.99,5.12,512.01,2.09,208.89,8.78,877.5,4.71,470.79,1.37,137.25,2.43,243,7.89,788.76,2.6,260.46,3.95,395.01,3.45,344.97,2.78,278.01,7.15,714.51,3.21,321.3,0.98,98.19,0.51,50.76,0.43,42.93,3.25,324.81,83.67,0.86,13.33,0.14,3,5,3
PO1000007629,"2020,2019,2021",ADIMULIA,SURYA AGROLIKA REKSA,SURYA AGROLIKA REKSA 2,Not RSPO Certified,,3/31/23,-0.21,101.32,"-0.20561, 101.318944",IDN,Indonesia,Riau,Kuantan Singingi,1-Fully Verified,,1235.03,123502.77,1149.61,3095.13,309513.15,2.8,280.26,16.54,1653.93,3.17,316.62,28.55,2854.62,14.42,1442.43,12.57,1257.39,19.66,1965.96,25.19,2519.28,36.59,3658.86,26,2600.37,14.31,1431.45,19.52,1951.92,9.46,945.54,12.5,1250.46,11.48,1147.77,7.77,777.24,7.41,740.61,5.07,507.33,3.93,393.48,3.66,366.12,7.55,755.28,4.9,489.69,293.07,0.24,941.96,0.76,2,1,3
PO1000007630,"2021,2020,2019",FIRST RESOURCES,PERDANA INTISAWIT PERKASA,PERDANA INTI SAWIT PERKASA 2,Not RSPO Certified,,3/31/23,1.17,100.7,"1.167333, 100.704778",IDN,Indonesia,Riau,Rokan Hulu,1-Fully Verified,,225.1,22510.26,213.57,365.96,36596.16,0.96,96.21,2.3,230.4,0.74,73.98,2.06,206.37,2.28,227.79,7.4,740.34,23.5,2349.63,33.51,3351.42,7.72,771.84,5.76,575.64,5.23,523.44,61.13,6112.8,18.48,1847.79,11.55,1154.7,3.08,307.98,7.63,763.47,4.05,405.36,1.74,174.42,1.07,106.74,0.32,31.68,1.99,199.17,1.43,143.46,203.95,0.91,21.16,0.09,2,5,1
PO1000007634,"2020,2019,2021",MAKIN,SURYA INTI SAWIT KAHURIPAN,KASAI,Not RSPO Certified,,3/31/23,-1.91,112.83,"-1.906806, 112.8329",IDN,Indonesia,Kalimantan Tengah,Kotawaringin Timur,1-Fully Verified,,5.74,574.11,6.23,7.48,747.9,0.04,4.5,0.23,22.68,0,0.18,0.42,42.39,0,0,0.09,8.91,0.09,9.36,3.28,327.87,1.59,158.85,0.13,12.6,0.04,4.23,0,0,0,0,0,0.27,0,0,0.01,0.81,0,0,0,0,0,0.18,0,0,0,0.09,0.01,1.08,5.74,1,0,0,1,5,1
PO1000007635,"2021,2020,2019",SUMBER TANI AGUNG,TANTAHAN PENDUHUP ASI,TANTAHAN PANDUHUP ASI,Not RSPO Certified,,3/31/23,-1.42,113.4,"-1.42146, 113.401079",IDN,Indonesia,Kalimantan Tengah,Gunung Mas,1-Fully Verified,,3024.36,302435.73,2961.02,5258.83,525883.05,32.78,3277.53,17.97,1797.03,8.51,851.49,37.48,3747.69,25.41,2541.33,39.28,3928.32,34.27,3427.29,81.18,8117.73,44.59,4459.14,46.08,4608.45,29.32,2931.93,82.9,8290.17,28.85,2885.13,51.97,5196.51,42.13,4213.08,68,6799.95,39.78,3977.64,21.23,2122.92,29.03,2902.59,18.3,1829.52,20.09,2009.25,12.53,1253.34,811.68,0.27,2212.68,0.73,2,2,3
PO1000007637,"2019,2021,2020",TUDUNG,BUMI MEKAR TANI,BUMI MEKAR TANI,Not RSPO Certified,,3/31/23,-2.49,102.87,"-2.49479, 102.87414",IDN,Indonesia,Sumatera Selatan,Musi Rawas,1-Fully Verified,,738.32,73831.59,849.41,1240.57,124056.63,10.45,1045.17,5.98,597.87,2.31,231.21,9.02,902.43,4.85,484.83,19.99,1998.9,10.74,1073.7,38.53,3852.72,14.84,1483.92,4.69,469.08,5.92,591.75,51.62,5161.5,12.87,1286.73,25.5,2549.61,18.17,1816.92,30.51,3051.45,23.2,2320.11,35.3,3529.98,28.98,2897.64,27.62,2761.83,17.62,1762.11,26.59,2659.23,425.29,0.58,313.03,0.42,4,3,3
PO1000007638,"2020,2021,2019",CHELLAM PLANTATIONS,KUTAI BALIAN NAULI,KUTAI BALIAN NAULI,Not RSPO Certified,,3/31/23,0.75,117.35,"0.75, 117.35",IDN,Indonesia,Kalimantan Timur,Kutai Timur,1-Fully Verified,,9.08,907.92,8.92,9.01,900.63,0.14,13.95,0,0.09,0,0.27,0.05,5.49,0.01,0.81,0,0,0.02,2.43,0,0,5.67,567.45,1.54,153.99,1.03,103.23,0.11,10.98,0.04,3.78,0.03,3.24,0.05,4.86,0.23,22.95,0.02,1.89,0.01,0.81,0,0.18,0.01,1.17,0,0,0,0,8.98,0.99,0.1,0.01,1,5,1
PO1000007640,"2019,2021,2020",UNKNOWN,BANYUASIN NUSANTARA SEJAHTERA,BANYUASIN NUSANTARA SEJAHTERA,Not RSPO Certified,,3/31/23,-2.88,104.73,"-2.87834, 104.727277",IDN,Indonesia,Sumatera Selatan,Palembang,1-Fully Verified,,318.64,31863.6,703.63,1334.03,133403.49,1.22,122.13,1.8,179.64,2.23,223.38,6.91,690.75,5.53,552.51,9.54,954.18,12.05,1204.92,13.2,1319.85,11.23,1122.84,7.77,776.7,18.28,1828.17,39.21,3920.94,7,699.57,16.37,1637.37,10.87,1086.84,11.8,1180.44,12.23,1222.65,11.5,1150.2,12.83,1282.95,8.21,821.25,5.45,545.4,3.63,363.15,228.86,0.72,89.78,0.28,3,4,3
PO1000007641,"2020,2021,2019",UNKNOWN,TASMA PUJA,BATANG CENAKU,Not RSPO Certified,,3/31/23,-0.81,102.19,"-0.814667, 102.19",IDN,Indonesia,Riau,Indragiri Hulu,1-Fully Verified,,1203.37,120336.84,1159.99,1920.77,192077.01,48.45,4845.33,16.91,1691.46,4.46,445.59,13.25,1324.71,26.71,2670.57,44.7,4469.94,31.52,3151.98,30.04,3004.38,144.37,14436.9,43.7,4370.49,31.31,3131.46,154.73,15473.34,75.76,7575.75,84.67,8467.11,74.39,7439.22,50.22,5022.09,40.54,4054.5,18.36,1836.36,24.18,2418.12,12.96,1295.64,10.49,1048.68,25.25,2525.49,1006.99,0.84,196.38,0.16,3,5,2
PO1000007642,"2019,2020",LYMAN AGRO,BONTI PERMAI JAYA,BONTI PERMAI JAYA,Not RSPO Certified,,3/31/23,0.21,111.55,"0.214933, 111.54985",IDN,Indonesia,Kalimantan Barat,Sintang,1-Fully Verified,,254.67,25467.03,384.05,646.32,64631.61,1.75,174.78,2.12,212.4,2.47,246.51,6.28,627.84,7.15,714.51,5.77,576.63,9.68,968.49,17.96,1795.86,14.13,1412.73,3.27,327.15,2.02,202.5,9.29,928.8,7.61,761.22,11.21,1121.31,10.4,1039.5,15.41,1540.62,11.13,1112.58,15.16,1515.51,5.95,594.99,8.02,801.81,3.59,359.37,4.63,462.6,174.98,0.69,79.69,0.31,3,4,3
PO1000007648,"2019,2020,2021",GENTING PLANTATIONS,DWIE WARNA KARYA,DWIE WARNA KARYA,Not RSPO Certified,,3/31/23,-0.84,114.08,"-0.84194, 114.08",IDN,Indonesia,Kalimantan Tengah,Kapuas,1-Fully Verified,,5770.82,577082.25,5413.27,7635.13,763512.57,38.1,3809.79,27.22,2722.32,17.29,1728.9,26.56,2656.35,75.46,7546.05,17.6,1760.22,38.69,3869.1,73.75,7375.05,54.85,5485.23,79.37,7937.37,85.78,8578.08,97.87,9786.87,43.06,4306.32,56.59,5659.11,40.27,4027.23,66.89,6689.43,34.1,3410.19,49.05,4904.73,49.65,4964.58,53.78,5378.4,24.07,2407.05,34.71,3470.85,1084.73,0.19,4686.09,0.81,2,1,3
PO1000007652,"2020,2021,2019",SUPERVENTURE,BERKAT SAWIT SEJAHTERA,BERKAT SAWIT SEJAHTERA,Not RSPO Certified,,3/31/23,-0.71,102.66,"-0.71, 102.66",IDN,Indonesia,Riau,Indragiri Hilir,1-Fully Verified,,399.81,39981.15,439.77,501.98,50198.49,16.55,1655.28,14.75,1475.28,5.49,549.18,14.21,1420.74,21.76,2176.2,19.49,1948.95,5.7,570.33,25.65,2565.09,29.88,2987.82,63.73,6372.63,18.21,1821.42,44.77,4477.41,6.3,629.73,18.33,1832.67,6.88,687.6,9.97,996.75,4.47,446.58,2.66,265.77,2.57,257.13,1.03,103.14,2.27,227.16,1.48,148.05,336.15,0.84,63.66,0.16,2,5,2
PO1000007653,"2019,2020,2021",UNKNOWN,JAYA GEMILANG SUKSES,JAYA GEMILANG SUKSES,Not RSPO Certified,,3/31/23,1.6,100.91,"1.59869, 100.905222",IDN,Indonesia,Riau,Rokan Hilir,1-Fully Verified,,196.61,19661.22,245.06,524.88,52488.27,1.59,158.67,1.25,125.46,0.93,92.7,3.29,328.77,18.54,1854.27,20.25,2024.82,6.1,610.02,15.09,1508.67,15.57,1557.45,12.11,1210.59,5.99,599.22,9.06,906.48,3.36,335.61,4.67,466.74,1.27,127.17,4.14,414.45,2.85,284.94,3.88,388.44,2.48,247.77,3.81,380.7,6.76,675.63,4.37,436.68,147.35,0.75,49.26,0.25,4,4,3
PO1000007654,"2020,2019",GLENEALY PLANTATIONS SDN BHD,SAMLING PLANTATION SDN BHD,JELALONG,Not RSPO Certified,,3/31/23,3.38,114,"3.37903, 113.999472",MYS,Malaysia,Sarawak,Bintulu,1-Fully Verified,,1627.26,162726.3,1528.15,3429.12,342912.24,15.55,1554.57,13.79,1378.98,18.59,1859.13,12.03,1203.21,4.54,453.6,3.67,366.75,7.21,720.54,33.43,3343.41,75.04,7503.66,36.39,3639.15,78.85,7885.26,84.63,8462.61,28.68,2868.12,29.67,2966.58,21.9,2189.7,25.46,2546.01,30.32,3032.1,31.71,3171.33,18.79,1878.93,9.9,989.91,6.68,668.07,6.7,669.96,593.52,0.36,1033.75,0.64,2,3,3
PO1000007656,"2019,2020,2021",JERNIH KEMBOJA SDN BHD,JERNIH KEMBOJA SDN BHD,JERNIH KEMBOJA,Not RSPO Certified,,3/31/23,2.49,102.94,"2.488822, 102.936831",MYS,Malaysia,Johor,Segamat,1-Fully Verified,,594.81,59480.91,670.7,1032.28,103227.84,26.77,2676.51,16.99,1699.29,3.98,398.25,10.83,1083.24,17.34,1733.85,22.48,2247.84,26.98,2698.2,3.6,359.73,13.8,1380.33,0.06,6.03,29.12,2912.04,7.3,730.08,8.63,863.28,24.63,2463.3,16.54,1653.57,32.14,3213.9,33,3299.94,15.19,1518.84,17.75,1774.62,11.69,1168.65,10.29,1029.24,11.68,1167.66,360.78,0.61,234.03,0.39,3,3,3
PO1000007657,"2020,2021,2019",YAYASAN SABAH GROUP,SABAH SOFTWOODS BHD,KAPILIT,Not RSPO Certified,,3/31/23,4.5,117.53,"4.504889, 117.528747",MYS,Malaysia,Sabah,Tawau,1-Fully Verified,,766.48,76647.96,832.34,1801.05,180104.58,8.83,883.44,17.46,1745.91,11.83,1182.51,24.42,2442.33,17.72,1772.19,53.18,5317.56,33.11,3311.19,16.74,1673.82,43.46,4346.1,24.52,2452.5,19.21,1920.6,32.49,3248.64,10.08,1008.36,18.41,1841.04,3.73,372.51,7.62,761.94,6.15,614.79,6.78,677.61,9.06,906.48,11.99,1198.8,12.74,1274.22,6.99,698.58,396.51,0.52,369.97,0.48,3,3,3
PO1000007658,"2021,2020",EAGLE HIGH PLANTATIONS,ARRTU PLANTATION,KELAMPAI,Not RSPO Certified,,3/31/23,-1.93,110.49,"-1.93485, 110.49413",IDN,Indonesia,Kalimantan Barat,Ketapang,1-Fully Verified,,260.75,26074.89,351.32,558.63,55863,2.14,214.47,3.24,324.45,0.38,38.43,2.2,219.69,1.9,190.26,1.88,187.74,1.03,102.87,1.55,154.53,15.92,1591.56,3.71,370.89,9.52,952.29,21.24,2124.27,5.54,554.49,12.08,1208.16,5.98,598.5,6,600.03,10.55,1054.98,6.1,609.75,4.21,420.66,7.23,723.24,8.85,884.7,6.26,626.22,137.52,0.53,123.23,0.47,4,3,3
PO1000007660,"2020,2019",UNKNOWN,MULTI PERKASA SEJAHTERA,MULTI PERKASA SEJAHTERA,Not RSPO Certified,,3/31/23,0.36,109.97,"0.35656, 109.97425",IDN,Indonesia,Kalimantan Barat,Landak,1-Fully Verified,,337.18,33718.05,369,653.38,65338.2,3.42,342.45,6.48,648.36,1.66,165.6,5,500.4,6,600.12,5.88,588.06,3.11,311.31,8.37,837.36,18.01,1800.9,3.75,375.48,8.14,813.51,23.62,2362.23,9.15,915.03,14.3,1430.46,7.05,705.15,10.16,1015.74,9.86,986.4,6.66,666.18,4.76,476.28,3.75,374.58,8.41,841.5,7.77,777.42,175.35,0.52,161.84,0.48,4,3,3
PO1000007661,"2019,2021,2020",UNKNOWN,MUSTIKA AGUNG SARANA SEJAHTERA,MUSTIKA AGUNG SARANA SEJAHTERA,Not RSPO Certified,,3/31/23,1.75,100.93,"1.75, 100.933333",IDN,Indonesia,Riau,Rokan Hilir,1-Fully Verified,,127.66,12765.51,180.48,421.47,42147.18,3.88,387.54,6.57,657,1.62,161.91,3.18,318.42,12.64,1263.87,22.04,2204.28,7.33,732.6,2.3,229.68,7.75,774.63,4.97,496.53,2.08,208.08,2.74,274.05,0.69,68.67,1.28,128.16,1.11,111.06,2,200.07,1.63,163.08,2.17,216.63,1.6,159.93,2.03,202.86,1.59,159.3,1.02,102.15,92.2,0.72,35.45,0.28,3,4,3
PO1000007662,"2020,2021,2019",UNKNOWN,MUTIARA NUSA AGRO SEJAHTERA,MUTIARANUSA AGRO SEJAHTERA,Not RSPO Certified,,3/31/23,2.27,99.77,"2.26924, 99.767917",IDN,Indonesia,Sumatera Utara,Labuhanbatu Utara,1-Fully Verified,,139.15,13914.99,137.92,453.77,45376.83,1.46,146.34,2.39,238.68,3.58,358.38,4.43,442.71,4.3,429.57,4.25,425.16,0.8,80.28,0.42,42.21,5.59,558.72,1.06,106.11,1.2,119.61,3.58,358.11,1.64,163.89,2.2,219.96,0.8,80.1,2.22,221.67,3.79,378.72,3.65,365.4,1.42,142.29,1.68,168.48,3.8,380.43,1.05,105.39,55.32,0.4,83.83,0.6,3,3,3
PO1000007666,2020,CI TOP,CI TOP S.A,"EXTRACTORA SAN FERNANDO, S.A.",Not RSPO Certified,,3/31/23,7.25,-73.57,"7.25333, -73.566361",COL,Colombia,Santander,Sabana de Torres,1-Fully Verified,,2118.46,211845.78,2832.68,4906.26,490625.73,16.95,1695.42,16.48,1647.99,12.85,1285.47,26.15,2615.49,15.93,1593.27,27.09,2708.91,35.09,3508.83,19.81,1980.72,33.73,3372.57,20.6,2060.01,9.46,945.72,20.71,2070.99,9.84,984.33,20.25,2024.73,14.94,1494.09,14.13,1412.73,31.69,3169.44,18.48,1848.33,15.09,1509.21,10.55,1055.43,14.38,1438.38,12.71,1271.34,416.93,0.2,1701.52,0.8,2,1,3
PO1000007667,2020,UNKNOWN,OLEAGINOSAS SAN MARCOS LTDA,OLEAGINOSAS SAN MARCOS LTDA,RSPO Certified,"RSPO Certified, IP, MB",3/31/23,3.73,-73.34,"3.733154, -73.341972",COL,Colombia,Meta,San Carlos de Guaroa,2-High Confidence,,164.82,16481.97,479.48,1242.04,124203.87,1.11,111.42,1.17,117.36,1.61,160.83,1.79,178.83,1.76,176.31,3.94,394.47,5.46,546.39,2.26,226.08,1.68,167.67,2.18,217.62,0.96,96.39,1.56,156.42,0.9,89.82,0.55,54.72,0.18,18.45,1.75,175.32,3.48,348.03,1.54,153.63,1.14,114.39,3.35,334.53,3.94,394.11,2.68,268.02,45.01,0.27,119.81,0.73,3,2,4
PO1000007670,2020,UNKNOWN,GODREJ AGROVET LTD,POTHAPALLI,Not RSPO Certified,,3/31/23,17,81.26,"17.003407, 81.26",IND,India,Andhra Pradesh,West Godavari,1-Fully Verified,,32.9,3290.49,1823.58,3740.21,374021.19,0.26,25.83,0.87,86.85,1.06,105.75,0.91,91.08,0.7,70.02,0.39,39.15,1.23,122.67,2.83,282.6,2,199.62,0.53,52.65,1.94,194.31,1.01,101.07,2.16,216.36,1.93,193.14,1.82,181.8,4.4,439.74,2.52,252.18,2.82,282.06,4.91,491.22,1.53,152.73,0.96,96.39,1.12,112.14,32.9,1,0,0,4,5,2
PO1000007671,2020,LA FABRIL,EXTRACTORA AGRICOLA RIO MANSO,EXTRACTORA AGRICOLA RIO MANSO-SAN CARLOS,Not RSPO Certified,,3/31/23,-0.54,-79.37,"-0.54141, -79.37048",ECU,Ecuador,Los Rios,Buena Fé,1-Fully Verified,,1482.01,148200.75,1678.71,3684.84,368484.3,4.28,427.77,3.85,385.38,1.36,135.99,6.51,650.79,3.06,305.73,4.92,492.03,6.7,670.5,7.86,786.42,13.01,1301.4,11.19,1118.7,7.55,755.46,12.98,1298.34,4.79,479.16,5.14,514.44,2.69,269.37,4.25,425.07,1.91,190.8,1.47,147.15,4.28,428.04,1.68,167.76,0.96,95.58,3.36,336.06,113.82,0.08,1368.19,0.92,1,1,3
PO1000007672,2020,MANDHALA CIPTA PURMONO,SABAN SAWIT SUBUR,SEMPIDAN,Not RSPO Certified,,3/31/23,-0.03,110.07,"-0.03424, 110.066480",IDN,Indonesia,Kalimantan Barat,Sanggau,1-Fully Verified,,531.15,53115.03,560.12,1149.13,114913.26,3.22,322.38,6.87,686.88,2.64,263.88,7.66,766.17,6.92,692.1,10.47,1047.42,20.77,2076.66,18.69,1868.58,11.99,1199.25,6.01,600.93,15.76,1576.26,10.27,1027.44,8.39,838.8,10.87,1086.84,19.23,1922.58,10.73,1072.98,11.73,1173.33,5.8,579.87,6.2,620.1,6.11,610.83,8.48,848.34,15.16,1516.32,223.98,0.42,307.17,0.58,3,3,3
PO1000007673,"2020,2021",MUSIM MAS,SARANA ESA CITA,SARANA ESA CITA,RSPO Certified,"RSPO Certified, MB",3/31/23,1.36,109.38,"1.358028, 109.383631",IDN,Indonesia,Kalimantan Barat,Sambas,1-Fully Verified,,1388.06,138806.19,1856.71,4104.8,410479.65,10.47,1047.42,12.25,1225.08,1.86,185.94,19.11,1911.33,16.62,1661.85,14.52,1452.33,13.65,1365.3,7.79,778.59,132.27,13227.48,24.59,2458.98,16.55,1655.28,35.03,3503.16,20.42,2042.19,131.01,13100.67,33.04,3303.9,31.95,3195.45,23.49,2349,14.34,1434.15,8.62,862.47,12.52,1252.26,13.95,1395.09,24.85,2485.17,618.93,0.45,769.13,0.55,3,3,3
PO1000007758,"2020,2021,2019",GENTING PLANTATIONS,GENTING SDC SDN BHD,GENTING TRUSHIDUP,RSPO Certified,"RSPO Certified, MB",3/31/23,5.56,117.98,"5.563278, 117.979556",MYS,Malaysia,Sabah,Sandakan,1-Fully Verified,,179.53,17953.11,213.12,306.58,30658.23,4.85,484.56,3.05,304.65,1.86,186.12,4.83,483.48,3.95,395.28,2.65,265.23,1.89,189.27,3.59,358.56,5.59,558.99,9.17,917.28,1.54,154.08,2.37,237.06,3.07,306.63,8.37,836.64,11.41,1141.2,1.02,102.33,6.84,684.45,8.96,895.86,17.62,1761.57,9.82,982.44,7.04,704.16,3.76,375.93,123.26,0.69,56.27,0.31,4,4,3
PO1000007786,"2019,2020,2021",TSH RESOURCES,TSH PLANTATION MANAGEMENT SDN BHD,KUNAK,RSPO Certified,"RSPO Certified, MB",3/31/23,4.47,118.19,"4.467324, 118.185165",MYS,Malaysia,Sabah,Tawau,1-Fully Verified,,36.9,3689.91,40.9,64.37,6436.62,0.15,14.67,0.18,17.82,0.04,3.78,2.27,227.16,0.56,55.89,0.14,14.4,0.04,3.69,0.7,70.29,0.55,54.72,1.94,193.86,1.71,170.82,0.43,42.93,0.39,38.61,0.7,69.66,0.01,0.9,0.01,1.44,0.08,8.01,1.46,146.34,0.63,63.09,0.19,18.9,0.09,8.55,0.35,35.19,12.61,0.34,24.29,0.66,2,2,3
PO1000007798,"2020,2021,2019",LAM SOON (M) BERHAD,LAM SOON PLANTATIONS SDN BHD,DARA LAM SOON SDN.BHD,RSPO Certified,"RSPO Certified, IP",3/31/23,3.16,103.16,"3.1570167, 103.16363333",MYS,Malaysia,Pahang,Pekan,1-Fully Verified,,368.01,36800.64,355.71,520.09,52008.84,10.23,1023.03,10.58,1058.4,3.28,327.96,16.18,1618.2,16.09,1608.57,6.44,643.77,13.95,1395.09,8.53,852.93,10.48,1047.69,11.74,1173.69,6.47,646.74,9.36,935.91,3.29,328.59,8.64,863.91,7.18,717.84,9.09,909.45,10.95,1095.12,17.06,1706.31,11.87,1187.46,11,1100.16,15.76,1575.81,12.5,1250.37,230.67,0.63,137.34,0.37,5,3,4
PO1000007945,"2019,2020,2021",KRETAM HOLDINGS BERHAD,SYARIKAT KRETAM MILL SDN BHD,SILIMPOPON,RSPO Certified,"RSPO Certified, MB",3/31/23,4.33,117.48,"4.3253, 117.47736",MYS,Malaysia,Sabah,Tawau,1-Fully Verified,,45.11,4510.62,59.75,102.64,10264.14,8.8,880.02,13.94,1393.56,7.42,741.6,3.54,353.52,0.37,36.9,4.25,424.8,2.71,270.54,0.33,32.76,1.4,139.95,0.09,9.09,0.08,7.56,0.4,39.87,0.05,4.68,0.1,10.44,0.04,4.23,0.04,4.32,0.02,1.89,0.02,2.25,0.02,1.89,0.07,7.11,0.03,2.88,0.19,18.99,43.89,0.97,1.22,0.03,1,5,1
PO1000007953,2020,UNKNOWN,ACEITES Y GRASAS DEL CATATUMBO S.A.S.,ACEITES Y GRASAS DEL CATATUMBO SAS,RSPO Certified,"RSPO Certified, MB",3/31/23,8.5,-72.64,"8.502247, -72.639977",COL,Colombia,Norte de Santander,Tibú,1-Fully Verified,,1606,160599.87,2286.26,5507.6,550759.86,21.27,2126.97,29.11,2910.51,20.18,2017.71,11.51,1151.46,13.44,1344.15,8.74,873.63,18.54,1853.55,20.2,2019.96,33.63,3363.3,42.93,4293.09,11.12,1112.04,31.64,3163.86,17.32,1732.5,27.21,2721.42,18.69,1868.76,62.03,6202.98,40.28,4028.13,34.44,3443.76,30.91,3091.32,32.63,3263.13,37.77,3777.21,29.3,2929.5,592.89,0.37,1013.11,0.63,3,3,3
PO1000007984,"2020,2021,2019",WILMAR GROUP,MUSTIKA SEMBULUH,MUSTIKA SEMBULUH 2,RSPO Certified,"RSPO Certified, MB",3/31/23,-2.46,112.5,"-2.4571, 112.49973",IDN,Indonesia,Kalimantan Tengah,Kotawaringin Timur,1-Fully Verified,,2.43,242.91,3.04,4.81,481.32,0.43,42.93,0.4,39.78,0.04,4.23,0,0.36,0.07,7.2,1.22,121.68,0.15,14.67,0,0,0,0,0,0,0.08,7.83,0.02,1.53,0,0,0.01,1.26,0.09,9.18,0.01,1.17,0.01,0.99,0.01,0.81,0,0.18,0,0.27,0.02,1.62,0.05,5.49,2.43,1,0,0,3,5,1
PO1000008053,2020,DANEC,PALMERAS DEL ECUADOR,PALMERAS DEL ECUADOR,RSPO Certified,"RSPO Certified, MB",3/31/23,-0.29,-76.57,"-0.285183, -76.565847",ECU,Ecuador,Sucumbios,Shushufindi,1-Fully Verified,,6140.52,614052.27,5596.02,8332.38,833237.82,23.41,2340.54,20.85,2085.12,12.11,1210.95,26.22,2621.7,22.65,2265.39,25.74,2574,30.86,3085.56,43.01,4300.56,22.69,2269.17,47.35,4735.08,59.68,5967.72,53.44,5344.11,42.77,4276.62,19.5,1950.48,31.86,3186.09,45.61,4561.38,108.93,10892.97,45.94,4594.5,61.51,6151.32,81.63,8163,49.01,4901.49,74.23,7423.2,949.01,0.15,5191.51,0.85,3,1,3
PO1000008054,2020,DANEC,PALMERAS DE LOS ANDES SAN LORENZO,PALMERAS DE LOS ANDES SAN LORENZO,RSPO Certified,"RSPO Certified, MB",3/31/23,1.25,-78.74,"1.251277, -78.741666",ECU,Ecuador,Esmeraldas,San Lorenzo,1-Fully Verified,,348.55,34855.47,354.47,1294.23,129423.06,8.01,801.18,1.7,170.28,0.04,4.41,2.9,290.25,0,0.18,4.58,457.92,2.53,252.9,4.2,420.21,3.59,359.37,1.03,103.14,1.03,103.41,2.29,229.32,2.51,250.92,1.9,190.35,0.58,57.96,1.82,182.34,4.28,427.86,0.36,36,0.61,61.11,0.89,89.19,0.91,91.44,0.45,44.64,46.24,0.13,302.31,0.87,1,1,3
PO1000008074,"2020,2019,2021",PTPN III,PERKEBUNAN NUSANTARA V,SEI TAPUNG,RSPO Certified,"RSPO Certified, MB",3/31/23,0.6,100.62,"0.598976, 100.618965",IDN,Indonesia,Riau,Rokan Hulu,1-Fully Verified,,279.87,27987.21,302.95,865.57,86556.78,5.62,562.32,2.08,207.99,1.97,197.1,20.5,2049.93,23.22,2321.55,15.28,1527.75,15,1499.76,5.12,512.1,14.68,1468.44,6.7,669.51,5.77,576.9,22.88,2287.62,18.96,1895.67,6.62,662.22,2.14,213.93,3.36,335.52,4.4,440.01,2.46,245.52,12.2,1220.31,5.71,570.6,4.46,446.4,5.21,521.19,204.32,0.73,75.55,0.27,3,4,3
PO1000008095,"2019,2021,2020",KUALA LUMPUR KEPONG (KLK),MULIA AGRO PERMAI,MULIA AGRO PERMAI,RSPO Certified,"RSPO Certified, MB",3/31/23,-2.43,112.75,"-2.43264, 112.75315",IDN,Indonesia,Kalimantan Tengah,Kotawaringin Timur,1-Fully Verified,,218.53,21852.72,269.84,303.83,30383.46,0.14,14.31,1.88,187.83,0.26,25.74,0.41,40.95,2.21,220.95,11.61,1160.64,13.66,1366.02,24.43,2443.32,36.04,3604.41,4.17,417.06,4.22,421.65,9.24,924.48,29.27,2927.07,22.37,2236.59,16.41,1640.79,12.75,1274.67,1.57,156.6,0.85,84.87,2.35,234.9,1.07,107.1,1.16,115.56,1.28,127.98,197.33,0.9,21.19,0.1,2,5,1
PO1000008127,"2021,2020",INCASI RAYA (GUNAS),SUMATERA MAKMUR LESTARI,SUMATERA MAKMUR LESTARI,Not RSPO Certified,,3/31/23,-0.12,110.76,"-0.121622, 110.758455",IDN,Indonesia,Kalimantan Barat,Sekadau,2-High Confidence,,1.46,145.89,2,2.93,292.95,0.01,0.72,0,0.36,0,0,0,0.18,0,0,0,0,0,0.36,0.1,9.9,0.03,2.88,0.04,4.32,0.34,33.84,0.2,20.16,0,0.27,0.09,8.82,0.01,1.26,0.18,18.36,0.02,2.07,0.05,5.04,0.03,2.61,0.02,2.07,0.06,6.48,0,0.27,1.2,0.82,0.26,0.18,3,5,3
PO1000008128,"2020,2021,2019",KENCANA AGRI,SAWIT KALTIM LESTARI,SAWIT KALTIM LESTARI,Not RSPO Certified,,3/31/23,-0.07,116.83,"-0.065995, 116.83066",IDN,Indonesia,Kalimantan Timur,Kutai Kartanegara,1-Fully Verified,,474.42,47441.52,712.3,1457.96,145795.86,1.99,198.9,1.79,178.56,0.98,98.01,1.52,151.74,1.03,103.14,31.91,3190.59,17.78,1777.59,7.32,732.24,9.6,960.21,10.18,1017.99,15.54,1554.12,9.39,939.24,2.39,238.59,8.63,863.28,6.53,652.59,22.44,2244.06,10.82,1082.43,5.88,588.42,3.37,337.14,2.49,248.67,4.64,464.13,5.83,583.2,182.05,0.38,292.37,0.62,3,3,3
PO1000008129,2020,ATAHUALPA,ATAHUALPA,ATAHUALPA,Not RSPO Certified,,3/31/23,-0.02,-79.5,"-0.022728, -79.498034",ECU,Ecuador,Esmeraldas,Quinindé,1-Fully Verified,,344.84,34484.13,421.18,1414.94,141493.77,7.28,727.74,0.09,8.55,0.09,9.18,0.81,81.45,7.24,724.32,0.75,75.06,12.99,1298.7,5.13,513.45,9.97,996.93,0.53,53.37,1.06,106.02,1.61,161.46,2.21,220.86,0.27,27.27,0.6,60.48,0.26,25.92,0.95,95.13,0.04,4.32,0.32,31.5,0.08,8.01,0,0,0.53,53.01,52.83,0.15,292.01,0.85,1,1,3
PO1000008130,2020,UNKNOWN,SAN DANIEL EXTRACTORA SAN DANIEL CIA LTDA,EXTRACTORA SAN DANIEL S.A.,Not RSPO Certified,,3/31/23,-0.01,-79.45,"-0.012028, -79.453189",ECU,Ecuador,Santo Domingo de los Tsachilas,La Concordia,1-Fully Verified,MOLSANDO,18.53,1853.46,19.42,31.52,3152.43,0.17,16.83,0,0.18,0,0,0.06,6.3,0.12,11.88,0.08,7.83,0.64,64.44,0.52,51.75,0.4,39.87,0.2,20.07,0.04,3.78,0,0,0.02,2.07,0.01,0.9,0.01,0.63,0,0.18,0.04,4.14,0,0,0.01,0.63,0,0,0,0.09,0,0,2.32,0.12,16.22,0.88,1,1,3
PO1000008131,"2020,2019,2021",UNKNOWN,GUNUNG SAWIT ABADI,KINALI,Not RSPO Certified,,3/31/23,-0.05,99.92,"-0.046138, 99.915697",IDN,Indonesia,Sumatera Barat,Pasaman Barat,1-Fully Verified,,98.54,9854.46,158.33,322.49,32249.07,0.23,22.86,0.33,32.94,0.26,26.46,2.13,213.48,0.51,51.12,0.56,56.25,1.01,100.8,1.7,169.65,3.77,377.01,1.46,145.98,8.08,808.11,2.72,271.62,0.74,73.8,0.37,37.35,0.33,33.21,0.74,73.53,4.81,481.14,4.01,401.13,0.4,39.96,3.4,340.02,2.44,244.44,2.45,245.43,42.46,0.43,56.08,0.57,4,3,4
PO1000008132,"2020,2021,2019",CIPUTRA,CIPTAMAS BUMISELARAS,CIPTAMAS BUMISELARAS,Not RSPO Certified,,3/31/23,-4.87,103.53,"-4.866889, 103.534242",IDN,Indonesia,Bengkulu,Kaur,1-Fully Verified,,2835.38,283537.8,2952,6228.16,622816.11,17.61,1760.67,16.86,1686.24,11.84,1184.22,25.3,2529.72,18.48,1847.52,26.06,2606.22,11.03,1102.86,29.96,2995.56,27.91,2790.72,14.21,1421.19,20.95,2095.11,42.06,4205.61,13.71,1370.79,40.65,4065.48,47.57,4756.59,37.25,3724.56,32.98,3298.32,28.55,2855.25,25.26,2525.76,15.76,1576.35,10.95,1094.67,12.77,1277.28,527.71,0.19,2307.67,0.81,2,1,3
PO1000008133,"2019,2020",JHONLIN,BATULICIN AGRO SENTOSA,KARANG BINTANG,Not RSPO Certified,,3/31/23,-3.37,115.91,"-3.373856, 115.906528",IDN,Indonesia,Kalimantan Selatan,Tanah Bumbu,1-Fully Verified,,488.83,48882.87,792.69,1363.1,136310.13,3.69,368.91,7.2,720.36,3.7,369.54,9.26,925.92,4.42,441.54,15.04,1504.35,4.01,400.77,4.18,417.87,20.5,2049.84,4.91,491.49,16.97,1697.31,21.72,2172.06,26.35,2635.47,57.85,5785.47,42.87,4287.42,31.17,3117.15,15.92,1592.46,16.25,1625.4,14.62,1462.5,6.18,618.39,13.16,1316.16,3.92,392.49,343.93,0.7,144.9,0.3,3,4,3
PO1000008135,"2020,2019",AMS-GANDA,PERKEBUNAN HASIL MUSI LESTARI,PERKEBUNAN HASIL MUSI LESTARI,Not RSPO Certified,,3/31/23,-3.25,103.24,"-3.254244, 103.237956",IDN,Indonesia,Sumatera Selatan,Musi Rawas,1-Fully Verified,,1327.04,132704.19,1503.62,2344.1,234409.95,26.94,2694.15,18.78,1877.58,7.13,712.71,53.22,5321.61,32.87,3287.25,53.9,5390.19,12.32,1232.1,56.73,5673.42,52.31,5231.16,36.9,3689.73,54.78,5477.58,106.97,10697.22,25.3,2530.44,39.37,3936.78,31.57,3157.47,67.67,6766.92,27.36,2736,30.1,3010.41,15.21,1521.18,25.77,2576.61,24.38,2437.56,39.96,3996.09,839.54,0.63,487.5,0.37,4,3,3
PO1000008137,"2019,2020,2021",INDAH,SUN SAWIT,SUN SAWIT,Not RSPO Certified,,3/31/23,-3.17,104.89,"-3.168331, 104.891994",IDN,Indonesia,Sumatera Selatan,Ogan Komering Ilir,1-Fully Verified,,1469.33,146933.1,2155.97,2620.47,262047.15,6.64,664.11,16.05,1605.24,6.58,658.35,28.32,2832.3,13.8,1379.88,29.42,2942.28,56.78,5678.19,32.8,3280.32,95.22,9522.09,24.66,2466.36,28.57,2856.69,41.9,4190.13,14.58,1458.09,37.34,3734.01,38.06,3805.65,89.95,8994.69,31.7,3169.71,42.92,4292.46,81.07,8106.93,79.38,7937.55,16.23,1623.15,9.39,938.79,821.37,0.56,647.96,0.44,3,3,3
PO1000008138,"2021,2020,2019",UNKNOWN,GANDA BUANINDO,GANDA BUANINDO,Not RSPO Certified,,3/31/23,0.01,101.24,"0.006217, 101.237517",IDN,Indonesia,Riau,Kampar,1-Fully Verified,,76.47,7647.21,109.2,185.44,18544.41,1.71,171.45,1.87,187.47,0.76,76.41,6.29,629.46,5.41,540.81,4.06,406.17,1.97,197.28,1.56,155.7,5.75,574.92,1.96,196.29,4.84,484.47,2.88,288.09,0.59,58.59,0.74,73.98,0.75,75.42,1.11,111.15,1.28,127.71,0.67,66.69,0.68,68.22,0.65,64.71,0.81,80.64,0.49,48.6,46.84,0.61,29.63,0.39,3,3,3
PO1000008140,2020,MANDHALA CIPTA PURMONO,SABAN SAWIT SUBUR,SABAN SAWIT MAKMUR,Not RSPO Certified,,3/31/23,0.15,109.88,"0.153067, 109.878198",IDN,Indonesia,Kalimantan Barat,Landak,1-Fully Verified,,634.02,63402.39,625.72,1024.39,102438.72,2.8,280.44,10.15,1015.11,4.74,474.39,5.57,557.46,2.2,220.41,6.99,699.39,10.03,1002.78,22.07,2206.62,30.82,3081.69,19.3,1929.69,69.8,6980.04,49.36,4936.05,15.28,1528.2,20.45,2044.8,21.79,2178.81,18.31,1830.6,26.37,2637.09,10.75,1075.14,17.19,1719.36,9.03,902.79,6.09,609.39,12.64,1263.69,391.74,0.62,242.28,0.38,3,3,3
PO1000008141,"2020,2021,2019",UNKNOWN,SAWIT MAS NUSANTARA,SAWIT MAS NUSANTARA,Not RSPO Certified,,3/31/23,0.16,101.72,"0.160211, 101.720728",IDN,Indonesia,Riau,Pelalawan,2-High Confidence,,136.5,13650.03,154.92,251.51,25150.86,4.86,486,6.37,637.02,0.51,51.48,11.32,1131.57,4.32,431.55,0.47,46.8,4.46,445.77,2.07,207.18,5.58,558,8.2,819.63,7.71,770.76,15,1499.85,7.29,728.82,10.51,1050.66,1.04,103.95,5.69,568.98,1.7,170.1,2.55,255.24,2.09,208.89,1.16,116.1,1.8,180.18,2.34,234.18,107.03,0.78,29.47,0.22,3,4,3
PO1000008143,"2019,2020",UNKNOWN,INDRALAYA AGRO LESTARI,INDRALAYA AGRO LESTARI,Not RSPO Certified,,3/31/23,-3.07,104.59,"-3.07425, 104.5885",IDN,Indonesia,Sumatera Selatan,Muara Enim,1-Fully Verified,,69.4,6939.99,137.13,263.05,26304.57,0.23,23.13,0.95,94.68,0.49,49.05,0.65,65.43,0.48,47.79,1.33,133.47,3.81,380.88,2.37,236.61,4.69,469.44,2.58,258.3,0.11,10.89,6.87,687.15,0.48,48.24,0.59,59.31,0.73,73.44,2.01,201.24,2.2,220.5,0.77,76.68,1.68,167.94,0.77,77.04,1.62,161.64,0.69,68.85,36.12,0.52,33.28,0.48,3,3,3
PO1000008145,"2021,2020",TIANJIN JULONG,PALMINA UTAMA,PALMINA UTAMA,Not RSPO Certified,,3/31/23,-3.05,114.87,"-3.054863, 114.871385",IDN,Indonesia,Kalimantan Selatan,Banjar,1-Fully Verified,,2.51,250.83,3.72,3.54,354.33,0,0,0,0.09,0.1,9.54,0.13,12.69,0.09,8.91,0.05,4.86,0,0,0,0,0.05,4.86,0.01,0.54,0,0,0.02,1.89,0,0.36,0.82,81.81,1.2,120.33,0.47,46.53,0.12,11.88,0.16,15.93,0.01,1.08,0,0.09,0,0,0.01,1.08,2.51,1,0,0,1,5,1
PO1000008146,"2020,2019",UNKNOWN,SIBADIHON SAWITA TOROP LESTARI,SIBADIHON SAWITTA TOROP LESTARI,Not RSPO Certified,,3/31/23,1.79,100.19,"1.78615, 100.19075",IDN,Indonesia,Sumatera Utara,Labuhanbatu Selatan,1-Fully Verified,,75.89,7588.62,73.95,87.12,8711.82,2.92,291.87,0.1,10.17,0.08,8.1,0.73,73.35,0.36,35.73,0.09,9.09,3.02,302.13,2.83,282.78,6.8,680.31,9.44,944.19,11.84,1184.04,1.36,135.72,1.65,165.33,1.27,127.17,0.4,40.14,0.54,53.64,1.58,158.49,1.01,100.89,1.29,129.33,0.53,52.74,1.31,130.95,1.21,120.96,50.37,0.66,25.51,0.34,3,4,3
PO1000008148,"2020,2021,2019",MULTI PRIMA ENTAKAI,SINTANG AGRO MANDIRI,SIMBA,Not RSPO Certified,,3/31/23,0.14,111.48,"0.14111, 111.485",IDN,Indonesia,Kalimantan Barat,Sintang,1-Fully Verified,,661.42,66141.54,811.99,2222.78,222278.04,8.1,809.55,9.46,945.99,5.13,512.73,5.67,567.36,7.51,750.6,10.53,1053.27,15.91,1590.66,49.6,4960.08,38.27,3827.43,21,2099.52,26.06,2605.5,35.39,3539.16,14.33,1432.71,13.81,1381.32,16.71,1670.67,28.51,2850.93,10.71,1070.55,13.14,1314.18,6.85,685.26,7.76,776.07,4.4,440.19,8.59,858.69,357.42,0.54,303.99,0.46,3,3,3
PO1000008149,"2021,2020",GENTING PLANTATIONS,KHARISMA INTI USAHA,KHARISMA INTI USAHA,Not RSPO Certified,,3/31/23,-3,114.94,"-3.00375, 114.935778",IDN,Indonesia,Kalimantan Selatan,Tapin,1-Fully Verified,,273.52,27351.72,449.66,1211.13,121113.18,2.84,283.68,1.64,164.16,14.01,1401.03,1.57,156.69,1.88,188.19,8.81,881.19,6.94,693.54,6.04,603.9,31.23,3123.18,26.27,2627.1,24.52,2452.23,45.88,4587.84,7.63,762.84,17.63,1762.56,8.92,892.26,3.91,391.05,2.01,201.24,2.28,227.97,5.04,503.55,0.66,65.52,1.68,168.03,0.72,72.27,222.1,0.81,51.42,0.19,2,5,2
PO1000008151,"2020,2021",DUTA MARGA,BENUA LAWAS LESTARI,BENUA LAWAS LESTARI,Not RSPO Certified,,3/31/23,-3,115.96,"-2.998194, 115.956777",IDN,Indonesia,Kalimantan Selatan,Kota Baru,1-Fully Verified,,29.76,2976.3,33.91,62.11,6211.35,0.32,32.22,1.43,143.1,0.41,40.77,0.17,17.19,0.22,22.14,0.61,61.47,0.1,9.63,0.07,7.11,0.26,26.19,0.11,10.89,0.38,37.8,0.16,16.29,0.53,52.83,0.93,92.52,0.49,48.96,1.21,120.96,0.33,32.76,0.19,19.35,0.26,26.19,0.13,13.14,0.17,16.74,0.19,19.08,8.67,0.29,21.09,0.71,2,2,3
PO1000008152,"2021,2020,2019",UNKNOWN,LINGGA TIGA SAWIT,LINGGA TIGA SAWIT,Not RSPO Certified,,3/31/23,2.01,99.88,"2.014435, 99.879679",IDN,Indonesia,Sumatera Utara,Labuhanbatu,1-Fully Verified,,1318.16,131816.07,1318.97,2776.76,277676.1,8.54,854.46,18.66,1866.33,5.25,525.15,17.45,1744.74,14.44,1444.41,17.14,1713.78,9.18,918,17.64,1763.82,19.06,1905.75,9.13,912.87,21.72,2172.24,13.93,1392.84,13.76,1376.01,22.78,2277.9,14.44,1443.69,25.43,2543.22,15.9,1589.67,16.5,1649.79,14.58,1458.09,19.58,1957.77,17.29,1728.81,14.84,1484.28,347.24,0.26,970.92,0.74,3,2,3
PO1000008153,"2020,2021",SYNTHESIS AGRO,FAJAR AGRO SEJAHTERA,CANTUNG,Not RSPO Certified,,3/31/23,-2.97,115.96,"-2.970028, 115.955028",IDN,Indonesia,Kalimantan Selatan,Kota Baru,1-Fully Verified,,73.86,7386.03,75.24,106.36,10636.29,0.35,35.46,0.46,46.17,0.28,27.72,0.58,57.51,0.27,26.55,0.71,71.46,0.24,24.39,0.28,27.99,1.1,109.53,0.42,42.03,1.72,171.9,1.16,116.46,0.86,86.22,5.69,568.89,2.42,242.19,4.47,447.12,0.47,47.07,0.75,75.06,0.87,87.48,0.22,22.05,0.47,46.71,0.37,36.99,24.17,0.33,49.69,0.67,2,2,3
PO1000008154,"2020,2019",SUMBER TANI HARAPAN (STH),ABDI BUDI MULIA,ABDI BUDI MULIA 2,Not RSPO Certified,,3/31/23,2.11,100.27,"2.11272, 100.27311",IDN,Indonesia,Sumatera Utara,Labuhanbatu Selatan,1-Fully Verified,,603.18,60318.09,718.98,1278.49,127849.41,8.65,865.35,27.5,2749.77,6.44,643.59,19.29,1928.97,99.65,9965.16,35.5,3549.69,35.53,3553.2,6.22,621.72,126.08,12607.74,67.21,6721.29,49.89,4988.52,59.69,5968.71,7.11,710.73,14.19,1419.3,2.69,268.83,6.24,624.33,6.58,657.63,8.7,870.21,3.83,383.49,6.18,617.76,12.31,1231.02,10.07,1007.46,603.18,1,0,0,3,5,1
PO1000008155,"2019,2021,2020",ROYAL GOLDEN EAGLE,MITRA UNGGUL PUSAKA,PENARIKAN,Not RSPO Certified,,3/31/23,0.19,101.8,"0.193358, 101.795075",IDN,Indonesia,Riau,Pelalawan,1-Fully Verified,,23.22,2322.45,29.5,31.81,3181.23,0.12,11.79,0.06,5.67,0.02,2.16,0.04,4.41,2.66,266.49,0.33,33.21,0.49,49.32,0.19,18.54,0.15,15.12,10.12,1011.6,1.4,140.04,0.34,34.47,0.51,51.3,2.39,238.59,0.35,35.46,0.31,30.87,0.34,34.38,0.22,22.32,0.09,9.27,0.21,20.7,0.12,12.42,0.03,3.24,20.51,0.88,2.71,0.12,1,5,1
PO1000008156,"2020,2021",J.A. WATTIE (JAWA),AGRI BUMI SENTOSA,AGRI BUMI SENTOSA,Not RSPO Certified,,3/31/23,-2.96,114.71,"-2.96285, 114.711301",IDN,Indonesia,Kalimantan Selatan,Barito Kuala,1-Fully Verified,,1296.78,129677.76,2742.21,5161.99,516198.69,7.79,779.22,8.1,810.45,15.34,1534.32,26.79,2679.3,12.24,1223.55,31.06,3105.99,18.18,1817.91,22.02,2201.67,53.84,5383.8,21.95,2194.74,32.21,3221.1,69.43,6942.69,23.46,2346.39,53.95,5395.23,77.06,7706.07,53.02,5301.54,14.75,1474.74,16.96,1696.41,27.96,2796.3,12.08,1207.62,9.79,978.57,14.13,1412.55,622.1,0.48,674.68,0.52,3,3,3
PO1000008158,"2020,2021,2019",UNKNOWN,AGRO WIRA LIGATSA,AGRO WIRA LIGATSA,Not RSPO Certified,,3/31/23,0.22,99.72,"0.224338, 99.71557",IDN,Indonesia,Sumatera Barat,Pasaman Barat,1-Fully Verified,,487.66,48765.69,477.48,869.07,86907.24,2.63,263.07,1.57,156.6,1.57,156.78,4.38,438.39,3.34,333.81,5.02,502.11,6.33,632.79,6.75,675,8.62,861.66,3.27,326.61,7.63,763.47,4.7,470.43,4.01,401.49,5.04,504,5.1,509.58,5.93,592.65,6.61,660.51,5.56,556.29,5.23,522.99,5.13,512.73,4.47,446.76,4.37,437.13,107.25,0.22,380.41,0.78,3,1,3
PO1000008159,2021,PTPN III,PERKEBUNAN NUSANTARA XIII,PARINDU,Not RSPO Certified,,3/31/23,0.25,110.3,"0.250556, 110.303889",IDN,Indonesia,Kalimantan Barat,Sanggau,1-Fully Verified,,264.9,26489.61,314.68,461.47,46146.51,3.6,360.09,6.88,687.6,0.65,64.89,5.29,529.29,4.01,401.4,2.31,231.21,0.85,84.96,9.3,929.52,9.44,944.37,1.98,198.45,8.88,888.48,4.48,448.38,3.66,366.3,7.33,732.96,5.44,543.78,15.07,1507.14,12.36,1236.06,5.07,506.7,6.75,674.64,5.66,565.56,6.07,606.69,5.88,588.42,130.97,0.49,133.93,0.51,3,3,3
PO1000008160,"2020,2021,2019",NPC RESOURCES BERHAD,NALA PALMA CADUDASA,NALA PALMA CADUDASA,Not RSPO Certified,,3/31/23,0.28,116.84,"0.278889, 116.844444",IDN,Indonesia,Kalimantan Timur,Kutai Timur,2-High Confidence,,612.2,61219.53,696.32,1174.86,117486.27,3.04,304.02,3.81,381.24,1.17,117,4.22,422.37,5.98,598.5,33.95,3395.34,61.07,6107.49,43.56,4355.55,6.85,684.63,8.2,820.17,43.7,4370.4,43.36,4336.02,21.43,2142.99,42.71,4270.59,26.58,2658.42,82.86,8285.58,14.1,1410.3,7.63,762.57,3.38,337.95,1.85,185.22,1.64,163.62,1.45,145.26,462.55,0.76,149.64,0.24,1,4,2
PO1000008161,"2020,2021",WILMAR GROUP,DAYA LABUHAN INDAH,DAYA LABUHAN INDAH I,Not RSPO Certified,,3/31/23,2.15,99.99,"2.151167, 99.991167",IDN,Indonesia,Sumatera Utara,Labuhanbatu,2-High Confidence,,38.9,3889.71,46.79,149.42,14941.53,0.37,36.72,0.08,7.83,0.04,4.14,1.4,139.77,0.29,28.62,0.31,30.69,0.08,8.28,0,0,0.25,25.2,0.18,17.64,0.05,5.49,0.35,35.46,0.69,68.67,0.95,94.59,0.12,12.42,2.76,276.48,0.47,47.34,2.14,214.38,1.79,179.19,0.72,71.91,0.16,15.93,0.08,7.92,13.29,0.34,25.61,0.66,1,2,3
PO1000008162,"2021,2020",SINAR JAYA AGRO INVESTAMA (SJAI),KARYA AGRO SAWITINDO,KARYA AGRO SAWITINDO,Not RSPO Certified,,3/31/23,-2.71,101.34,"-2.710107, 101.341",IDN,Indonesia,Bengkulu,Mukomuko,1-Fully Verified,,28.09,2809.44,43.91,74.77,7476.75,1.3,129.87,1.43,143.46,0.77,76.86,6.29,629.28,1.32,132.3,2.95,295.11,1.49,149.04,0.49,49.14,0.46,45.54,0.31,30.87,1.11,110.88,0.45,45.36,0.11,10.89,0.25,25.11,0.2,20.07,0.3,29.88,0.22,22.23,0.38,37.8,1.1,109.53,0.22,22.14,0.49,49.41,0.19,18.9,21.84,0.78,6.26,0.22,3,4,3
PO1000008164,"2020,2019,2021",SINAR JAYA AGRO INVESTAMA (SJAI),MUKO MUKO INDAH LESTARI,MUKO MUKO INDAH LESTARI,Not RSPO Certified,,3/31/23,-2.68,101.32,"-2.677972, 101.32002",IDN,Indonesia,Bengkulu,Mukomuko,1-Fully Verified,,122.03,12202.65,145.73,414.8,41479.74,2.02,202.05,1.43,142.83,0.73,72.99,3.77,376.56,1.12,111.78,1.4,139.5,2.07,207,1.62,162.27,2.08,207.72,1.1,109.53,2.74,274.14,1.64,163.89,0.88,88.47,1.08,107.73,0.44,43.83,1.48,148.23,1.69,168.57,1.36,136.08,1.09,108.81,0.68,67.77,0.85,84.69,0.66,66.06,31.9,0.26,90.12,0.74,2,2,3
PO1000008165,"2020,2021,2019",UNKNOWN,PRIMA JAYA LESTARI UTAMA,PRIMA JAYA LESTARI UTAMA,Not RSPO Certified,,3/31/23,2.32,99.73,"2.323844, 99.73444",IDN,Indonesia,Sumatera Utara,Labuhanbatu Utara,1-Fully Verified,,147.21,14720.76,164.34,478.96,47895.84,1.32,131.85,2.25,224.82,2.92,292.14,5.95,595.26,5.45,544.59,0.96,96.48,2.19,219.42,1.93,192.51,2.71,270.63,4.66,466.2,4.37,436.59,0.92,91.89,0.45,45.36,1.24,123.66,1.29,128.61,3.57,356.58,0.9,90.36,1.98,198.09,1.53,153.27,2.32,231.75,2.01,200.88,2.85,284.58,53.76,0.37,93.45,0.63,3,3,3
PO1000008166,2020,INDONUSA AGRO,HAMITA UTAMA KARSA,HAMITA UTAMA KARSA,Not RSPO Certified,,3/31/23,-2.67,104.2,"-2.670944, 104.2026",IDN,Indonesia,Sumatera Selatan,Musi Banyuasin,1-Fully Verified,,97.55,9755.46,157.46,249.64,24964.11,0.88,88.11,0.38,38.16,1.01,100.98,3.24,324.45,2.52,251.82,3.74,373.59,2.9,289.89,5.69,569.43,12.86,1286.46,1.39,139.32,1.36,136.26,20.26,2025.9,1.9,189.99,4.8,480.42,2.97,296.82,2.24,224.28,2.6,260.28,4.65,465.21,8.74,874.08,2.49,249.12,1.12,112.23,0.65,65.43,88.42,0.91,9.13,0.09,3,5,2
PO1000008170,2020,MUSIRAWAS,MUSIRAWAS CITRA HARPINDO,MUSIRAWAS CITRAHARPINDO PKS 2,Not RSPO Certified,,3/31/23,-2.45,112.22,"-2.451667, 112.2161",IDN,Indonesia,Kalimantan Tengah,Seruyan,1-Fully Verified,,134.81,13480.74,179.13,238.25,23824.98,0.42,42.48,7.2,719.91,0.61,60.93,1.47,146.52,0.58,58.23,8.65,865.44,17.84,1784.16,16.28,1628.46,4.43,442.8,1.32,132.21,1.27,127.44,0.65,64.53,0.42,41.76,1.98,198.36,5.72,571.68,24.4,2439.54,2.66,266.49,1.38,138.42,1.75,174.51,1.49,149.04,0.91,90.63,0.72,71.73,102.15,0.76,32.65,0.24,2,4,2
PO1000008171,"2020,2021,2019",INDAH,BANGUN TENERA RIAU,BANGUN TENERA RIAU,Not RSPO Certified,,3/31/23,0.29,101.42,"0.289167, 101.416944",IDN,Indonesia,Riau,Kampar,1-Fully Verified,,356,35600.49,407.33,811.73,81172.98,2.11,211.23,2.2,219.51,1.81,181.26,14.41,1441.44,21.78,2177.82,16.09,1609.02,19.52,1952.28,8.88,888.39,18.04,1804.32,19.33,1933.02,7.77,777.33,20.77,2077.38,8.42,842.4,5.57,556.74,8.42,842.04,13.38,1337.67,8.45,845.37,6.24,624.42,5.46,546.39,7.46,745.92,7.75,774.72,2.83,282.51,226.71,0.64,129.29,0.36,3,4,3
PO1000008174,"2019,2020,2021",SUPERVENTURE,USAHA SAWIT MANDIRI," 	USAHA SAWIT MANDIRI (MUKO MUKO) ",Not RSPO Certified,,3/31/23,-2.4,101.16,"-2.3961, 101.162858",IDN,Indonesia,Bengkulu,Mukomuko,1-Fully Verified,,338.26,33826.14,345.17,554.98,55497.69,5.77,577.17,2.34,234,2.25,225.09,7.62,762.03,3.52,351.63,3.18,317.52,14.42,1442.16,6.57,657.09,11.01,1100.52,5.28,528.3,10.45,1044.72,7,699.57,5.83,582.75,6.43,642.87,7.03,703.26,3.8,380.25,8.98,897.75,4.64,464.04,3.04,303.84,4.6,459.99,11.17,1116.54,14.2,1420.02,149.11,0.44,189.15,0.56,5,3,4
PO1000008176,"2020,2021,2019",UNKNOWN,BUKIT PALEM,BUKIT PALEM,Not RSPO Certified,,3/31/23,-2.37,110.64,"-2.373333, 110.643333",IDN,Indonesia,Kalimantan Barat,Ketapang,1-Fully Verified,PALM MAS ASRI,522.74,52274.07,844.53,1213.12,121312.26,3.92,391.95,3.73,372.87,1.39,138.6,4.32,431.73,1.33,133.11,9.06,905.76,13.8,1379.61,4.28,428.13,7.68,768.42,2.25,225,11.2,1119.96,26.41,2641.23,40.02,4001.76,40.33,4032.9,21.99,2199.15,18.82,1881.63,37.22,3721.95,33.54,3353.85,36.86,3685.68,25.68,2567.7,12.83,1283.04,16.48,1647.63,373.12,0.71,149.62,0.29,4,4,3
PO1000008178,"2020,2021,2019",INDAH,BASTIAN OLAH SAWIT,BASTIAN OLAH SAWIT,Not RSPO Certified,,3/31/23,-2.35,103.91,"-2.35175, 103.914111",IDN,Indonesia,Sumatera Selatan,Musi Banyuasin,2-High Confidence,,492.66,49265.73,666.2,1187.49,118748.7,10.92,1091.61,8.74,873.63,4.67,466.56,25.7,2569.86,28.48,2847.51,50.89,5089.32,25.64,2564.1,47.96,4795.74,18.89,1889.28,5.74,574.2,7.72,771.93,33.14,3313.53,12.71,1270.62,15.38,1537.83,7.76,775.53,11.25,1124.64,7.33,732.96,24.82,2481.57,5.44,544.23,10.97,1097.37,8.12,812.25,16.43,1643.04,388.67,0.79,103.98,0.21,4,4,3
PO1000008180,"2020,2021",BUMITAMA GUNAJAYA AGRO (BGA),KARYA BAKTI AGRO SEJAHTERA,SUNGAI RASAU,Not RSPO Certified,,3/31/23,-2.28,110.5,"-2.283611, 110.503333",IDN,Indonesia,Kalimantan Barat,Ketapang,1-Fully Verified,KARYA BAKTI AGRO SEJAHTERA,188.1,18809.64,254.05,369.75,36974.61,0.9,89.82,3.77,377.37,1.22,122.22,1.48,148.41,0.68,68.22,7.71,771.39,17.1,1709.55,1.57,157.14,3.3,329.76,20.28,2027.7,32.63,3263.49,14.92,1491.93,5.03,503.19,14.71,1471.41,13.97,1397.16,6.13,613.35,9.9,990.36,5.04,503.91,4.04,404.01,0.93,92.79,0.7,70.02,1.4,140.22,167.43,0.89,20.66,0.11,2,5,1
PO1000008182,"2021,2020,2019",UNKNOWN,SUMBER ADINUSA LESTARI,SUMBER ADINUSA LESTARI,Not RSPO Certified,,3/31/23,-2.2,111.48,"-2.20405, 111.47948",IDN,Indonesia,Kalimantan Tengah,Lamandau,1-Fully Verified,,184.4,18440.46,216.33,550.03,55003.14,1.63,163.26,2.11,211.41,0.14,14.31,6.61,661.14,2.93,292.86,5.18,518.4,4.88,488.34,0.89,88.92,9.23,923.31,5.18,518.13,2.18,217.53,12.11,1211.22,10.84,1084.05,24.97,2496.96,17,1700.37,8.98,897.57,3.14,314.1,2.36,235.8,7.15,715.14,4.96,495.72,3.68,367.92,5.9,590.4,142.07,0.77,42.34,0.23,4,4,3
PO1000008184,"2020,2021,2019",CIPTA PLANTATION,NUSANTARA SAWIT PERSADA,NUSANTARA SAWIT PERSADA,Not RSPO Certified,,3/31/23,-2.11,112.79,"-2.106833, 112.794167",IDN,Indonesia,Kalimantan Tengah,Kotawaringin Timur,1-Fully Verified,,379.38,37938.06,396.93,560.41,56041.47,0.74,73.8,2.51,251.19,2.64,263.61,17.33,1733.49,1.64,164.16,3.38,337.86,2.46,245.61,16.04,1603.98,43.71,4371.39,66.33,6633.36,70.66,7066.35,36.59,3658.59,7.38,738.18,10.61,1061.28,14.66,1465.56,8.84,883.98,2.83,283.41,3.2,320.04,1.78,178.02,1.53,153,0.94,94.32,1.33,132.93,317.14,0.84,62.24,0.16,1,5,1
PO1000008185,"2020,2021",UNKNOWN,TIMURJAYA INDOMAKMUR,KOROLA,Not RSPO Certified,,3/31/23,-2.08,121.02,"-2.084444, 121.023056",IDN,Indonesia,Sulawesi Tengah,Morowali,1-Fully Verified,,356.3,35630.19,361.94,525.64,52563.96,0.07,7.47,0.32,31.77,0.04,4.32,0.32,32.4,0.03,2.52,0.22,21.96,0.13,13.41,0.03,3.06,0.56,56.07,10.49,1048.59,6.68,668.07,2.06,206.01,1.65,164.61,6.81,681.12,0.58,58.32,0.29,28.8,0.28,27.81,0.7,70.2,0.51,51.39,0.3,30.15,0.39,39.33,0.2,20.16,32.68,0.09,323.63,0.91,1,1,3
PO1000008186,2019,AMS-GANDA,ASIATIC PERSADA,SEI KANDANG,Not RSPO Certified,,3/31/23,-2.04,103.35,"-2.042944, 103.345333",IDN,Indonesia,Jambi,Batang Hari,1-Fully Verified,,887.61,88760.7,897.22,1452.47,145247.13,4.72,471.78,9.3,930.15,3.7,370.44,14.07,1406.61,21.75,2174.76,39.21,3920.85,50.47,5046.84,37.07,3707.1,23.3,2329.74,7.06,705.6,28.49,2849.04,110.91,11090.52,10.98,1098,17.74,1774.26,13.51,1351.08,60.29,6029.01,11.21,1121.13,15.83,1583.1,10.16,1015.92,14.95,1495.17,11.49,1149.03,13.56,1355.94,529.76,0.6,357.85,0.4,3,3,3
PO1000008187,2020,PTPN III,PERKEBUNAN NUSANTARA VI,TANJUNG LEBAR,RSPO Certified,"RSPO Certified, MB",3/31/23,-2.02,103.54,"-2.0189, 103.5448",IDN,Indonesia,Jambi,Muaro Jambi,1-Fully Verified,,415.76,41576.4,511.52,688.14,68813.64,3.38,337.86,9.89,989.37,2.34,234.36,24.75,2474.82,16.73,1673.1,23.66,2366.01,23.53,2353.23,25.23,2522.7,20.04,2004.3,20.26,2026.08,10.83,1082.61,36.45,3645.36,7.24,723.6,10.21,1021.23,7.81,780.57,22.79,2279.16,7.83,783.09,19.03,1902.69,3.41,341.46,5.87,587.43,2.76,275.67,6.56,655.83,310.61,0.75,105.16,0.25,3,4,3
PO1000008188,"2020,2021,2019",UNKNOWN,SUMBER GUNA NABATI,SUMBER GUNA NABATI,Not RSPO Certified,,3/31/23,-2.01,102.49,"-2.006446, 102.492852",IDN,Indonesia,Jambi,Sarolangun,2-High Confidence,,127.06,12706.02,154.27,290.16,29015.82,0.66,66.15,1.61,160.65,0.28,27.99,1.61,161.46,2.66,265.95,2.84,284.4,6.13,612.81,3.92,391.86,4.56,455.67,3.01,300.51,1.66,166.05,2.89,289.26,0.95,94.86,0.97,97.2,2.17,216.9,2.14,213.93,2.18,217.71,3.66,366.3,1.83,183.33,2.07,207.45,2.16,216.36,4.67,467.28,54.64,0.43,72.42,0.57,4,3,4
PO1000008189,"2020,2021",BLD PLANTATION BERHAD,BINTULU LUMBER DEVELOPMENT SDN BHD,IGAN (BLD),Not RSPO Certified,,3/31/23,2.41,111.79,"2.405371, 111.789356",MYS,Malaysia,Sarawak,Sibu,1-Fully Verified,IGAN,1497.09,149709.33,1706.77,4458.7,445870.35,13.53,1352.52,8.68,868.32,7.52,751.59,37.42,3741.66,31.52,3152.25,32.3,3230.28,53.49,5348.97,8.86,886.41,194.57,19456.83,44.7,4469.76,67.34,6733.53,83.19,8319.06,23.97,2396.61,38.55,3855.42,62.77,6277.05,84.06,8406.18,60.25,6024.96,49,4900.23,14.65,1465.02,16.22,1622.25,12.75,1275.48,10.72,1071.9,956.06,0.64,541.03,0.36,2,4,3
PO1000008191,"2021,2020,2019",SERI MORIB PALM OIL MILL SDN BHD,SERI MORIB PALM OIL MILL SDN BHD,SERI MORIB,Not RSPO Certified,,3/31/23,2.72,101.49,"2.721359, 101.491296",MYS,Malaysia,Selangor,Kuala Langat,1-Fully Verified,,141.86,14186.25,161.81,261.06,26106.3,1.12,111.87,4.05,405.27,0.86,86.49,1.93,192.6,4.6,460.08,3.23,322.92,2.65,265.05,2.06,206.01,4.25,425.16,4.23,422.82,1.26,126.09,1.5,150.12,1.08,107.73,9.4,940.41,4.2,420.48,7.45,745.2,4.72,471.6,3.49,349.2,2.96,296.37,2.04,204.3,3.3,329.85,1.77,177.48,72.17,0.51,69.69,0.49,3,3,3
PO1000008193,"2020,2021,2019",TENERA LESTARI,ENSEM LESTARI,ENSEM LESTARI,Not RSPO Certified,,3/31/23,2.46,98.07,"2.456777, 98.06502",IDN,Indonesia,Aceh,Aceh Singkil,1-Fully Verified,,194.76,19476.09,200.57,406.44,40644.45,4.64,464.49,1.29,128.88,2.27,227.16,2.66,265.68,2.84,283.5,4.51,450.9,3.9,389.88,11.11,1111.23,11.07,1107.27,7.58,757.71,5.41,541.17,5.81,580.59,4.04,403.83,3.23,322.65,2.06,205.83,2.41,240.57,2.07,207,5.01,501.03,1.98,198,2.19,218.79,1.61,161.37,2.69,269.37,90.37,0.46,104.39,0.54,3,3,3
PO1000008194,"2019,2020,2021",UNKNOWN,KURNIA MITRA SAWIT,KURNIA MITRA SAWIT,Not RSPO Certified,,3/31/23,2.41,99.7,"2.408878, 99.696714",IDN,Indonesia,Sumatera Utara,Labuhanbatu Utara,1-Fully Verified,,148.88,14888.43,163.97,352.28,35227.53,0.87,86.58,2.1,209.52,0.39,39.06,1.99,199.08,1.04,104.31,1.3,129.78,1.47,146.52,2.09,209.16,1.92,191.97,2.13,213.3,2.46,245.88,1.94,194.04,1.31,130.59,3.96,395.55,2.57,257.13,4.74,474.39,2.71,270.9,3.55,354.51,4.1,409.77,3.74,374.04,2.12,211.59,0.68,68.4,49.16,0.33,99.72,0.67,3,2,3
PO1000008195,"2021,2020,2019",SERI ULU LANGAT PALM OIL MILL SDN BHD,SERI ULU LANGAT PALM OIL MILL SDN BHD,SERI ULU LANGAT,Not RSPO Certified,,3/31/23,2.85,101.65,"2.851693, 101.650118",MYS,Malaysia,Selangor,Sepang,1-Fully Verified,,586.42,58641.66,1017.57,2581,258100.2,9.18,918.18,10.62,1061.64,4.12,412.2,13.66,1366.11,10.33,1033.38,7.14,714.06,12.48,1247.67,8.73,873.09,22.93,2293.2,13.82,1382.4,6.87,686.61,9.21,920.7,6.19,618.57,35.58,3558.15,11.41,1140.75,16.33,1633.14,15.19,1518.84,11.52,1152.09,14.1,1409.85,8.81,880.74,13.08,1308.33,8.9,890.1,270.2,0.46,316.22,0.54,3,3,3
PO1000008196,"2020,2021,2019",MAWAR MENTARI SDN BHD,MAWAR MENTARI SDN BHD,MAWAR MENTARI,Not RSPO Certified,,3/31/23,2.87,102.32,"2.867181, 102.31613",MYS,Malaysia,Negeri Sembilan,Jempol,1-Fully Verified,,632.41,63240.93,695.88,1104.22,110422.17,24.29,2428.65,31.39,3138.84,3.28,328.05,5.11,511.47,10.64,1063.62,3.68,368.1,9.96,995.67,10.4,1040.22,12.94,1293.66,2.2,220.14,17.57,1757.16,27.9,2790.18,4.3,429.93,17.39,1738.89,7.27,726.57,20.73,2073.24,17.74,1773.9,13.54,1354.41,11.76,1175.94,7.63,762.66,7.22,721.98,5.48,547.92,272.41,0.43,360,0.57,3,3,3
PO1000008197,"2019,2020,2021",SUPERVENTURE,GEMILANG CAHAYA MENTARI,GEMILANG CAHAYA MENTARI,Not RSPO Certified,,3/31/23,-1.95,105.79,"-1.950306, 105.789389",IDN,Indonesia,Bangka Belitung,Bangka,1-Fully Verified,,121.74,12174.12,139.44,221.5,22149.81,1.39,138.51,1.77,176.85,0.77,77.13,2.52,252.45,1.21,120.78,1.18,118.26,4.63,463.14,2.47,246.87,8.38,838.08,1.23,123.3,4.26,425.79,2.51,250.92,1.82,182.07,4.26,425.52,3.8,379.71,5.65,565.47,3.06,306.45,3.05,305.19,2.61,260.55,3.4,339.75,3.18,317.52,3.61,360.63,66.75,0.55,54.99,0.45,4,3,3
PO1000008199,"2021,2020",PTPN III,PERKEBUNAN NUSANTARA VI,BUNUT,RSPO Certified,"RSPO Certified, MB",3/31/23,-1.91,103.4,"-1.9109, 103.4034",IDN,Indonesia,Jambi,Muaro Jambi,1-Fully Verified,,87.34,8734.05,110.53,167.51,16750.98,0.42,42.39,0.76,76.32,0.14,13.68,1.8,179.64,2.29,228.6,0.56,55.62,3.08,308.43,1.41,141.39,1.24,124.02,0,0,0.13,13.23,1.84,183.69,3.33,333.36,7.87,786.78,4.85,484.74,5.74,573.75,0.79,78.84,2.1,210.33,0.23,23.04,0.44,43.92,2.15,215.46,1.23,122.94,42.4,0.49,44.94,0.51,3,3,3
PO1000008201,"2021,2020,2019",SARAWAK OIL PALMS BERHAD,SARAWAK OIL PALMS BHD,SEPAKAU,Not RSPO Certified,,3/31/23,2.97,113.87,"2.968444, 113.865935",MYS,Malaysia,Sarawak,Belaga,1-Fully Verified,,4141.04,414103.59,3973.95,8085.16,808515.63,41.5,4150.44,30.67,3066.84,33.73,3372.75,56.94,5693.58,51.52,5151.78,45.72,4572.45,41.68,4167.54,54.55,5455.17,79.5,7950.15,31.82,3181.59,150.77,15076.98,130.5,13049.64,59.72,5972.49,89.94,8993.52,48.92,4892.49,57.13,5713.2,48.2,4819.95,44.81,4480.65,39.38,3938.22,35.46,3546.18,48.59,4859.19,39.58,3957.57,1260.62,0.3,2880.41,0.7,3,2,3
PO1000008202,"2019,2020,2021",MEWAH,ANGSO DUO SAWIT,ANGSO DUO SAWIT,Not RSPO Certified,,3/31/23,-1.78,103.49,"-1.782611, 103.494722",IDN,Indonesia,Jambi,Muaro Jambi,1-Fully Verified,,363.07,36306.54,382.98,535.76,53576.46,3.5,349.92,4.21,420.93,0.66,65.79,5.41,541.44,5.47,546.66,3.55,355.14,13.76,1376.28,12.79,1278.63,14.85,1485.18,0,0,0.46,45.63,11.32,1131.93,7.1,710.19,8.99,899.28,9.88,987.93,14.69,1469.43,15.96,1595.52,19.56,1955.97,10.35,1035.27,12.78,1277.91,22.03,2203.2,24.63,2462.76,221.95,0.61,141.12,0.39,5,3,4
PO1000008205,"2020,2019",FGV HOLDINGS BERHAD,FGV PALM INDUSTRIES SDN BHD,PASOH,Not RSPO Certified,,3/31/23,3.01,102.29,"3.014078, 102.286233",MYS,Malaysia,Negeri Sembilan,Jelebu,1-Fully Verified,,1206.65,120664.71,1214.47,1962.78,196277.76,17.08,1707.75,40.66,4066.2,3.99,399.15,12.15,1214.91,11.3,1130.04,8.43,843.12,7.24,723.51,8.71,871.38,15.87,1586.7,16.87,1687.05,17.04,1704.24,36.61,3660.75,18.54,1853.82,29.47,2946.78,16.17,1616.94,20.07,2006.82,23.47,2347.2,24.76,2476.35,16.57,1656.72,14.13,1412.73,14.08,1408.23,12.73,1273.41,385.94,0.32,820.71,0.68,3,2,3
PO1000008206,"2020,2021,2019",UNKNOWN,SAWITA PASAMAN JAYA,SAWITA PASAMAN JAYA,Not RSPO Certified,,3/31/23,0.32,99.45,"0.324644, 99.452233",IDN,Indonesia,Sumatera Barat,Pasaman Barat,1-Fully Verified,,432.77,43277.49,422.32,797.02,79701.75,3.77,376.56,3.22,322.02,2.13,213.03,5.24,523.53,5.36,535.95,6.73,672.75,9,900.09,4.47,446.67,11.95,1194.93,2.92,292.41,11.81,1181.16,6.03,602.82,6.81,680.76,6.17,616.59,4.39,438.84,7.79,779.04,6.83,682.83,5.67,566.73,3.58,357.84,3,300.42,5.76,575.91,8.53,852.84,131.14,0.3,301.64,0.7,3,2,3
PO1000008210,"2021,2020",PTPN III,PERKEBUNAN NUSANTARA XIII,NGABANG,Not RSPO Certified,,3/31/23,0.34,109.94,"0.343665, 109.938652",IDN,Indonesia,Kalimantan Barat,Landak,1-Fully Verified,,338.15,33815.43,371.99,505.47,50546.61,3.96,395.91,12.23,1223.1,1.94,193.68,6.72,671.85,5.12,512.01,2.64,263.79,2.73,272.52,13.84,1384.02,20.59,2059.02,10.06,1006.2,15.25,1525.14,11.73,1173.33,8.04,804.24,7.43,743.13,5,499.77,10.85,1084.68,11.45,1144.98,12.7,1270.08,20.38,2037.96,22.94,2293.56,7.55,755.28,8.3,829.62,221.44,0.65,116.72,0.35,3,4,3
PO1000008211,"2020,2021,2019",NT CORP,BANGKIT GIAT USAHA MANDIRI,BANGKITGIAT USAHA MANDIRI,Not RSPO Certified,,3/31/23,-1.47,112.74,"-1.472613, 112.742949",IDN,Indonesia,Kalimantan Tengah,Kotawaringin Timur,1-Fully Verified,,781.29,78128.55,759.76,1082.43,108242.91,9.47,947.25,14.11,1411.47,8.86,886.05,49.56,4956.12,3.99,398.79,29.1,2909.61,32.15,3215.43,24.71,2470.95,18.51,1850.67,35.44,3543.66,27.71,2770.92,66.16,6616.35,13.23,1323,13.39,1339.2,10.97,1096.83,13.87,1387.44,8.18,817.92,9.43,942.66,6.86,686.16,4.65,464.76,1.93,192.78,2.84,284.49,405.13,0.52,376.16,0.48,1,3,3
PO1000008214,"2019,2020,2021",UNKNOWN,ARYA RAMA PERSADA,ARYA RAMA PERSADA,Not RSPO Certified,,3/31/23,3.1,99.59,"3.099345, 99.594727",IDN,Indonesia,Sumatera Utara,Batu Bara,1-Fully Verified,,151.02,15101.91,300.42,579.41,57940.83,0.65,64.89,0.56,56.34,0.34,33.57,0.98,97.74,1.08,107.64,2.8,279.81,1.16,116.28,0.1,9.9,1.78,178.11,3.11,310.86,1.22,121.86,1.63,163.35,0.23,22.59,1.2,119.97,0.42,42.39,1.62,162.45,1.26,126.18,1.7,169.56,3.89,389.07,1.1,109.71,1.63,163.44,2.07,207.45,30.53,0.2,120.49,0.8,3,1,3
PO1000008215,"2021,2020,2019",PANCA EKA,AGRO ABADI,AGRO ABADI,Not RSPO Certified,,3/31/23,0.35,101.48,"0.346002, 101.475229",IDN,Indonesia,Riau,Kampar,1-Fully Verified,,258.7,25869.51,315.53,459.51,45951.39,16.74,1673.55,15.04,1503.9,2.73,272.52,19.38,1937.97,16.72,1671.66,13.99,1399.32,12.73,1272.96,19.09,1909.26,9.96,995.58,14.93,1493.01,4.08,407.7,5.24,524.07,4.35,434.97,5.96,595.62,1.57,157.05,2.13,213.3,2.64,264.42,2.75,274.77,1.01,100.71,1.85,184.86,3.68,367.56,2.67,266.85,179.22,0.69,79.48,0.31,3,4,3
PO1000008216,"2020,2021,2019",UNKNOWN,BUNGO LIMBUR,BUNGO LIMBUR,Not RSPO Certified,,3/31/23,-1.38,101.89,"-1.375067, 101.891894",IDN,Indonesia,Jambi,Bungo,2-High Confidence,,739.06,73905.66,820.56,1279.09,127908.63,3.65,365.04,3.63,362.52,6.9,690.21,14.18,1417.59,11.6,1160.28,31.93,3192.66,17.28,1728,10.59,1059.21,25.15,2515.05,8.96,895.95,12.35,1234.62,11.08,1107.81,5.94,593.64,9.31,931.05,7.76,775.53,8.96,895.77,11.63,1163.25,10.23,1023.21,13.16,1316.43,9.31,931.41,14.89,1488.6,22.21,2220.84,270.69,0.37,468.37,0.63,4,3,4
PO1000008217,"2019,2020,2021",UNKNOWN,BUANA SAWIT INDAH,BUANA SAWIT INDAH,Not RSPO Certified,,3/31/23,3.14,99.51,"3.14258, 99.51103",IDN,Indonesia,Sumatera Utara,Batu Bara,1-Fully Verified,,28.64,2863.89,39.98,84.02,8401.95,1.1,109.53,0.41,40.68,0.02,1.8,0.61,61.47,0.07,7.02,0.31,31.14,0.18,17.55,0.03,3.33,1.9,190.17,1.47,146.88,0.04,3.6,0.29,28.71,3.19,319.23,4.92,491.76,0.07,6.66,0.45,44.73,0.02,2.16,0.55,54.63,0.6,60.39,0.5,49.86,0.15,14.76,0.2,19.71,17.06,0.6,11.58,0.4,2,3,3
PO1000008218,2020,ASTRA AGRO LESTARI,LESTARI TANI TELADAN,LESTARI TANI TELADAN,Not RSPO Certified,,3/31/23,-1.37,119.49,"-1.370466, 119.486578",IDN,Indonesia,Sulawesi Tengah,Donggala,2-High Confidence,,857.98,85798.44,809.48,2265.5,226550.16,2.34,234,4.77,477.27,1.4,139.5,6.01,600.84,3.64,363.6,4.48,448.47,2.53,253.35,6.26,626.31,6.47,647.28,5.34,533.97,5.19,518.76,7.28,728.19,6.49,648.54,10.01,1001.07,11.05,1105.29,5.19,519.39,6.27,627.39,8.66,866.07,8.87,887.22,4.5,449.73,7.19,719.1,5.91,590.94,129.86,0.15,728.12,0.85,2,1,3
PO1000008221,"2020,2019",UNKNOWN,MUARA JAMBI SAWIT LESTARI,MUARA JAMBI SAWIT LESTARI,Not RSPO Certified,,3/31/23,-1.26,103.71,"-1.256074, 103.707046",IDN,Indonesia,Jambi,Tanjung Jabung T,1-Fully Verified,,977.69,97769.43,1026.68,1219.44,121943.88,3.5,349.74,28.29,2829.24,10.03,1003.32,70.43,7042.86,28.9,2889.9,20.9,2090.25,42.45,4245.3,39.93,3993.48,74.32,7432.11,8.7,870.39,0.54,54.45,60.6,6060.42,23.36,2336.31,18.14,1813.68,13.69,1369.17,36.08,3608.46,20.63,2062.53,17.64,1764.09,11.42,1142.19,12.79,1278.72,8.05,805.41,5.48,547.65,555.9,0.57,421.8,0.43,2,3,3
PO1000008224,"2021,2020,2019",UNKNOWN,GUNA SETIA PRATAMA,GUNA SETIA PRATAMA,Not RSPO Certified,,3/31/23,0.43,101.6,"0.428068, 101.596593",IDN,Indonesia,Riau,Pelalawan,1-Fully Verified,,4.15,415.08,4.52,7.05,704.79,0,0,0.03,2.52,0,0,0.15,14.76,0.05,4.86,0.01,0.63,0,0,0.01,0.72,0.02,1.8,0.11,10.8,0,0.36,0.02,1.62,0.11,10.71,0.06,5.85,0.06,5.67,0,0.18,0.24,23.58,0.48,47.97,0.04,4.41,0.25,25.11,0,0,0.45,44.91,2.06,0.5,2.09,0.5,5,3,5
PO1000008225,"2019,2020,2021",MENTARI,RISMAN SCHAM PALM INDONESIA,RISMAN SCHAM PALM INDONESIA,Not RSPO Certified,,3/31/23,-0.96,102.78,"-0.95928, 102.77847",IDN,Indonesia,Riau,Indragiri Hilir,1-Fully Verified,,476.02,47602.26,486.53,804.7,80469.81,23.39,2338.65,16.68,1668.42,9.37,937.17,22.11,2210.94,6.68,668.25,21.16,2116.44,8.01,801.09,51.02,5102.1,34.93,3492.99,8.79,879.48,9.53,952.74,28.64,2864.25,16.91,1691.19,11.7,1170.18,15.59,1559.16,21.68,2168.46,8.87,887.22,6.68,667.53,10.68,1068.03,4.73,473.04,4.3,429.66,2.9,289.8,344.37,0.72,131.65,0.28,2,4,2
PO1000008226,"2020,2021,2019",UNKNOWN,MULTI GUNA LESTARI ABADI,MULTI GUNA LESTARI ABADI,Not RSPO Certified,,3/31/23,-0.96,102.75,"-0.959629, 102.748735",IDN,Indonesia,Riau,Indragiri Hilir,1-Fully Verified,,235.42,23541.93,225.34,402.21,40221.09,2.31,230.94,3.32,332.01,0.68,68.13,5.37,537.48,2.66,265.5,5.64,564.3,2.3,229.86,9.03,902.79,5.2,519.75,1.4,139.86,1.68,167.67,3.14,314.28,0.95,94.68,1.25,125.1,4.59,459.45,8.99,899.1,3.3,330.39,4.6,460.35,3.47,346.95,1.99,199.44,1.74,174.24,2.21,221.4,75.84,0.32,159.58,0.68,2,2,3
PO1000008228,"2019,2021,2020",KALIMANTAN SAWIT KUSUMA (KSK),FAJAR SAUDARA LESTARI,FAJAR SAUDARA LESTARI,Not RSPO Certified,,3/31/23,-0.87,109.63,"-0.868056, 109.628056",IDN,Indonesia,Kalimantan Barat,Kubu Raya,1-Fully Verified,,1288.47,128847.24,1276.92,2194.4,219439.89,1.03,102.87,4.16,416.16,1.5,150.3,4.8,479.7,3.02,302.4,6.84,684,8.15,815.4,16.42,1641.87,18.98,1898.37,18.04,1804.32,29.04,2904.39,30.6,3059.82,12.62,1262.16,25.8,2579.76,41.78,4178.07,40.55,4055.22,5.85,584.73,5.02,501.57,14.33,1432.98,4.24,423.72,3.28,328.41,3.44,344.34,299.51,0.23,988.97,0.77,1,1,3
PO1000008229,"2020,2021",WAWASAN SEDAR SDN BHD,WAWASAN SEDAR SDN BHD,WAWASAN SEDAR,Not RSPO Certified,,3/31/23,3.32,113.61,"3.320729, 113.613241",MYS,Malaysia,Sarawak,Bintulu,1-Fully Verified,,62.48,6248.07,121.4,201.31,20130.75,4.57,456.57,0.18,18.45,0.66,65.88,0.16,15.75,5.19,519.39,3.57,357.03,3.11,311.4,1.67,166.77,0.7,70.02,0.19,19.08,0.67,66.6,0.8,79.83,0.9,90.09,1.43,143.01,1.56,155.7,1.28,128.43,1.02,102.33,10.65,1064.88,6.3,629.64,4.66,465.57,1.71,171.18,2.63,262.53,53.6,0.86,8.88,0.14,5,5,3
PO1000008230,"2021,2020,2019",UNKNOWN,TAYAN BUKIT SAWIT,TAYAN BUKIT SAWIT,Not RSPO Certified,,3/31/23,0.54,110.42,"0.543489, 110.423819",IDN,Indonesia,Kalimantan Barat,Sanggau,1-Fully Verified,,1472.77,147277.08,1610.6,4246.96,424696.32,10.6,1060.38,16.63,1663.11,5.55,555.12,23.89,2389.32,20.8,2080.17,12.27,1226.61,8.72,872.46,35.97,3597.39,69.46,6945.66,22.63,2262.78,40.71,4071.42,23.91,2391.21,29.36,2936.25,42.65,4265.46,28.69,2869.38,59.06,5905.89,36.62,3661.92,24.61,2461.05,29.43,2942.91,14.83,1482.84,40.75,4075.02,22.79,2278.53,619.95,0.42,852.82,0.58,3,3,3
PO1000008231,"2019,2020,2021",UNKNOWN,KHARISMA AGRO SEJAHTERA,KHARISMA AGRO SEJAHTERA,Not RSPO Certified,,3/31/23,-0.75,102.24,"-0.752306, 102.244639",IDN,Indonesia,Riau,Indragiri Hulu,1-Fully Verified,,725.35,72534.51,724.64,1481.62,148162.5,28.56,2855.7,10.88,1088.28,2.85,285.3,11.36,1135.71,15.38,1537.65,18.18,1818.18,15.45,1544.67,17.59,1758.51,33.35,3335.31,9.02,901.89,15.23,1523.34,31.35,3134.97,9.96,995.76,17.97,1796.67,17.86,1786.5,29.43,2942.55,14.48,1447.83,7.18,718.02,7.69,768.6,6.84,684.09,9.04,904.14,18.09,1808.55,347.72,0.48,377.62,0.52,3,3,3
PO1000008233,"2020,2021,2019",UNKNOWN,NIAGA MAS GEMILANG,NIAGA MAS GEMILANG,Not RSPO Certified,,3/31/23,-0.59,116.82,"-0.592333, 116.8225",IDN,Indonesia,Kalimantan Timur,Kutai Kartanegara,1-Fully Verified,,8.67,866.7,10.09,9.71,970.74,0.01,0.63,0.03,2.79,0,0,0.04,4.14,0.05,4.95,0.01,0.72,0.07,7.47,0.06,5.94,0.12,11.7,0,0.18,0.39,39.42,0.29,28.71,0.72,71.55,5.06,506.34,1.48,148.14,0.76,76.5,0.15,14.94,0.1,9.54,0.01,0.72,0.02,2.25,0,0.36,0.02,2.25,8.67,1,0,0,1,5,1
PO1000008234,"2020,2021",SAGO NAULI,TRI BAHTERA SRIKANDI,PATILUBAN MUDIK,Not RSPO Certified,,3/31/23,0.57,99.2,"0.567528, 99.203306",IDN,Indonesia,Sumatera Utara,Mandailing Natal,1-Fully Verified,,81.89,8189.28,97.91,125.33,12533.31,5.35,534.51,7.54,754.02,2.08,207.9,11.13,1112.58,7.53,752.58,5.57,556.92,4.25,425.43,3.66,366.39,2.53,252.72,3.23,322.56,4.37,437.04,1.18,117.81,4.14,413.55,3.38,338.13,1.54,154.17,1.16,115.92,1.69,169.38,1.04,104.04,0.33,33.48,0.5,50.13,1.05,104.58,0.57,56.79,73.81,0.9,8.09,0.1,3,5,2
PO1000008235,"2021,2020",GAYANIS SDN BHD,GAYANIS SDN BHD,GAYANIS,Not RSPO Certified,,3/31/23,3.36,113.67,"3.358081, 113.674744",MYS,Malaysia,Sarawak,Bintulu,1-Fully Verified,,81.48,8148.15,137.83,190.36,19036.17,13.76,1375.65,4.22,422.1,9.6,960.39,5.28,528.39,0.35,35.46,0.48,48.15,2.72,271.53,7.54,753.57,8.07,807.39,2.31,230.85,2.98,297.81,2.07,207.09,0.86,86.22,2.37,237.15,0.16,15.57,0.26,26.1,1.84,184.14,0.67,67.32,2.59,259.02,3.61,360.81,1.11,110.88,1.08,108,73.94,0.91,7.55,0.09,3,5,2
PO1000008239,2020,UNKNOWN,LEOMAS ANUGERAH BERSAUDARA,LEOMAS ANUGERAH BERSAUDARA,Not RSPO Certified,,3/31/23,3.41,98.73,"3.412431, 98.734644",IDN,Indonesia,Sumatera Utara,Deli Serdang,1-Fully Verified,,169.13,16913.43,199.54,780.38,78038.46,2.3,229.68,0.7,70.47,1.14,114.48,0.47,47.07,0.43,42.75,2.47,246.87,1.14,113.58,1.41,140.58,2.82,282.06,1.44,143.91,0.84,83.79,2.5,249.75,0.7,70.11,3.36,335.7,1.93,193.14,1.73,173.43,1.42,141.75,2.75,275.04,2.39,238.86,1.44,143.91,2.7,269.55,1.47,146.88,37.53,0.22,131.6,0.78,3,1,3
PO1000008241,"2020,2021,2019",HASS ENTERPRISE SDN BHD,SEATEX DEVELOPMENT SDN BHD,HASS POM,Not RSPO Certified,,3/31/23,3.54,113.9,"3.538862, 113.899777",MYS,Malaysia,Sarawak,Miri,1-Fully Verified,,169.36,16935.84,183.09,366.95,36695.07,1.77,176.76,3.25,324.99,0.03,2.88,0.39,38.97,1.37,136.62,1.54,154.17,0.68,67.5,5.17,517.41,0.83,82.62,0.29,28.62,0.71,71.28,2.17,216.63,2.92,292.05,2.4,240.12,1.22,121.59,1.73,172.89,1.98,197.64,2.78,278.28,2.34,234.36,0.31,31.41,0.09,8.55,0.96,95.67,34.91,0.21,134.45,0.79,1,1,3
PO1000008243,"2021,2020",BLD PLANTATION BERHAD,BINTULU LUMBER DEVELOPMENT SDN BHD,SAWAI,Not RSPO Certified,,3/31/23,3.58,113.84,"3.5763, 113.8386",MYS,Malaysia,Sarawak,Miri,1-Fully Verified,,124.98,12498.21,134.4,265.11,26510.94,8.38,838.44,5.07,506.7,4.44,444.15,6.21,620.73,13.66,1365.57,2.17,216.72,3.45,344.97,3.13,312.93,0.93,93.06,0.16,15.66,0.78,78.39,1.11,110.97,0.44,43.83,0.85,85.23,0.53,53.37,2.93,292.59,7.25,725.4,4.78,477.72,0.09,8.64,10.11,1011.06,6.39,638.91,4.75,475.38,87.6,0.7,37.38,0.3,5,4,3
PO1000008246,2020,UNKNOWN,YAPUTRA ALFA PALMINDO,YAPUTRA ALFA PALMINDO,Not RSPO Certified,,3/31/23,3.72,98.2,"3.72105, 98.198962",IDN,Indonesia,Sumatera Utara,Langkat,1-Fully Verified,,41.12,4111.74,47.97,112.56,11256.12,0.12,12.33,0.04,3.96,0.01,1.26,1.22,122.13,0.13,13.41,0.15,14.58,0.17,17.37,0.2,19.98,0.06,6.12,0.05,5.4,0.77,76.77,1.29,129.15,0.27,27.09,1.29,129.15,0.3,29.52,0.28,28.44,1.55,155.25,0.6,59.76,2.04,204.48,0.59,59.49,0.78,78.03,2.16,215.73,14.09,0.34,27.02,0.66,5,2,4
PO1000008251,"2020,2019",FGV HOLDINGS BERHAD,FGV PALM INDUSTRIES SDN BHD,JENGKA 8,Not RSPO Certified,,3/31/23,3.82,102.51,"3.823056, 102.506944",MYS,Malaysia,Pahang,Maran,1-Fully Verified,,170.82,17082.27,231.86,503.54,50354.28,26.82,2682.09,9.79,978.57,2.13,213.39,1.78,177.84,4.27,426.6,1.11,110.61,0.35,34.74,0.92,91.53,2,200.43,1.45,144.99,1.01,101.16,1.42,142.02,3,300.15,4.02,402.3,4.31,431.1,5.72,571.59,7.79,778.95,4.83,482.76,2.57,256.68,3.09,308.52,1.1,110.25,1.19,118.62,90.65,0.53,80.17,0.47,2,3,3
PO1000008258,"2019,2020",UNKNOWN,UJONG NEUBOK DALAM,UJONG NEUBOK DALAM,Not RSPO Certified,,3/31/23,4.06,96.49,"4.06248, 96.48714",IDN,Indonesia,Aceh,Nagan Raya,1-Fully Verified,,20.65,2065.41,20.06,23.69,2368.8,0.06,5.58,0.03,3.06,0.02,1.89,0.18,18,0.04,3.87,0.12,11.97,0.14,13.68,1.72,171.54,6.68,668.25,1.21,121.5,3.87,386.82,1.75,174.78,1.09,108.54,1.29,128.61,0.89,89.37,0.48,48.15,0.06,6.3,0.3,30.42,0.46,45.72,0.11,10.62,0.08,8.19,0.08,7.65,20.65,1,0.01,0,2,5,1
PO1000008264,"2020,2019",AGRINDO,KEMILAU INDAH NUSANTARA,SUNGAI BENGALON,Not RSPO Certified,,3/31/23,0.72,117.66,"0.72294, 117.65753",IDN,Indonesia,Kalimantan Timur,Kutai Timur,1-Fully Verified,,615.51,61550.73,684.05,1408.4,140840.19,2.51,251.46,2.29,228.51,0.88,88.47,4,400.41,7.6,759.69,5,500.31,13.34,1334.16,7.54,753.66,13.04,1304.1,4.98,497.52,12.07,1206.99,25.03,2503.26,13.25,1324.71,24.81,2480.85,34.7,3469.77,44.98,4498.2,6.8,679.95,9.73,973.08,8.02,801.9,8.16,815.67,8.37,836.55,7.51,751.23,264.6,0.43,350.9,0.57,3,3,3
PO1000008265,"2019,2021,2020",TRIPUTRA AGRO PERSADA,HAMPARAN PERKASA MANDIRI,HAMPARAN PERKASA MANDIRI,Not RSPO Certified,,3/31/23,0.78,116.61,"0.777787, 116.607842",IDN,Indonesia,Kalimantan Timur,Kutai Timur,2-High Confidence,,1464.46,146446.47,1465.07,3265.05,326504.88,2.01,201.15,5.7,569.97,2.14,214.38,4.89,489.06,3.53,352.62,9.07,906.93,6.83,682.65,25.1,2509.74,16.04,1603.8,3.51,350.64,9.48,947.97,17.59,1759.23,5.98,598.5,9.47,946.53,15.69,1569.24,38.76,3875.76,32.47,3247.29,16.91,1690.83,5.15,515.07,10.78,1077.93,16.52,1651.5,2.94,294.39,260.55,0.18,1203.91,0.82,2,1,3
PO1000008266,"2020,2021",UNKNOWN,TEGUH KARSA WANALESTARI,KANDIS,Not RSPO Certified,,3/31/23,0.9,101.38,"0.90045, 101.37966",IDN,Indonesia,Riau,Siak,1-Fully Verified,,1.95,195.48,3.04,3.17,316.62,0,0.27,0.02,2.34,0.01,0.54,0.33,32.67,0.19,19.35,0,0.27,0.16,16.38,0.02,2.43,0.07,7.02,0.05,4.77,0,0,0,0.27,0,0,0.01,0.72,0.04,4.41,0.01,0.99,0.02,1.53,0.25,25.02,0.42,42.48,0.05,4.59,0.12,12.15,0.19,18.54,1.95,1,0,0,5,5,3
PO1000008268,"2020,2021,2019",UNKNOWN,KAMPARINDO AGRO INDUSTRI,KAMPARINDO AGRO INDUSTRI,Not RSPO Certified,,3/31/23,0.86,101.29,"0.864, 101.286",IDN,Indonesia,Riau,Siak,1-Fully Verified,,65.58,6558.39,79.66,130.96,13096.44,0.14,13.86,0.33,33.48,1.22,122.04,1.87,187.38,0.83,82.62,0.92,91.89,0.14,13.86,0.11,11.16,0.29,28.8,0.1,10.44,0.05,4.77,8.54,853.65,9.34,934.11,10.36,1035.72,11.91,1190.97,1.7,169.65,1.4,140.13,1.39,138.51,1.23,122.67,1.93,192.6,0.37,36.72,0.18,18.09,54.33,0.83,11.25,0.17,2,5,2
PO1000008269,"2019,2021,2020",SWASTISIDDHI AMAGRA,SWASTISIDDHI AMAGRA,LIBO JAYA,Not RSPO Certified,,3/31/23,0.95,101.1,"0.947361, 101.096778",IDN,Indonesia,Riau,Siak,1-Fully Verified,,73.55,7354.71,102.12,146.58,14657.76,1.44,144.45,2.3,229.59,0.77,76.77,5.05,504.63,5.18,517.77,3.93,393.03,1.25,125.19,0.43,43.29,2.69,269.1,0.71,70.65,0.41,40.86,2.25,225.09,0.06,6.48,0.47,46.62,0.19,18.54,0.43,43.02,1.13,112.68,0.2,19.53,0.55,55.44,0.25,24.93,0.41,41.4,0.15,14.58,30.24,0.41,43.31,0.59,2,3,3
PO1000008270,2020,SALIM GROUP,WIRA INOVA NUSANTARA,WIRA INOVA NUSANTARA,Not RSPO Certified,,3/31/23,0.97,118.19,"0.965731, 118.194586",IDN,Indonesia,Kalimantan Timur,Kutai Timur,1-Fully Verified,,521.78,52177.59,494.52,826.89,82688.58,1.9,189.72,1.54,153.99,0.99,98.82,2.03,202.95,2.86,285.93,2.3,229.77,4.48,448.2,5.23,522.63,18.69,1868.76,9.7,969.75,15.06,1505.97,93.22,9322.47,37.82,3782.07,43.04,4303.8,15.79,1578.69,17.74,1773.72,4.42,441.99,6.11,610.92,6.42,642.42,1.49,148.77,1.74,173.97,2.77,277.02,295.32,0.57,226.45,0.43,2,3,3
PO1000008271,"2020,2021,2019",FAIRCO,FAIRCO AGRO MANDIRI,KAUBUN,Not RSPO Certified,,3/31/23,0.97,117.79,"0.966702, 117.7919",IDN,Indonesia,Kalimantan Timur,Kutai Timur,1-Fully Verified,,601.91,60191.19,678.96,999.08,99908.1,5.26,526.14,5.4,539.55,2.87,287.19,11.78,1178.01,5.74,573.66,7.27,727.02,15.13,1512.54,5.6,560.43,25.24,2524.23,22.05,2205.27,20.54,2054.43,28.16,2816.28,11.85,1185.48,24.91,2491.02,16.64,1664.46,31.99,3199.5,16.95,1694.79,19.08,1907.82,11.65,1165.14,9.92,991.71,7.38,738.45,3.88,388.08,309.31,0.51,292.6,0.49,3,3,3
PO1000008272,"2019,2020",DARMEX AGRO,ELUAN MAHKOTA,KOTA TENGAH,Not RSPO Certified,,3/31/23,0.97,100.54,"0.974123, 100.536572",IDN,Indonesia,Riau,Rokan Hulu,1-Fully Verified,,148.99,14899.32,231.67,430.44,43044.21,1.59,159.48,1.42,141.84,1.57,157.32,5.15,515.34,12.94,1293.93,17.23,1723.32,6.08,607.77,5.12,512.37,7.51,751.41,2.15,215.19,4.05,404.82,5.06,505.53,4.77,477,2.88,288,4.77,477.18,3.88,388.17,5.53,552.69,5.62,561.87,1.98,197.91,1.65,164.7,4.34,433.53,1.41,140.76,106.7,0.72,42.29,0.28,3,4,3
PO1000008273,"2020,2021,2019",AEK NATIO,DIAN ANGGARA PERSADA,MUTIARA SAM-SAM KANDIS,Not RSPO Certified,,3/31/23,0.98,101.05,"0.979111, 101.045278",IDN,Indonesia,Riau,Siak,1-Fully Verified,,277.35,27735.12,298.55,338.43,33843.33,3.92,392.49,2.28,228.42,2.42,242.1,39.37,3936.6,36.9,3689.55,24.22,2421.99,26.25,2624.67,23.24,2323.53,37.58,3757.86,17.42,1742.31,3.74,373.5,13.25,1325.34,4,400.5,7.35,735.21,0.31,30.87,0.27,26.55,0.4,40.14,0.39,38.97,0.47,46.98,0.61,60.66,0.54,53.82,1.49,148.77,246.41,0.89,30.94,0.11,1,5,1
PO1000008274,"2021,2020",ASTRA AGRO LESTARI,KARYANUSA EKADAYA,KARYANUSA EKA DAYA 1,Not RSPO Certified,,3/31/23,0.99,116.75,"0.991853, 116.753692",IDN,Indonesia,Kalimantan Timur,Kutai Timur,1-Fully Verified,,131.05,13105.44,144.45,156.09,15608.7,0.41,41.04,0.64,64.17,0.22,22.14,2.25,224.73,5.56,556.29,36.96,3695.85,23.76,2375.82,16.46,1645.56,8.67,866.7,0.46,46.26,1.51,151.29,0.78,77.85,0.37,37.44,1.27,126.81,0.72,72,3.65,365.31,0.94,93.78,0.3,30.42,0.55,55.44,0.74,74.34,0.3,29.61,0.35,34.83,106.88,0.82,24.18,0.18,1,5,1
PO1000008277,2021,UNKNOWN,SONTANG SAWIT PERMAI,SONTANG SAWIT PERMAI,Not RSPO Certified,,3/31/23,1.13,100.85,"1.125556, 100.849444",IDN,Indonesia,Riau,Rokan Hulu,1-Fully Verified,GRAHA PERMATA HIJAU,8.75,874.53,8.37,8.68,867.51,0.04,4.41,0,0.09,0,0,0.01,1.17,0.07,6.84,0.82,81.9,0,0,4.16,416.07,2.05,205.47,0,0,0.13,12.78,1.53,153.36,0.19,18.72,0.03,2.52,0.01,1.17,0.02,1.62,0,0,0.01,0.99,0.04,3.69,0,0.09,0,0,0,0,8.75,1,0,0,1,5,1
PO1000008278,"2020,2021,2019",UNKNOWN,SEMUNAI SAWIT PERKASA,SEMUNAI SAWIT PERKASA,Not RSPO Certified,,3/31/23,1.16,101.28,"1.163592, 101.27829",IDN,Indonesia,Riau,Bengkalis,1-Fully Verified,,107.14,10713.51,162.44,425.08,42507.99,2.03,202.95,5.26,525.96,0.97,96.93,3.44,343.98,4.64,464.31,9.82,981.9,5.43,543.33,2.6,260.46,2.73,272.79,3.03,302.67,1.84,184.14,3.03,303.3,5.41,541.17,8.48,848.43,4.54,453.87,5.25,525.42,1.3,130.23,0.86,86.31,1.97,197.28,0.98,97.56,0.53,52.74,1,99.63,75.15,0.7,31.98,0.3,2,4,2
PO1000008279,"2019,2020,2021",UNKNOWN,ARYA RAMA PRAKASA,ARYA RAMA PRAKASA,Not RSPO Certified,,3/31/23,1.22,100.38,"1.222161, 100.384187",IDN,Indonesia,Riau,Rokan Hulu,1-Fully Verified,,63.98,6398.19,142.98,267.18,26718.21,1.66,165.51,3.19,318.87,0.23,23.22,3.27,327.42,3.99,399.42,1.02,101.61,0.5,50.04,0.38,37.62,0.64,63.81,0.42,41.76,0.18,17.64,0.34,33.84,0.1,10.08,0.28,27.81,0.26,26.37,0.77,77.22,1.3,130.5,1.78,177.66,0.55,55.44,0.76,75.51,0.82,81.9,0.71,71.28,23.15,0.36,40.84,0.64,3,3,3
PO1000008282,"2020,2021,2019",UNKNOWN,PERMATA CITRA RANGAU,PERMATA CITRA RANGAU,Not RSPO Certified,,3/31/23,1.25,101.25,"1.250402, 101.250447",IDN,Indonesia,Riau,Bengkalis,1-Fully Verified,,18.5,1850.4,82.7,131.98,13197.96,0.12,12.42,0.1,9.9,0.01,0.72,0.04,3.6,0.12,12.24,0.35,34.92,0.13,12.69,0.04,3.96,0.21,20.7,0.18,18.36,0.04,3.96,0.39,39.15,0.59,58.95,1.11,110.97,0.47,47.07,0.47,46.98,0.68,67.5,0.95,94.86,0.31,31.05,0.22,22.5,0.28,28.08,0.32,32.49,7.13,0.39,11.37,0.61,3,3,3
PO1000008286,2020,UNKNOWN,SALAMANCA OLEAGINOSAS S.A.,SALAMANCA OLEAGINOSAS S.A.,Not RSPO Certified,,3/31/23,1.47,-78.74,"1.466186, -78.740195",COL,Colombia,Nariño,Tumaco,1-Fully Verified,,105.28,10528.02,112.86,336.38,33637.68,2.24,223.74,1.09,109.08,0.14,13.59,3.02,302.4,0.22,21.96,2.84,283.77,0.52,51.93,2.96,296.01,1.95,195.03,1.63,162.81,0.64,64.08,1.63,162.54,0.23,22.86,0.28,27.63,0.32,32.13,0.8,79.83,0.52,51.84,0.02,2.34,0.04,4.41,0.06,6.21,0.12,12.15,0.55,54.72,21.81,0.21,83.47,0.79,1,1,3
PO1000008287,"2020,2019,2021",UNKNOWN,KARYA ABADI SAMA SEJATI,KARYA ABADI SAMA SEJATI,Not RSPO Certified,,3/31/23,1.48,100.6,"1.475833, 100.598806",IDN,Indonesia,Riau,Rokan Hilir,1-Fully Verified,,184.63,18463.41,241.48,443.73,44373.06,2.64,264.42,6.53,652.68,3.38,337.95,2.87,286.83,5.17,516.87,3.22,321.66,2.01,200.52,4.22,422.19,7.81,781.47,12.39,1239.3,3.79,379.17,16.23,1622.88,11.54,1154.16,4.3,430.29,5.72,571.68,10.33,1032.75,7.69,768.96,7.11,710.64,2.47,246.6,2.71,270.9,2.57,257.04,3.11,311.31,127.8,0.69,56.83,0.31,3,4,3
PO1000008290,"2020,2021,2019",UNKNOWN,BINTANG NAULI PRATAMA,BINTANG NAULI PRATAMA,Not RSPO Certified,,3/31/23,1.53,98.97,"1.527861, 98.974806",IDN,Indonesia,Sumatera Utara,Tapanuli Tengah,1-Fully Verified,,1405.75,140574.78,1459.88,6004.27,600427.17,3.94,394.2,4.53,453.33,4.97,497.16,5.37,537.03,6.7,669.78,7.88,787.68,8.55,854.82,11.51,1151.46,17.03,1702.89,9.53,953.1,11.62,1162.08,11.99,1198.98,10.34,1034.28,16.41,1640.97,6.04,603.63,8.71,871.11,10.87,1087.2,7.53,753.03,5.65,565.38,9.04,903.87,10.12,1012.41,10.33,1032.84,198.67,0.14,1207.08,0.86,2,1,3
PO1000008291,"2020,2019",UNKNOWN,SUMBER SAWIT NUSANTARA,SUMBER SAWIT NUSANTARA,Not RSPO Certified,,3/31/23,1.55,99.96,"1.5501, 99.9559",IDN,Indonesia,Sumatera Utara,Padang Lawas Utara,1-Fully Verified,,128.44,12843.72,240.81,445.55,44555.49,1.73,172.53,1.36,135.54,0.21,20.52,2.29,228.51,1.31,130.68,3.78,378.36,0.69,68.76,1.27,127.08,4.9,490.23,1.86,186.3,5.61,561.24,1.07,107.46,1.52,151.92,3.24,323.91,3.76,375.93,1.36,135.99,5.06,506.43,6.44,643.77,9.21,920.7,7.25,725.13,7.62,761.67,2.5,249.84,74.03,0.58,54.41,0.42,5,3,4
PO1000008292,"2020,2021,2019",FANGIONO AGRO PLANTATION,BHUMI SIEMANGGARIS INDAH,BHUMI SIMANGGARIS INDAH,Not RSPO Certified,,3/31/23,4.24,117.36,"4.238583, 117.3628",IDN,Indonesia,Kalimantan Timur,Nunukan,1-Fully Verified,,247.44,24743.79,232.94,464.98,46497.96,0.42,42.12,0.87,86.94,5.9,589.95,4.84,484.2,11.88,1187.64,16.55,1655.37,7.51,750.96,22.21,2220.66,100.2,10019.79,9.56,955.53,2.76,275.58,3.55,355.05,0.48,47.97,0.7,69.84,0.75,74.52,1.45,144.54,0.99,98.55,0.93,93.15,0.46,45.99,0.28,28.08,0.46,46.08,1.1,110.16,193.83,0.78,53.61,0.22,1,4,2
PO1000008299,"2020,2019,2021",WTK HOLDINGS BHD,BIOGROW CITY PLANTATIONS SDN BHD,BIOGROW CITY PLANTATIONS,Not RSPO Certified,,3/31/23,4.59,114.94,"4.585113, 114.936493",MYS,Malaysia,Sarawak,Limbang,1-Fully Verified,,5402.45,540245.16,5534.34,10481.2,1048119.75,30.6,3060.45,22.11,2210.85,12.31,1230.84,18.58,1857.87,22,2200.14,20.78,2077.83,33.27,3326.85,28.48,2848.23,43.12,4312.35,25.18,2518.29,52.56,5255.55,44.89,4488.75,22.86,2285.73,58.87,5886.72,61.75,6175.17,68.85,6885.27,51.66,5166.27,44.04,4403.52,40.99,4099.32,35.26,3525.93,32.28,3227.94,27.09,2709.18,797.53,0.15,4604.92,0.85,2,1,3
PO1000008301,2020,UNKNOWN,INDUSTRIAL ACEITERA DE CASANARE S.A. SUCURSAL COLOMBIA S.A.,INDUSTRIAL ACEITERA DE CASANARE S.A.,Not RSPO Certified,,3/31/23,5.09,-71.96,"5.087917, -71.959972",COL,Colombia,Casanare,Orocué,2-High Confidence,,390.04,39004.47,2691.1,6095.11,609510.51,2.81,280.98,2.66,265.5,3.29,329.22,6.41,640.71,3.62,361.62,4.7,469.8,4.18,418.32,4.44,443.88,6.01,601.47,2.39,238.68,4.17,416.52,3.56,356.13,7.75,774.54,8.76,876.42,8.61,860.67,6.42,641.79,11.26,1126.08,4.37,437.13,4.05,404.64,6.01,601.11,6.7,669.6,5.72,572.22,117.87,0.3,272.17,0.7,3,2,3
PO1000008304,"2020,2021",KWANTAS CORPORATION BERHAD,KWANTAS OIL SDN BHD,MEWAH,Not RSPO Certified,,3/31/23,5.25,117.91,"5.254581, 117.909014",MYS,Malaysia,Sabah,Kinabatangan,1-Fully Verified,,122.95,12295.08,138.26,299.82,29982.15,0.42,41.58,0.87,87.48,0.72,71.91,3.34,333.63,0.9,89.64,8.05,805.23,3.29,328.77,1.31,130.59,0.4,39.51,1.21,121.41,0.34,33.93,1.65,165.06,1.27,127.26,4.97,497.43,1.11,111.15,1.57,157.05,5.54,553.95,5.32,531.99,9.04,904.41,5.12,512.01,4.49,448.74,5.87,587.34,66.8,0.54,56.15,0.46,5,3,4
PO1000008305,"2021,2020,2019",TANER INDUSTRIAL TECHNOLOGY (M) SDN BHD,TANER R&D PALM OIL MILL SDN BHD,TANER R&D,Not RSPO Certified,,3/31/23,5.25,116.01,"5.254648, 116.00853",MYS,Malaysia,Sabah,Tenom,2-High Confidence,,2722.02,272202.3,2820.88,5536.02,553601.61,19.57,1956.6,14.9,1490.22,8.34,834.39,13.15,1314.63,17.3,1730.16,11.58,1158.03,17.55,1754.55,20.34,2033.73,24.95,2494.8,15.64,1563.75,16.03,1603.08,31.94,3194.1,17.37,1737.45,52.52,5252.49,50.54,5053.59,42.97,4296.51,31.59,3158.91,34.38,3438,39.2,3919.5,23.31,2330.55,23.16,2316.33,16.89,1689.12,543.2,0.2,2178.82,0.8,2,1,3
PO1000008310,2020,FGV HOLDINGS BERHAD,FGV PALM INDUSTRIES SDN BHD,KKS SUNGAI TONG,Not RSPO Certified,,3/31/23,5.34,102.86,"5.338811, 102.859792",MYS,Malaysia,Trengganu,Setiu,1-Fully Verified,,420.54,42053.58,419.36,760.66,76066.47,7.06,706.14,3.51,351,1.19,119.25,9.28,928.26,7.56,756.45,4.5,450,5.47,546.84,5.26,526.41,2.1,210.06,3.42,341.64,1.23,122.85,2.94,294.03,2.84,283.68,3.56,356.4,2.9,290.34,4.78,477.9,9.52,952.38,12.79,1278.81,10.74,1074.33,7.28,728.19,7.09,709.02,6.18,617.76,121.22,0.29,299.32,0.71,3,2,3
PO1000008312,"2020,2021,2019",KUMPULAN PERLADANGAN PKINK BHD,LADANG TAPIS SDN BHD (LTSB),KILANG SAWIT TAPIS,Not RSPO Certified,,3/31/23,5.51,101.94,"5.5075, 101.935778",MYS,Malaysia,Kelantan,Jeli,2-High Confidence,,3024.44,302444.28,2902.58,5158.6,515859.66,4.63,462.51,4.22,421.83,7.23,722.88,8.86,885.6,12.55,1255.14,19.88,1987.74,74.07,7407,16.7,1670.4,64.04,6403.5,46.19,4619.16,25.18,2518.2,38.77,3876.66,22.75,2275.29,36.48,3647.97,27.13,2713.14,31.11,3111.3,21.5,2149.92,29.66,2966.13,24.64,2464.38,18.74,1874.34,21.26,2125.89,20.51,2051.46,576.1,0.19,2448.34,0.81,2,1,3
PO1000008314,"2019,2020,2021",TOUPOS PALM OIL MILL SDN BHD,TOUPOS PALM OIL MILL SDN BHD,TOUPOS,Not RSPO Certified,,3/31/23,5.66,116.88,"5.660384, 116.879974",MYS,Malaysia,Sabah,Ranau,1-Fully Verified,,2997.12,299711.88,3020.92,5237.73,523773.09,13.31,1331.46,11.71,1171.44,6.4,639.54,20.02,2001.69,13.56,1356.48,18.3,1829.61,20.28,2027.52,18.25,1825.02,27.7,2770.47,31.36,3135.96,17.49,1749.33,31,3099.6,32.44,3243.51,71.05,7104.6,56.26,5626.17,53.45,5344.92,33.87,3387.06,39.62,3961.62,23.48,2348.1,24.07,2407.41,18.51,1851.21,19.08,1908.27,601.21,0.2,2395.91,0.8,2,1,3
PO1000008315,"2020,2021,2019",MONSOK PALM OIL MILL SDN BHD,MONSOK PALM OIL MILL SDN BHD,MONSOK,Not RSPO Certified,,3/31/23,5.67,117.41,"5.672079, 117.411009",MYS,Malaysia,Sabah,Beluran,1-Fully Verified,,159.38,15937.92,214.92,355.68,35568.18,8.94,893.88,7.8,780.39,3.71,371.43,2.05,204.75,1.23,122.85,0.14,14.49,0.01,1.44,0.65,64.62,2.51,250.92,5.96,596.07,4.75,475.38,2.32,231.66,7.65,765.36,2.19,219.33,5.08,507.87,3.68,368.28,7.16,716.22,4.12,411.66,15.86,1586.43,12.35,1235.16,9.94,993.69,7.11,710.64,115.23,0.72,44.15,0.28,5,4,4
PO1000008324,"2020,2021,2019",UNKNOWN,THAINDO PALM OIL FACTORY CO LTD,THAINDO PALM OIL FACTORY CO LTD,Not RSPO Certified,,3/31/23,8.11,99.29,"8.110844, 99.293394",THA,Thailand,Krabi,Lam Thap,1-Fully Verified,,561.39,56138.76,847.96,1742.11,174210.75,6.68,668.25,12.6,1260.45,12.66,1266.3,10.25,1024.65,9.84,984.33,19.44,1944.45,9.22,922.32,10.87,1087.47,18.4,1839.6,23.27,2326.59,13.85,1384.56,11.34,1134,14.69,1468.89,28.96,2895.57,28.06,2806.11,33.44,3344.04,53.9,5389.83,26.6,2660.4,21.91,2191.23,28.57,2857.14,26.03,2602.62,32.67,3267.09,453.26,0.81,108.13,0.19,5,5,3
PO1000008325,2021,UNKNOWN,"KASAT LUMNAUM CO,. LTD","KASAT LUMNAUM CO,. LTD.",Not RSPO Certified,,3/31/23,8.32,99.97,"8.317529, 99.970215",THA,Thailand,Nakhon Si Thammarat,Phra Phrom,1-Fully Verified,AGRICULTURE OF BASIN,0.29,29.34,4.64,8.73,872.82,0,0.09,0,0.09,0,0.09,0,0,0,0,0.01,1.35,0,0.36,0.01,1.26,0,0,0,0.18,0,0,0,0.27,0,0,0.01,0.63,0.01,0.54,0,0,0,0,0,0,0,0,0,0,0,0,0,0,0.05,0.17,0.24,0.83,1,1,3
PO1000008329,"2021,2020,2019",UNKNOWN,"P.PANIT RUNGRUENG PALM OIL   CO.,LTD","P.PANIT RUNGRUENG PALM OIL   CO.,LTD.",Not RSPO Certified,,3/31/23,8.43,99.07,"8.434946, 99.06922",THA,Thailand,Surat Thani,Chaiburi,1-Fully Verified,,212.62,21261.6,264.58,331.3,33129.54,2.45,244.62,3.3,330.21,3.66,365.85,5.46,546.21,2.96,295.92,5.24,523.62,2.71,271.08,3.1,310.5,5.22,521.55,6.58,658.17,2.81,280.62,3.11,310.59,4.53,453.15,8.67,867.24,7.09,708.84,9.16,916.38,11.85,1185.21,7.61,761.49,6.96,696.33,5.78,577.71,5.85,585.09,5.34,534.33,119.45,0.56,93.17,0.44,4,3,3
PO1000008331,2019,SMOTHONG GROUP,SMOTHONG PALMOIL CO.,SMOTHONG PALMOIL CO.,RSPO Certified,"RSPO Certified, IP, MB",3/31/23,8.68,98.8,"8.676432, 98.801449",THA,Thailand,Surat Thani,Phanom,1-Fully Verified,,1681.72,168172.29,1964.16,3367.91,336791.07,10.18,1017.63,15.26,1525.77,8.58,858.24,17.32,1732.05,26.85,2684.61,13.57,1357.2,15.62,1562.31,11.32,1131.75,19.23,1922.58,20.12,2012.13,10.33,1032.93,11.78,1178.37,13.7,1370.34,33.31,3331.17,24.34,2433.69,34.59,3458.52,43.57,4356.72,29.15,2914.74,25.78,2578.5,22.87,2286.81,26.36,2636.01,20.74,2074.14,454.56,0.27,1227.16,0.73,3,2,3
PO1000008332,2021,SMOTHONG GROUP,SMOTHONG PALMOIL CO.,"SMOTHONG PALM CO.,LTD.",RSPO Certified,"RSPO Certified, IP, MB",3/31/23,9.51,99.13,"9.509484, 99.131318",THA,Thailand,Surat Thani,Tha Chana,1-Fully Verified,,285.02,28502.1,475.3,1253.93,125392.77,4.54,453.69,2.6,259.92,5.28,528.3,6.21,620.82,7.81,781.47,6.36,635.58,4.27,426.51,4.32,431.73,4.82,482.04,7.24,723.78,4.06,406.17,3.82,382.23,5.21,520.56,6.75,674.64,7.22,722.07,11.47,1147.23,13.94,1394.19,7.31,731.43,8.14,813.96,6.77,676.98,11.54,1153.98,7.7,769.95,147.37,0.52,137.65,0.48,4,3,4
PO1000008336,2020,UNKNOWN,ASOCIACIÓN AGROINDUSTRIAL DE PALMICUTORES DE SABA S.A DE C.V,ASOCIACION AGROINDUSTRIAL DE PALMICUTORES DE SABA (ASAPALSA),Not RSPO Certified,,3/31/23,15.54,-86.18,"15.54414, -86.180658",HND,Honduras,Colón,Sabá,1-Fully Verified,,2965.05,296504.91,4072.09,6242.46,624246.03,27.05,2704.95,19.63,1962.99,18.79,1878.84,15.28,1528.38,33.38,3338.28,22.06,2205.9,17.86,1786.41,27.19,2719.44,22.27,2227.14,20.27,2026.98,7.18,717.66,20.57,2057.31,21.99,2199.15,42.25,4225.14,56.16,5616,94.24,9424.17,87.77,8776.89,52.45,5245.02,55.58,5558.22,66.79,6679.26,60.77,6077.34,37.34,3734.1,826.9,0.28,2138.15,0.72,3,2,3
PO1000008338,2020,UNISOURCE HOLDING INC.,INDUSTRIA CHIQUIBUL S.A.,INDUSTRIA CHIQUIBUL S.A.,Not RSPO Certified,,3/31/23,16.02,-90.39,"16.015425, -90.393681",GTM,Guatemala,Alta Verapaz,Chisec,1-Fully Verified,,1737.43,173743.2,2008.2,3471.95,347195.34,8.98,897.93,7.38,738.36,9.15,915.3,14.07,1407.42,9.38,937.62,15.99,1599.21,33.31,3330.99,17.26,1725.57,20.67,2067.39,13.99,1399.05,6.7,670.23,48.61,4861.26,36.53,3653.28,32.18,3217.77,29.17,2916.54,77.98,7798.05,44.77,4477.14,39.06,3905.64,31.94,3193.83,28.68,2868.3,17.21,1720.89,24.82,2482.29,567.84,0.33,1169.59,0.67,3,2,3
PO1000008341,2020,UNKNOWN,ACEITES SUSTENTABLES DE PALMA,ACEITES SUSTENTABLES DE PALMA,Not RSPO Certified,,3/31/23,16.36,-90.47,"16.360506, -90.467794",MEX,Mexico,Chiapas,Ocosingo,2-High Confidence,,831.17,83116.62,1078.5,2045.97,204597,10,1000.35,7.2,720.36,17.89,1788.93,13.72,1372.05,15.09,1509.48,15.79,1578.96,41.26,4126.05,21.05,2104.92,37.2,3719.61,46.98,4697.91,18.06,1806.39,35.5,3549.69,17.57,1757.43,24.67,2466.72,21.32,2131.65,28.62,2862.27,24.1,2409.84,23.96,2395.53,46.81,4680.99,13.41,1341.45,16.07,1606.59,13.2,1319.58,509.47,0.61,321.7,0.39,3,3,3
PO1000008343,"2020,2019",GOZCO PLANTATIONS,SURYABUMI AGROLANGGENG,SURYA BUMI AGROLANGGENG,Not RSPO Certified,,3/31/23,-3.36,103.88,"-3.3609, 103.8837",IDN,Indonesia,Sumatera Selatan,Muara Enim,1-Fully Verified,,1427.68,142767.54,1597.53,2886.2,288620.1,54.03,5403.33,30.98,3098.43,13.58,1358.46,53.5,5350.32,36.72,3672.36,58.19,5818.68,44.05,4404.87,83.37,8336.88,75.83,7583.31,42.94,4293.9,39.15,3914.64,107.07,10706.85,40.79,4079.07,49.87,4987.26,31.69,3169.08,54.56,5455.89,36.57,3656.88,28.27,2827.08,18.32,1832.22,28.35,2834.64,20.2,2020.14,28.36,2835.63,976.4,0.68,451.28,0.32,3,4,3
PO1000008345,"2020,2021,2019",UNKNOWN,KEDATON MULIA PRIMAS,KEDATON MULIA PRIMAS,Not RSPO Certified,,3/31/23,-1.91,103.01,"-1.907167, 103.0136",IDN,Indonesia,Jambi,Batang Hari,1-Fully Verified,,446.71,44670.87,496.45,1103.95,110395.17,2.51,251.46,4.22,422.1,0.71,70.92,3.87,387.27,3.95,395.28,7.97,796.59,13.97,1396.89,14.32,1432.35,15.84,1584.27,0.92,92.16,7.21,720.9,32.3,3229.56,7.95,794.88,10.03,1003.23,6.53,653.4,20.72,2072.07,10.74,1073.52,13.49,1348.92,17.52,1752.03,13.93,1393.47,10.53,1052.64,14.1,1409.76,233.34,0.52,213.37,0.48,4,3,3
PO1000008346,"2021,2020",UNION SAMPOERNA TRIPUTRA PERSADA (USTP),ETAM BERSAMA LESTARI,ETAM BERSAMA LESTARI,Not RSPO Certified,,3/31/23,1.22,117.88,"1.223889, 117.8794",IDN,Indonesia,Kalimantan Timur,Kutai Timur,1-Fully Verified,,745.23,74522.7,711.16,1083.85,108385.2,10.16,1016.01,6.62,661.77,10.36,1035.99,5.37,536.76,4.86,486,1.91,191.07,7.97,797.31,2.04,204.03,3.31,330.57,4.32,432,47.01,4701.24,68.79,6878.7,26.2,2620.08,34.19,3419.37,30.34,3033.63,24.05,2404.62,13.88,1387.8,8.85,885.33,9.08,908.46,1.68,167.94,1.04,104.4,1.35,134.64,323.38,0.43,421.85,0.57,1,3,3
PO1000008347,2020,UNKNOWN,ABAGO S.A.S.,ABAGO S.A.S.,Not RSPO Certified,,3/31/23,4.29,-72.13,"4.286556, -72.13408",COL,Colombia,Meta,Puerto Gaitán,1-Fully Verified,BRAGANZA,289.53,28952.91,1909.05,4549.39,454938.93,0.34,33.93,0.23,23.04,0.06,6.39,0.25,25.2,0.22,21.51,0.64,63.72,0.65,64.8,0.34,33.93,0.53,53.46,0.56,55.62,0.42,42.03,1.33,133.02,0.48,47.88,0.31,31.41,0.39,38.79,1.1,110.34,1.42,142.2,1.14,113.67,0.52,51.75,0.85,84.78,1.99,198.81,1.25,125.01,15.01,0.05,274.52,0.95,2,1,3
PO1000008349,2020,AGROINDUSTRIAL UUMBAL SA DE CV,AGROFORESTAL UUMBAL CHIAPAS S.A.P.I. DE C.V.,AGROFORESTAL UUMBAL,RSPO Certified,"RSPO Certified, MB",3/31/23,17.77,-91.85,"17.767702, -91.846862",MEX,Mexico,Chiapas,Palenque,2-High Confidence,,327.01,32701.14,1486.96,3900.27,390027.24,0.45,45.27,1.78,178.02,2.62,262.17,1.75,175.41,4.05,405.09,0.98,98.46,5.24,523.71,2.05,204.66,4.15,415.35,1.63,162.9,2.87,286.65,3.04,303.93,3.14,314.46,6.87,686.97,2.68,267.57,3.35,335.43,16.63,1663.02,21.21,2120.58,18.12,1811.97,6.02,602.37,2.09,209.25,2.1,209.52,112.83,0.35,214.18,0.65,2,2,3
PO1000008380,2020,PTPN III,PERKEBUNAN NUSANTARA VIII,KERTAJAYA,RSPO Certified,"RSPO Certified, MB",3/31/23,-6.62,106,"-6.620621, 105.997228",IDN,Indonesia,Banten,Lebak,1-Fully Verified,,2777.22,277722.27,3709.2,6821.09,682108.83,5.43,542.52,8.64,864.18,1.83,182.61,9.23,922.86,3.98,398.25,12.05,1204.65,7.61,761.13,4.19,419.49,17.54,1753.65,9.47,947.25,13.68,1368.18,24.13,2413.08,13.99,1398.69,17.56,1755.72,17.74,1773.9,14.17,1416.6,25.08,2508.3,20.59,2059.47,20.65,2064.78,15,1500.12,16.46,1645.92,11.94,1194.21,290.96,0.1,2486.27,0.9,2,1,3
PO1000008383,"2020,2021,2019",UNKNOWN,ERASAKTI WIRA FORESTAMA,ERASAKTI WIRA FORESTAMA 2,Not RSPO Certified,,3/31/23,-1.53,103.64,"-1.528944, 103.637139",IDN,Indonesia,Jambi,Muaro Jambi,1-Fully Verified,,1.15,115.11,1.34,2.57,257.22,0,0,0,0,0,0,0.01,0.72,0.01,1.08,0,0.45,0,0.45,0.03,2.97,0.02,1.62,0,0,0,0,0.47,46.98,0.06,5.85,0,0.45,0.01,1.17,0.02,1.89,0,0.36,0,0.36,0,0.09,0.01,0.72,0.04,3.51,0.16,15.75,0.84,0.73,0.31,0.27,5,4,5
PO1000008384,"2019,2021,2020",KILANG MINYAK SAWIT MERU SDN BHD,KILANG MINYAK SAWIT MERU SDN BHD,MERU,Not RSPO Certified,,3/31/23,3.01,101.5,"3.009114, 101.496835",MYS,Malaysia,Selangor,Klang,1-Fully Verified,,383.02,38302.38,964.89,2831,283100.13,6.29,628.74,7.03,702.9,2.28,228.33,8.91,891.18,5.49,549,3.51,351.27,4.93,493.2,2.48,248.4,7.39,738.63,6.6,660.15,3.21,320.76,6.01,600.75,1.1,110.07,9.79,979.29,7.81,780.84,9.86,985.5,9.89,989.46,6.88,688.23,4.3,430.47,4,399.69,5.59,558.9,2.49,249.21,125.85,0.33,257.17,0.67,3,2,3
PO1000008385,2020,AGROPECUARIA SANTAMARIA S.A,AGROPECUARIA SANTA MARIA S.A.,PLANTA EXTRACTORA ACEITES CIMARRONES S.A.S ZFPEA,RSPO Certified,"RSPO Certified, MB",3/31/23,3.04,-73.11,"3.036639, -73.111456",COL,Colombia,Meta,Puerto Rico,1-Fully Verified,,3475.15,347514.84,6750.67,10226.7,1022670.27,41.85,4185,33.4,3340.26,10.34,1034.28,43.25,4325.31,22.48,2247.75,38.94,3894.39,23.12,2312.28,26.42,2642.4,38.85,3884.85,33.27,3327.3,25.53,2553.21,19.61,1960.83,25,2500.2,28.88,2887.83,18.66,1866.33,37.1,3710.16,68.31,6830.91,73.41,7341.21,54.27,5426.64,54.22,5422.5,41.92,4191.75,39.98,3998.43,798.84,0.23,2676.31,0.77,3,1,3
PO1000008386,"2020,2019",UNKNOWN,AGRO WIJAYA INDUSTRI,AGRO WIJAYA INDUSTRI,Not RSPO Certified,,3/31/23,-1.76,102.24,"-1.76147222, 102.244",IDN,Indonesia,Jambi,Merangin,1-Fully Verified,,108.34,10833.57,118.88,246.27,24627.42,2.95,295.38,1.59,158.76,0.04,4.23,2.1,210.42,0.57,56.7,1.44,143.73,1.37,136.98,0.21,20.61,2.29,229.32,2.23,222.75,1.46,145.62,2.12,212.49,0.95,94.95,1.47,147.15,2,199.71,4.04,404.01,5.93,593.46,4.83,483.21,5.2,520.38,6.27,627.21,8.41,840.69,6.93,693.18,64.41,0.59,43.93,0.41,5,3,5
PO1000008388,"2021,2020",UNKNOWN,ANUGRAH MULTI SAWITA,ANUGRAH MULTI SAWITA,Not RSPO Certified,,3/31/23,2.71,99.62,"2.706553, 99.617973",IDN,Indonesia,Sumatera Utara,Asahan,1-Fully Verified,,48.87,4887.45,54.37,107.8,10779.57,0.3,29.79,1.74,173.7,0.25,25.02,0.16,15.84,0.79,78.57,1.13,113.49,0.18,18.45,0.02,1.8,0.32,31.95,4.19,419.49,0.68,67.95,0.58,57.87,0.32,31.95,1.57,156.87,0.14,13.95,1.39,138.96,1.3,130.41,1.32,132.21,0.61,61.2,0.24,24.48,1.14,114.3,0.25,25.47,18.64,0.38,30.24,0.62,3,3,3
PO1000008389,"2020,2019",AGRINDO,ARCHIPELAGO TIMUR ABADI,ARCHIPELAGO,Not RSPO Certified,,3/31/23,-1.14,113.99,"-1.1395156, 113.9864769",IDN,Indonesia,Kalimantan Tengah,Kapuas,1-Fully Verified,,4888.32,488832.12,4803.88,8631.55,863154.63,33.75,3374.82,21.96,2195.91,27.08,2708.37,36.32,3631.59,79.69,7968.51,35.38,3538.26,113.92,11392.02,142.44,14243.85,71.56,7156.35,104.45,10445.22,58.85,5884.83,142.52,14251.68,61.47,6147.36,101.77,10177.29,52.64,5264.19,115.69,11569.23,76.33,7632.54,89.99,8998.74,65.23,6523.47,80.89,8088.84,34.25,3425.04,35.18,3517.65,1581.36,0.32,3306.96,0.68,2,2,3
PO1000008392,"2019,2020",SAHABAT AGRO,LAMBANG BUMI PERKASA,LAMBANG BUMI PERKASA,Not RSPO Certified,,3/31/23,-4.7,105.37,"-4.70179, 105.3728",IDN,Indonesia,Lampung,Lampung Tengah,1-Fully Verified,,264.67,26467.38,2040.05,4994.55,499454.91,1.8,179.55,2.15,215.1,0.42,41.58,1.69,168.75,5.86,586.44,9.29,929.16,3.33,332.73,3.84,384.21,12.94,1293.75,7.55,755.01,1.6,159.57,19.71,1971.27,1.14,113.76,4.66,466.11,10.2,1019.7,7.68,767.97,6.82,682.11,10.73,1073.43,12.62,1261.89,5.55,554.67,8.37,836.91,2.82,281.7,140.75,0.53,123.92,0.47,3,3,3
PO1000008393,"2021,2019,2020",UNKNOWN,JALUR PUSAKA SAKTI KUMALA,JALUR PUSAKA SAKTI KUMALA,Not RSPO Certified,,3/31/23,0.4,101.8,"0.399736, 101.796722",IDN,Indonesia,Riau,Pelalawan,1-Fully Verified,,124.85,12484.98,175.49,313.99,31399.38,4.58,457.92,2.54,253.71,0.27,26.64,7.43,742.77,4.3,429.57,1,100.17,4.29,429.3,3.96,395.73,0.58,58.5,17.45,1744.56,10.6,1060.11,9.45,944.91,6.8,680.04,8.13,813.15,2.09,209.43,1.94,194.04,4.9,489.51,3.84,383.58,2.19,218.7,2.61,260.73,1.53,153.27,2.36,236.25,102.83,0.82,22.02,0.18,3,5,3
PO1000008395,"2020,2021,2019",UNKNOWN,PUTERA KERITANG SAWIT,PUTERA KERITANG SAWIT,Not RSPO Certified,,3/31/23,-0.87,102.66,"-0.871308, 102.66131",IDN,Indonesia,Riau,Indragiri Hilir,1-Fully Verified,,664.54,66453.84,648.77,1190.25,119025.36,9.64,963.99,14.75,1475.1,4.59,459.45,30.41,3041.28,18.54,1854.36,32.46,3246.39,11.68,1167.75,47.17,4716.63,37.13,3713.4,10.49,1048.86,9.97,997.2,12.99,1299.24,3.27,326.79,5.01,500.94,8.21,821.43,10.34,1033.83,4.5,450.27,4.57,457.29,6.6,659.97,3.41,340.83,4.54,453.6,4.94,493.74,295.22,0.44,369.32,0.56,2,3,3
PO1000008396,"2019,2021,2020",TELADAN PRIMA,MULTI JAYANTARA ABADI,MULTI JAYANTARA ABADI,Not RSPO Certified,,3/31/23,-2.38,116.53,"-2.380249, 116.529703",IDN,Indonesia,Kalimantan Timur,Paser,1-Fully Verified,,290.77,29076.93,341.13,671.94,67193.64,2.73,273.15,2.29,228.78,1.36,136.44,4.69,468.81,1.79,179.01,1.34,134.1,6.68,668.16,1.12,112.32,10.01,1001.16,0.42,41.94,10.95,1095.03,33.68,3368.07,7.21,721.44,6.82,681.57,10.89,1089,14.47,1447.11,1.67,166.59,1.36,136.44,3.04,304.29,3.54,354.33,0.95,94.95,0.54,53.91,127.57,0.44,163.2,0.56,1,3,3
PO1000008397,"2021,2020,2019",MAKIN,PERSADA HARAPAN KAHURIPAN,RENGAS,Not RSPO Certified,,3/31/23,-1.6,102.72,"-1.595308, 102.720025",IDN,Indonesia,Jambi,Tebo,1-Fully Verified,,92.11,9211.14,98.06,163.5,16350.39,0.36,35.82,0.83,82.53,0.4,39.6,3.66,366.12,4.29,428.94,15.45,1545.03,13.27,1327.23,4.44,443.52,4.53,452.97,0.91,90.63,2,199.53,3.56,355.86,2.45,244.62,4.27,427.41,1.83,183.42,2.13,212.58,1.58,158.49,1.54,154.44,1.36,136.44,1.21,120.6,1.15,115.11,1.37,137.34,72.58,0.79,19.53,0.21,3,4,3
PO1000008398,"2019,2021,2020",UNKNOWN,MULTIAGRO SUMATERA JAYA,MULTIAGRO SUMATERA JAYA,Not RSPO Certified,,3/31/23,1.08,100.06,"1.078939, 100.055088",IDN,Indonesia,Sumatera Utara,Padang Lawas,1-Fully Verified,,69.21,6921.36,139.65,273.68,27368.46,1.86,186.3,1.58,157.5,0.96,96.39,3.19,318.78,1.88,188.28,3.25,325.17,1.17,117.45,2.06,206.37,2.98,298.35,0.46,46.08,6.61,660.51,0.53,52.92,0.43,43.29,0.79,78.66,1.01,100.89,1.25,125.19,1.03,103.14,0.37,36.72,0.37,37.17,0.68,67.95,0.54,54,0.33,32.67,33.34,0.48,35.88,0.52,2,3,3
PO1000008399,"2020,2019,2021",RIMBUNAN SAWIT BERHAD,RSB PALM OIL MILL SDN BHD,RSB,Not RSPO Certified,,3/31/23,3.67,114.02,"3.665543, 114.017069",MYS,Malaysia,Sarawak,Marudi,3-Low Confidence,RH BAKONG,162.48,16248.42,210.09,348.11,34811.1,23.6,2359.53,22.03,2203.47,2.31,230.85,0.49,49.05,0.46,45.72,0.5,49.77,3.06,306.27,13.88,1387.8,6.77,677.07,0.89,89.28,0.25,25.11,4.16,415.89,1.31,131.31,1.94,194.04,1.85,185.31,13.86,1385.82,9.28,927.72,2.51,250.74,2.92,291.69,2.36,235.62,15.36,1535.94,7.7,770.4,137.48,0.85,25,0.15,5,5,4
PO1000008400,"2021,2020,2019",SOUTHERN ACIDS BERHAD,MUSTIKA AGRO SARI,MUSTIKA AGRO SARI,Not RSPO Certified,,3/31/23,-0.11,101.29,"-0.11333, 101.29334",IDN,Indonesia,Riau,Kuantan Singingi,1-Fully Verified,,5.07,506.52,13.22,15.45,1544.94,0.09,9.18,0.06,6.48,0.01,1.35,0.01,1.44,1.42,141.75,0.48,48.15,3.75,375.39,0.69,69.21,0.13,13.14,0.05,4.68,0.06,6.03,0.1,10.08,0.7,69.66,0.17,16.83,0,0,0.03,3.15,0.18,18.27,0.05,4.86,0.01,0.54,0,0.18,0,0,0,0.27,5.07,1,0,0,1,5,1
PO1000008401,2020,HOLDING LA FABRIL S.A.,ENERGY & PALMA,ENERGY & PALMA,Not RSPO Certified,,3/31/23,1.14,-78.8,"1.13777, -78.80444",ECU,Ecuador,Esmeraldas,San Lorenzo,3-Low Confidence,,2953.57,295356.69,2709.13,4427.71,442770.93,16.43,1642.95,5.32,532.35,0.4,39.6,13.63,1362.51,5.86,585.54,15.8,1579.77,29.99,2998.71,18.6,1860.39,25.06,2505.96,14.47,1446.66,10.19,1018.62,39.36,3935.61,17.27,1727.37,23.39,2338.65,10.59,1059.03,10.34,1034.37,19.16,1916.19,8.13,812.88,4.37,436.59,5.25,524.97,8.63,863.37,5.94,594,308.16,0.1,2645.41,0.9,1,1,3
PO1000008403,2020,ASTRA AGRO LESTARI,SARI ADITYA LOKA,SARI ADITYA LOKA 2,Not RSPO Certified,,3/31/23,-1.65,102.31,"-1.65128, 102.308184",IDN,Indonesia,Jambi,Bungo,2-High Confidence,,439.48,43948.08,641.44,957.9,95790.42,15.95,1595.25,11.28,1127.61,1.49,148.77,6.87,686.52,10.77,1077.48,25.51,2550.69,10.16,1016.01,3.26,326.25,8.47,847.17,6.44,643.5,11.42,1141.56,23.65,2365.38,4.68,468.09,4.86,485.82,7.19,718.92,10.3,1030.23,11.55,1154.79,14.6,1460.34,18.05,1804.59,17.26,1725.75,22.52,2251.89,25.09,2508.57,271.35,0.62,168.13,0.38,5,3,4
PO1000008405,"2020,2019",UNION SAMPOERNA TRIPUTRA PERSADA (USTP),SAWIT MAS PARENGGEAN,SAWTIMAS PARENGGEAN,Not RSPO Certified,,3/31/23,-2.03,112.77,"-2.030917, 112.769611",IDN,Indonesia,Kalimantan Tengah,Kotawaringin Timur,3-Low Confidence,,61.41,6140.52,107.6,203.88,20387.7,0.24,24.48,1.39,139.41,2.14,213.84,11.63,1163.34,0.94,94.05,5.04,503.64,4.28,428.04,2.25,225.27,2.23,222.57,1.12,111.78,0.96,95.85,1.46,145.71,0.22,22.23,1.31,131.4,2.99,299.07,2.31,230.76,1.12,111.96,0.68,67.86,0.51,51.21,0.74,74.25,0.61,60.57,1.18,117.81,45.35,0.74,16.05,0.26,3,4,3
PO1000008406,2020,UNKNOWN,OLEAGINOSAS SANTANA S.A.S,OLEAGINOSAS SANTANA,Not RSPO Certified,,3/31/23,4,-73.61,"3.99834425, -73.6133445",COL,Colombia,Meta,Villavicencio,1-Fully Verified,,41.15,4115.34,174.99,865.35,86535.18,0.24,23.67,0.31,31.23,0.03,3.06,0.37,36.99,1.03,103.14,0.1,10.26,0.17,16.83,0.65,65.16,0.73,72.72,0.66,66.24,1.84,184.23,0.64,63.99,0.27,26.91,0.19,19.35,0.09,9.45,0.14,14.22,0.03,2.79,0.06,5.58,0.04,4.41,0.06,5.67,0.14,14.04,0.04,4.32,7.84,0.19,33.31,0.81,1,1,3
PO1000008407,"2020,2019,2021",ADR,BAYUNG AGRO SAWITA,BAYUNG AGRO SAWITA,Not RSPO Certified,,3/31/23,-2.01,103.71,"-2.008456, 103.705447",IDN,Indonesia,Sumatera Selatan,Musi Banyuasin,1-Fully Verified,,500.55,50055.3,560.37,1227.85,122785.2,5.39,538.56,6.41,640.8,1.36,135.99,9.43,943.2,8.33,832.68,11.18,1117.8,44.86,4486.5,43.84,4384.17,35.68,3567.96,2.83,282.6,4.62,461.97,77.9,7790.49,25.69,2569.23,42.35,4235.04,22.75,2275.11,19.56,1955.61,16.93,1692.99,14.89,1488.69,8.67,866.88,13.9,1390.05,8.4,840.15,8.79,879.03,433.76,0.87,66.8,0.13,3,5,2
PO1000008409,"2021,2020,2019",SARAWAK OIL PALMS BERHAD,SARAWAK OIL PALMS BHD,SEPAKAU POM,Not RSPO Certified,,3/31/23,2.79,114.45,"2.788119, 114.447231",MYS,Malaysia,Sarawak,Belaga,1-Fully Verified,,6248.92,624892.41,5908.78,7443.88,744388.02,33.03,3303.18,27.91,2790.9,14.2,1420.29,22.84,2283.93,61.03,6103.44,110.98,11097.72,84.07,8406.72,62.62,6262.2,121.93,12193.02,82.73,8272.89,114.47,11446.74,217.6,21760.47,50.22,5022.27,325.36,32536.17,124.16,12415.77,121.59,12159.09,108.96,10896.3,139.84,13984.29,106.26,10626.39,49.76,4976.46,34.57,3456.99,35.94,3594.15,2050.09,0.33,4198.83,0.67,2,2,3
PO1000008411,"2019,2021,2020",ORIENTAL HOLDINGS BERHAD,BUMI SAWIT SUKSES PRATAMA,BUMI SAWIT SUKSES PRATAMA,Not RSPO Certified,,3/31/23,-2.54,106.03,"-2.54389, 106.02932",IDN,Indonesia,Bangka Belitung,Bangka Selatan,1-Fully Verified,,627.67,62767.17,741.56,984.18,98417.61,6.11,610.92,7.62,761.94,4.65,465.12,9.64,963.54,11.07,1107.09,5.1,509.67,12.29,1228.95,11.64,1163.88,35.06,3505.86,30.85,3084.84,13.68,1368.36,17.02,1702.44,9.46,945.72,18.17,1816.83,23.47,2347.11,70.71,7070.94,22.71,2271.15,15.04,1504.35,16.21,1621.08,20.42,2041.92,25.05,2505.15,25.92,2591.73,411.89,0.66,215.79,0.34,5,4,3
PO1000008412,"2020,2019,2021",UNKNOWN,CAKRA ALAM SEJATI,CAKRA ALAM SEJATI,Not RSPO Certified,,3/31/23,0.18,102.05,"0.1754722, 102.051417",IDN,Indonesia,Riau,Pelalawan,2-High Confidence,,148.16,14815.62,169.74,273.47,27347.04,10.6,1060.02,5.87,587.34,0.8,79.65,9.37,937.44,8.7,869.85,2.46,246.42,7.57,757.44,5.78,578.43,2.11,211.05,10.41,1040.67,9.76,976.05,2.2,219.51,4.02,402.21,7.03,703.17,1.39,139.05,6.56,655.92,4.55,455.31,5.21,521.1,6.52,652.32,3.72,372.33,4.56,456.3,5.29,529.38,124.51,0.84,23.65,0.16,4,5,3
PO1000008413,2020,UNKNOWN,PALMERAS DE LOS CIEN S.A. - PALCIEN S.A.,PALCIEN,Not RSPO Certified,,3/31/23,0.34,-79.46,"0.344174, -79.458961",ECU,Ecuador,Esmeraldas,Quinindé,1-Fully Verified,,1205.29,120528.99,1219.08,2135.75,213574.95,3.44,343.8,1.55,155.34,0.21,21.33,2.4,239.85,20.48,2048.31,3.01,300.87,13.09,1308.96,17.16,1716.21,20.92,2092.05,0.99,98.91,9.95,994.68,24.11,2410.56,5.43,543.24,0.82,82.08,2.15,215.37,1.8,180,6.02,601.56,0.38,37.8,1.96,195.93,0.6,60.39,0.1,10.35,0.55,55.08,137.13,0.11,1068.16,0.89,1,1,3
PO1000008414,"2020,2021",YAYASAN SABAH GROUP,BENTA WAWASAN SDN BHD,SERAYA,Not RSPO Certified,,3/31/23,4.61,117.6,"4.61407, 117.600706",MYS,Malaysia,Sabah,Tawau,1-Fully Verified,,270.79,27078.93,256.07,369.25,36925.02,1.88,188.01,3.52,352.26,7.82,781.74,14.74,1473.75,15.19,1519.38,22.53,2252.79,19.31,1931.04,38.78,3878.28,28.47,2846.52,2.23,222.75,6.68,668.25,4.71,471.42,4.14,414.27,4.72,472.05,9.98,997.92,7.15,714.96,0.05,4.77,0,0.45,0.01,0.9,0.01,0.63,0.03,2.61,0.01,0.63,191.95,0.71,78.84,0.29,1,4,1
PO1000008415,2020,UNKNOWN,PALMAR DE LOS ESTEROS EMA S.A.,PALESEMA,Not RSPO Certified,,3/31/23,1.31,-78.73,"1.308638, -78.730805",ECU,Ecuador,Esmeraldas,San Lorenzo,1-Fully Verified,,608.74,60874.47,565.69,1804.96,180496.35,14.36,1435.5,5.25,524.7,0.42,41.76,10.79,1079.37,0.32,32.04,8.7,870.39,3.5,350.37,8.2,820.35,5.89,589.41,3,300.15,1.27,127.17,3.72,371.7,2.84,284.49,3.93,393.48,3,299.7,5.06,505.89,5.54,554.31,0.66,66.06,0.61,61.38,1.17,117.45,2.4,239.94,0.61,61.2,91.27,0.15,517.48,0.85,1,1,3
PO1000008416,"2020,2021,2019",TELADAN PRIMA,SIMA AGUNG PRIMA SAWIT,SIMA AGUNG PRIMA SAWIT,Not RSPO Certified,,3/31/23,0.83,118.75,"0.825349, 118.753577",IDN,Indonesia,Kalimantan Timur,Kutai Timur,3-Low Confidence,,478.72,47872.26,509.57,1041.3,104129.64,0.49,49.14,1.6,160.47,0.94,93.51,1.52,151.65,0.65,65.07,0.82,81.72,0.9,89.82,1.09,108.9,2.28,227.97,1.93,192.6,8.76,875.88,11.58,1158.21,23.2,2319.66,3.46,346.23,6.06,606.42,6.45,644.67,1.86,185.58,1.27,127.26,1.38,137.88,0.94,94.32,1.44,144.45,2.75,274.95,81.36,0.17,397.36,0.83,2,1,3
PO1000008417,"2019,2021,2020",UNKNOWN,PALM LAMPUNG PERSADA,PALM LAMPUNG PERSADA,Not RSPO Certified,,3/31/23,-4.37,104.6,"-4.372722, 104.599806",IDN,Indonesia,Lampung,Way Kanan,1-Fully Verified,,292.28,29227.59,901.91,1614.57,161457.3,3.27,327.15,2.01,201.06,3.74,373.95,7.76,776.16,4.17,416.79,10.37,1037.16,12.84,1284.21,56.97,5697.18,13.37,1336.86,4.96,496.17,11.02,1101.96,6.62,662.13,0.94,94.23,3.08,307.98,3.55,355.14,7.81,781.11,6.84,684.45,8.38,837.99,11.19,1118.61,6.92,692.1,8.81,881.28,6.63,663.03,201.27,0.69,91.01,0.31,4,4,3
PO1000008418,2020,FRUIT OIL,PALMAS DEL IXCAN LTDA.,PALMAS DEL IXCAN LTDA.,RSPO Certified,"RSPO Certified, MB",3/31/23,15.99,-90.47,"15.990556, -90.466861",GTM,Guatemala,Alta Verapaz,Chisec,1-Fully Verified,,2063.76,206375.85,2316.19,4102.63,410263.11,14.78,1477.98,9.03,902.7,13.03,1302.57,14.9,1489.5,9.53,953.01,25.28,2527.83,44.64,4463.64,25.61,2561.31,38.74,3873.96,26.07,2606.76,13.87,1387.44,51.02,5102.37,28.54,2854.44,39.14,3913.74,25.78,2577.87,64.71,6470.64,37.17,3717.09,41.52,4151.88,41.91,4191.12,32.55,3254.67,20.45,2045.43,27.32,2732.49,645.58,0.31,1418.17,0.69,3,2,3
PO1000008419,2020,LA FABRIL,EXTRACTORA AGRICOLA RIO MANSO,PALMISA,Not RSPO Certified,,3/31/23,-0.71,-79.47,"-0.709732, -79.46711",ECU,Ecuador,Los Rios,Buena Fé,1-Fully Verified,,652.26,65226.33,859.67,1929.83,192983.13,1.42,142.11,6.75,675.36,0.21,20.7,0.86,85.86,0.54,54.09,4.16,415.71,6.91,691.02,8.46,846.09,8.43,842.76,4.2,420.12,7.1,709.56,6.81,680.76,6.34,634.32,7.03,702.54,1.52,151.65,6.78,677.88,2.53,252.63,0.66,65.97,3.27,326.7,0.99,98.55,0.69,69.21,2.06,205.65,87.69,0.13,564.57,0.87,1,1,3
PO1000008421,"2020,2021,2019",PEPUTRA,PEPUTRA SUPRA JAYA,PEPUTRA SUPRA JAYA,Not RSPO Certified,,3/31/23,0.16,101.78,"0.1583, 101.7816",IDN,Indonesia,Riau,Pelalawan,2-High Confidence,,590.5,59049.81,677.26,723.11,72311.04,48.06,4806,8.72,871.74,5.38,537.84,43.56,4356.27,49.39,4939.29,5.31,531.45,27.16,2716.29,46.16,4615.92,23.46,2345.58,93.05,9305.37,85.49,8548.65,47.56,4755.78,23.11,2310.66,28.71,2870.91,7.11,711.18,25.53,2553.12,9.47,946.89,8.42,841.77,3.48,347.94,13.02,1302.12,4.41,441.18,4.95,494.91,590.5,1,0,0,2,5,1
PO1000008422,"2019,2020,2021",ASTRA AGRO LESTARI,PERKEBUNAN LEMBAH BHAKTI,PERKEBUNAN LEMBAH BHAKTI 2,Not RSPO Certified,,3/31/23,2.56,97.95,"2.56063, 97.94867",IDN,Indonesia,Aceh,Aceh Singkil,1-Fully Verified,,1.16,116.37,1.06,2.25,224.55,0,0,0,0,0,0,0,0,0,0,0,0,0,0.09,0,0,0.12,12.06,0.03,2.61,0.06,5.85,0.26,26.01,0.32,32.31,0.02,2.34,0.05,4.77,0.02,2.16,0.01,0.72,0.07,7.2,0.01,0.9,0,0.36,0.02,2.43,0.13,12.6,1.12,0.97,0.04,0.03,5,5,3
PO1000008423,"2020,2021,2019",UNKNOWN,CITRA SAWIT LESTARI,CITRA SAWIT LESTARI,Not RSPO Certified,,3/31/23,2.92,117.26,"2.92199, 117.26464",IDN,Indonesia,Kalimantan Timur,Bulungan,2-High Confidence,,3496.92,349692.48,3864.21,7935.4,793539.99,53.11,5310.54,56.06,5606.28,29.23,2922.84,50.9,5090.31,19.23,1922.67,43.19,4318.56,75.58,7557.66,51.51,5150.79,74.01,7401.42,50.17,5017.23,71.1,7110.18,62.4,6240.42,30.5,3049.92,47.7,4769.73,43.16,4315.5,63.8,6379.92,40.25,4024.53,40.1,4010.31,29.83,2983.05,35.29,3529.08,25.84,2583.99,15.06,1505.88,1008.01,0.29,2488.92,0.71,2,2,3
PO1000008424,"2020,2021",TRIPUTRA AGRO PERSADA,DWIWIRA LESTARI JAYA,DWIWIRA LESTARI JAYA,Not RSPO Certified,,3/31/23,1.61,118.04,"1.606087, 118.044424",IDN,Indonesia,Kalimantan Timur,Berau,1-Fully Verified,,1836.91,183691.44,1742.41,4074.49,407449.17,27.01,2700.99,32.23,3223.44,16.93,1692.9,26.38,2637.72,10.79,1079.1,16.1,1609.92,28.98,2898.27,19.14,1913.67,22.54,2253.87,5.77,577.35,37.87,3787.47,42.57,4257.45,17.95,1795.23,25.67,2567.25,34.43,3442.95,41.75,4175.19,29.4,2940.03,20.98,2098.08,13.12,1312.29,14.37,1436.76,10.26,1026.18,10.39,1038.78,504.65,0.27,1332.27,0.73,2,2,3
PO1000008425,"2021,2020,2019",UNKNOWN,SRI INDRAPURA SAWIT LESTARI,SRI INDRAPURA SAWIT LESTARI,Not RSPO Certified,,3/31/23,0.46,101.74,"0.46424, 101.7365",IDN,Indonesia,Riau,Siak,2-High Confidence,,21.05,2105.01,33.08,52.05,5205.42,0.59,58.59,0.29,29.25,0.15,14.58,0.66,65.97,0.37,37.08,0.27,26.82,0.15,14.94,0.04,3.51,0.09,9.27,0.25,24.93,0.76,76.41,0.6,59.76,0.07,6.57,1.05,105.39,1.38,138.33,1.24,124.29,1.77,177.39,2.29,228.51,1.58,157.5,1.03,102.87,0.34,33.75,0.96,95.67,15.91,0.76,5.14,0.24,4,4,3
PO1000008426,"2021,2020",CB INDUSTRIAL PRODUCT,CB INDUSTRIAL PRODUCT,EMPRESA,Not RSPO Certified,,3/31/23,3.82,114.03,"3.821899, 114.029043",MYS,Malaysia,Sarawak,Miri,2-High Confidence,,74.14,7413.66,109.82,328.92,32892.03,1.27,126.99,0.28,28.17,0.52,51.93,1.27,126.63,2.48,248.31,2.51,250.83,2.13,213.03,1.16,116.46,1.78,178.47,0.36,35.91,1.19,118.71,1.68,167.94,1.1,110.34,0.31,30.69,0.33,32.85,0.39,39.24,0.53,53.46,0.93,92.52,1.65,164.97,1.59,158.94,0.5,50.22,1.02,101.61,24.98,0.34,49.15,0.66,3,2,3
PO1000008428,2020,UNIPAL,UNIPAL,UNIPAL,Not RSPO Certified,,3/31/23,0.19,-79.39,"0.19286, -79.38581",ECU,Ecuador,Esmeraldas,Quinindé,1-Fully Verified,,179.71,17970.75,193.36,461.12,46112.49,2.97,297,0.13,12.78,0,0,0.71,71.1,3.23,323.19,1.04,104.13,4.35,434.79,2.7,270,4.16,416.34,0.19,19.44,1.25,124.74,1.26,125.91,0.94,93.6,0.58,57.78,0.89,89.1,0.43,43.38,0.78,77.67,0.04,3.6,0.13,12.87,0.14,14.22,0.1,9.9,0.42,41.67,26.43,0.15,153.28,0.85,1,1,3
PO1000008429,"2020,2019,2021",SINAR MAS,BAHANA KARYA SEMESTA,SUNGAI AIR JERNIH,Not RSPO Certified,,3/31/23,-2.09,102.8,"-2.086512, 102.801493",IDN,Indonesia,Jambi,Sarolangun,1-Fully Verified,,2267.21,226721.07,2317.39,3539.95,353995.2,25.46,2545.92,27.9,2790.18,15,1500.3,31.7,3169.62,24.34,2433.96,78.33,7832.79,51.63,5162.67,98.43,9842.85,52.48,5247.9,19.35,1935.27,22.34,2233.89,168.85,16885.26,48.1,4810.23,105.63,10562.67,67.68,6767.55,112.14,11213.64,70.36,7036.2,51.47,5146.56,60.06,6005.7,38.18,3818.34,24.53,2453.04,39.01,3901.14,1232.96,0.54,1034.25,0.46,3,3,3
PO1000008433,"2020,2021,2019",NEGRI SEMBILAN OIL PALMS BOARD,TIMOR OIL PALM PLANTATION BHD,TIMOR / LADANG MARAN,Not RSPO Certified,,3/31/23,3.63,102.77,"3.634379, 102.76598",MYS,Malaysia,Pahang,Maran,1-Fully Verified,,287.69,28768.59,325.37,537.95,53795.25,4.09,408.78,4.12,412.47,3.22,322.38,5.84,584.01,3.8,380.43,7.15,715.05,6.11,611.28,5.12,512.28,4.02,402.48,8.38,838.35,2.74,273.69,10.98,1098.36,2.72,271.89,10.22,1021.59,9.4,940.14,10.98,1098.18,16.16,1615.5,17.4,1739.52,7.81,781.2,6.25,625.41,7.25,725.22,5.3,529.92,159.08,0.55,128.6,0.45,3,3,3
PO1000008434,"2019,2020,2021",GOZCO PLANTATIONS,GOLDEN BLOSSOM SUMATRA,GOLDEN BLOSSOM SUMATERA,Not RSPO Certified,,3/31/23,-3.07,104.2,"-3.067688, 104.204637",IDN,Indonesia,Sumatera Selatan,Banyu Asin,1-Fully Verified,,742.83,74283.21,867.76,1191.35,119134.53,9.39,938.97,11.55,1154.7,2.15,214.65,19.01,1901.25,10.02,1001.52,52.56,5255.64,64.06,6406.2,39.89,3989.34,82.21,8220.69,47.14,4714.02,18.17,1817.37,68.9,6889.68,16.48,1647.81,22.21,2220.66,17.24,1724.4,34.8,3480.39,18.09,1808.91,17.29,1729.17,14.05,1404.81,15.23,1522.71,9.57,957.33,9.74,974.07,599.74,0.81,143.09,0.19,3,5,2
PO1000008435,"2020,2019",UNKNOWN,KARYA TEKNIK PLANTATION,KARYA TEKNIK PLANTATION,Not RSPO Certified,,3/31/23,-0.15,117.01,"-0.15434, 117.01007",IDN,Indonesia,Kalimantan Timur,Kutai Kartanegara,1-Fully Verified,,1587.37,158736.96,2071.73,5141.7,514169.64,5.7,569.52,14.3,1430.46,5.77,576.81,16.24,1624.05,43.47,4347.27,21.06,2106.27,82.47,8246.97,38.3,3829.5,87.3,8729.73,41.27,4126.59,41.63,4162.77,140.69,14068.98,50.43,5043.42,62.71,6271.47,61.45,6145.02,100.26,10025.55,65.11,6510.78,60.32,6031.62,25.2,2519.73,47.74,4774.41,21.74,2174.13,22.77,2276.64,1055.92,0.67,531.45,0.33,3,4,3
PO1000008440,"2020,2021,2019",SINAR JAYA AGRO INVESTAMA (SJAI),WAYKANAN SAWITINDO MAS,WAY KANAN SAWITINDO MAS,Not RSPO Certified,,3/31/23,-4.45,104.42,"-4.446722, 104.421735",IDN,Indonesia,Lampung,Way Kanan,1-Fully Verified,,1361.05,136105.29,1965.19,4973.04,497303.82,7.59,759.24,5.52,552.42,6.35,635.22,8.95,894.96,9.55,955.08,19.42,1941.84,19.42,1941.93,19.37,1936.62,45.91,4590.81,10.43,1043.19,21.81,2180.7,33,3299.58,8.09,808.65,13.61,1361.34,16.81,1680.66,29.19,2918.97,20.77,2077.2,19.18,1918.17,19.31,1931.13,16.04,1604.43,12.56,1256.31,13.48,1347.57,376.36,0.28,984.69,0.72,3,2,3
PO1000008529,"2019,2021,2020",PTPN III,PERKEBUNAN NUSANTARA V,TANJUNG MEDANG,RSPO Certified,"RSPO Certified, MB",3/31/23,1.58,100.59,"1.584567, 100.589",IDN,Indonesia,Riau,Rokan Hilir,1-Fully Verified,,30.23,3023.19,32.22,57.78,5778.45,0.18,18.18,0.07,7.29,0,0.45,0.47,47.16,3.04,304.47,1.23,123.39,0.19,18.54,0.19,18.99,0.4,40.05,0.16,15.66,0.05,4.86,5.96,596.16,1.93,193.41,0.13,13.41,10.95,1095.03,2.88,288.45,0.45,45.36,0.68,67.77,0.06,5.67,0.01,0.72,0.01,1.35,0.02,1.62,29.08,0.96,1.15,0.04,1,5,1
PO1000008555,2020,UNKNOWN,OLEAGINOSAS AMAZONICAS S.A (OLAMSA),OLEAGINOSAS AMAZONICAS S.A (OLAMSA) MILL 2,Not RSPO Certified,,3/31/23,-8.65,-74.96,"-8.645238, -74.958167",PER,Peru,Ucayali,Coronel Portillo,1-Fully Verified,,1983.4,198340.38,1827.91,3604.41,360441.09,19.02,1902.42,16.2,1620.45,22.94,2294.1,19.35,1934.91,41.68,4167.9,18.48,1848.24,22.23,2222.55,41.22,4122.09,60.41,6041.43,51.21,5121.18,49.19,4918.59,64.37,6437.34,113.12,11311.83,74.53,7452.63,61.79,6179.4,60.97,6096.96,66.91,6691.41,40.3,4030.11,48.34,4833.63,53.87,5386.77,52.33,5233.05,52.59,5259.42,1051.06,0.53,932.34,0.47,4,3,3
PO1000008556,2020,UNKNOWN,OLEAGINOSAS DEL PERU (OLPESA),OLEAGINOSAS DEL PERU (OLPESA),Not RSPO Certified,,3/31/23,-8.14,-76.59,"-8.14146, -76.594121",PER,Peru,San Martín,Tocache,1-Fully Verified,,3316.45,331645.23,3436.58,8511.44,851144.04,10.92,1091.97,6.04,604.26,6.32,631.71,6.81,680.94,16.74,1674,4.42,442.26,11.53,1152.99,9.01,900.81,21,2099.7,13.25,1325.34,10.04,1003.5,38.7,3870,15.83,1583.28,16.66,1665.9,16.84,1684.35,26.38,2638.35,29.06,2906.1,19.47,1947.24,18.75,1874.97,20.57,2057.31,20.66,2065.59,21.88,2187.99,360.89,0.11,2955.57,0.89,2,1,3
PO1000008557,2020,UNKNOWN,OLEAGINOSAS PADRE ABAD,OLEAGINOSAS PADRE ABAD S.A (OLPASA),Not RSPO Certified,,3/31/23,-9.06,-75.65,"-9.059286, -75.64533",PER,Peru,Ucayali,Padre Abad,1-Fully Verified,,8365.52,836552.25,7726.15,9942.88,994287.6,33.26,3325.77,34.66,3466.17,53.42,5342.49,24.1,2410.38,59.09,5909.31,28.67,2867.4,35.51,3550.77,55.35,5535.45,77.37,7737.3,52.69,5268.87,56.71,5670.9,56.42,5641.56,118.61,11860.92,95.61,9561.06,70.11,7010.73,96.77,9677.34,121.93,12192.93,88.27,8827.38,86.54,8654.4,131.08,13107.6,89,8900.28,74.76,7476.39,1539.95,0.18,6825.57,0.82,3,1,3
PO1000008558,2020,UNKNOWN,OLEAGINOSAS PUCALLPA,OLEAGINOSAS PUCALLPA S.A.C.,Not RSPO Certified,,3/31/23,-8.58,-74.91,"-8.576227, -74.907607",PER,Peru,Ucayali,Coronel Portillo,1-Fully Verified,,2587.36,258736.23,2758.2,5776.19,577618.92,26.86,2686.05,32.02,3202.38,19.41,1940.58,18.22,1822.14,82.74,8274.24,23.52,2352.42,18.57,1856.7,36.93,3693.42,76.9,7689.87,34.74,3474.27,53.01,5300.55,98.47,9846.72,100.49,10048.95,65.52,6552.27,51.85,5184.63,72.55,7255.44,102.83,10283.13,45.34,4533.84,43.89,4388.85,50.29,5029.38,57.71,5770.89,85.92,8592.21,1197.79,0.46,1389.57,0.54,4,3,4
PO1000008566,"2020,2021",DHARMA AGUNG WIJAYA (DAW),SASMITA BUMI WIJAYA,SASMITA BUMI WIJAYA,Not RSPO Certified,,3/31/23,0.3,110.3,"0.303139, 110.301222",IDN,Indonesia,Kalimantan Barat,Sanggau,1-Fully Verified,,82.43,8242.74,111.29,187.2,18720,0.78,78.12,0.98,97.83,0.3,30.15,2.63,262.62,1.57,157.41,0.84,84.42,1.07,106.56,7.19,719.1,4.97,496.98,0.81,80.73,3.11,310.95,1.86,185.85,1.19,118.62,2.51,251.37,1.7,170.46,3.75,375.21,2.34,233.64,2.18,217.8,1.46,145.71,1.1,109.71,3.32,331.56,3.97,397.17,49.62,0.6,32.81,0.4,5,3,4
PO1000008567,"2021,2020",FIRST RESOURCES,KETAPANG AGRO LESTARI,KETAPANG AGRO LESTARI,RSPO Certified,"RSPO Certified, MB",3/31/23,-0.88,115.89,"-0.875633, 115.891653",IDN,Indonesia,Kalimantan Timur,Kutai Barat,1-Fully Verified,,7.36,736.29,6.89,8.14,814.14,0,0,0,0,0,0,0,0.09,0,0.09,0,0,0,0.09,0,0.18,0.01,0.63,0,0,0,0,0,0,0.28,27.81,1.48,147.69,2.47,247.05,0.09,8.82,0.08,7.74,0.1,9.72,0.2,19.89,0.04,3.96,0.01,0.81,0,0,4.75,0.64,2.62,0.36,1,4,2
PO1000008569,"2020,2021",UNKNOWN,TOSCANO INDAH PRATAMA,TOSCANO INDAH PRATAMA,Not RSPO Certified,,3/31/23,-1.09,119.47,"-1.086785, 119.472903",IDN,Indonesia,Sulawesi Barat,Mamuju Utara,1-Fully Verified,,1852.63,185263.38,2084.88,5318.5,531850.14,11.22,1121.94,7.13,713.43,7.76,776.34,12.79,1279.44,5.19,519.12,6.79,679.32,4.1,410.13,8.2,820.08,13.61,1360.62,4.91,491.22,8.18,817.65,10.51,1050.84,6.51,650.61,20.63,2063.43,27.91,2790.72,31.04,3103.65,21.22,2122.38,27.02,2702.34,37.18,3718.17,10.46,1045.89,8.45,845.37,8.49,849.15,299.32,0.16,1553.32,0.84,2,1,3
PO1000008570,"2020,2021,2019",UNKNOWN,GIGA PUTRA NUSANTARA,GIGA PUTRA NUSANTARA,Not RSPO Certified,,3/31/23,1.31,99.77,"1.309826, 99.765294",IDN,Indonesia,Sumatera Utara,Padang Lawas,1-Fully Verified,,345.32,34532.28,553.94,708.5,70850.07,0.89,88.83,1.5,150.39,0.52,52.38,9.03,902.7,13.15,1314.54,9.03,903.15,2.23,223.2,17.49,1748.79,50.24,5024.43,14.99,1499.4,14.59,1459.44,6.18,618.12,5.29,528.93,5.79,578.88,6.93,692.55,13.25,1324.53,17.04,1703.7,3.36,335.97,2.4,240.48,3.59,358.74,11.4,1140.21,6.34,634.32,215.24,0.62,130.09,0.38,4,3,3
PO1000008572,2020,UNKNOWN,AGROINDUSTRIA OLEICA DE LA REGIÓN DE LOS RIOS SAPI DE C.V.,AGROINDUSTRIA OLEICA DE LA REGIÓN DE LOS RIOS SAPI DE C.V.,Not RSPO Certified,,3/31/23,17.91,-91.76,"17.908001, -91.757574",MEX,Mexico,Tabasco,Emiliano Zapata,1-Fully Verified,,1344.29,134429.13,4327.25,7765.56,776555.82,3.43,342.81,2.73,272.97,19.73,1972.89,3.22,321.66,19.42,1941.75,2.16,216.45,23.83,2382.57,3.84,384.3,10.92,1092.06,2.89,289.17,1.76,176.49,7.05,705.15,15.26,1526.04,11.02,1101.78,15.54,1553.94,38.58,3858.48,51.7,5170.5,37.28,3727.53,49.77,4977.18,33.04,3303.72,14.24,1424.16,5.29,529.02,372.71,0.28,971.59,0.72,2,2,3
PO1000008573,2020,UNKNOWN,INDUPALSA,INDUSTRIA DE PALMA ACEITERA DE LORETO Y SAN MARTIN,Not RSPO Certified,,3/31/23,-6.31,-76.28,"-6.310439, -76.279287",PER,Peru,San Martín,Lamas,1-Fully Verified,,6041.95,604195.02,5964.68,8527.65,852764.76,27.72,2772.18,40.76,4076.28,20.23,2023.2,51.69,5169.15,65.16,6516.36,31.48,3147.57,67.57,6757.02,54.6,5459.58,66.94,6694.2,48.71,4870.71,30.55,3055.14,103.53,10352.79,59.36,5935.77,64.68,6468.48,57.6,5760.36,78.25,7824.78,79.68,7968.06,71.68,7167.69,52.29,5228.91,74.35,7435.44,56.38,5638.23,73.21,7320.6,1276.42,0.21,4765.53,0.79,3,1,3
PO1000008574,"2020,2021,2019",FELCRA BERHAD,FELCRA VENTURE SRI AMAN SDN BHD,FELCRA VENTURE SRI AMAN,Not RSPO Certified,,3/31/23,1.19,111.4,"1.192789, 111.400495",MYS,Malaysia,Sarawak,Sri Aman,1-Fully Verified,,1974.08,197408.16,2074.75,5702.46,570245.67,11.54,1154.43,19.08,1908.09,19.71,1971.45,9.4,939.51,26.45,2645.46,58.99,5899.05,45.21,4520.61,45.64,4563.81,82.12,8211.6,75.3,7529.67,43.96,4396.41,72.6,7260.48,37.83,3783.33,58.87,5886.72,36.99,3699.45,40.11,4011.48,33.14,3314.43,21.79,2178.81,14.36,1435.77,11.68,1167.75,14.71,1471.05,13.6,1359.81,793.09,0.4,1180.99,0.6,2,3,3
PO1000008576,2020,UNKNOWN,AGROPALMA DE INVERSIONES,PLANTA DE BENEFICIO AGROPALMA DE INVERSIONES,RSPO Certified,"RSPO Certified, MB",3/31/23,8.39,-82.74,"8.385939, -82.741869",PAN,Panama,Chiriquí,Alanje,1-Fully Verified,,1211.48,121148.37,2589.53,4225.75,422575.2,6.27,626.94,4.36,435.51,6.09,608.67,2.84,284.13,10.59,1059.48,5.7,569.52,3.37,337.05,13.17,1316.79,41.07,4107.33,3.09,308.52,5.01,500.85,7.83,783.18,2.28,227.52,4.08,407.97,1.56,156.33,2.89,288.72,8.79,879.48,5.98,598.05,7.11,711,4.2,420.21,3.49,349.38,3.4,339.57,153.16,0.13,1058.32,0.87,1,1,3
PO1000008577,2020,IJM PLANTATIONS BERHAD,SINERGI AGRO INDUSTRI,SINERGI AGRO INDUSTRI,Not RSPO Certified,,3/31/23,0.9,118.42,"0.903945, 118.424871",IDN,Indonesia,Kalimantan Timur,Kutai Timur,1-Fully Verified,,54.28,5428.17,55.23,50.42,5042.25,0,0.36,0.03,2.7,0.05,4.59,0.06,6.12,0,0.09,0.02,2.34,0.03,3.15,0,0,0.08,8.19,0.2,19.62,5.54,554.04,10.37,1037.25,15.29,1529.46,9.81,981.09,1.79,178.74,1.42,142.29,0.28,27.72,0.04,4.14,0.08,8.46,0.04,3.96,0,0.36,0,0.18,45.15,0.83,9.13,0.17,1,5,1
PO1000008578,"2020,2019,2021",PTPN III,PERKEBUNAN NUSANTARA XIII,LONG PINANG,Not RSPO Certified,,3/31/23,-1.93,116.12,"-1.92927, 116.12431",IDN,Indonesia,Kalimantan Timur,Paser,1-Fully Verified,,695.6,69559.56,878.54,1807.48,180748.44,6.06,606.15,16.87,1687.23,4.16,415.53,12.55,1254.87,10.45,1045.44,8.75,874.8,6.65,665.37,2.83,282.51,43.61,4360.95,8.44,844.02,40.99,4098.78,34.69,3469.23,9.38,937.89,24.37,2437.38,24.58,2458.26,28.63,2863.44,11.82,1181.97,14.91,1490.94,21.47,2147.04,7.69,769.23,10.21,1020.87,5.41,540.54,354.52,0.51,341.07,0.49,3,3,3
PO1000008579,2021,MENTARI,SAKTI MAIT JAYA LANGIT,SAKTI MAIT JAYA LANGIT,Not RSPO Certified,,3/31/23,-1.95,114.18,"-1.947194, 114.176972",IDN,Indonesia,Kalimantan Tengah,Kapuas,1-Fully Verified,,7042.55,704255.04,6945.67,9468.07,946806.93,7.44,743.67,14.06,1405.53,331.53,33153.12,22.09,2208.96,30.66,3065.58,25.15,2514.69,136.71,13671.36,37.32,3732.3,144.61,14460.75,67.43,6742.62,58.63,5862.96,61.96,6195.87,48.74,4873.5,103.51,10351.26,81.6,8159.76,463.95,46395,58.84,5883.75,83.17,8316.63,118.53,11852.64,147.79,14778.63,39.36,3936.15,70.8,7080.12,2153.85,0.31,4888.7,0.69,2,2,3
PO1000008580,"2021,2020,2019",AGRINA,AGRINA SAWIT PERDANA,AGRINA SAWIT PERDANA,Not RSPO Certified,,3/31/23,0.07,110.7,"0.069911, 110.696437",IDN,Indonesia,Kalimantan Barat,Sanggau,1-Fully Verified,,316.53,31653.45,388.24,611.19,61119.27,6.88,687.6,7.44,744.3,1.91,191.16,7.5,749.52,4.65,464.85,7.45,745.11,18.91,1890.54,20.1,2010.24,11.09,1109.25,4.48,448.2,9.81,981.09,9.63,963.09,7.44,744.3,10.69,1068.75,5.72,572.4,8.5,850.5,10.58,1058.49,5.57,557.1,6.65,664.83,2.91,290.61,7.26,726.3,7.42,741.87,182.6,0.58,133.93,0.42,3,3,3
PO1000008581,"2019,2020,2021",MAKIN,ANTANG GANDA UTAMA,PANDRAN RAYA,Not RSPO Certified,,3/31/23,-1.14,115.03,"-1.1395, 115.0302",IDN,Indonesia,Kalimantan Tengah,Barito Utara,1-Fully Verified,,3761.07,376106.67,3769.84,7029.77,702976.86,38.25,3824.64,67.84,6783.84,67.61,6761.34,109.24,10924.2,89.32,8932.32,44.94,4494.42,61.56,6155.82,47.97,4797.27,39,3899.61,46.26,4626.27,32.94,3293.91,43.55,4355.37,43.35,4335.21,65.83,6583.14,40.52,4051.98,87,8699.94,29.29,2929.32,35.62,3561.57,39.29,3928.68,36.34,3634.47,17.23,1723.14,23.79,2378.7,1106.75,0.29,2654.32,0.71,2,2,3
PO1000008583,"2020,2019,2021",UNKNOWN,BUMI DAYA AGROTAMAS,BUMI DAYA AGROTAMAS,Not RSPO Certified,,3/31/23,2.58,97.85,"2.583222, 97.854167",IDN,Indonesia,Aceh,Subulussalam,1-Fully Verified,,308.1,30809.52,314.34,406.73,40673.16,0.68,68.04,0.19,18.54,0.91,91.26,1.65,164.97,1.25,125.19,4.66,466.2,2.89,289.35,15.37,1536.84,22.89,2288.52,14.03,1402.92,13.76,1376.19,21.79,2179.26,5.73,573.21,10.23,1023.3,2.69,269.46,1.98,197.82,2.9,290.43,6.34,633.78,0.91,90.81,2.89,289.17,3.05,304.65,3.44,344.43,140.24,0.46,167.85,0.54,3,3,3
PO1000008584,"2021,2020,2019",UNKNOWN,SYAUKATH AGRO,SYAUKATH AGRO,Not RSPO Certified,,3/31/23,4.58,95.7,"4.575389, 95.705",IDN,Indonesia,Aceh,Aceh Jaya,1-Fully Verified,,3.45,344.52,3.47,5.24,523.62,0,0.09,0,0.45,0,0,0.01,1.08,0.01,0.99,0,0,0,0,0.33,32.94,0.11,11.16,0.04,3.69,0.11,10.71,0.03,2.97,0.05,5.13,0.13,13.05,0.15,15.39,0.09,8.82,0.13,12.51,0.13,12.69,0.04,3.69,0.1,10.08,0.03,3.42,0.08,7.92,1.57,0.46,1.88,0.54,3,3,3
PO1000008585,"2019,2021,2020",UNKNOWN,ANUGERAH AGRO SAWIT PERKASA,ANUGERAH AGRO SAWIT PERKASA,Not RSPO Certified,,3/31/23,1.84,100.44,"1.844607, 100.444426",IDN,Indonesia,Riau,Rokan Hilir,1-Fully Verified,,263.67,26366.58,316.63,508.91,50891.22,1.54,154.17,8.14,814.23,7.33,732.6,2.72,272.43,30.75,3075.03,9.86,985.59,3.41,341.1,4.95,494.55,21.34,2134.26,20.13,2013.12,5.53,552.69,16.38,1638.36,9.69,968.94,15.25,1525.05,5.8,580.14,5.68,568.35,2.89,289.35,4.37,436.86,5.45,545.49,6.96,695.88,3.88,387.72,2.63,263.16,194.69,0.74,68.98,0.26,3,4,3
PO1000008586,2020,TORGANDA,TOR GANDA,BATANG KUMU,Not RSPO Certified,,3/31/23,1.38,100.19,"1.376721, 100.192191",IDN,Indonesia,Riau,Rokan Hulu,1-Fully Verified,,81.02,8101.89,218.21,320.13,32013.45,37.88,3788.28,10.34,1033.56,0.38,37.98,16.89,1688.76,10.95,1095.39,4.45,444.6,2.07,207.09,0.59,58.68,3.87,386.73,0.21,21.06,0.63,63.18,0.96,96.3,0.46,45.63,0.73,73.44,0.26,25.92,0.27,26.55,0.24,24.48,0.61,60.84,0.06,5.58,0.4,39.6,0.07,7.02,0.15,14.58,81.02,1,0,0,1,5,1
PO1000008587,"2020,2019,2021",AGRO INVESTAMA,TEBO INDAH,TEBO INDAH,Not RSPO Certified,,3/31/23,-1.5,102.58,"-1.500694, 102.578667",IDN,Indonesia,Jambi,Tebo,1-Fully Verified,,6.98,698.49,6.74,7.05,704.88,0.05,4.95,0,0.27,0,0,0.01,1.44,0.02,1.53,0.73,72.54,1.13,113.13,0.1,9.63,0.41,41.49,0.07,7.11,0.03,2.7,0.18,18,0.58,57.6,1.6,159.84,0.09,8.91,0.24,24.21,0.07,6.57,0.03,2.79,0.13,13.41,0.03,2.88,0.01,0.54,0.04,4.32,5.54,0.79,1.45,0.21,1,4,2
PO1000008589,"2021,2020",UNKNOWN,SUMBER SAWIT SEJAHTERA,SUMBER SAWIT SEJAHTERA,Not RSPO Certified,,3/31/23,0.25,101.98,"0.248611, 101.976667",IDN,Indonesia,Riau,Pelalawan,1-Fully Verified,,149.45,14945.22,176.6,349.29,34928.64,3.64,363.69,1.52,152.1,0.39,38.52,4.19,419.49,19.55,1955.34,3.73,373.32,14.12,1412.01,6.66,665.82,3.85,384.75,9.01,900.81,13.89,1388.88,16.7,1669.77,2.37,236.7,3.41,341.19,0.74,74.16,3.19,319.41,5.03,502.83,1.7,170.46,0.68,68.22,2.27,226.89,1.85,185.04,3.14,313.74,121.63,0.81,27.82,0.19,3,5,3
PO1000008590,2020,UNKNOWN,3F OIL PALM AGROTECH,3F OIL PALM AGROTECH,Not RSPO Certified,,3/31/23,17,81.47,"17.00352, 81.46973",IND,India,Andhra Pradesh,West Godavari,1-Fully Verified,,303.35,30334.86,3804.77,7447.18,744718.05,0.02,1.53,0.02,2.16,0.11,11.16,0.1,10.17,0.19,18.72,0.2,19.98,0.14,14.31,0.25,25.2,0.23,22.77,0.12,12.06,0.4,39.78,0.31,30.6,1.16,116.46,0.68,68.31,0.9,90.18,0.68,67.59,0.53,52.83,0.47,46.53,1.45,145.17,0.34,33.57,0.11,11.25,0.29,28.98,8.69,0.03,294.66,0.97,1,1,3
PO1000008591,2020,MUSIRAWAS,UNI PRIMACOM,UNI PRIMACOM PKS 1,Not RSPO Certified,,3/31/23,-1.94,112.73,"-1.943668, 112.728811",IDN,Indonesia,Kalimantan Tengah,Kotawaringin Timur,1-Fully Verified,,98.2,9819.99,170.93,305.09,30509.37,0.39,38.61,0.5,49.86,0.36,36.09,30.94,3094.47,1.77,176.85,1.74,173.52,4.34,434.16,5.57,556.65,3.35,334.89,2.27,227.43,1.26,125.64,1.25,125.46,0.49,48.87,1.44,143.82,1.83,182.79,2.09,208.62,0.46,45.9,0.95,94.59,0.63,62.64,1.02,101.79,0.64,64.17,1.38,138.15,64.65,0.66,33.55,0.34,3,4,3
PO1000008596,"2020,2019",UNKNOWN,WAIMUSI AGRO INDAH,WAIMUSI AGRO INDAH,Not RSPO Certified,,3/31/23,-3.67,105.07,"-3.671662, 105.067917",IDN,Indonesia,Sumatera Selatan,Ogan Komering Ilir,1-Fully Verified,,39.27,3926.52,57.68,112.65,11265.3,0.82,81.9,0.51,51.03,0.43,42.66,1.55,155.07,0.15,14.58,0.1,9.9,1.29,129.33,0.71,71.37,1.69,168.66,0.13,13.32,1.85,185.49,3.23,322.65,0.42,42.48,0.68,68.13,0.06,5.94,0.15,15.48,2.27,227.07,1.97,197.28,1.53,152.82,0.88,88.38,3.97,396.99,11.55,1154.97,35.96,0.92,3.31,0.08,5,5,5
PO1000008599,"2019,2020,2021",CARGILL,ANDES AGRO INVESTAMA,SEI KERANDI,RSPO Certified,"RSPO Certified, MB",3/31/23,-2.31,110.43,"-2.31245800, 110.428241",IDN,Indonesia,Kalimantan Barat,Ketapang,1-Fully Verified,,747.04,74703.87,925.8,1947.22,194722.47,1.97,197.19,4.15,415.17,0.85,85.32,2.84,284.22,1.6,160.11,17.6,1759.5,33.28,3327.75,3.57,357.21,36.23,3623.22,16.72,1671.66,70.66,7066.08,36.51,3651.12,23.4,2340.18,48.84,4883.85,71.94,7194.06,34.38,3437.82,19.63,1962.72,8.63,863.01,18.97,1897.29,5.31,531.27,1.46,146.16,4.31,430.83,462.86,0.62,284.18,0.38,2,3,2
PO1000008601,"2021,2020",FORTIUS CORP,FORTIUS WAJO PERKEBUNAN,FORTIUS WAJO PERKEBUNAN,Not RSPO Certified,,3/31/23,-1.05,102.91,"-1.050972, 102.9062",IDN,Indonesia,Jambi,Tanjung Jabung B,1-Fully Verified,,73.92,7392.33,89.13,126.39,12638.88,1.23,123.39,0.32,32.04,8.71,870.66,13.55,1354.59,0.77,77.13,1.74,173.97,1.84,183.69,4.09,408.69,4.74,474.21,1.69,169.38,1.04,104.04,5.8,580.23,1.83,182.88,1.82,181.89,1.95,195.12,2.26,225.99,1.94,193.59,1.06,105.84,0.72,72.36,0.48,48.33,0.38,38.43,0.5,49.77,58.46,0.79,15.46,0.21,2,4,2
PO1000008604,2020,SRIWIJAYA PALM OIL,CIPTA LESTARI SAWIT,CIPTA LESTARI SAWIT,Not RSPO Certified,,3/31/23,-2.65,104.53,"-2.650019, 104.529915",IDN,Indonesia,Sumatera Selatan,Banyu Asin,1-Fully Verified,,532.25,53224.74,848.44,1258.47,125847.45,3.93,393.39,6.06,605.7,3.53,352.62,3.62,362.43,1.98,198.18,10.15,1014.66,17.41,1741.41,5.59,558.72,11.92,1191.78,18.48,1847.7,29.93,2993.13,96.16,9615.69,20.72,2072.43,28.53,2853.18,44.08,4407.84,48.13,4813.02,19.99,1998.81,9.73,973.44,13.76,1376.19,21.94,2194.29,18.92,1891.62,7.77,776.7,442.33,0.83,89.92,0.17,4,5,3
PO1000008605,"2020,2021,2019",UNKNOWN,MUTIARA SAWIT SEMESTA,MUTIARA SAWIT SEMESTA,Not RSPO Certified,,3/31/23,-1.61,102.86,"-1.607917, 102.863222",IDN,Indonesia,Jambi,Batang Hari,1-Fully Verified,,257.06,25706.34,306.06,369.22,36922.05,1.77,176.85,4.27,427.05,1.44,143.55,7.14,713.97,6.24,624.24,14.78,1478.34,9.49,948.6,11.76,1176.03,15.86,1586.07,4.16,416.34,7.82,781.56,22.95,2295.18,5.01,501.12,7.23,723.24,5,500.13,8.8,880.29,8.8,879.66,8.16,816.39,5.38,538.11,2.31,230.76,3.73,373.41,5.96,595.98,168.07,0.65,88.99,0.35,3,4,3
PO1000008606,"2020,2021,2019",UNKNOWN,AGRO MEKAR LESTARI,AGRO MEKAR LESTARI,Not RSPO Certified,,3/31/23,0.83,103.38,"0.829467, 103.376017",IDN,Indonesia,Kepulauan Riau,Karimun,1-Fully Verified,,875.46,87546.15,1143.51,6218.67,621866.88,4.57,456.75,15.1,1509.75,2.67,266.76,2.86,285.66,26.05,2605.32,6.95,695.07,8.51,851.4,6.2,620.19,17.74,1773.99,32.28,3228.21,34.33,3433.14,20.72,2071.53,6.25,625.14,63.52,6352.2,23.09,2309.22,23.27,2327.31,13.45,1345.32,16.35,1635.03,16.17,1616.76,19.5,1950.3,13.59,1359.27,6.34,634.32,379.53,0.43,495.94,0.57,3,3,3
PO1000008607,"2020,2021",SRIWIJAYA PALM OIL,SELATAN AGRO MAKMUR LESTARI,SAML,Not RSPO Certified,,3/31/23,-2.69,105.22,"-2.690647, 105.219822",IDN,Indonesia,Sumatera Selatan,Ogan Komering Ilir,1-Fully Verified,,2239.93,223993.26,3239.25,3001.91,300190.68,1.39,138.96,33.22,3322.35,4.63,462.96,27.9,2790.09,39.88,3988.44,320.09,32008.59,365.82,36582.39,222.29,22228.92,101.78,10178.46,42.17,4217.49,32.56,3255.84,238.37,23836.95,55.61,5561.19,86.42,8641.53,169.78,16978.32,308.75,30875.49,65.46,6545.88,39.82,3982.14,42.85,4285.26,45.87,4587.39,55.92,5591.88,37.78,3777.75,2239.93,1,0,0,3,5,1
PO1000008608,"2021,2020,2019",UNKNOWN,PERMATA SUBUR LESTARI,PERMATA SUBUR LESTARI,Not RSPO Certified,,3/31/23,0.03,111.43,"0.027861, 111.433417",IDN,Indonesia,Kalimantan Barat,Sintang,1-Fully Verified,,642.23,64223.01,835.39,1939.65,193964.85,6.08,607.86,10.33,1032.84,5.15,514.89,9.29,928.8,11.58,1157.85,16.6,1660.14,15.37,1537.29,32.98,3298.23,16.22,1621.62,23.7,2369.97,17.78,1777.68,30.19,3019.41,25.05,2504.88,22.76,2275.74,24.76,2475.72,31.4,3139.65,13.18,1318.23,18.79,1879.2,9.54,953.64,13.02,1302.03,6.44,643.95,10.29,1028.97,370.49,0.58,271.74,0.42,3,3,3
PO1000008609,"2020,2019",BUMITAMA GUNAJAYA AGRO (BGA),BUMITAMA GUNAJAYA ABADI,LAMANDAU,Not RSPO Certified,,3/31/23,-2.51,111.36,"-2.505465, 111.360135",IDN,Indonesia,Kalimantan Tengah,Kotawaringin Barat,1-Fully Verified,,635.1,63510.3,689,1323.65,132364.98,20.66,2065.59,16.75,1674.54,10.24,1024.29,11.09,1108.71,11.05,1105.47,53.39,5339.07,11.77,1176.66,12.4,1240.29,30.89,3088.62,8.2,820.17,10.22,1021.5,23.43,2343.24,16.94,1693.53,20.24,2024.1,9.75,975.15,16.35,1635.03,4.53,452.79,5.34,534.42,2.83,282.78,5.93,592.83,4.03,402.57,8.7,869.67,314.71,0.5,320.39,0.5,3,3,3
PO1000008611,"2019,2020,2021",UNKNOWN,HUTAN ALAM LESTARI,HUTAN ALAM LESTARI,Not RSPO Certified,,3/31/23,-1.61,103.34,"-1.610917, 103.342417",IDN,Indonesia,Jambi,Batang Hari,1-Fully Verified,,394.14,39414.33,473.8,894.83,89483.04,2.61,260.91,5.44,543.78,0.93,92.61,10.43,1043.28,8.8,880.38,10.92,1091.52,20.3,2029.77,18.48,1848.33,19.23,1923.21,0,0,7.34,734.4,20.27,2026.89,3.62,362.07,9.79,978.66,11.39,1138.86,18.53,1852.56,12.09,1209.33,9.44,943.56,5.62,561.78,7.46,745.56,9.11,911.25,9.5,949.68,221.28,0.56,172.86,0.44,3,3,3
PO1000008613,"2021,2020",CANDI MAS,CANDI ARTHA,CANDI ARTHA,Not RSPO Certified,,3/31/23,-3.94,114.82,"-3.94174, 114.816068",IDN,Indonesia,Kalimantan Selatan,Tanah Laut,1-Fully Verified,,232.92,23292.09,811.18,1259.35,125935.47,1.69,169.11,7.98,797.58,2.75,274.95,5.77,576.54,2.29,229.14,12.71,1271.16,1.93,193.05,0.49,49.32,5.36,535.5,13.9,1389.87,8.01,800.82,20.74,2074.23,3.75,375.3,14.43,1442.7,11.16,1116.27,10.24,1024.11,5.14,514.44,5.56,555.57,8.58,857.88,3.51,351.09,5.75,574.65,3.77,376.65,155.5,0.67,77.42,0.33,3,4,3
PO1000008615,2020,DARMEX AGRO,JOHAN SENTOSA,BANGKINANG,Not RSPO Certified,,3/31/23,0.43,100.92,"0.428061, 100.921631",IDN,Indonesia,Riau,Kampar,1-Fully Verified,,113.43,11343.24,160.77,294.72,29471.67,3.87,387.27,4.6,459.9,0.4,39.69,2.96,296.19,8.79,879.21,5.46,546.39,3.64,363.69,1.68,167.67,1.39,139.23,1.33,133.47,1.23,122.76,2.65,265.32,0.29,29.16,0.31,30.96,0.52,52.38,1.24,123.93,1.46,145.53,1.46,146.34,1.34,133.92,1.95,194.67,4.22,422.28,1.79,178.92,52.59,0.46,60.84,0.54,4,3,4
PO1000008616,"2020,2019,2021",SINAR JAYA AGRO INVESTAMA (SJAI),KARYA SAWITINDO MAS,KARYA SAWITINDO MAS,Not RSPO Certified,,3/31/23,-2.46,101.12,"-2.461505, 101.123821",IDN,Indonesia,Bengkulu,Mukomuko,1-Fully Verified,TANJUNG ALAI,160.82,16082.1,280.49,604.31,60431.49,6.08,607.86,5.87,587.43,4.13,413.28,8.19,818.91,2.77,277.02,5.2,520.02,17.91,1790.55,8.48,848.25,6.72,671.67,4.74,473.85,9.38,937.8,4.54,454.5,1.04,104.49,3.47,346.77,1.61,160.74,4.94,494.28,6.59,659.16,5.16,515.97,3.5,350.37,4.54,454.23,3.47,346.68,3.11,311.04,121.45,0.76,39.37,0.24,3,4,3
PO1000008618,"2020,2021,2019",UNKNOWN,PERSADA ALAM JAYA,PERSADA ALAM JAYA,Not RSPO Certified,,3/31/23,-1.04,102.89,"-1.043886, 102.887223",IDN,Indonesia,Jambi,Tanjung Jabung B,1-Fully Verified,,669.93,66992.85,728.94,2745.85,274585.14,31.13,3112.83,15.95,1594.53,14.4,1440,46.95,4695.03,18.4,1840.5,32.65,3265.2,35.31,3530.52,64.84,6484.5,40.66,4065.57,10.03,1002.69,5.75,574.83,41.72,4171.77,23.53,2352.6,22.82,2281.86,25.48,2547.9,29.74,2974.5,22.56,2256.12,11.08,1107.72,9.02,901.8,9.35,934.74,6.42,642.33,7.26,725.76,525.03,0.78,144.9,0.22,3,4,2
PO1000008620,"2019,2020",JHONLIN,PRADIKSI GUNATAMA,PRADIKSI GUNATAMA,Not RSPO Certified,,3/31/23,-2.18,116.21,"-2.180506, 116.209275",IDN,Indonesia,Kalimantan Timur,Paser,1-Fully Verified,,235.81,23581.44,277.5,355.39,35539.47,7.28,727.74,10.46,1045.89,2.36,236.16,26.45,2644.92,37.57,3757.41,28.42,2842.29,0.85,84.6,1.43,143.01,22.92,2291.85,0.81,81.45,5.05,504.54,6.81,681.12,4.97,496.98,5.74,573.93,5.81,581.13,5.91,590.85,1.62,162,2.28,228.24,1.54,153.9,3.07,307.44,1.89,189.45,0.89,88.65,184.14,0.78,51.68,0.22,2,4,2
PO1000008622,"2020,2019",DARMEX AGRO,MEKAR SARI ALAM LESTARI,MEKAR SARI ALAM LESTARI,Not RSPO Certified,,3/31/23,0.12,102.34,"0.121459, 102.337708",IDN,Indonesia,Riau,Pelalawan,1-Fully Verified,,53.03,5303.16,47.34,42.31,4230.81,0.1,9.99,0.02,1.71,0,0,6.81,681.3,4,399.78,0.21,20.79,7.47,746.64,10.83,1082.97,2.73,272.97,1.6,159.93,3.14,314.28,12.26,1225.53,0.12,11.97,0.1,9.63,0.09,8.64,0.21,21.33,0.1,10.44,0.01,1.26,0.28,27.72,0.3,30.42,0.21,20.7,0.01,0.9,50.59,0.95,2.44,0.05,1,5,1
PO1000008623,2020,WINGS AGRO,GAWI MAKMUR KALIMANTAN,PKS PASER,RSPO Certified,"RSPO Certified, MB",3/31/23,-1.44,116.4,"-1.439331, 116.399383",IDN,Indonesia,Kalimantan Timur,Penajam Paser Utara,1-Fully Verified,,581.62,58162.32,739.15,1802.03,180202.95,6.79,679.32,4.58,458.01,3.4,340.11,6.96,696.06,8.3,830.25,21.99,2198.61,6.13,613.44,21.6,2159.64,36.81,3680.91,49.45,4945.05,65.35,6534.9,45.08,4508.19,17.6,1760.31,29.24,2923.74,14.74,1474.2,13.5,1349.55,8.74,874.17,29.26,2926.17,13.71,1371.24,3.35,334.62,2.08,208.08,2.44,244.08,411.11,0.71,170.52,0.29,2,4,2
PO1000008627,2020,UNKNOWN,COOPEAGROPAL R.L.,COOPEAGROPAL LA GUARIA,Not RSPO Certified,,3/31/23,9.98,-84.28,"9.982096, -84.275093",CRI,Costa Rica,Alajuela,Alajuela,2-High Confidence,,4721.41,472141.44,6464.11,9329.99,932999.13,30.41,3041.19,39.64,3963.51,4.89,488.7,10.55,1055.16,17.84,1783.53,15.19,1519.2,11.19,1119.42,30.14,3014.01,27.6,2759.76,9.68,967.86,7.48,748.08,15.58,1557.72,3.08,307.8,6.08,608.04,2.48,248.13,5.82,581.67,10.52,1052.19,15.81,1580.67,13.17,1317.15,7.75,774.81,7.78,777.69,6.19,619.38,298.86,0.06,4422.56,0.94,1,1,3
PO1000008630,"2021,2020,2019",UNKNOWN,"SIAM MODREN PALM CO,. LTD","SIAM MODERN PALM CO,. LTD",Not RSPO Certified,,3/31/23,8.51,98.69,"8.513202, 98.694709",THA,Thailand,Krabi,Ao Luk,1-Fully Verified,,2570.29,257028.84,2919.16,6093.72,609372.18,7.97,797.31,15.58,1558.17,17.47,1746.72,42.32,4232.07,48.14,4813.92,23.53,2352.87,52.42,5241.6,20.43,2042.91,59.98,5998.23,34.84,3483.54,26.68,2668.5,21.56,2155.77,34.92,3491.91,49.6,4959.63,44.69,4469.49,51.4,5140.35,61.4,6140.34,39.24,3924.45,34.04,3403.53,30.51,3050.64,34.64,3464.37,30.07,3007.26,781.44,0.3,1788.85,0.7,3,2,3
PO1000008636,"2019,2020,2021",UNKNOWN,BUKIT SAWIT SEMESTA,BUKIT SAWIT SEMESTA,Not RSPO Certified,,3/31/23,-0.34,99.96,"-0.344148, 99.961593",IDN,Indonesia,Sumatera Barat,Agam,1-Fully Verified,,1405.94,140594.13,1764.8,3705.42,370541.61,1.96,196.11,2.57,257.49,1.4,139.5,2.28,228.06,7.37,737.1,5.85,584.64,6.38,637.74,9.89,988.92,11.38,1137.69,11.46,1145.79,10.28,1028.16,7.1,710.01,3.47,347.22,6.79,678.96,2.38,237.51,9.06,906.21,9.77,976.68,8.15,814.77,6.7,669.87,7.52,752.31,7.13,713.16,9.24,924.21,148.12,0.11,1257.82,0.89,2,1,3
PO1000008637,2020,UNKNOWN,UNITED FLEET PALMS,FLEET PALMS,Not RSPO Certified,,3/31/23,9.22,99.14,"9.224699, 99.13747",MYS,Malaysia,Pulau Pinang,Seberang Perai Selatan,2-High Confidence,,103.02,10302.12,220.91,360.43,36043.02,2.11,210.69,1.63,163.35,1.97,197.19,2.71,270.99,3.72,371.61,2.53,252.54,1.1,109.89,3.32,332.01,1.72,172.35,3.37,336.6,2.01,201.06,2.07,206.82,2.55,254.52,3.65,364.86,5.02,501.66,7.16,716.13,12.27,1227.33,5.68,568.26,4.73,473.22,3.99,398.7,11.37,1136.61,4.65,464.67,89.31,0.87,13.71,0.13,5,5,4
PO1000008641,"2020,2021",KUALA LUMPUR KEPONG (KLK),PT LANGKAT NUSANTARA KEPONG,TANJUNG KELILING PALM OIL MILL,RSPO Certified,"RSPO Certified, IP, MB",3/31/23,3.51,98.31,"3.511241, 98.305888",IDN,Indonesia,Sumatera Utara,Langkat,1-Fully Verified,FAJAR AGRO SAWIT,53.48,5348.25,58.66,110.62,11061.99,0.61,61.02,0.69,69.21,0.09,8.73,0.51,50.67,0.11,10.53,0.31,30.78,0.14,14.4,0.37,37.08,0.3,30.06,0.33,33.39,2.64,264.15,0.44,44.28,0.07,7.11,1.74,173.79,0.09,8.82,2.47,247.41,0.58,57.69,0.64,64.08,0.54,54.27,1.1,110.16,0.57,56.61,0.32,31.77,14.66,0.27,38.82,0.73,2,2,3
PO1000008645,2020,UNKNOWN,INDUSTRIAS PALM OLEO,INDUSTRIAS PALM OLEO S.A.C.,Not RSPO Certified,,3/31/23,-8.41,-74.63,"-8.405472, -74.633503",PER,Peru,Ucayali,Coronel Portillo,1-Fully Verified,,4505.14,450514.08,4731.07,7385.94,738594,18.09,1808.64,22.58,2257.65,15.46,1546.47,14.3,1430.1,82.83,8283.24,39.63,3962.52,18.48,1848.42,40.02,4001.67,66.21,6621.12,29.58,2958.39,53.29,5328.63,68.44,6844.32,41.54,4153.59,44.77,4477.23,35.69,3569.31,65.84,6584.31,108.91,10890.81,35.71,3570.93,50.53,5053.14,63.66,6366.24,64.53,6452.82,93.05,9304.56,1073.14,0.24,3432,0.76,3,1,4
PO1000008646,2020,GRUPO PALMAS / PALMAS DEL ESPINO,INDUSTRIAS DEL ESPINO S.A.,EXTRACTORA NUEVO HORIZONTE,Not RSPO Certified,,3/31/23,-8.1,-76.6,"-8.099319, -76.600963",PER,Peru,San Martín,Tocache,1-Fully Verified,,3947.17,394717.41,3708.59,6296,629599.95,9.78,977.58,7.11,711.45,4.03,403.29,4.98,498.42,17.77,1777.5,7.49,748.71,13.76,1376.1,8.13,812.88,20.47,2046.78,17.59,1758.87,7.55,755.01,22.47,2246.58,15.6,1560.15,16.11,1611.27,16.64,1663.65,20.59,2059.47,15.19,1519.11,22.15,2214.63,24.4,2439.99,22.52,2251.98,13.14,1314.18,12.57,1256.67,320.04,0.08,3627.13,0.92,1,1,3
PO1000008654,"2020,2019,2021",DHARMA SATYA NUSANTARA (DSN),DEWATA SAWIT NUSANTARA,DEWATA SAWIT NUSANTARA PKS 6,RSPO Certified,"RSPO Certified, IP",3/31/23,1.28,116.78,"1.282664, 116.782315",IDN,Indonesia,Kalimantan Timur,Kutai Timur,1-Fully Verified,,104.43,10442.52,110.11,231.71,23171.13,0.93,92.7,0.91,90.81,0.3,30.33,0.59,58.95,0.81,81.45,3.79,378.63,9.83,983.34,10.46,1046.43,11.56,1156.05,8.44,844.29,2.94,294.39,0.3,29.97,1.29,128.61,1.84,184.5,10.83,1082.79,4.33,432.9,2.18,218.16,0.97,96.84,0.51,51.3,1.06,106.02,0.77,77.22,0.27,26.55,74.92,0.72,29.5,0.28,2,4,2
PO1000008656,2021,UNKNOWN,SENTOSA KALIMANTAN JAYA,SENTOSA KALIMANTAN JAYA,Not RSPO Certified,,3/31/23,2.34,118.06,"2.340188, 118.061892",IDN,Indonesia,Kalimantan Timur,Berau,1-Fully Verified,,1331,133100.46,1338.17,2935.94,293594.4,14.26,1426.5,10.25,1025.1,12.7,1269.54,13.71,1370.52,6.75,675.18,3.28,327.51,4.18,417.96,0.94,93.78,5.72,571.77,12.32,1232.46,32.45,3244.77,56.16,5616.36,14.04,1403.82,36.89,3688.74,48.27,4827.42,84.74,8474.13,28.42,2841.66,31.95,3194.82,15.61,1561.41,23.96,2395.53,33.76,3376.08,34.2,3419.82,524.55,0.39,806.46,0.61,4,3,4
PO1000008658,"2020,2021,2019",SAMPOERNA AGRO,LANANG AGRO BERSATU,LANANG AGRO BERSATU,Not RSPO Certified,,3/31/23,-1.21,110.52,"-1.21353800, 110.52338",IDN,Indonesia,Kalimantan Barat,Ketapang,2-High Confidence,,2906.03,290603.25,2726.68,6166.62,616661.55,12.47,1247.04,9.47,946.98,3.62,361.62,19.04,1904.04,14.04,1404.27,12.61,1261.26,6.4,639.72,22.35,2235.15,45.06,4506.3,14.6,1460.07,30.38,3037.5,63.18,6318.27,49.71,4971.42,71.59,7159.32,65.62,6562.08,68.76,6876.36,29.61,2960.91,37.69,3769.02,44.08,4407.93,51.32,5132.07,23.1,2309.67,51.65,5164.65,746.36,0.26,2159.68,0.74,3,2,3
PO1000008659,2020,ASTRA AGRO LESTARI,KARYANUSA EKADAYA,KARYANUSA EKA DAYA 2,Not RSPO Certified,,3/31/23,0.91,116.73,"0.912337, 116.734274",IDN,Indonesia,Kalimantan Timur,Kutai Timur,1-Fully Verified,,1618.1,161810.19,1559.53,4496,449600.04,2.15,214.74,4.47,446.94,2.77,277.11,17.92,1792.17,11.74,1174.14,15.24,1523.97,11.65,1165.23,15.56,1556.37,37.45,3745.26,10.96,1096.47,5.36,536.4,9.58,957.78,11.41,1140.66,30.31,3030.75,13.72,1371.69,20,1999.71,6.16,615.78,5.14,513.72,6.65,665.37,4.19,419.04,6.48,648.27,5.78,578.25,254.7,0.16,1363.4,0.84,2,1,3
PO1000008664,"2020,2019",DARMEX AGRO,WANA JINGGA TIMUR,BASERAH,Not RSPO Certified,,3/31/23,-0.45,101.88,"-0.454767, 101.879938",IDN,Indonesia,Riau,Kuantan Singingi,1-Fully Verified,,251.15,25115.4,275.01,622.96,62295.57,21.21,2120.67,10.07,1007.1,2.57,256.86,12.69,1268.82,9.08,907.83,0.01,0.81,4.55,454.59,13.88,1388.34,1.79,179.46,9.18,917.73,6.27,627.12,29.56,2955.6,19.32,1931.58,15.6,1559.79,12.62,1261.89,20.33,2033.28,5.77,577.44,5.07,506.79,4.47,446.94,3.47,346.86,6.38,638.01,20.62,2062.44,234.5,0.93,16.65,0.07,5,5,3
PO1000009014,2020,DARMEX AGRO,KENCANA AMAL TANI,KENCANA AMAL TANI,Not RSPO Certified,,3/31/23,-0.64,102.49,"-0.639241, 102.492935",IDN,Indonesia,Riau,Indragiri Hulu,1-Fully Verified,SEBERIDA,14.46,1446.21,33.99,45.97,4597.2,0.11,10.71,0.15,15.21,0.01,0.54,0.01,1.17,0.05,4.77,0,0.09,0.01,0.54,0,0.18,0,0,0.1,9.72,0.01,1.44,0.01,0.54,0,0.27,0.03,2.61,0.02,1.71,0,0,0.01,1.26,0,0.36,9.45,945,0.2,19.71,1.62,161.82,0.77,76.59,12.54,0.87,1.92,0.13,5,5,4
PO1000009015,2020,INCASI RAYA (GUNAS),BINA PRATAMA SAKOTO JAYA,KILIRAN JAO,Not RSPO Certified,,3/31/23,-0.86,101.45,"-0.864854, 101.445628",IDN,Indonesia,Sumatera Barat,Dharmasraya,1-Fully Verified,,1039.27,103926.6,1073.97,2765.44,276544.26,11.68,1167.84,5.94,594.09,2.32,231.93,8.89,889.02,8.06,805.68,12.39,1239.21,13.94,1393.83,20.54,2053.89,17.39,1739.16,12.34,1234.17,10.85,1085.31,22.07,2207.43,16.61,1660.86,19.08,1908.45,19.3,1930.14,28.67,2867.31,31.08,3108.15,20.74,2073.87,21.8,2179.89,23.58,2358,27.17,2717.1,25.46,2546.01,379.91,0.37,659.35,0.63,4,3,4
PO1000009018,2020,UNKNOWN,COMPANIA GRUIMASEL S.A.,GRUIMASEL,Not RSPO Certified,,3/31/23,0.33,-79.27,"0.326871, -79.2739",ECU,Ecuador,Esmeraldas,Quinindé,1-Fully Verified,,10.45,1045.44,11.39,29.5,2949.75,0.26,26.1,0.46,46.35,0,0,0.02,2.34,0.07,7.29,0.09,8.55,0.05,4.95,0.07,7.02,0.4,40.5,0,0,0.11,10.71,0.18,18.18,0.01,0.81,0.01,0.99,0,0,0.05,4.59,0.12,11.79,0,0,0,0,0.03,3.15,0,0.09,0.01,0.99,1.94,0.19,8.51,0.81,1,1,3
PO1000009019,"2020,2019,2021",TENERA LESTARI,ENSEM SAWITA,ENSEM SAWITA,Not RSPO Certified,,3/31/23,4.57,97.92,"4.566009, 97.9166",IDN,Indonesia,Aceh,Aceh Timur,1-Fully Verified,,197.75,19775.34,309.03,678.87,67886.73,0.49,48.69,1.08,107.55,0.65,65.07,1.3,129.51,0.79,78.57,0.54,53.73,0.89,89.37,1.69,169.29,5.35,535.32,7.39,739.26,4.03,403.29,5.63,563.22,3.95,395.19,4.48,447.66,4.99,499.41,10.07,1007.1,9.22,921.6,7.47,746.91,2.9,290.25,2.07,207.09,2.76,276.48,1.82,181.62,79.56,0.4,118.19,0.6,3,3,3
PO1000009020,"2020,2019",UNKNOWN,MULIA TANI JAYA,MULIA TANI JAYA,Not RSPO Certified,,3/31/23,3.87,98.35,"3.8665, 98.3549",IDN,Indonesia,Sumatera Utara,Langkat,1-Fully Verified,,20.72,2071.71,38.46,66.82,6682.14,0.06,6.39,0.36,36.36,0.32,32.4,0.04,4.14,0.04,3.51,0.15,15.3,0.06,5.58,0.01,1.08,0.77,77.22,0.39,39.33,0.11,10.8,0.35,34.83,0.51,50.85,0.43,42.57,0.12,12.24,0.98,97.92,0.51,50.94,0.58,58.41,1.07,107.01,0.13,12.69,0.25,24.84,1.36,135.81,8.6,0.42,12.11,0.58,5,3,4
PO1000009021,"2021,2020",AMARA PLANTATION,KHARISMA ALAM PERSADA,KHARISMA ALAM PERSADA,Not RSPO Certified,,3/31/23,-2.93,114.95,"-2.9288 , 114.9514",IDN,Indonesia,Kalimantan Selatan,Tapin,1-Fully Verified,,939.47,93947.49,1634.34,2755.78,275578.02,3.68,367.65,4.22,422.28,4.17,416.7,8.72,872.19,5.15,515.34,13.03,1303.47,13.22,1321.74,7.34,734.4,25.53,2553.12,6.62,662.22,13.51,1351.26,15.65,1565.19,7.23,723.42,33.52,3352.14,17.39,1738.98,17.03,1703.43,13.95,1394.82,16.62,1662.3,21.5,2149.65,6.92,691.65,10.34,1033.56,8.48,848.34,273.84,0.29,665.64,0.71,3,2,3
PO1000009022,2020,MUSIRAWAS,UNI PRIMACOM,UNI PRIMACOM PKS 2,Not RSPO Certified,,3/31/23,-1.86,112.72,"-1.860408333, 112.7212972",IDN,Indonesia,Kalimantan Tengah,Kotawaringin Timur,1-Fully Verified,,193.38,19338.39,222.29,462.69,46269.09,0.93,93.06,1.85,185.49,0.18,18.27,4.47,446.58,5.46,546.21,19.45,1944.99,5.29,529.2,21.85,2184.57,16.36,1635.66,14.42,1441.98,4.89,488.61,13.45,1345.05,4.7,469.71,9.5,950.49,3.55,354.96,3.63,362.79,1.68,168.3,3.4,340.2,7.92,791.64,2.55,254.7,2.03,203.13,6.13,613.08,153.69,0.79,39.7,0.21,3,4,3
PO1000009024,2021,KWANTAS CORPORATION BERHAD,KWANTAS OIL SDN BHD,PINTASAN,Not RSPO Certified,,3/31/23,5.23,117.72,"5.229215, 117.7169",MYS,Malaysia,Sabah,Kinabatangan,1-Fully Verified,,406.1,40609.53,406.84,696.73,69673.32,17.61,1760.67,7.97,796.86,6.05,604.71,8.67,867.24,1.94,193.68,0.7,70.02,0.74,73.62,0.63,62.64,0.58,58.41,1.7,169.56,0.24,24.12,0.11,10.98,0.65,64.71,8.28,827.64,5.1,510.03,3.13,313.2,3.96,395.55,3.99,398.52,3.88,387.63,6.39,639.27,7.17,717.21,11.62,1162.17,101.08,0.25,305.01,0.75,3,1,4
PO1000009027,2020,UNKNOWN,AGRI MITRA KARYA,AGRI MITRA KARYA,Not RSPO Certified,,3/31/23,-2.65,101.29,"-2.645911, 101.289778",IDN,Indonesia,Bengkulu,Mukomuko,1-Fully Verified,MUKO-MUKO INDAH LESTARI,12.28,1228.41,19.89,38.67,3867.39,0.15,14.58,0.07,6.93,0.06,6.12,0.24,24.39,0.05,4.86,0.02,2.43,0.06,5.67,0,0.18,0.04,4.05,0.01,1.44,0.02,1.71,0.04,3.78,0,0.18,0.02,1.62,0.04,3.51,0.15,15.21,0.06,6.21,0.25,25.47,0.1,10.35,0.22,21.96,0.13,13.05,0.12,11.61,1.85,0.15,10.43,0.85,3,1,3
PO1000009068,"2020,2019,2021",CARGILL,HINDOLI,TANJUNG DALAM,RSPO Certified,"RSPO Certified, MB",3/31/23,-2.55,103.94,"-2.549600, 103.944000",IDN,Indonesia,Sumatera Selatan,Musi Banyuasin,2-High Confidence,,203.54,20354.22,292.12,440.17,44017.02,9.51,951.39,6.52,651.51,2.83,283.14,7.56,755.55,4.02,401.67,6.56,656.01,3.58,358.47,7.99,799.11,4.46,445.86,2.64,263.88,3.06,306.18,10.7,1070.46,2.71,270.9,6.33,632.7,3.29,328.95,4.37,437.31,3.63,362.52,35.36,3535.74,20.76,2075.67,31.99,3199.23,3.15,315.45,4.1,410.4,185.12,0.91,18.42,0.09,3,5,2
PO1000009211,"2021,2020,2019",BUMITAMA GUNAJAYA AGRO (BGA),WINDU NABATINDO ABADI,SUNGAI CEMPAGA,RSPO Certified,"RSPO Certified, MB",3/31/23,-1.8,112.99,"-1.79800, 112.98541",IDN,Indonesia,Kalimantan Tengah,Kotawaringin Timur,2-High Confidence,NABATINDO KARYA UTAMA,97.38,9738.27,103.28,161.22,16121.61,0.11,10.53,0.41,41.04,0.02,2.43,0.16,15.66,0.04,3.78,12.74,1274.31,26.6,2660.49,19.3,1930.41,8.53,853.29,3.54,354.33,0.45,44.91,2.47,247.32,3.75,375.21,6.63,663.3,1.26,126.27,0.68,67.68,0.18,18.09,0.03,2.52,0.08,7.83,0.03,3.24,0.11,11.25,0.45,45,87.59,0.9,9.79,0.1,1,5,1
PO1000009355,2020,UNKNOWN,MUTIARA SAWIT LESTARI,MUTIARA SAWIT LESTARI,Not RSPO Certified,,3/31/23,4.83,97.84,"4.8285, 97.839944",IDN,Indonesia,Aceh,Aceh Timur,1-Fully Verified,,227.12,22712.31,510.83,1052.15,105214.68,1.22,122.31,1.47,146.61,0.18,17.91,0.73,72.54,1.4,140.31,0.4,39.51,0.69,68.94,0.86,85.68,3.59,359.1,4.83,483.21,4.27,427.32,8.29,828.9,4.92,492.03,15.92,1591.74,5.63,563.4,4.12,411.75,2.74,274.14,9.88,988.29,3.23,323.01,3.36,336.42,3.33,333.09,1.64,163.71,82.7,0.36,144.42,0.64,3,3,3
PO1000009356,"2020,2019,2021",SINAR MAS,KRESNA DUTA AGROINDO,RANTAU PANJANG,Not RSPO Certified,,3/31/23,0.97,116.83,"0.97045, 116.828096",IDN,Indonesia,Kalimantan Timur,Kutai Timur,1-Fully Verified,,91.01,9100.98,114.98,128.74,12873.69,0.37,37.17,0.89,88.74,0.42,41.76,3.12,312.21,1.03,103.05,30.67,3066.75,19.79,1978.92,6.18,618.03,7.46,746.37,2.97,297.18,5.64,564.03,0.7,70.38,1,99.72,2.32,232.47,1.28,128.07,3,299.97,0.37,36.81,0.32,31.95,0.56,55.62,0.3,29.88,0.25,24.93,0.14,13.68,88.78,0.98,2.23,0.02,1,5,1
PO1000009357,2020,SOCFIN,SAFACAM,SAFACAM,RSPO Certified,"RSPO Certified, MB",3/31/23,3.74,9.99,"3.738194, 9.990111",CMR,Cameroon,Littoral,Sanaga Maritime,1-Fully Verified,,1133.88,113388.21,1655.42,5567.44,556744.05,2.65,264.96,0.75,74.52,0.36,36.45,3.95,395.19,2.27,227.34,4.18,417.51,12.56,1256.13,5.33,532.71,5.6,560.43,13.17,1316.7,10.64,1064.07,11.07,1107.09,20.64,2063.97,18.45,1844.55,13.46,1345.95,12.59,1259.1,23.13,2313.45,18.43,1842.66,13.52,1351.98,11.94,1193.76,27.13,2712.96,20.12,2011.77,251.93,0.22,881.95,0.78,3,1,4
PO1000009358,"2020,2019",UNKNOWN,CIPTA FUTURA,CIPTA FUTURA,Not RSPO Certified,,3/31/23,-3.51,103.7,"-3.507414, 103.702225",IDN,Indonesia,Sumatera Selatan,Muara Enim,1-Fully Verified,,906.15,90615.06,1016.12,1452.81,145281.42,15.11,1510.74,23.85,2384.73,10.12,1011.69,40.44,4044.06,18.73,1873.35,35,3499.92,19.78,1977.66,64.75,6474.69,69.97,6997.32,53.04,5303.7,36.64,3663.81,130.86,13086.18,42.65,4265.19,55.1,5509.62,21.02,2101.77,47.31,4731.48,25.95,2595.15,30.65,3065.04,29.81,2980.89,21.88,2188.26,27.04,2703.69,21.84,2184.3,841.53,0.93,64.62,0.07,4,5,3
PO1000009362,"2019,2020,2021",UNKNOWN,"UNIPALM INDUSTRY CO., LTD","UNIPALM INDUSTRY CO., LTD.",Not RSPO Certified,,3/31/23,8.63,98.96,"8.629545, 98.963829",THA,Thailand,Surat Thani,Prasaeng,1-Fully Verified,,412.27,41226.93,539.98,964.05,96405.12,5.75,574.65,7.24,724.23,3.17,317.07,9.35,934.92,7.31,731.16,9.69,969.39,6.02,602.37,6.43,643.32,9.43,942.93,13.82,1382.04,6.38,638.1,6.06,605.61,9.05,904.68,22.01,2201.49,15.13,1512.72,25.73,2572.83,36.27,3626.55,26.49,2648.7,20.94,2094.3,20.28,2027.52,19.86,1986.48,18.77,1877.22,305.18,0.74,107.09,0.26,5,4,3
PO1000009409,"2020,2021,2019",TSH RESOURCES,ANDALAS WAHANA BERJAYA,ANDALAS WAHANA BERJAYA,Not RSPO Certified,,3/31/23,-1.12,101.55,"-1.11938890, 101.55122",IDN,Indonesia,Sumatera Barat,Dharmasraya,1-Fully Verified,,387.54,38754.45,385.36,481.86,48185.73,3.03,302.58,0.36,35.82,2.05,204.84,14.99,1498.59,5.12,511.56,26.09,2609.28,12.29,1229.4,16.88,1687.68,18.94,1894.32,6.85,684.99,40.19,4019.4,41.77,4176.72,24.44,2443.77,24.25,2424.96,20.37,2037.42,13.22,1322.1,13.9,1390.23,8.55,855.36,9.59,958.77,8.71,870.84,9.15,915.21,6.4,639.63,327.13,0.84,60.41,0.16,3,5,3
PO1000009425,2020,UNKNOWN,"S.P.O AGRO-INDUSTRIES CO, LTD","S.P.O AGRO-INDUSTRIES CO, LTD",RSPO Certified,"RSPO Certified, MB",3/31/23,9.91,99.08,"9.905542, 99.083061",THA,Thailand,Chumphon,Lang Suan,3-Low Confidence,,1683.55,168354.81,2067.24,4246.83,424683.27,3.95,394.92,4.99,499.23,5.24,524.16,10.02,1001.88,18.56,1855.98,8.83,882.72,11.68,1168.29,6.19,618.57,13.07,1306.71,13.82,1382.22,10.5,1050.03,9.14,914.04,8.72,871.83,15.25,1525.14,10.86,1085.85,22.53,2252.7,27.62,2761.74,17.87,1786.77,25.13,2513.25,26.43,2643.12,25.77,2577.42,16.55,1654.56,312.71,0.19,1370.84,0.81,3,1,3
PO1000009557,"2020,2019",PTPN III,PERKEBUNAN NUSANTARA XIV,LUWU,RSPO Certified,"RSPO Certified, MB",3/31/23,-2.62,120.65,"-2.615649, 120.654455",IDN,Indonesia,Sulawesi Selatan,Luwu Timur,1-Fully Verified,,518.96,51895.89,582.58,1014.17,101416.59,2.3,230.13,5.46,546.3,1.74,173.97,5.54,554.13,3.24,324.18,3.07,306.54,2,199.71,0.67,67.41,3.21,321.21,1.71,170.82,5.41,540.81,4.47,447.48,1.44,143.64,4.09,409.41,5.3,529.56,7.88,788.49,8.33,833.13,27.08,2707.74,16.15,1614.78,8.84,884.16,3.56,355.77,4.57,457.29,126.07,0.24,392.89,0.76,2,1,3
PO1000009558,"2019,2020,2021",UNKNOWN,BUNGO SUKO MENANTI,BUNGO SUKO MENANTI,Not RSPO Certified,,3/31/23,-1.31,101.77,"-1.307395, 101.765191",IDN,Indonesia,Jambi,Bungo,1-Fully Verified,,286.22,28621.62,303.7,763.46,76345.83,5.62,561.69,3.94,394.02,4.28,427.68,6.77,677.07,7.08,708.3,12.61,1260.99,7.92,791.64,8,799.92,6.55,654.93,6.16,615.51,6.71,670.86,8.67,867.42,5.54,553.59,6.84,683.64,6.63,663.3,5.81,580.77,9.35,934.56,5.92,592.11,7.89,789.21,6.75,675.27,11.32,1132.11,11.34,1134.18,161.69,0.56,124.53,0.44,5,3,4
PO1000009559,"2020,2021,2019",UNKNOWN,KURNIA BATANG HARI BERJAYA,KURNIA BATANG HARI BERJAYA,Not RSPO Certified,,3/31/23,-1.79,103.08,"-1.788731, 103.079706",IDN,Indonesia,Jambi,Batang Hari,1-Fully Verified,,397.34,39733.65,446.39,614.57,61457.22,0.37,36.81,2.38,237.69,1.26,126.18,6.8,679.68,8.4,840.42,13.24,1323.99,25.49,2548.62,13.46,1346.31,17.65,1764.99,0,0,7.28,727.83,11.05,1104.93,6.84,683.91,13.68,1368.36,9.76,976.32,24.76,2475.9,11.78,1177.92,10.85,1084.77,9.73,972.99,7.16,716.13,14.86,1485.72,15.29,1529.01,232.08,0.58,165.25,0.42,5,3,4
PO1000009560,2020,UNKNOWN,RIOPAILA CASTILLA S.A.,CASTILLA,Not RSPO Certified,,3/31/23,3.37,-76.29,"3.367247, -76.286729",COL,Colombia,Valle del Cauca,Pradera,1-Fully Verified,,3639.49,363948.57,7841.27,11371.29,1137129.03,21.59,2159.01,8.75,875.34,5.82,581.94,20.4,2039.67,15.41,1540.62,15.28,1528.47,5.9,590.04,16.18,1618.11,19.27,1926.99,10.77,1076.58,16.92,1692.36,20.41,2041.29,8.18,818.37,13.96,1396.35,3.67,367.29,7.61,760.95,7.6,760.14,3.24,323.64,4.43,442.71,3.35,334.89,3.28,327.69,2.43,243,234.45,0.06,3405.03,0.94,1,1,3
PO1000009561,"2020,2021,2019",UNKNOWN,TEUPIN LADA,TEUPIN LADA,Not RSPO Certified,,3/31/23,5.05,97.57,"5.051111, 97.569722",IDN,Indonesia,Aceh,Aceh Timur,2-High Confidence,,194.11,19411.47,738.13,1862.1,186210.36,0.27,26.64,1.02,101.97,0.25,24.93,0.54,53.73,0.57,56.7,0.71,70.92,0.39,39.24,0.76,76.32,3.26,325.71,1.93,192.87,2.28,228.06,4.41,440.64,1.68,168.12,7.4,739.53,3.34,334.35,6.71,670.77,5.03,503.1,5.85,585.27,2.73,273.24,3.11,311.49,5.13,512.64,3.46,345.6,60.82,0.31,133.3,0.69,3,2,4
PO1000009566,"2019,2020,2021",BUMITAMA GUNAJAYA AGRO (BGA),SENTOSA PRIMA AGRO,BUKIT BELABAN JAYA,Not RSPO Certified,,3/31/23,-1.75,110.49,"-1.7511, 110.491483",IDN,Indonesia,Kalimantan Barat,Ketapang,1-Fully Verified,,781.66,78165.99,993.98,1944.45,194445.18,3.57,356.76,9.36,936.27,2.62,262.26,8.14,813.78,4.25,425.25,5,499.95,3.27,326.61,7.08,708.21,16.89,1689.03,19.63,1963.17,35.79,3578.94,24.18,2417.76,15.86,1586.25,46.68,4667.76,44.96,4496.04,25.26,2525.58,53.47,5347.08,18.78,1877.94,14.66,1466.37,14.18,1417.77,10.25,1025.46,16.14,1613.88,400.02,0.51,381.64,0.49,3,3,3
PO1000009567,"2021,2020,2019",UNKNOWN,SAWIT INTI PRIMA PERKASA,SAWIT INTI PRIMA PERKASA,Not RSPO Certified,,3/31/23,1.25,101.15,"1.254767, 101.153567",IDN,Indonesia,Riau,Bengkalis,1-Fully Verified,,407.84,40783.86,568.04,720.33,72033.03,3.08,307.8,5.53,553.23,3.3,329.67,5.98,597.51,22.59,2259,34.94,3494.34,20.91,2091.24,46.21,4621.05,37.87,3786.93,31.62,3162.33,14.14,1414.35,49.32,4932.36,19.62,1961.73,8.42,842.4,3.33,333.45,7.05,705.06,6.97,696.78,7.6,759.96,5.63,563.13,3.56,355.68,5.66,566.28,3.98,397.89,347.32,0.85,60.52,0.15,3,5,2
PO1000009568,"2020,2021,2019",PERTUBUHAN PELADANG NEGERI PERAK (PPNP),PERTUBUHAN PELADANG NEGERI PERAK (PPNP),PERTUBUHAN PELADANG NEGERI PERAK (PPNP),Not RSPO Certified,,3/31/23,4.46,100.77,"4.458306, 100.770444",MYS,Malaysia,Perak,Manjung,1-Fully Verified,,410.57,41056.83,459.36,1025.95,102595.05,10.3,1029.51,6.28,627.75,4.87,486.72,14.09,1408.86,14.88,1487.7,3.61,360.72,4.14,414.18,8.25,825.39,11.56,1156.05,8.33,832.68,3.63,363.06,8.8,880.11,7.45,745.47,17.37,1737.27,7.27,727.2,14.14,1414.17,16.42,1642.5,14,1399.95,5.08,507.78,5.35,534.96,10.91,1090.8,7.96,796.23,204.69,0.5,205.88,0.5,3,3,3
PO1000009580,"2019,2020,2021",UNKNOWN,GUNUNG SAWIT MAS,GUNUNG SAWIT MAS,Not RSPO Certified,,3/31/23,1.08,100.29,"1.080556, 100.294444",IDN,Indonesia,Riau,Rokan Hulu,1-Fully Verified,,38.99,3899.16,54.92,64.53,6453.27,2.05,205.2,0.76,76.23,0.13,12.6,3.46,346.5,3.83,383.22,1.61,160.65,1.25,124.74,0.71,71.19,2.91,291.24,0.63,62.55,0.52,52.29,1.21,121.5,0.7,70.11,1.63,163.17,0.89,89.19,1.82,182.16,1.16,115.56,0.98,98.37,0.48,48.24,0.47,46.89,0.57,57.06,0.47,46.62,28.25,0.72,10.74,0.28,3,4,3
PO1000010006,"2021,2020,2019",UNKNOWN,SUKSES GEMILANG PALEM,SUKSES GEMILANG PALEM,Not RSPO Certified,,3/31/23,-2.27,102.55,"-2.2676, 102.5471",IDN,Indonesia,Jambi,Sarolangun,1-Fully Verified,,263.63,26362.53,285.38,436.44,43644.15,4.62,461.79,3.25,324.99,4.45,444.78,4.99,498.87,2.04,203.67,6.29,628.74,4.64,464.04,10.5,1050.03,6.28,627.66,8.27,826.74,1.71,171,16.51,1651.23,5.9,590.04,10.78,1078.29,7.19,719.37,11.18,1118.07,9.78,977.94,8.38,837.99,6.25,625.32,8.74,873.63,9.46,946.44,14.19,1419.48,165.4,0.63,98.22,0.37,5,3,4
PO1000010007,2021,UNKNOWN,KHATULISTIWA SINERGI OMNIDAYA,KHATULISTIWA SINERGI OMNIDAYA,Not RSPO Certified,,3/31/23,-2.22,111.46,"-2.220317, 111.458467",IDN,Indonesia,Kalimantan Tengah,Lamandau,1-Fully Verified,,30.24,3023.82,30.15,67.98,6798.33,0.1,9.72,0.1,9.81,0.04,3.51,0.41,40.95,0.26,26.01,0.4,40.5,0.03,3.24,0.03,2.7,2.14,214.38,1.42,142.29,0.21,21.15,1.02,101.97,0.52,51.75,4.01,401.22,4.58,457.92,2.26,225.54,0.43,43.2,0.37,36.81,0.18,17.82,0.14,14.04,0.57,57.33,0.93,92.61,20.14,0.67,10.09,0.33,4,4,3
PO1000010010,"2021,2020",UNKNOWN,PRIMANUSA GLOBAL LESTARI,PRIMANUSA GLOBAL LESTARI,Not RSPO Certified,,3/31/23,-1.99,119.32,"-1.989722222, 119.3202222",IDN,Indonesia,Sulawesi Barat,Mamuju,2-High Confidence,,245.25,24525,246.39,455.48,45548.28,5.14,514.26,2.2,219.78,1.76,176.22,8.57,856.98,4.87,486.9,5.35,535.14,1.91,190.8,9.6,959.76,6.17,616.68,2.41,241.29,13.84,1383.84,7.18,718.02,6.67,666.99,7.11,711.09,7.15,715.5,5.32,532.17,2.99,298.89,2.28,228.15,1.99,198.72,2.03,203.49,9.74,974.43,5.35,535.05,119.64,0.49,125.61,0.51,4,3,4
PO1000010011,"2020,2019",UNKNOWN,PROSYMPAC AGRO LESTARI,SUNGAI GELAM,Not RSPO Certified,,3/31/23,-1.81,103.85,"-1.8146, 103.848160",IDN,Indonesia,Sumatera Selatan,Musi Banyuasin,1-Fully Verified,,66.82,6682.41,97.23,208.33,20833.38,0.31,31.41,0.92,91.98,0.17,16.65,0.79,78.57,2.65,265.05,0.71,70.65,2.59,258.66,3.84,383.94,2.33,233.19,0,0,0.59,59.13,6.03,602.91,1.25,124.74,1.35,135.27,3.22,322.29,7.43,743.4,2.97,297.27,1.22,121.68,0.79,78.75,1.39,139.05,0.78,78.39,0.72,72.36,42.05,0.63,24.77,0.37,3,3,3
PO1000010012,2020,UNKNOWN,BERKAT SAWIT SUKAMAJU,BERKAT SAWIT SUKAMAJU,Not RSPO Certified,,3/31/23,-2.67,104.08,"-2.674508, 104.07935",IDN,Indonesia,Sumatera Selatan,Musi Banyuasin,1-Fully Verified,,254.21,25421.22,350.94,630.2,63019.89,2.82,282.33,3.87,387.27,3.57,357.03,7.84,783.9,5.61,560.7,7.33,733.05,5.98,598.23,11.6,1160.46,8.99,899.46,5.69,569.25,4.23,422.64,21.81,2180.79,4.28,427.95,13.25,1324.62,14.66,1466.28,8.09,809.46,8.55,855,7.06,706.14,6.61,661.05,8.37,836.64,5.48,547.83,4.47,446.67,170.17,0.67,84.04,0.33,3,4,3
PO1000010013,"2020,2019,2021",JAWA POS,DHARMASRAYA PALMA SEJAHTERA,DHARMASRAYA PALMA SEJAHTERA,Not RSPO Certified,,3/31/23,-1.65,102.93,"-1.648528, 102.925472",IDN,Indonesia,Jambi,Batang Hari,1-Fully Verified,,631.48,63148.23,660.35,1502.73,150272.82,1.94,193.77,5.44,544.41,5.58,557.55,10.62,1062,19.78,1977.57,37.13,3712.68,93.56,9356.04,51.04,5104.08,40.56,4056.48,5.51,550.53,10.28,1027.53,45.46,4545.72,23.33,2332.8,13.63,1362.87,7.55,755.01,46.1,4610.07,42.6,4260.42,12.71,1271.25,21.88,2187.54,10.69,1069.2,16.51,1651.41,13.34,1334.25,535.23,0.85,96.25,0.15,3,5,3
PO1000010014,"2021,2020,2019",UNKNOWN,ERASAKTI WIRA FORESTAMA,ERASAKTI WIRA FORESTAMA 3,Not RSPO Certified,,3/31/23,-1.52,103.64,"-1.518977, 103.636972",IDN,Indonesia,Jambi,Muaro Jambi,1-Fully Verified,,96.12,9612.27,104.24,166.99,16698.87,0.19,19.44,1.63,162.9,0.17,17.01,18.84,1883.7,7.14,713.61,1.81,181.08,2.16,215.55,5.28,528.03,4.24,423.9,0.2,20.34,0.12,11.7,8.39,838.62,2.58,258.21,1.91,191.43,1.94,194.49,5.74,574.11,1.47,146.7,1.01,101.07,0.6,60.48,1.33,132.93,0.78,77.85,1.09,109.26,68.62,0.71,27.5,0.29,3,4,3
PO1000010015,"2019,2020,2021",UNKNOWN,SURYA SUMBER SAWIT ABADI,SURYA SUMBER SAWIT ABADI,Not RSPO Certified,,3/31/23,-1.47,102.62,"-1.471122, 102.62099",IDN,Indonesia,Jambi,Tebo,1-Fully Verified,,764.05,76405.23,779.56,1406.66,140665.5,21.35,2134.8,13.53,1352.52,2.64,263.61,36.35,3634.92,12.97,1297.35,46.71,4670.55,44.36,4435.65,66.1,6610.23,66.67,6667.11,12.34,1234.44,13.48,1347.93,74.56,7456.14,20.27,2026.89,16.94,1693.8,8.8,880.11,18.4,1839.96,12.95,1294.56,8.54,853.65,6.4,639.99,4.54,454.5,6.46,646.11,7.2,720.18,521.55,0.68,242.5,0.32,3,4,3
PO1000010016,"2020,2019,2021",UNKNOWN,PALMA GEMILANG KENCANA,PALMA GEMILANG KENCANA,Not RSPO Certified,,3/31/23,-1.3,103.49,"-1.29917637, 103.486580",IDN,Indonesia,Jambi,Tanjung Jabung T,1-Fully Verified,,1149.77,114976.8,1286.03,1889.01,188900.91,23.62,2361.87,37.96,3796.11,19.02,1901.52,51.3,5130.36,36.61,3661.47,65.2,6520.14,76.27,7626.87,115.71,11570.67,64.6,6460.38,20.14,2014.11,4.06,406.35,70.89,7088.67,23.12,2312.19,30.07,3006.72,14.81,1481.31,72.93,7293.24,33.97,3396.69,18.63,1863.36,18.94,1893.69,15.12,1511.82,16.48,1647.54,8.79,879.21,838.24,0.73,311.53,0.27,3,4,3
PO1000010017,"2021,2020,2019",UNKNOWN,DELTA-PELITA SEBAKONG,PELITA SEBAKONG,Not RSPO Certified,,3/31/23,2.67,112.16,"2.668611, 112.164723",MYS,Malaysia,Sarawak,Mukah,1-Fully Verified,,262.53,26252.82,288.7,344.57,34457.04,4.55,455.31,24.27,2426.85,13.25,1324.89,4.25,425.34,2.21,220.86,2.27,226.8,5.7,570.24,0.24,24.3,23.55,2355.48,9.58,957.51,2.13,213.21,19.78,1977.84,25.61,2560.59,34.42,3441.69,9.02,901.71,5.59,559.44,4.42,442.08,5.18,517.59,1.09,108.72,1.23,122.85,1.5,150.39,4.41,440.55,204.24,0.78,58.29,0.22,3,4,2
PO1000010018,2021,UNKNOWN,BUKIT KAUSAR,BUKIT KAUSAR,Not RSPO Certified,,3/31/23,-1.25,102.95,"-1.253734, 102.954144",IDN,Indonesia,Jambi,Tanjung Jabung B,1-Fully Verified,PENGABUAN,2.23,222.93,2.32,3.55,354.6,0.01,1.44,0.65,64.98,0,0.27,0.27,27,0.54,53.82,0.03,2.79,0.02,1.98,0,0,0.12,11.52,0,0,0,0,0.03,3.42,0.01,0.63,0,0.36,0.19,18.54,0.04,3.69,0.04,3.87,0.02,1.71,0.02,2.25,0,0.09,0.02,1.89,0.01,0.81,2.01,0.9,0.22,0.1,2,5,1
PO1000010019,"2020,2021,2019",TETANGGA AKRAB,TETANGGA AKRAB SDN BHD,TETANGGA AKRAB 2,Not RSPO Certified,,3/31/23,3.96,113.9,"3.960802, 113.896096",MYS,Malaysia,Sarawak,Miri,1-Fully Verified,,331.13,33113.07,376.67,953.74,95374.44,5.48,547.83,8.17,816.75,4.67,467.01,9.35,934.74,15.92,1592.46,15.06,1506.24,12.98,1297.98,15.64,1564.11,12.99,1298.79,6.87,686.88,18.18,1817.73,8.59,858.78,6.39,639.45,7.31,731.34,7.66,765.81,9.89,989.46,5.62,562.41,8.43,842.94,7.04,703.98,5.9,589.5,8.71,871.02,4.69,468.9,205.54,0.62,125.59,0.38,3,3,3
PO1000010020,2020,GENTING PLANTATIONS,SEPANJANG INTI SURYA UTAMA,SEPANJANG INTI SURYA UTAMA 2,Not RSPO Certified,,3/31/23,0.81,110.77,"0.807253, 110.765619",IDN,Indonesia,Kalimantan Barat,Sanggau,1-Fully Verified,PKS MALENGGANG,10.51,1051.47,10.62,11.83,1182.96,0.09,9.18,0.26,25.92,0.2,19.71,0.1,9.72,0.23,22.59,0.06,6.39,0.07,6.93,1.53,153.45,0.61,60.93,0.33,32.67,0.68,67.95,0.3,30.15,0.24,23.94,0.85,85.14,0.44,43.92,0.44,44.37,0.31,30.87,0.61,61.2,0.5,50.13,0.18,17.91,0.32,32.49,0.06,6.39,8.42,0.8,2.1,0.2,3,4,3
PO1000010022,2020,FGV HOLDINGS BERHAD,FGV PALM INDUSTRIES SDN BHD,SENINNG,Not RSPO Certified,,3/31/23,1.47,104.2,"1.465843, 104.2005430",MYS,Malaysia,Johor,Kota Tinggi,1-Fully Verified,KS ADELA,292.66,29265.84,380.05,538.11,53810.91,0.57,56.97,5.98,598.5,3.36,335.61,36.59,3658.77,20.29,2029.05,7.7,769.59,4.96,495.9,20.64,2063.52,25.17,2517.3,5.53,553.14,4.24,424.26,7.97,797.13,9.77,977.13,24.74,2474.37,6.75,675.18,7.88,788.4,9.2,919.62,8.85,885.06,7.78,777.96,3.03,303.39,2.05,205.47,1.6,160.02,224.66,0.77,68,0.23,2,4,2
PO1000010026,"2020,2021,2019",WILMAR GROUP,SARANA TITIAN PERMATA,SARANA TITIAN PERMATA PKS 2,Not RSPO Certified,,3/31/23,-2.9,112.61,"-2.90454553961, 112.612766",IDN,Indonesia,Kalimantan Tengah,Seruyan,2-High Confidence,SARANA TITIAN PERMATA 2 (PERMATANG LIMAU),570.75,57074.94,782.19,1791.09,179108.91,0.5,50.4,1.87,187.2,2.24,224.37,2,200.34,0.52,51.93,14.03,1403.19,24.4,2439.9,14.72,1472.04,3.78,378.18,1.02,101.52,3.68,368.37,4.13,413.37,0.73,73.26,5.88,587.97,13.6,1359.72,71.03,7102.71,5.31,531.18,3.34,334.35,6,599.85,0.71,71.37,0.28,27.54,1.51,150.75,181.3,0.32,389.45,0.68,1,2,3
PO1000010027,"2019,2020,2021",JAYA TIASA HOLDINGS BERHAD,HARIYAMA SDN BHD,HARIYAMA,Not RSPO Certified,,3/31/23,2.66,111.86,"2.656111, 111.855259",MYS,Malaysia,Sarawak,Matu,1-Fully Verified,,275.56,27555.75,284.82,382.15,38214.63,5.11,510.93,2.74,274.5,2.11,210.51,42.47,4247.46,43.63,4362.66,10.06,1005.84,14.49,1449.27,1.59,158.76,5.19,519.3,1.55,154.89,0.52,51.84,2.93,293.49,0.9,90.45,6.46,645.66,9.8,980.37,18.87,1886.76,32.49,3248.64,8.96,896.49,2.71,270.63,0.21,20.7,0.54,54.09,0.17,16.56,213.5,0.77,62.06,0.23,1,4,1
PO1000010028,"2020,2021,2019",UNKNOWN,BALAM SAWIT SEJAHTERA,BALAM SAWIT SEJAHTERA,Not RSPO Certified,,3/31/23,1.7,100.68,"1.697444444, 100.684667",IDN,Indonesia,Riau,Rokan Hilir,1-Fully Verified,,55.71,5571.45,74.69,180.75,18075.06,0.45,44.91,0.36,36,0.08,8.37,0.42,42.39,1.33,133.2,1.73,172.8,0.39,38.52,0.33,33.48,2.41,240.75,1.25,124.74,0.62,61.65,0.63,63.09,0.38,38.43,0.51,51.12,0.52,51.84,1.95,195.03,1.73,172.62,1.83,183.06,2.6,260.46,1.82,181.53,1.8,179.73,0.98,97.92,24.12,0.43,31.6,0.57,4,3,4
PO1000010030,"2020,2021,2019",UNKNOWN,SUMBER BUMI SAWIT JADI RAYA,SUMBER BUMI SAWIT JADI RAYA,Not RSPO Certified,,3/31/23,2.8,99.2,"2.8025, 99.2025",IDN,Indonesia,Sumatera Utara,Simalungun,1-Fully Verified,,11.89,1188.63,12.81,16.6,1659.78,0.17,17.19,0.12,11.88,0.02,2.43,0.21,20.52,0.04,3.69,0.12,12.06,0.39,38.61,0.15,15.21,1.1,110.43,0.91,91.35,0.6,60.3,0.34,33.75,0.75,74.97,0.22,21.87,0.05,5.22,0.08,8.37,0.25,24.93,0.23,22.95,0.14,13.95,0.3,29.52,0.1,9.81,0.13,13.23,6.42,0.54,5.46,0.46,3,3,3
PO1000010031,2020,ASTRA AGRO LESTARI,CAKUNG PERMATA NUSA,CAKUNG PERMATA NUSA,Not RSPO Certified,,3/31/23,-2.14,115.49,"-2.13795447737, 115.488480",IDN,Indonesia,Kalimantan Selatan,Tabalong,1-Fully Verified,,2897.2,289719.81,3434.45,5473.6,547359.57,21.91,2190.96,17.34,1733.94,17.13,1712.88,52.6,5259.78,26.81,2681.19,71.5,7149.6,45.27,4526.82,32.35,3235.32,88.74,8874.45,15.19,1519.2,75.14,7513.65,78.22,7822.08,37.87,3787.38,63.09,6308.82,59.79,5978.88,89.62,8962.02,46.18,4618.17,34.6,3459.6,55.71,5570.82,19.82,1982.34,37.73,3772.71,22.39,2239.02,1009,0.35,1888.2,0.65,3,2,3
PO1000010033,2020,UNKNOWN,AGUMIL PHILIPPINES,AGUSAN MILL,Not RSPO Certified,,3/31/23,8.89,117.96,"8.890608, 117.958091",PHL,Philippines,Palawan,Brooke's Point,3-Low Confidence,,2239.79,223978.77,2923.87,6812.02,681201.9,4.08,408.15,3.87,386.64,8.77,876.96,8.76,875.52,6.42,642.33,11.84,1184.49,20.88,2088.18,14.4,1439.73,11.46,1145.7,29.48,2948.31,5.83,583.38,14.8,1480.32,13.56,1356.3,44.7,4470.48,61.57,6157.35,91.81,9180.9,58.45,5845.05,35.15,3514.59,57.14,5714.46,36.05,3604.68,23.97,2397.24,26.25,2625.3,589.26,0.26,1650.53,0.74,3,2,3
PO1000010034,"2019,2021",UNKNOWN,PACO TRADING SDN BHD,SOUTHERN PALM OIL INDUSTRY (1993) CO LTD. SURATHANI,Not RSPO Certified,,3/31/23,8.96,99.22,"8.95913, 99.222534",THA,Thailand,Surat Thani,Ban Na Doem,2-High Confidence,,1007.93,100792.89,1526.85,3955.22,395521.56,15.75,1575.45,16.6,1660.5,15.77,1576.98,27.92,2792.16,18.35,1834.83,20.71,2071.26,9.59,958.68,15.55,1555.29,19.92,1991.88,33.23,3322.53,13.95,1395,13.2,1320.3,18.73,1873.26,48.35,4835.16,31.46,3145.77,48.49,4849.38,77.07,7706.88,43.57,4356.81,38.24,3824.37,44.54,4453.83,50.08,5007.6,40.25,4025.16,661.33,0.66,346.6,0.34,5,4,4
PO1000010039,"2020,2021,2019",UNKNOWN,GIGA PUTRA PERKASA,GIGA PUTRA PERKASA,Not RSPO Certified,,3/31/23,0.42,100.81,"0.421039, 100.814372",IDN,Indonesia,Riau,Rokan Hulu,1-Fully Verified,,18.44,1843.56,19.94,22.14,2213.91,0.54,54.27,0.28,27.72,0.5,49.5,2.26,225.9,0.75,74.61,0.77,77.04,0.31,31.41,0.61,61.47,0.48,48.06,0.31,30.96,0.32,31.68,0.16,15.75,0.13,12.87,0.25,24.93,0.04,4.14,1.08,108.36,0.18,18.36,0.13,13.41,0.02,2.16,1.67,167.04,2.49,248.67,0.56,55.62,13.84,0.75,4.6,0.25,5,4,4
PO1000010042,"2019,2020",UNKNOWN,SELATAN AGUNG SEJAHTERA,SELATAN AGUNG SEJAHTERA,Not RSPO Certified,,3/31/23,-3.17,103.11,"-3.168996, 103.10575",IDN,Indonesia,Sumatera Selatan,Musi Rawas,1-Fully Verified,,1711.24,171123.66,1929.74,6163.12,616312.17,26.1,2609.91,13.58,1357.74,0.82,82.35,27.16,2716.11,9.39,938.52,31.06,3105.81,6.88,687.69,46.44,4644.45,25.96,2596.14,24.65,2465.19,17.73,1772.73,55.61,5561.37,21.92,2192.04,37.61,3760.65,28.91,2891.34,62.28,6228.18,46.55,4654.89,60.6,6060.24,37.07,3707.46,35.2,3520.26,21.01,2100.69,39.34,3934.35,675.88,0.39,1035.36,0.61,3,3,3
PO1000010046,2020,GAMA PLANTATIONS,SAWIT UNGGUL AGRO NIAGA,SAWIT UNGGUL AGRO NIAGA,Not RSPO Certified,,3/31/23,-0.35,117.39,"-0.351137, 117.393621",IDN,Indonesia,Kalimantan Timur,Kutai Kartanegara,1-Fully Verified,,1262.66,126265.77,2215.88,4942.77,494277.03,11.24,1124.37,15.46,1546.02,9,899.91,13.55,1355.13,17.04,1704.15,7.84,784.17,23.61,2360.7,21.11,2111.4,40.9,4089.96,15.16,1515.69,17.64,1763.55,77.21,7720.65,43.05,4304.52,64.4,6439.86,71.31,7130.52,129.49,12949.2,43.73,4373.37,44.58,4457.7,21.27,2126.7,33.95,3395.25,19.41,1940.58,19.18,1918.17,760.12,0.6,502.54,0.4,3,3,3
PO1000010047,"2020,2019,2021",UNKNOWN,AGRINDO SAWIT MANDIRI,AGRINDO SAWIT MANDIRI,Not RSPO Certified,,3/31/23,-2.35,112.31,"-2.345481, 112.306181",IDN,Indonesia,Kalimantan Tengah,Seruyan,1-Fully Verified,,37.54,3754.08,83.73,189.45,18944.82,0.7,69.75,4.93,493.29,0.61,61.2,3.3,329.67,7.3,729.54,3.34,333.9,0.35,34.74,2.43,242.82,0.88,87.75,0.62,62.46,1.99,198.63,1.43,142.83,0.31,31.23,0.8,80.1,0.58,58.41,0.71,71.1,0.68,67.68,0.46,45.99,0.58,58.23,0.71,70.74,1.11,110.7,0.89,89.46,34.7,0.92,2.84,0.08,4,5,3
PO1000010048,"2020,2021,2019",GAMA PLANTATIONS,TH INDO PLANTATIONS,RAMIN,Not RSPO Certified,,3/31/23,0.25,102.98,"0.245446, 102.978320",IDN,Indonesia,Riau,Indragiri Hilir,1-Fully Verified,,4087.66,408766.32,4198.55,10655.58,1065558.42,90.87,9086.94,97.57,9757.35,14.39,1439.28,174.26,17425.98,158.13,15812.55,19.69,1968.75,62.94,6293.7,46.78,4678.38,48.66,4866.48,211.19,21118.59,318.33,31833.09,244.34,24433.65,131.93,13192.92,182.74,18273.6,18.28,1827.63,53.91,5390.91,66.68,6668.01,46.35,4634.82,46.09,4609.44,30.2,3020.49,17.32,1731.78,26.05,2604.6,2106.69,0.52,1980.97,0.48,2,3,3
PO1000010050,2020,HPI-AGRO (DJARUM),KAPUAS RIMBA SEJAHTERA,RUAI,Not RSPO Certified,,3/31/23,0.61,109.93,"0.613360, 109.931435",IDN,Indonesia,Kalimantan Barat,Landak,1-Fully Verified,,1907.71,190771.2,1907.01,2675.53,267552.54,19.71,1971.18,26.15,2614.77,7.27,727.02,31.77,3176.73,37.14,3713.85,7.02,702.36,31.18,3117.51,65.47,6546.87,56.47,5647.41,32.24,3224.16,99.39,9939.15,47.37,4736.79,56.08,5607.63,72.9,7290.36,63.24,6324.48,93.13,9313.47,44.47,4446.54,38.43,3842.73,35.37,3536.82,32.76,3276.09,31.04,3104.37,33.63,3363.03,962.23,0.5,945.48,0.5,3,3,3
PO1000010051,"2020,2019,2021",UNKNOWN,LUBUK BENDAHARA PALMA INDUSTRI,LUBUK BENDAHARA PALMA INDUSTRI,Not RSPO Certified,,3/31/23,0.67,100.51,"0.667174, 100.508022",IDN,Indonesia,Riau,Rokan Hulu,1-Fully Verified,,1833.98,183398.49,1817.19,3113.45,311344.92,17.91,1790.73,18.63,1862.91,5.85,585.45,29.62,2961.99,27.24,2724.3,27.22,2722.05,24.86,2486.43,17.51,1750.68,37.22,3721.95,19.43,1943.1,18.38,1837.71,43.81,4380.84,22.44,2243.7,40.01,4000.95,21.13,2113.29,37.01,3700.71,34.53,3452.94,30.45,3045.33,21.59,2158.83,28.23,2823.3,31.13,3113.19,45.93,4592.52,600.13,0.33,1233.86,0.67,3,2,4
PO1000010052,"2021,2020,2019",UNKNOWN,PRIMA MAS LESTARI,PRIMA MAS LESTARI,Not RSPO Certified,,3/31/23,-1.71,102.16,"-1.707144, 102.160727",IDN,Indonesia,Jambi,Bungo,1-Fully Verified,,67.03,6703.02,91.08,156.27,15626.88,1.14,114.21,2.37,236.61,0.2,19.8,2.81,281.16,0.6,60.48,1.25,124.56,1.52,152.28,0.17,17.37,0.94,93.69,0.4,39.6,1.39,138.78,1.17,117.45,1.06,105.57,2.31,230.67,1.25,125.28,2.46,245.97,3.74,374.04,2.53,253.17,2.42,242.19,1.69,169.02,3.94,393.75,3.18,317.97,38.54,0.57,28.49,0.43,5,3,4
PO1000010054,2020,UNKNOWN,OLEORIOS S.A.,OLEORIOS,Not RSPO Certified,,3/31/23,-1.2,-79.42,"-1.196569, -79.424569",ECU,Ecuador,Los Rios,Ventanas,1-Fully Verified,,2055.16,205516.35,4093.5,7211.4,721140.12,11.67,1166.58,14.91,1491.12,2.75,275.13,36.81,3681.27,3.67,367.38,15.89,1588.77,5.87,587.16,3.1,310.5,9.24,924.3,8.56,855.54,3.99,399.33,32.46,3246.12,13.66,1365.84,8.38,837.99,2.21,221.31,5.58,558.36,2,200.34,3.76,375.84,5.75,574.56,1.41,141.03,1.27,127.35,6.01,600.66,198.96,0.1,1856.2,0.9,1,1,3
PO1000010056,"2020,2021",UNKNOWN,ALAM PERMAI MAKMUR RAYA,ALAM PERMAI MAKMUR RAYA,Not RSPO Certified,,3/31/23,-1.1,116.61,"-1.0989, 116.613670",IDN,Indonesia,Kalimantan Timur,Penajam Paser Utara,1-Fully Verified,,269.38,26937.72,305.01,593.03,59302.62,1.37,136.71,4.35,434.52,5.08,508.23,3.21,321.48,11.82,1181.61,25.07,2507.04,14.17,1416.96,2.06,206.01,16.91,1690.65,3.98,397.89,6,600.3,9.92,992.25,4.88,488.43,9.35,934.83,13.02,1302.39,17.99,1799.46,4.17,416.97,2.65,264.6,3.21,320.85,2.84,283.68,1.88,188.1,2.91,291.06,166.84,0.62,102.54,0.38,3,3,3
PO1000010062,"2020,2019",UNKNOWN,CAHAYA UNGGUL PRIMA,CAHAYA UNGGUL PRIMA,Not RSPO Certified,,3/31/23,0.46,111.34,"0.46372, 111.34469",IDN,Indonesia,Kalimantan Barat,Sintang,3-Low Confidence,,2.8,279.9,3.58,2.32,231.84,0.07,7.11,0.41,40.77,0.05,4.95,0.05,5.4,0.01,0.9,0.02,1.8,0.1,10.26,0.17,16.56,0.02,1.71,0.02,2.16,0.07,7.11,0.04,3.87,0.01,0.81,0.01,0.72,0.74,73.8,0.17,17.1,0.18,17.82,0.22,21.78,0.27,26.82,0.29,29.07,0.03,2.88,0.04,3.96,2.8,1,0,0,3,5,1
PO1000010064,"2019,2020,2021",PARASAWITA,PARASAWITA,PARASAWITA,Not RSPO Certified,,3/31/23,4.36,98.15,"4.355038, 98.152376",IDN,Indonesia,Aceh,Aceh Tamiang,1-Fully Verified,,98.05,9805.23,206.59,372.05,37204.74,0.45,44.91,0.33,33.48,0.05,5.13,0.43,42.75,0.46,46.26,2.28,228.33,0.95,94.77,0.43,42.57,1.5,149.67,0.35,35.19,2.69,268.65,2.19,218.97,2.83,282.78,3.24,323.55,2.27,226.62,3.29,329.04,2.49,249.3,3.05,304.83,2.87,287.1,2.88,287.73,2.85,284.58,1.46,145.53,39.32,0.4,58.73,0.6,3,3,3
PO1000010065,2021,SUMBER TANI AGUNG,KARYA AGUNG SAWITA,PAPASO,Not RSPO Certified,,3/31/23,0.9,100.11,"0.896, 100.108222",IDN,Indonesia,Sumatera Utara,Padang Lawas,2-High Confidence,,501.21,50120.55,506.87,1045.87,104586.84,2.97,296.55,9.43,942.57,2.18,217.89,7.85,785.34,8.97,897.39,6.95,694.62,11.67,1167.21,8.3,829.89,9.35,934.65,5.11,510.66,6.71,671.04,4.7,469.62,3.13,312.57,5.82,581.58,3.42,342.36,9.64,964.08,8.66,865.98,3.55,354.6,1.94,194.4,17.46,1745.55,10.59,1059.48,9.02,901.71,157.4,0.31,343.81,0.69,3,2,4
PO1000010067,2021,ENSENGEI PALM OIL MILL SDN BHD,ENSENGEI PALM OIL MILL SDN BHD,ENSENGEI POM,Not RSPO Certified,,3/31/23,1.31,110.62,"1.309159, 110.624428",MYS,Malaysia,Sarawak,Simunjan,1-Fully Verified,KPF PALM OIL MILL,35.68,3567.6,32.38,20.15,2014.92,0.02,2.16,0.06,6.12,0.02,2.07,0.14,13.68,0.74,74.16,0.83,82.53,1.72,172.17,7.26,725.94,0.25,25.02,1.31,130.59,5.83,583.38,5.7,569.52,3.26,325.71,0.18,18.09,0.07,6.75,1.36,136.35,0.23,22.95,0.46,46.17,1.28,128.16,0.04,4.14,0.03,3.33,0,0.45,30.79,0.86,4.88,0.14,1,5,1
PO1000010068,2021,SARAWAK OIL PALMS BERHAD,SARAWAK OIL PALMS BHD,LAMBIR,Not RSPO Certified,,3/31/23,4.13,113.99,"4.12922, 113.985065",MYS,Malaysia,Sarawak,Miri,2-High Confidence,,651.03,65102.85,736.04,1316.8,131679.54,10.05,1004.67,4.01,400.95,2.65,265.23,7.38,737.64,16.31,1630.98,10.26,1026.36,15.16,1516.14,17.5,1749.69,26.05,2604.87,7.08,707.94,23.28,2328.48,52.15,5215.05,46.9,4690.08,32.48,3247.74,22.03,2203.2,31.81,3181.14,23.9,2390.22,23.26,2326.32,18.52,1851.57,14.98,1497.96,4.23,422.82,7.17,716.76,417.16,0.64,233.87,0.36,3,4,3
PO1000010069,"2021,2020,2019",UNKNOWN,PERMATA NUSA SEJATI,PERMATA NUSA SEJATI,Not RSPO Certified,,3/31/23,4.17,117.44,"4.173797, 117.444342",IDN,Indonesia,Kalimantan Timur,Nunukan,1-Fully Verified,,429,42899.85,513.22,1414.44,141444.45,6.1,609.66,12.66,1266.03,9.18,918.09,34.73,3473.01,25.27,2527.2,8.44,844.29,7.05,705.06,6.02,602.01,10.21,1020.87,18.11,1810.62,3.34,333.9,8.66,865.53,2.93,293.4,5.94,594.36,4.07,406.71,10,1000.26,3.18,318.42,1.64,163.62,1.53,152.64,4.13,412.65,3.3,329.76,1.5,149.76,187.98,0.44,241.02,0.56,2,3,3
PO1000010070,"2020,2019",UNKNOWN,PANDEWAN PALM OIL MILL SDN BHD,PANDEWAN,Not RSPO Certified,,3/31/23,4.9,116.48,"4.903667, 116.475611",MYS,Malaysia,Sabah,Nabawan,1-Fully Verified,,4642.22,464222.43,4441.01,7399.79,739978.56,12.41,1241.01,7.94,793.98,9.59,959.4,38.88,3888.36,47.6,4760.28,70.59,7059.33,33.91,3390.84,31.93,3192.66,56.19,5619.33,33.28,3328.47,50.85,5085.09,60.45,6044.58,29.82,2982.24,75.39,7539.03,59.49,5948.64,84.8,8480.07,73.38,7337.61,58.88,5888.25,53.81,5380.74,31.71,3171.24,39.24,3924,31.85,3185.37,992.01,0.21,3650.22,0.79,2,1,3
PO1000010072,"2019,2020,2021",FIRST RESOURCES,UMEKAH SARI PRATAMA,UMEKA SARI PRATAMA,Not RSPO Certified,,3/31/23,-2.12,110.98,"-2.1238, 110.9809",IDN,Indonesia,Kalimantan Barat,Ketapang,1-Fully Verified,,542.36,54236.25,541.3,909.09,90908.64,4.31,431.19,9.48,947.52,1.71,170.91,10.25,1025.1,4.1,410.04,8.72,872.1,2.18,218.16,1.49,148.68,26.6,2659.68,41.19,4118.67,15.89,1589.13,46.09,4608.63,15.15,1515.33,23.6,2360.07,11.48,1147.59,12.15,1214.91,9.61,961.11,4.89,488.97,5.99,599.4,6.07,606.96,4.32,432.36,4.83,482.94,270.09,0.5,272.27,0.5,2,3,3
PO1000010073,"2020,2019",INCASI RAYA (GUNAS),ADITYA AGROINDO,SIMPANG HULU BARAT,Not RSPO Certified,,3/31/23,-0.44,110.23,"-0.4393, 110.23474",IDN,Indonesia,Kalimantan Barat,Ketapang,1-Fully Verified,,4.88,487.71,4.68,4.91,491.04,0.09,9.18,0.02,2.25,0,0.18,0.13,13.23,0.05,5.31,0.35,35.37,0.41,40.95,0.35,34.65,0.61,61.47,0.31,30.96,0.42,42.48,0.13,13.14,0.04,3.51,0.09,9.09,0.42,41.94,0.06,6.3,0.1,10.35,0.21,21.06,0.08,8.1,0,0.18,0.04,4.32,0.11,11.34,4.05,0.83,0.82,0.17,3,5,3
PO1000010074,"2019,2021,2020",UNKNOWN,SINAR UTAMA NABATI,SINAR UTAMA NABATI,Not RSPO Certified,,3/31/23,-0.39,101.42,"-0.391997, 101.417014",IDN,Indonesia,Riau,Kuantan Singingi,1-Fully Verified,,140.68,14068.08,194.2,299.37,29936.88,1.38,137.79,2.38,237.78,0.56,55.98,6.52,651.96,3.88,387.54,2.33,233.46,5.84,583.74,3.79,378.9,2.09,208.98,4.26,425.79,1.89,189,3.89,388.8,2.65,264.69,3.01,300.78,3,299.79,2.81,280.62,5.24,524.25,5.09,508.95,2.84,283.86,4.26,426.42,21.65,2165.13,19.95,1995.39,109.3,0.78,31.38,0.22,5,4,5
PO1000010075,"2021,2020",SIN TEK HUAT,GLOBALINDO AGRO LESTARI,GLOBALINDO AGRO LESTARI,Not RSPO Certified,,3/31/23,-6.63,105.63,"-6.628, 105.625250",IDN,Indonesia,Banten,Pandeglang,1-Fully Verified,,1215.76,121575.69,1494.3,5438.37,543836.88,4.25,424.98,8.33,833.4,0.37,36.54,5.06,505.98,0.77,77.13,8.02,801.63,2.38,237.6,5.06,505.98,10.64,1063.53,3.18,317.61,9.17,916.92,6.23,622.98,5.67,567.27,8.27,827.19,13.8,1380.33,3.65,365.31,8.53,852.66,14.19,1419.39,30.55,3054.6,4.91,490.86,3.41,341.01,2.01,200.61,158.44,0.13,1057.32,0.87,1,1,3
PO1000010078,"2020,2021,2019",GENTING PLANTATIONS,GLOBALINDO AGUNG LESTARI,GLOBALINDO AGUNG LESTARI,Not RSPO Certified,,3/31/23,-2.58,114.59,"-2.584944, 114.594417",IDN,Indonesia,Kalimantan Tengah,Kapuas,1-Fully Verified,,3.47,347.22,6.42,9.89,988.65,0.19,18.81,0.11,10.8,0.22,22.05,0.46,45.81,0,0,0.01,0.81,0,0,0.04,4.5,0.82,81.9,0.18,18,0.59,58.95,0,0,0,0,0,0,0,0,0,0.45,0.01,0.63,0,0,0,0,0,0,0,0,0,0,2.63,0.76,0.85,0.24,1,4,1
PO1000010168,2020,UNKNOWN,EXTRACOSTA S.A.,EXTRACOSTA,Not RSPO Certified,,3/31/23,-1.56,-79.54,"-1.562087, -79.542175",ECU,Ecuador,Los Rios,Pueblo Viejo,3-Low Confidence,,1.05,104.58,10.66,23.85,2385.45,0.01,0.72,0,0,0,0.09,0,0,0,0.09,0.01,0.72,0,0.36,0,0.36,0,0.27,0,0.09,0,0.18,0.02,1.62,0.07,7.02,0.02,1.71,0,0,0,0,0.01,1.17,0.02,2.07,0,0,0,0,0,0,0,0,0.16,0.16,0.88,0.84,1,1,3
PO1000010240,2021,DHARMA SATYA NUSANTARA (DSN),DHARMA SATYA NUSANTARA,PKS 7,RSPO Certified,"RSPO Certified, MB",3/31/23,1.28,116.92,"1.28225, 116.91562",IDN,Indonesia,Kalimantan Timur,Kombeng,3-Low Confidence,,252.19,25218.99,270.87,465.13,46513.08,2.42,242.37,2.46,245.79,0.68,68.49,2.97,296.55,1.26,125.82,2.69,268.74,1.16,116.1,1.17,117.45,3.25,325.35,3.48,348.03,7.71,770.94,9.77,976.77,18.07,1806.57,36.54,3654.09,14.43,1442.7,29.24,2924.37,18.13,1813.5,6.82,682.2,5,499.86,3.84,384.39,4.11,410.67,3.99,398.97,179.2,0.71,72.99,0.29,3,4,3
PO1000010249,2021,SINAR MAS,KRESNA DUTA AGROINDO,GUNUNG KOMBENG,Not RSPO Certified,,3/31/23,1.11,117.02,"1.112055, 117.02188",IDN,Indonesia,Kalimantan Timur,Kutai Timur,1-Fully Verified,,134.07,13407.39,230.25,714.26,71426.43,2.84,283.5,3.45,345.42,0.97,97.02,2.15,215.28,0.87,87.21,2,200.16,1.88,187.83,3.34,333.99,9.71,971.37,6.39,639.36,3.37,336.51,2.27,227.34,3.87,387.36,10.47,1046.97,8.61,861.21,14.53,1453.32,3.13,313.47,3.27,326.7,2.5,249.84,1.64,164.25,1.72,171.63,1.55,155.43,90.55,0.68,43.52,0.32,3,4,3
PO1000010251,2020,UNKNOWN,MUKO PANEN RAYA ABADI,MUKO PANEN RAYA ABADI,Not RSPO Certified,,3/31/23,-2.76,101.39,"-2.756698, 101.391949",IDN,Indonesia,Bengkulu,Mukomuko,1-Fully Verified,,139.53,13953.42,133.47,423.27,42327.45,2.16,216.36,1.82,182.25,1.12,112.32,5.91,591.12,2.41,240.93,2.11,211.14,3.25,325.44,3.37,336.69,5.15,515.43,2.51,250.56,5.82,582.12,3.26,325.53,2.03,202.77,3.8,379.53,1.97,197.28,3.57,357.21,2.48,248.13,2.81,280.53,1.53,153.27,1.45,145.35,1.79,178.83,2.47,246.78,62.8,0.45,76.74,0.55,3,3,3
PO1000010252,"2020,2021",UNKNOWN,SEMPURNA SEJAHTERA,BAMBANGAN,Not RSPO Certified,,3/31/23,4.16,117.7,"4.162147, 117.701358",IDN,Indonesia,Kalimantan Timur,Nunukan,1-Fully Verified,,282.6,28260.09,390.2,895.29,89528.58,8.14,813.69,6.76,675.81,2.61,261.45,9.11,911.25,12.28,1228.14,8.66,866.34,9.08,908.37,8.49,849.24,7.2,719.82,14.05,1404.72,7.92,792.09,7.39,738.54,3.99,399.24,6.46,646.11,4.23,423.18,6.97,697.41,2.83,282.96,1.68,167.67,1.83,183.15,2.62,261.99,1.84,183.96,2.09,208.71,136.24,0.48,146.36,0.52,2,3,3
PO1000010253,"2021,2020,2019",GAMA PLANTATIONS,TH INDO PLANTATIONS,TEMBUSU,Not RSPO Certified,,3/31/23,0.2,103.01,"0.196929, 103.009814",IDN,Indonesia,Riau,Indragiri Hilir,1-Fully Verified,,238.69,23869.26,334.81,1047.07,104707.44,25.53,2553.48,8,799.92,0.02,2.43,1.63,162.99,16.92,1691.55,1.6,159.66,1,99.99,1.18,118.26,2.33,232.74,18.23,1822.86,8.07,806.76,12.53,1252.8,4.79,479.16,22.81,2281.32,3.86,386.46,2.53,253.08,4.82,482.31,3.47,346.86,10.92,1091.79,4.22,422.01,0.67,67.23,3.82,381.6,158.95,0.67,79.74,0.33,3,4,3
PO1000010254,"2019,2020,2021",GAMA PLANTATIONS,TH INDO PLANTATIONS,JATI,Not RSPO Certified,,3/31/23,0.11,103.17,"0.106018, 103.170413",IDN,Indonesia,Riau,Indragiri Hilir,1-Fully Verified,,21.3,2129.67,40.96,73.56,7356.15,0.37,37.44,0,0.45,0.02,1.62,0.12,12.42,0.1,10.17,0.26,26.1,0.25,24.57,4,400.05,0.93,92.97,0.32,31.68,0.39,39.42,0.88,88.29,0.14,13.59,0.35,35.46,0.07,7.29,0.28,27.63,0.15,15.39,0.18,18.27,3.06,306,0.86,85.5,3.81,380.88,2.55,255.06,19.1,0.9,2.19,0.1,5,5,5
PO1000010255,"2020,2019,2021",GAMA PLANTATIONS,TH INDO PLANTATIONS,AGATHIS,Not RSPO Certified,,3/31/23,0.1,103.03,"0.103194, 103.034445",IDN,Indonesia,Riau,Indragiri Hilir,1-Fully Verified,,425.94,42594.12,474.75,985.47,98546.94,18.61,1860.75,0.33,32.76,0.14,14.13,2.1,209.88,0.3,30.15,0.22,21.6,0.06,6.21,1.26,125.73,0.32,32.04,18.34,1833.93,25.74,2574.36,12.66,1265.76,2.87,287.01,5.85,585.27,0.46,45.9,0.77,76.77,1.4,139.86,2.01,200.52,7.49,748.53,3.29,329.49,3.03,303.03,4.78,477.63,112.01,0.26,313.93,0.74,3,2,3
PO1000010257,"2021,2020,2019",ADIMULIA,ADIMULIA PALMO LESTARI,ADIMULIA PALMO LESTARI,Not RSPO Certified,,3/31/23,-1.71,102.78,"-1.706087, 102.782404",IDN,Indonesia,Jambi,Batang Hari,1-Fully Verified,,152.4,15240.24,145.95,112.12,11212.02,0.37,36.63,1.83,182.79,1.14,114.48,1.74,174.42,2.41,241.38,2.78,277.56,4.38,437.76,8.59,859.14,7.25,725.04,5.11,511.38,1.72,171.63,9.94,993.6,5.97,596.79,5.61,560.7,8.1,810.36,15.13,1512.9,6.06,606.42,3.61,361.26,2.92,292.14,2.04,204.48,1.48,147.96,2.04,204.12,100.23,0.66,52.17,0.34,3,4,3
PO1000010258,"2019,2020",BUANA SRIWIJAYA SEJAHTERA (BSS),SRI ANDAL LESTARI,SRI ANDAL LESTARI,Not RSPO Certified,,3/31/23,-2.79,104.36,"-2.785727, 104.362489",IDN,Indonesia,Sumatera Selatan,Banyu Asin,1-Fully Verified,,152.37,15236.82,190.8,231.89,23188.59,0.8,80.01,1.1,110.25,1.5,150.03,1.95,195.12,0.81,81.27,2.01,201.33,2.24,223.56,1.77,176.76,2.22,221.76,0.97,97.47,1.97,196.92,30.03,3002.67,9.52,952.47,20.23,2023.47,31.43,3142.89,16.78,1678.14,4.55,454.86,2.98,298.08,6.98,697.68,3.55,354.96,4.29,428.67,4.11,411.12,151.79,1,0.57,0,4,5,2
PO1000010713,2021,UNKNOWN,MUSIM MAS HOLDINGS PTE LTD,GLOBALINDO ALAM PERKASA PALM OIL MILL,RSPO Certified,"RSPO Certified, IP",3/31/23,-2.67,112.77,"-2.667978, 112.772158",IDN,Indonesia,Kalimantan Tengah,Kotawaringin Timur,2-High Confidence,,81.8,8180.28,89.87,100.18,10017.54,0.18,17.55,0.31,31.14,0.55,54.63,0.6,59.94,0.19,19.17,4.48,447.75,11.49,1149.39,1.97,197.01,0.31,30.51,0.05,4.86,2.6,260.37,0.62,61.74,0.03,3.15,4.95,494.64,9.71,970.83,21.63,2163.42,2.43,242.91,0.7,70.02,3.37,336.96,0.13,12.87,0.04,3.96,0.08,7.74,66.41,0.81,15.4,0.19,1,5,1
PO1000010791,"2021,2020",BENGKULU SAWIT LESTARI,BENGKULU SAWIT LESTARI,AWANA SAWIT LESTARI,Not RSPO Certified,,3/31/23,-1.7,119.31,"-1.704823, 119.309324",IDN,Indonesia,Sulawesi Barat,Mamuju Utara,2-High Confidence,,54.41,5441.22,66.53,168.37,16836.75,3.47,347.49,2.3,229.59,1.18,117.54,2.15,215.1,1.02,101.61,1,100.44,0.21,21.06,1.19,118.62,1.08,107.64,0.79,78.93,1.78,177.84,2.06,205.74,1.36,136.17,2.36,235.8,0.99,98.73,1.16,116.37,1.02,101.79,0.82,82.17,0.74,73.98,0.22,21.51,0.26,25.92,0.26,25.56,27.4,0.5,27.02,0.5,2,3,3
PO1000010793,"2020,2021",UNKNOWN,UNKNOWN,IKA BINA AGRO WISESA,Not RSPO Certified,,3/31/23,5.13,97.09,"5.132978, 97.090864",IDN,Indonesia,Aceh,Aceh Utara,1-Fully Verified,,622.68,62268.21,1024.41,3461.1,346110.03,1.35,134.82,0.59,59.31,0.34,34.02,1.83,183.15,1.74,174.33,3.46,345.6,2.65,264.96,2.61,260.82,5.83,583.47,6.19,619.11,4.03,403.11,2.94,293.94,2.98,298.44,9.35,935.46,9.17,916.92,29.05,2904.84,16.63,1663.11,18.03,1802.79,8.47,847.44,8.48,847.53,7.24,723.69,3.23,323.37,146.2,0.23,476.48,0.77,2,1,3
PO1000010794,"2020,2021,2019",UNKNOWN,UNKNOWN,KHARISMA WIRAJAYA PALMA,Not RSPO Certified,,3/31/23,0.83,100.92,"0.826015, 100.916237",IDN,Indonesia,Riau,Kampar,2-High Confidence,,50.89,5089.14,56.97,72.95,7294.68,7.1,710.37,0.94,94.5,0.24,23.94,14.19,1419.21,7.75,774.9,11.78,1178.19,2.15,214.92,0.62,62.37,0.92,91.98,0.3,30.42,0.13,12.87,0.75,75.33,0.03,3.33,0.14,13.95,0.14,14.04,0.25,25.38,0.31,31.32,0.28,28.35,0.12,11.88,0.1,9.99,0.09,9.27,0.09,9.36,48.46,0.95,2.43,0.05,1,5,1
PO1000010795,2021,UNKNOWN,UNKNOWN,MAHUNING,Not RSPO Certified,,3/31/23,-1.46,113.4,"-1.459278, 113.397417",IDN,Indonesia,Kalimantan Tengah,Gunung Mas,2-High Confidence,,136.25,13625.37,143.07,262.73,26272.53,0.86,85.59,1.14,114.3,0.16,16.47,2.06,206.46,1.31,131.13,2.27,226.71,2.02,202.41,6.61,660.87,8.88,888.48,14.75,1475.01,3.25,325.08,11.18,1117.98,15.45,1545.03,16.63,1663.11,1.31,130.59,3.09,309.42,0.84,84.24,1,100.08,2.62,262.17,2.12,212.4,2.12,212.4,1.67,166.95,101.37,0.74,34.88,0.26,3,4,3
PO1000010802,"2020,2021",DHARMA SATYA NUSANTARA (DSN),DHARMA SATYA NUSANTARA,DHARMA SATYA NUSANTARA MILL 8 (AGRO ANDALAN),Not RSPO Certified,,3/31/23,-0.1,111.03,"-0.102824, 111.029149",IDN,Indonesia,Kalimantan Barat,Sekadau,1-Fully Verified,,1697.52,169751.52,1711.92,2356.46,235645.83,10.43,1043.19,11.52,1152.09,11.48,1147.95,12.32,1231.56,17.3,1729.62,20.45,2045.07,11.23,1123.02,36.21,3621.06,19.43,1942.65,21.88,2188.26,23.43,2343.06,40.73,4073.04,29.67,2966.76,39.4,3940.11,50.79,5079.24,60.06,6005.97,34.75,3474.54,39.2,3919.86,24.25,2424.78,25.58,2557.89,18.38,1838.07,29.89,2988.9,588.37,0.35,1109.15,0.65,3,2,3
PO1000010804,2021,GOLDEN AGRO PLANTATION (GAP),GOLDEN AGRO PLANTATION (GAP),GOLDEN AGRO PLANTATION (GAP),Not RSPO Certified,,3/31/23,2.67,112.13,"2.6725, 112.1272",MYS,Malaysia,Sarawak,Dalat,1-Fully Verified,,120.62,12062.16,117.45,82.29,8228.88,0.63,63,2.88,287.82,1.68,168.48,12.76,1276.29,9.89,989.1,7,699.66,0.3,30.24,0.18,17.91,9.58,957.87,0.35,35.46,3.33,333.45,32.14,3214.44,10.38,1037.52,17.16,1716.3,0.62,62.37,0.33,33.3,0.29,28.89,0.42,41.76,0.81,81.18,0.14,13.5,0.28,27.99,0.1,10.08,111.27,0.92,9.36,0.08,1,5,1
PO1000010805,"2021,2019,2020",KARYA HEVEA INDONESIA,KARYA HEVEA INDONESIA,KARYA HEVEA INDONESIA,Not RSPO Certified,,3/31/23,3.37,99.02,"3.374417, 99.02",IDN,Indonesia,Sumatera Utara,Serdang Bedagai,2-High Confidence,,95.52,9552.42,157.17,248.66,24865.92,4.28,428.49,2.24,224.37,1.63,162.63,0.53,53.1,0.47,47.25,2.87,287.01,3.96,395.91,2.95,294.84,3.17,316.89,0.64,63.72,1.35,134.64,0.9,90.18,1.22,121.68,1.53,153.27,3.21,320.76,5.26,526.14,6.87,686.97,8.98,897.66,5.95,595.08,7.12,711.72,5.31,530.64,5.7,570.33,76.13,0.8,19.39,0.2,5,4,4
PO1000010806,"2020,2021",KENCANA AGRI,KENCANA AGRI GROUP,DELTA SUBUR PERMAI,Not RSPO Certified,,3/31/23,-1.22,122.52,"-1.215564, 122.518659",IDN,Indonesia,Sulawesi Tengah,Banggai,1-Fully Verified,,3255.9,325590.12,3187.5,7486.94,748694.34,7.1,709.56,16.17,1617.3,8.31,831.06,16.07,1606.59,8.2,819.63,10.34,1033.83,12.33,1232.82,5.27,527.49,19.47,1946.52,18.11,1811.07,13.21,1320.66,23.88,2388.42,20.11,2011.32,17.32,1732.05,27.62,2761.74,34.37,3436.56,16.73,1672.65,18.61,1860.93,16.12,1611.72,11.87,1186.83,12.09,1208.97,13.57,1357.02,346.85,0.11,2909.05,0.89,2,1,3
PO1000010807,2020,KIARA SAWIT ABADI,KIARA SAWIT ABADI,GELATIK,Not RSPO Certified,,3/31/23,0.82,111.01,"0.81729, 111.01222",IDN,Indonesia,Kalimantan Barat,Sintang,1-Fully Verified,,1825.86,182585.7,1889.38,2738.08,273807.99,25.69,2569.41,36.87,3687.48,30.08,3008.43,26.52,2652.21,31.02,3101.58,35.07,3506.85,26.46,2646.36,35.44,3544.38,49.35,4935.24,31.09,3109.05,50.94,5093.64,98.07,9806.58,63.09,6309,68.5,6849.72,48.14,4813.56,70.67,7067.07,47.99,4799.43,58.21,5821.2,50.4,5039.82,44.35,4435.02,28.21,2820.51,22.59,2259.09,978.76,0.54,847.1,0.46,3,3,3
PO1000010809,2020,OLEOINVERSIONES ZOMAC,OLEOINVERSIONES ZOMAC,OLEOINVERSIONES ZOMAC,Not RSPO Certified,,3/31/23,4.69,-72.08,"4.689, -72.081",COL,Colombia,Casanare,Maní,1-Fully Verified,,483.05,48305.07,3071.54,7552.53,755252.91,4.28,428.04,5.18,518.4,3.57,357.21,8.87,887.22,6.26,626.49,7.93,792.9,6.29,629.37,5.46,545.76,9.09,909,2.45,245.25,5.24,524.43,4.97,497.43,2.41,240.66,3.17,317.25,3.03,303.12,7.05,705.33,7.17,716.58,4.89,488.79,10.05,1005.48,6.27,627.12,5.13,512.64,4.7,469.62,123.48,0.26,359.57,0.74,3,2,3
PO1000010811,"2020,2021,2019",SAGO,SAGO,ANGGOLI,Not RSPO Certified,,3/31/23,1.54,98.98,"1.538639, 98.984611",IDN,Indonesia,Sumatera Utara,Tapanuli Tengah,1-Fully Verified,,177.52,17752.05,167.16,354.07,35407.44,1.32,131.94,1.73,173.25,1.23,122.85,1.45,144.81,1.41,141.3,1.05,105.3,1.26,126.18,0.32,32.22,1.67,167.04,1.08,107.64,0.52,52.29,0.41,40.59,0.34,33.93,0.74,74.43,0.44,44.37,0.76,76.23,1.11,110.52,0.57,57.15,0.4,40.41,0.44,43.65,0.66,66.33,0.4,40.05,19.32,0.11,158.2,0.89,1,1,3
PO1000010813,"2019,2020,2021",SUNGAI SUGUT,SUNGAI SUGUT,SUNGAI SUGUT,Not RSPO Certified,,3/31/23,5.85,117.32,"5.85378, 117.3223",MYS,Malaysia,Sabah,Beluran,1-Fully Verified,,165.6,16559.91,184.98,339.34,33934.05,0.44,43.92,0.8,80.19,0.31,30.69,1.36,136.35,0.81,80.82,1.81,181.17,1.13,113.22,2.99,299.34,5.03,502.83,7.74,774,0.99,98.64,2.09,209.25,4.82,481.86,7.6,759.6,11.57,1157.49,4.19,418.86,9.15,915.3,8.01,801.27,4.65,465.3,2.23,223.47,1.63,163.44,0.57,56.7,79.94,0.48,85.66,0.52,2,3,3
PO1000010815,2020,WILMAR GROUP,WILMAR INTERNATIONAL LTD,AGRONUSA INVESTAMA 3,Not RSPO Certified,,3/31/23,1.42,109.54,"1.42149, 109.53715",IDN,Indonesia,Kalimantan Barat,Sambas,1-Fully Verified,,88.26,8825.58,95.47,90.34,9034.02,1.4,139.68,0.45,45.09,0.35,35.46,2.45,244.71,17.9,1789.83,13.45,1344.6,6.78,678.06,3.19,318.96,5.91,591.3,1.77,176.85,1.26,126,0.72,72.27,0.56,56.43,1.84,183.96,0.4,40.14,0.69,69.39,1.34,134.01,0.36,36,0.25,25.29,0.3,29.97,0.54,54.18,1.08,107.64,63,0.71,25.26,0.29,3,4,3
PO1000010817,"2020,2019,2021",WTK GROUP,WTK GROUP,SUAJAYA MAHIR CROP,Not RSPO Certified,,3/31/23,2.85,112.71,"2.848833, 112.705861",MYS,Malaysia,Sarawak,Mukah,1-Fully Verified,,327.34,32734.35,405.23,470.16,47016.27,73.66,7365.78,10.74,1074.24,4.67,466.83,1.93,193.14,1.35,134.82,1.73,172.71,6.31,630.63,1.06,105.57,43.04,4304.16,9.78,978.48,3.97,397.26,17.93,1793.43,7.13,712.71,8.91,890.91,17.51,1750.77,6.68,668.25,13.22,1322.37,10.6,1060.29,12.93,1293.21,8.66,865.62,9.33,933.21,9.62,962.28,280.77,0.86,46.58,0.14,4,5,3
PO1000010882,"2021,2020,2019",AGRO ARTHA SURYA,AGRO ARTHA SURYA,AGRO ARTHA SURYA,Not RSPO Certified,,3/31/23,0.75,122.43,"0.749611, 122.430861",IDN,Indonesia,Gorontalo,Boalemo,1-Fully Verified,,4079.31,407930.58,5121.59,6766.95,676695.33,21.13,2113.11,55.91,5591.16,20.22,2021.76,45.45,4545.36,22.19,2219.31,33.05,3304.98,25.16,2515.86,9.94,993.96,62.71,6270.66,11.97,1196.91,20.94,2094.12,21.07,2106.99,23.84,2384.37,61.89,6188.58,113.04,11303.55,104.16,10416.42,55.03,5502.96,61.49,6148.62,83.86,8386.02,23.73,2372.85,14.39,1438.56,16.49,1649.16,907.65,0.22,3171.65,0.78,2,1,3
PO1000010883,"2019,2021",SAWIT JAMBI LESTARI (PRG),RANTAU GEDANG,RANTAU GEDANG,Not RSPO Certified,,3/31/23,-1.53,102.91,"-1.532222, 102.906111",IDN,Indonesia,Jambi,Batang Hari,1-Fully Verified,,11.7,1169.82,13.17,12.29,1228.86,0,0.18,0.03,2.88,0.02,2.43,0.03,3.42,0.12,11.61,0.5,49.77,0.21,21.42,0.57,56.79,0.94,93.87,0,0,0.26,26.28,1.26,126.45,1.05,105.48,1.02,102.42,0.01,1.44,0.2,19.53,5.04,503.55,1.33,132.84,0.81,81.09,0,0,0,0.45,0,0,11.7,1,0,0,1,5,1
PO1000010884,"2021,2019,2020",OTACO CO,OTACO,OTACO,Not RSPO Certified,,3/31/23,7.72,99.32,"7.724815, 99.324366",THA,Thailand,Trang,Sikao,1-Fully Verified,,443.39,44338.95,675.56,1175.06,117505.98,2.98,297.54,7.49,748.8,5.34,533.97,11.27,1126.53,7.75,775.44,10.14,1014.21,4.92,492.39,16.03,1602.9,10.84,1084.23,14.76,1476.45,7.83,783.27,8.56,856.44,10.66,1066.32,17.37,1736.82,17.72,1771.74,23.15,2315.16,31.18,3117.96,19.92,1991.88,15.38,1537.83,17.02,1701.54,14.93,1493.01,12.46,1245.87,287.7,0.65,155.69,0.35,4,4,3
PO1000010886,2020,"OIL SUM ",EXTRACTORA LOMA FRESCA,EXTRACTORA LOMA FRESCA,Not RSPO Certified,,3/31/23,7.53,-73.94,"7.528413, -73.936587",COL,Colombia,Bolívar,Simití,1-Fully Verified,,1278.28,127827.63,1433.53,5093.7,509370.48,16.87,1686.78,14.95,1495.08,7.77,776.61,12.28,1228.32,14.05,1405.17,12.34,1234.17,14.02,1401.57,10.92,1091.7,14.28,1428.21,14.83,1482.57,4.88,488.34,14.87,1487.16,8.51,850.95,12.85,1285.02,12.58,1258.02,10.73,1072.89,24.35,2435.49,13.37,1337.4,15.82,1582.02,22.11,2210.67,16.41,1641.15,13.21,1320.57,302,0.24,976.28,0.76,3,1,3
PO1000010944,"2021,2019",KPN,KPN,GRAHA AGRO NUSANTRA,Not RSPO Certified,,3/31/23,-0.08,109.7,"-0.083509, 109.702795",IDN,Indonesia,Kalimantan Barat,Kubu Raya,1-Fully Verified,,1460.99,146099.07,1378.35,2386.62,238662,2.88,288.09,10.95,1094.85,2.81,280.98,6.63,662.94,4.77,477,14.11,1410.66,8.88,887.58,12.74,1273.5,24.45,2445.12,23.7,2370.24,107.01,10701.27,56.46,5646.42,80.26,8025.57,114.36,11436.21,141.93,14192.55,59.74,5973.84,67.75,6774.75,24.57,2457.36,17.04,1703.97,9.33,933.12,8.1,809.55,7.54,753.84,805.99,0.55,655,0.45,2,3,3
PO1000010945,2020,PERMATA NUSA SEJATI,PERMATA NUSA SEJATI,PT PERMATA NUSA SEJATI,Not RSPO Certified,,3/31/23,-0.3,111.64,"-0.297753, 111.639998",IDN,Indonesia,Kalimantan Barat,Melawi,1-Fully Verified,SAMBOJA INTI PERKASA,2307.26,230726.16,2570.74,4329.45,432945.27,24.72,2471.76,39.06,3905.73,18.32,1832.13,21.5,2150.46,21.58,2157.57,18.27,1827,10.31,1031.31,22.14,2213.91,29.65,2965.23,19.47,1946.61,24.12,2412.09,45.96,4595.94,37.54,3754.44,53.19,5319.45,52.56,5255.91,64.27,6426.63,38.18,3817.98,44.42,4442.13,23.47,2347.29,37.9,3789.81,14.76,1475.73,31.19,3118.86,692.58,0.3,1614.68,0.7,3,2,3
PO1000010946,"2019,2021",TBS OIL MILL SDN BHD,TBS OIL MILL SDN BHD,TBS OIL MILL,Not RSPO Certified,,3/31/23,2.01,111.35,"2.007215, 111.352186",MYS,Malaysia,Sarawak,Saratok,1-Fully Verified,,1930.86,193085.55,2157.32,4523.88,452387.52,9.61,960.57,12.36,1236.42,23.11,2310.84,9.89,988.92,17.78,1777.86,14.63,1462.86,28.11,2810.79,28.11,2811.42,76.38,7638.48,42.87,4286.7,53.51,5350.68,54.82,5481.81,38.19,3819.15,57.82,5782.14,47.74,4774.5,60.74,6073.83,70.22,7021.62,47.41,4740.66,50.89,5088.69,41.65,4165.38,36.78,3678.03,36.61,3660.93,859.22,0.44,1071.63,0.56,3,3,3
PO1000010947,2021,IGAN OIL MILL SDN BHD,IGAN OIL MILL SDN BHD,TA ANN PELITA IGAN,Not RSPO Certified,,3/31/23,2.78,111.74,"2.783242, 111.737797",MYS,Malaysia,Sarawak,Matu,1-Fully Verified,,953.51,95350.68,1071.85,1940.22,194021.91,13.5,1349.82,4.08,407.52,5.13,513.36,2.11,210.6,34.24,3424.05,22.22,2222.1,62.54,6253.56,7.45,745.29,210.93,21093.12,34.01,3400.92,24.95,2495.25,75.74,7573.5,29.75,2975.49,37.6,3760.47,19.14,1914.39,17.94,1794.42,12.79,1279.17,8.04,804.15,8.67,867.42,6.59,658.98,6.02,602.37,4.55,454.86,648.01,0.68,305.5,0.32,2,4,2
PO1000010950,2020,CI TOP,CI TOP S.A,PALMEIRAS COLOMBIA S.A.,Not RSPO Certified,,3/31/23,1.46,-78.69,"1.4589, -78.6869",COL,Colombia,Nariño,Tumaco,1-Fully Verified,,160.71,16070.76,159.24,322.46,32246.19,5.85,585.36,2.55,254.7,0.45,45.27,7.01,701.19,0.37,36.54,3.94,394.29,1.3,130.14,2.53,253.44,7.26,725.76,2.24,224.01,1.17,116.73,2.04,204.3,0.92,91.8,2.47,246.96,2.25,224.64,4.53,453.42,3.97,396.54,0.05,5.49,0.19,19.08,0.17,17.19,0.47,46.98,0.18,17.82,51.92,0.32,108.79,0.68,1,2,3
PO1000010951,2019,UNIVANICH PALM OIL,UNIVANICH PALM OIL PUBLIC COMPANY LTD,CVP,Not RSPO Certified,,3/31/23,9.24,98.4,"9.237, 98.3964",THA,Thailand,Phangnga,Khura Buri,1-Fully Verified,,2521.01,252101.34,2783.69,6254.22,625422.24,3.28,327.87,6.78,678.33,7.29,729.45,13.45,1344.78,19.77,1976.76,11.07,1107.45,22.2,2219.85,8.3,830.07,21.61,2161.44,13.97,1397.25,6.86,686.25,6.19,618.75,7.61,761.04,16.51,1650.78,17.13,1712.97,15.21,1520.73,16.07,1607.49,10.56,1056.42,11.28,1127.88,13.07,1307.07,13.35,1334.7,12.98,1298.43,274.56,0.11,2246.46,0.89,2,1,3
PO1000011167,2020,UNKNOWN,ALAM JAYA PERSADA,ALAM JAYA PERSADA,Not RSPO Certified,,3/31/23,-0.93,117.15,"-0.931346389, 117.1502303",IDN,Indonesia,Kalimantan Timur,Kutai Kartanegara,1-Fully verified,,902.03,90202.95,1466.41,3322.38,332238.33,5.59,558.9,13.34,1334.25,5.25,525.06,10.17,1016.55,8.43,842.58,4.78,477.54,11.23,1123.38,4.76,475.65,29.97,2997.27,6.64,664.47,21.15,2114.64,48.74,4874.4,15.7,1569.6,42.67,4267.17,61.94,6194.07,65.83,6582.87,24.02,2401.92,27.2,2720.16,17.25,1724.67,29.46,2946.15,11.15,1115.01,24.25,2425.14,489.51,0.54,412.52,0.46,3,3,3
PO1000011168,"2020,2019",UNKNOWN,SUMBER TANI AGUNG,KARYA AGUNG SAWIT (UJUNG BATU),Not RSPO Certified,,3/31/23,1.32,100.01,"1.318478, 100.010726",IDN,Indonesia,Sumatera Utara,Padang Lawas,1-Fully verified,,357.88,35788.5,386.73,414.38,41438.34,1.69,169.38,1.07,106.74,34.2,3420.45,50.78,5078.25,60.45,6045.21,11.78,1178.37,0.3,30.33,11.4,1140.39,61.62,6161.67,26.84,2683.53,42.63,4263.21,9.78,978.21,1.61,161.37,13.91,1390.86,19.47,1947.15,7.04,703.8,1.92,191.97,0.62,61.83,0.63,62.64,0.54,53.55,1,100.44,0.41,40.86,357.88,1,0,0,1,5,1
PO1000011170,2020,UNKNOWN,PALMAS DE CANDELARIA,PALMAS DE CANDELARIA,Not RSPO Certified,,3/31/23,18.32,-91.36,"18.321833, -91.364833",MEX,Mexico,Campeche,Carmen,1-Fully verified,,49.98,4997.79,70.46,90.04,9003.87,0.17,17.37,0.01,1.35,0.33,32.67,0.07,7.2,0.86,85.95,0,0.09,0.01,0.54,0.12,11.52,0.19,19.44,0.01,1.08,0.19,19.26,7.67,766.8,14.18,1418.04,0.6,60.39,0.25,24.84,0.4,40.05,1.76,175.68,0.72,72.18,0.13,12.87,1.63,163.26,0.09,9,0.01,0.63,29.4,0.59,20.58,0.41,1,3,2
PO1000011173,"2020,2021",UNKNOWN,SALCRA,LUBOK ANTU 2,Not RSPO Certified,,3/31/23,1.33,111.45,"1.330232, 111.451023",MYS,Malaysia,Sarawak,Sri Aman,2-High Confidence,KILANG SAWIT BIJAT,63.85,6384.87,64.87,44.43,4442.67,3.74,374.49,7.36,735.66,3.56,356.4,2.02,202.41,0.9,89.73,0.37,36.99,0.01,1.08,0.53,52.56,1.89,189.09,0.95,95.4,1.55,155.16,7.78,778.14,1.15,115.47,29.38,2937.6,5.92,591.66,0.55,54.99,2.48,248.31,0.14,13.5,0.93,93.24,0.3,30.42,0.02,1.98,2.43,243,63.85,1,0,0,3,5,1
PO1000011174,2020,UNKNOWN,DHANISTA SURYA NUSANTARA,KENAYA,Not RSPO Certified,,3/31/23,-0.96,110.4,"-0.956973, 110.4042",IDN,Indonesia,Kalimantan Barat,Ketapang,2-High Confidence,,1465.58,146557.53,1365.8,2449.83,244983.42,11.1,1109.7,8.11,810.81,8.45,845.19,10.68,1068.21,9.55,955.35,8.48,847.53,4.7,470.34,56.4,5640.39,32.39,3239.46,8.06,805.86,28.57,2856.51,53.68,5367.69,42.44,4243.5,62.56,6256.17,49.97,4997.25,39.38,3937.68,20.35,2034.72,13.66,1366.29,16.77,1677.06,10.93,1092.96,36.53,3653.19,41.42,4142.43,574.18,0.39,891.39,0.61,4,3,4
PO1000011179,"2020,2021,2019",UNKNOWN,SUMBER TANI AGUNG,MADINA AGRO LESTARI (SIKAPAS),Not RSPO Certified,,3/31/23,1.22,98.9,"1.2171944, 98.895722",IDN,Indonesia,Sumatera Utara,Mandailing Natal,2-High Confidence,,49.66,4966.11,45.59,79.47,7947,0,0,0,0.27,0,0.09,0,0.45,0.14,13.86,0.08,8.19,0.27,26.73,0.14,13.77,4.95,495.36,3.17,316.53,8.41,841.32,1.86,185.85,0.31,30.51,1.62,161.55,0.44,44.28,0.23,23.31,0.56,56.34,0.11,11.07,0.19,18.72,0.21,20.79,0.24,24.21,0.41,41.4,23.35,0.47,26.32,0.53,2,3,3
PO1000011180,"2019,2021",UNKNOWN,TIAN TUJUHPULUH UTAMA,BALAI JAYA,Not RSPO Certified,,3/31/23,1.68,100.53,"1.684, 100.53362",IDN,Indonesia,Riau,Rokan Hilir,2-High Confidence,,109.42,10942.47,117.5,228.16,22815.54,0.24,24.21,0.26,25.56,0.07,6.93,0.68,67.95,0.48,48.24,0.22,22.23,0.2,20.34,0.07,7.2,1.17,117.09,1.38,137.97,0.46,46.08,1.74,173.61,0.93,93.24,1.59,158.94,1.52,151.65,11.19,1119.33,5.62,561.51,7.07,706.95,7.36,736.47,5.15,515.16,2.15,214.83,1.62,162.09,51.18,0.47,58.25,0.53,3,3,3
PO1000011181,2021,UNKNOWN,TECK GUAN GROUP,TALIWAS,Not RSPO Certified,,3/31/23,5.07,118.26,"5.070072, 118.256194",MYS,Malaysia,Sabah,Lahad Datu,2-High Confidence,,1125.94,112593.51,1137.48,2198.53,219853.08,8.86,885.51,7.18,718.38,6.58,657.72,16.36,1636.38,27.74,2773.89,21.65,2164.95,5.27,527.4,10.19,1019.25,1.34,134.01,8.78,878.04,3.61,360.9,7.15,714.87,2.5,249.66,4.98,498.15,5.41,541.44,11.06,1106.01,8.17,816.66,9.07,907.11,5.26,526.5,4.3,429.75,6.4,640.08,8.47,847.26,190.34,0.17,935.6,0.83,2,1,3
PO1000011182,2021,UNKNOWN,MUSTIKA AGUNG SAWIT GEMILANG,MUSTIKA AGUNG SAWIT GEMILANG,Not RSPO Certified,,3/31/23,-0.53,101.99,"-0.525278, 101.993389",IDN,Indonesia,Riau,Indragiri Hulu,2-High Confidence,,253.32,25332.39,284.34,517.61,51760.53,24.04,2403.9,7.02,702.09,1.2,120.06,4.63,462.69,6.29,629.46,0.25,25.47,3.65,364.77,21.7,2169.81,0.55,54.9,12.57,1257.48,3.93,393.03,17.05,1704.51,5.85,584.55,5.54,554.31,2.66,265.68,8.5,850.41,12.38,1238.22,4.17,417.33,7.8,780.12,5.09,509.49,9.71,971.19,7.84,784.26,172.44,0.68,80.89,0.32,5,4,3
PO1000011183,"2021,2020,2019",UNKNOWN,PROSPER GROUP,MERCHONG PALM OIL MILL,Not RSPO Certified,,3/31/23,2.8,103.31,"2.80355, 103.306237",MYS,Malaysia,Pahang,Rompin,2-High Confidence,,35.57,3556.98,32.41,81.19,8118.9,0.03,2.52,0,0,0,0.18,0,0.18,0.45,45.36,0.03,2.88,0,0.18,0,0.09,0,0.18,0,0,0,0.27,0.63,63.27,0.39,39.33,0.49,48.69,0.94,94.32,0.83,82.98,3.77,377.01,2.87,286.74,2.99,298.53,5.19,519.21,1.7,170.46,0.49,49.05,20.81,0.59,14.76,0.41,4,3,3
PO1000011184,2021,UNKNOWN,PERMATA HIJAU GROUP,PELITA AGUNG AGRINDUSTRI,Not RSPO Certified,,3/31/23,1.43,101.19,"1.427505556, 101.18765",IDN,Indonesia,Riau,Bengkalis,2-High Confidence,,585.48,58547.52,706.16,1001.12,100111.68,2.68,268.02,11.6,1159.65,8.09,808.65,21.19,2119.05,43.88,4387.59,56.97,5696.82,32.79,3278.79,50.5,5050.26,57.55,5755.41,47.89,4789.26,24.66,2466.45,52.41,5240.7,32.83,3282.75,26.74,2674.44,5.47,546.66,6.09,609.48,9.63,962.73,11.79,1178.64,7.82,781.65,3.62,362.34,6.19,619.2,7.26,726.48,527.65,0.9,57.83,0.1,3,5,2
PO1000011188,2020,UNKNOWN,DHANISTA SURYA NUSANTARA,PERDANA,Not RSPO Certified,,3/31/23,-2.2,110.81,"-2.200481, 110.814133",IDN,Indonesia,Kalimantan Barat,Ketapang,3-Low Confidence,,10.82,1082.43,10.65,11.48,1148.04,0.03,3.42,0.11,10.98,0,0.09,0.14,13.86,0.01,1.26,0.07,7.29,0.01,1.08,0.02,1.71,0.11,11.43,0.97,97.29,2.51,250.56,1,99.72,0.25,24.75,0.45,45.09,1.07,107.46,0.35,35.01,0.18,17.55,0.09,8.82,0.15,15.03,0.04,3.87,0.03,2.61,0.12,11.52,7.7,0.71,3.12,0.29,2,4,2
PO1000011191,2020,UNKNOWN,MANOBANDACORP,MANOBANDACORP,Not RSPO Certified,,3/31/23,-1.07,-79.61,"-1.072687, -79.607734",ECU,Ecuador,Los Rios,Quevedo,3-Low Confidence,,1871.39,187139.43,3653.39,6730.65,673064.91,7.48,748.08,4.74,473.58,7.51,751.14,7.19,719.28,5.27,527.13,4.85,484.92,51.39,5138.64,13,1300.41,31,3099.6,8.22,821.88,7.96,796.14,19.07,1907.19,22.24,2223.63,8.07,807.12,3.73,373.23,3,300.06,3.79,379.08,1.29,129.42,1.1,110.16,7.44,743.58,1.17,116.64,3.41,341.46,222.92,0.12,1648.47,0.88,1,1,3
PO1000011192,2020,UNKNOWN,BELEM BIOENERGIA,EXTRACTORA TAILÂNDIA,Not RSPO Certified,,3/31/23,-2.8,-48.94,"-2.798097, -48.936475",BRA,Brazil,Pará,Tailândia,3-Low Confidence,,4952.07,495207.36,5118.38,6332.67,633266.73,90.87,9087.03,158.84,15883.74,56.51,5651.46,142.32,14231.88,175.52,17552.34,157.66,15765.93,115,11499.84,142.82,14281.92,105.85,10584.81,78.42,7842.33,71.47,7147.26,59.9,5990.31,105.43,10542.51,79.93,7992.54,62.69,6268.95,339.83,33983.01,124.42,12441.96,271.03,27102.87,54.49,5449.32,66.14,6613.83,85.07,8507.16,92.38,9237.87,2636.59,0.53,2315.48,0.47,3,3,3
PO1000011193,"2021,2019",UNKNOWN,GADING SAWIT KENCANA,GADING SAWIT KENCANA,Not RSPO Certified,,3/31/23,-2.51,112.55,"-2.510682, 112.55489",IDN,Indonesia,Kalimantan Tengah,Kotawaringin Timur,3-Low Confidence,,32.41,3241.08,48.4,87.64,8763.66,0.29,29.07,3.02,301.95,0.29,28.8,0.74,74.16,2.91,290.88,5.56,555.75,1.7,169.56,0.99,99.27,2.03,202.59,1.72,172.17,2.13,212.58,1.1,109.71,0.73,72.9,1.26,126,0.79,78.84,0.78,77.58,0.5,50.22,0.33,32.76,0.36,35.64,0.54,54.27,0.41,40.68,0.2,19.8,28.35,0.87,4.06,0.13,3,5,2
PO1000011194,"2019,2021",UNKNOWN,GENG GROUP,KENCANA AGRO PERSADA,Not RSPO Certified,,3/31/23,0.61,101.24,"0.605639, 101.241306",IDN,Indonesia,Riau,Kampar,3-Low Confidence,,113.1,11309.58,125.3,167.89,16789.41,2.23,222.66,2.66,266.13,6.46,645.93,5.92,592.11,11.49,1149.03,4.44,444.15,5.05,504.63,4.01,401.49,18.68,1868.31,17.43,1742.76,3.64,363.87,3.75,374.94,0.61,61.47,1.72,171.99,2.29,228.51,2.24,224.19,3.1,309.96,0.95,94.68,0.56,55.71,0.5,49.95,0.99,99.09,0.49,49.23,99.21,0.88,13.89,0.12,2,5,2
PO1000011195,2021,UNKNOWN,UNITED MALACCA,LIFERE AGRO KAPUAS,Not RSPO Certified,,3/31/23,-2.74,114.46,"-2.740389, 114.456711",IDN,Indonesia,Kalimantan Tengah,Kapuas,3-Low Confidence,ARWANA,3031.12,303111.81,4465.43,8485.65,848565.09,12.8,1280.43,29.69,2968.74,106.57,10657.44,95.19,9519.39,48.62,4861.98,27.17,2717.01,125.91,12590.73,23.15,2315.16,44.46,4445.55,14.84,1483.65,29.8,2979.9,72.29,7228.71,56.72,5671.71,77.01,7701.39,150.5,15050.43,394.13,39413.07,57.46,5745.96,51.55,5155.38,76.19,7619.13,58.54,5853.78,17.98,1798.38,34.29,3428.55,1604.86,0.53,1426.25,0.47,3,3,3
PO1000011196,2021,UNKNOWN,TRIPUTRA AGRO PERSADA,SUKSES KARYA MANDIRI,Not RSPO Certified,,3/31/23,-2.19,111.34,"-2.189397, 111.342031",IDN,Indonesia,Kalimantan Tengah,Sukamara,3-Low Confidence,,188.33,18832.86,197.74,389.39,38939.49,4.51,450.63,5.02,502.29,0.57,57.06,8.9,889.92,8.24,823.68,30.75,3075.12,11.32,1131.66,2.62,262.08,17.12,1712.16,5.74,573.93,2.96,296.1,23.61,2360.79,6.21,620.64,8.57,857.16,6.32,631.98,4.93,493.02,7.18,717.57,5.01,500.58,2.87,287.19,3.5,349.83,1.43,142.83,3.49,349.11,170.85,0.91,17.48,0.09,3,5,2
PO1000011200,2020,UNKNOWN,UNKNOWN,COMPAÑIA PALMICULTORA DEL LLANO S.A. - PALMALLANO S.A.,Not RSPO Certified,,3/31/23,4.35,-73,"4.346079, -73.004524",COL,Colombia,Meta,Cabuyaro,1-Fully verified,,87.42,8741.52,357.15,1185.85,118584.9,1.45,144.72,0.79,78.75,0.83,83.43,1.22,122.22,0.86,86.22,0.94,94.23,1.39,138.78,1.5,149.76,1.26,125.55,0.92,92.25,1.65,165.33,2.25,225.18,1.16,116.37,0.9,89.73,0.21,21.15,0.44,43.92,0.33,33.39,0.34,33.93,0.63,63.18,1.88,187.92,1.37,136.53,2.54,254.07,24.87,0.28,62.55,0.72,3,2,4
PO1000011214,2019,UNKNOWN,UNKNOWN,SARAWAK OIL PALMS BHD - BALINGIAN,Not RSPO Certified,,3/31/23,2.98,112.48,"2.98105, 112.4788",MYS,Malaysia,Sarawak,Mukah,1-Fully verified,,365.99,36599.31,398.6,580.34,58034.07,21.63,2162.61,7.89,789.03,9.77,977.04,1.57,156.69,15.17,1517.04,33.97,3396.6,29.61,2961,1.64,163.8,53.92,5391.99,17.52,1752.3,10.45,1045.26,43.18,4318.38,18.41,1840.86,31.33,3133.44,6.75,675.09,4.8,480.06,5.62,562.32,4.51,450.63,1.81,181.26,1.45,144.99,1.48,147.6,3.3,329.94,325.78,0.89,40.21,0.11,2,5,1
PO1000011215,2021,UNKNOWN,SAWITA LEIDONG JAYA,SAWITA LEIDONG JAYA,Not RSPO Certified,,3/31/23,0.54,101.39,"0.541227, 101.394954",IDN,Indonesia,Riau,Pekanbaru,3-Low Confidence,,242.02,24202.17,538.86,891.03,89102.61,1.66,166.41,3.84,384.21,4.51,450.72,9.97,997.29,10.67,1067.04,8.31,830.97,10.13,1012.68,6.45,644.85,11.39,1139.13,11.39,1138.86,4.99,498.78,7.83,782.64,5.71,571.05,10.37,1036.98,7.13,712.53,7.93,793.26,14.45,1445.13,5.56,556.38,7.27,727.47,5.11,510.57,5.46,546.03,2.52,251.55,162.65,0.67,79.38,0.33,3,4,3
PO1000011263,2021,UNKNOWN,BERSAMA OESAHA SARAGIH SEJAHTERA,BERSAMA OESAHA SARAGIH SEJAHTERA,Not RSPO Certified,,3/31/23,3.21,98.88,"3.209654, 98.884564",IDN,Indonesia,Sumatera Utara,Serdang Bedagai,2-High Confidence,,524.42,52442.28,652.23,2015.91,201591,2.8,279.63,2.02,201.51,2.91,290.7,2.1,209.61,3.24,323.55,3.82,381.6,2.26,226.17,3.21,321.12,3.86,386.19,2.43,242.82,2.4,239.58,3.62,362.25,1.95,194.85,7.78,777.78,4.42,441.72,8.2,819.99,4.83,483.48,8.94,893.61,5.84,583.65,6.41,640.71,6.88,687.87,5.39,539.01,95.27,0.18,429.15,0.82,3,1,3
PO1000011306,2021,DHARMA AGUNG WIJAYA,PT HANUSENTRA AGRO LESTARI,PT HANUSENTRA AGRO LESTARI,Not RSPO Certified,,3/31/23,1.18,117.9,"1.177671, 117.902178",IDN,Indonesia,Kalimantan Timur,Kutai Timur,2-High Confidence,,354.84,35484.39,333.64,395.57,39556.71,1.12,112.5,2.61,260.55,1.22,122.22,1.76,176.04,1.05,104.76,0.83,83.25,4.38,437.76,7.75,775.26,5.1,509.85,3.5,349.92,5.95,594.72,11.13,1112.58,23.78,2378.16,46.4,4640.13,20.28,2028.15,28.35,2835.45,25.87,2586.69,15.38,1537.56,13.05,1304.82,0.92,91.71,0.31,30.69,0.41,41.22,221.14,0.62,133.7,0.38,1,3,2
PO1000011307,2021,FANGIONO AGRO PLANTATION,PT BORNEO BHAKTI SEJAHTERA,PT BORNEO BHAKTI SEJAHTERA,Not RSPO Certified,,3/31/23,0.5,115.37,"0.495463, 115.366593",IDN,Indonesia,Kalimantan Timur,Kutai Barat,2-High Confidence,,6480.98,648097.92,5882.11,8154.76,815476.32,17.62,1761.66,14.64,1463.67,11.13,1113.12,6.3,629.55,16.7,1670.4,16.61,1660.86,13.21,1320.84,23.63,2362.59,11.1,1109.88,16.8,1679.94,19.57,1957.23,64.4,6440.4,56.45,5644.8,114.7,11469.87,51.95,5194.8,74.99,7498.98,15.67,1566.99,18.1,1809.72,27.82,2781.99,25.43,2543.13,14.46,1445.94,13.12,1312.38,644.39,0.1,5836.59,0.9,1,1,3
PO1000011406,2021,UNKNOWN,GOODHOPE ASIA HOLDINGS LTD,NABIRE MATOA,Not RSPO Certified,,3/31/23,-3.46,135.26,"-3.461533, 135.256064",IDN,Indonesia,Papua,Nabire,1-Fully verified,,5888.03,588802.77,5412.49,8874.91,887491.08,4.6,460.08,12.64,1264.5,10,1000.35,14.48,1448.46,4.82,481.77,10.2,1019.61,9.72,972.09,5.97,596.61,12.03,1203.48,8.19,819.18,9.11,911.25,38.13,3813.39,19.69,1968.66,81.42,8141.94,79.48,7947.72,34.93,3492.54,25.39,2539.08,25.97,2596.68,34.45,3444.93,18.49,1848.96,26.42,2641.95,29,2900.07,515.13,0.09,5372.89,0.91,2,1,3
PO1000011478,2021,UNKNOWN,SINDORA SERAYA,SINDORA SERAYA,Not RSPO Certified,,3/31/23,1.89,100.95,"1.89136, 100.95264",IDN,Indonesia,Riau,Rokan Hilir,2-High Confidence,,1449.44,144944.37,1481.17,2083.44,208343.7,9.39,939.15,18.24,1823.85,2.3,229.59,6.66,665.64,23.19,2318.85,27.26,2726.01,18.67,1866.51,17.83,1782.81,21.83,2183.49,54.02,5402.25,40.7,4069.53,92.94,9294.12,34.04,3403.71,74.44,7444.35,34.75,3474.63,36.04,3603.69,38.16,3815.91,35.19,3519.36,13.89,1388.61,16.37,1637.19,21.47,2146.86,26.45,2645.19,663.81,0.46,785.63,0.54,3,3,3
PO1000011552,2021,UNKNOWN,PARENTNAME IS MILLNAME,LANGKAT MAKMUR JAYA SAWITA,Not RSPO Certified,,3/31/23,3.88,98.34,"3.8779, 98.340547",IDN,Indonesia,Sumatera Utara,Langkat,1-Fully verified,,65.18,6517.89,74.49,151.27,15127.38,0.33,33.12,0.45,45.18,1.65,164.7,0.37,36.72,0.24,24.48,0.28,28.44,0.39,38.52,1.46,145.98,4.54,453.69,2.13,212.94,0.3,29.7,0.55,54.9,0.93,93.24,1.79,178.92,1.83,183.15,2.28,227.97,0.56,55.62,3.2,320.13,3.34,333.54,1.06,105.66,2.13,212.76,1.9,190.26,31.7,0.49,33.48,0.51,4,3,4
PO1000011554,2021,UNKNOWN,GAMA PLANTATION / KPN CORPORATION,CITRA MAHKOTA,Not RSPO Certified,,3/31/23,-0.36,112.13,"-0.35815, 112.129314",IDN,Indonesia,Kalimantan Barat,Melawi,1-Fully verified,,1864.57,186457.32,2410.62,6955.65,695564.91,19.83,1982.52,16.57,1656.81,13.53,1352.97,15.85,1585.35,10.53,1052.73,8.62,862.2,7.61,760.59,20.48,2047.86,22.55,2255.04,6.96,696.06,39.91,3990.96,36.97,3696.66,32.13,3213.27,50.92,5091.75,51.16,5116.5,80.34,8033.58,50.21,5020.56,57.29,5729.22,31.94,3193.56,51.11,5110.74,21.14,2114.37,32.38,3238.2,678.02,0.36,1186.56,0.64,3,3,3
PO1000011556,"2021,2019",UNKNOWN,MERLUNG INTI LESTARI,MERLUNG INTI LESTARI,Not RSPO Certified,,3/31/23,-1.33,103.27,"-1.328637, 103.273717",IDN,Indonesia,Jambi,Muaro Jambi,1-Fully verified,,62.13,6212.61,75.17,89.7,8969.85,2.2,220.5,2.6,259.83,2.55,254.7,5.95,595.44,2.93,292.77,4.59,458.82,4.97,497.16,4.24,423.72,4.4,439.74,0.55,54.9,0.32,31.77,1.26,125.73,0.97,97.38,0.74,73.71,0.68,67.59,1.31,130.77,1.73,172.71,2.55,255.06,0.6,59.58,0.88,88.11,0.99,98.91,1.03,102.69,48.02,0.77,14.11,0.23,3,4,3
PO1000011557,2021,UNKNOWN,SURYA SAWIT SEJAHTERA,SURYA SAWIT SEJAHTERA,Not RSPO Certified,,3/31/23,-2.6,120.57,"-2.59769, 120.56726",IDN,Indonesia,Sulawesi Selatan,Luwu Utara,1-Fully verified,,2891.13,289112.94,3213.28,4931.02,493102.44,8.19,819.45,10.65,1064.88,7.81,781.29,21.75,2174.67,12.21,1221.21,15.12,1512.27,17.5,1750.05,17.92,1792.44,38.3,3830.4,23.74,2373.57,29.05,2904.75,26.81,2680.83,19.76,1975.86,25.98,2597.58,19.16,1916.46,22.22,2222.01,37.72,3771.9,28.02,2801.7,37.23,3723.21,41.67,4166.91,16.19,1618.83,24.83,2482.83,501.83,0.17,2389.3,0.83,2,1,3
PO1000011591,2021,UNKNOWN,KALIMANTAN AGRO NUSANTARA,KALINUSA RANTAU PULUNG,Not RSPO Certified,,3/31/23,0.68,117.23,"0.676288, 117.227312",IDN,Indonesia,Kalimantan Timur,Kabupaten Kutai Timur,1-Fully verified,,1961.78,196177.86,2017.71,4942.51,494250.57,6.97,696.78,10.45,1044.81,1.78,178.02,7.54,753.93,8.14,813.87,7.99,798.84,5.51,550.53,10.47,1046.7,43.86,4385.88,40.62,4061.79,57.02,5701.86,110.36,11035.71,78.23,7823.25,59.53,5953.32,63.73,6372.63,96.38,9638.01,53.85,5385.15,43.96,4396.05,66.32,6632.01,30.93,3092.58,23.41,2341.44,19.1,1909.8,846.13,0.43,1115.65,0.57,3,3,3
PO1000011910,2021,UNKNOWN,MAHATO INTI SAWIT,MAHATO INTI SAWIT,Not RSPO Certified,,3/31/23,1.37,100.3,"1.373651, 100.299131",IDN,Indonesia,Riau,Rokan Hulu,1-Fully verified,,12.6,1260.45,87.86,150.54,15054.3,0.14,14.4,0.12,12.06,0.01,1.17,0.24,23.67,0.39,39.06,0.1,9.81,0.07,7.11,0.09,9.27,0.37,37.44,0.04,4.32,0.11,10.8,0.19,19.26,0.19,18.63,0.22,22.05,0.13,12.96,0.31,31.05,1.62,162.45,0.69,68.76,0.13,12.96,0.53,53.01,0.53,53.19,0.32,32.22,6.56,0.52,6.05,0.48,4,3,4
PO1000011911,2021,UNKNOWN,SAWIT JAYA MANDIRI LESTARI,SAWIT JAYA MANDIRI LESTARI,Not RSPO Certified,,3/31/23,-0.44,102.26,"-0.442814, 102.256371",IDN,Indonesia,Riau,Indragiri Hulu,1-Fully verified,,130.52,13051.62,140.02,238.16,23815.98,5.34,533.97,1.85,185.49,0.92,92.25,3.57,357.21,2.42,241.74,0.46,45.9,6.46,645.75,4.97,497.16,1.52,151.83,20.57,2057.04,4.48,448.29,8.58,857.88,1.59,159.03,2.32,231.84,0.68,67.86,5.46,545.85,3.86,386.1,1.82,181.53,2.86,285.93,2.34,233.91,3.33,332.91,4.14,414,89.53,0.69,40.98,0.31,4,4,3
PO1000011912,2021,UNKNOWN,SAWIT RUPAT SEJAHTERA,SAWIT RUPAT SEJAHTERA,Not RSPO Certified,,3/31/23,1.93,101.73,"1.934701, 101.733319",IDN,Indonesia,Riau,Bengkalis,1-Fully verified,,1521.45,152144.73,1542.66,1577.95,157795.47,6.84,683.55,38.06,3806.1,3.71,371.07,25.6,2559.87,37.85,3785.22,49.44,4943.97,18.09,1809.36,19.39,1938.51,48.67,4866.75,85.02,8501.94,100.05,10005.39,107.13,10712.97,33.33,3332.97,227.87,22786.74,33.19,3319.2,25.49,2548.89,21.2,2119.95,14.81,1481.49,22.51,2251.44,17.3,1729.89,14.08,1407.6,8.04,803.97,957.67,0.63,563.78,0.37,2,3,3
PO1000011915,2021,UNKNOWN,AGUMIL PHILIPPINES,MANAT,Not RSPO Certified,,3/31/23,8.09,126.08,"8.092237, 126.084621",PHL,Philippines,Agusan del Sur,Basa,1-Fully verified,,4497.37,449737.29,5164.6,6741.28,674128.08,26.61,2661.48,23.56,2356.29,13.98,1397.79,55.24,5523.93,32.6,3259.98,34,3400.02,34.62,3462.3,34.75,3475.26,39.19,3918.69,45.4,4540.32,37.82,3782.34,66.7,6669.54,61.26,6125.67,140.25,14024.52,50.33,5033.34,70.06,7006.41,108.87,10887.03,66.28,6627.96,55.39,5538.78,51.34,5134.32,44.35,4434.93,37.58,3758.22,1130.19,0.25,3367.18,0.75,3,2,3
PO1000011917,2021,UNKNOWN,HAP SENG CONSOLIDATED BHD,MITRA KARYA SENTOSA,Not RSPO Certified,,3/31/23,0.76,110.67,"0.764622, 110.668431",IDN,Indonesia,Kalimantan barat,Sanggau,1-Fully verified,,453.06,45306.18,473.15,855.18,85518.27,2.98,298.35,5.4,539.91,3.58,357.57,9.37,936.72,6.27,627.48,2.66,265.77,9.22,922.5,23.13,2312.73,13.69,1368.63,26.23,2623.05,27.08,2707.92,13.71,1371.42,10.67,1066.77,15.62,1561.86,10.58,1057.77,17.73,1773.36,10.46,1046.25,9.52,951.75,8.56,855.63,3.83,383.4,9.35,935.46,3.33,333.18,242.97,0.54,210.09,0.46,3,3,3
PO1000011991,2021,UNKNOWN,AGRO SEJAHTERA,AGRO SEJAHTERA,Not RSPO Certified,,3/31/23,-0.52,102.02,"-0.51619, 102.01667",IDN,Indonesia,Riau,"Indragiri Hulu ",2-High Confidence,,90.45,9044.55,95.31,240.1,24010.2,3.47,346.86,0.96,95.58,1.05,105.48,2.73,273.42,3.41,340.65,0.66,66.15,0.49,48.96,7.56,755.64,0.22,21.96,6.08,607.95,2.09,208.53,4.3,430.02,3.87,386.82,4.04,404.37,0.62,61.92,8.06,805.95,4.39,438.93,1.91,190.62,2.68,267.75,2.09,209.43,2.75,275.31,2.78,278.1,66.2,0.73,24.24,0.27,4,4,3
PO1000011992,2021,UNKNOWN,SELARAS MITRA SARIMBA,GIRI PURNO,Not RSPO Certified,,3/31/23,-1.41,102.27,"-1.40647, 102.26553",IDN,Indonesia,Jambi,Tebo,2-High Confidence,,314.06,31406.31,387.76,801.52,80151.57,3.26,325.53,3.65,365.04,0.92,92.07,3.85,385.29,1.9,190.35,8.56,856.44,3.13,313.02,2.38,237.78,6.7,670.41,3.09,308.88,2.84,283.5,2.35,234.72,3.29,328.77,3.77,377.46,3.21,320.67,4.96,496.17,5.21,521.28,5.05,505.26,6.77,676.89,6.63,663.21,11.2,1120.23,9.72,972.27,102.45,0.33,211.61,0.67,4,2,4
PO1000011993,2021,UNKNOWN,KELANTAN SAKTI,KELANTAN SAKTI,Not RSPO Certified,,3/31/23,-3.51,104.94,"-3.506183, 104.940456",IDN,Indonesia,Sumatera Selatan,Pedamaran,2-High Confidence,,23.98,2397.78,35.81,73.37,7336.8,0.03,2.7,0.01,0.63,0.01,1.35,0.26,26.19,0.31,31.14,0.02,1.98,0.19,18.54,5.94,594.27,3.95,395.46,0.37,37.26,0.09,9.36,2.09,208.8,0.16,15.75,1.29,128.61,1.07,106.56,0.55,54.99,1.58,158.22,1.17,117,1.07,106.65,0.11,11.34,0.03,2.88,0.05,5.49,20.35,0.85,3.63,0.15,1,5,1
PO1000012067,"2019,2020",UNKNOWN,UNIVANICH PALM OIL PUBLIC COMPANY LTD,UNIVANICH PALM OIL PUBLIC COMPANY LIMITED,Not RSPO Certified,,3/31/23,7.32,100.15,"7.324312, 100.149774",THA,Thailand,Phattalung,Pa Bon,2-High Confidence,,1746.53,174652.56,4858.31,8722.53,872253.45,7.26,726.12,25.12,2511.54,7.6,759.69,10.04,1003.77,27.62,2761.92,17.71,1771.38,13.05,1304.91,23.2,2320.11,22.97,2296.62,38.7,3869.73,29.07,2906.64,17,1700.28,26.93,2692.62,54.69,5469.3,47.78,4778.37,54.95,5494.95,100.36,10035.72,63.22,6321.87,59.22,5921.91,46.43,4642.65,56.37,5636.97,42.44,4243.86,791.71,0.45,954.82,0.55,4,3,4
PO1000012424,2021,UNKNOWN,WIJAYA BOMEO TIGANNA,WIJAYA BORNEO TIGANNA BATANG KULUR,Not RSPO Certified,,3/31/23,-2.84,116.05,"-2.842761, 116.05136",IDN,Indonesia,Kalimantan Selatan,Kota Baru,2-High Confidence,,543.79,54379.17,563.09,1712.41,171240.93,1.33,133.11,3.21,321.39,2.87,286.74,7.09,708.75,2.65,265.14,4.03,402.93,0.84,84.24,4.65,464.58,5.17,517.41,1.03,102.78,4.61,461.16,2.88,287.73,4.84,484.11,6.97,696.6,13.13,1313.01,27.66,2766.42,2.83,282.78,3.85,385.38,4.09,408.87,1.41,141.03,2.56,255.87,1.66,166.14,109.36,0.2,434.43,0.8,2,1,3
PO1000012622,2021,UNKNOWN,PALMARIS RAYA,PALMARIS RAYA,Not RSPO Certified,,3/31/23,0.44,99.26,"0.44475, 99.2605",IDN,Indonesia,Sumatera Utara,Sinunukan,2-High Confidence,,346.78,34677.63,393.73,731.28,73128.15,5.25,525.24,1.59,159.21,1.93,193.32,13.08,1308.33,7.48,748.26,11.53,1153.35,9.7,969.57,24.47,2447.46,63.19,6319.08,20.2,2020.05,19.7,1970.19,7.52,752.13,3.25,324.54,4.81,481.23,2.98,297.81,8.05,805.32,12.47,1247.13,14.8,1480.32,11.94,1194.3,3.48,347.58,7.35,734.85,8.44,844.02,263.23,0.76,83.54,0.24,3,4,3
PO1000012844,2021,UNKNOWN,"SAWIT INTI RAYA ","SAWIT INTI RAYA ",Not RSPO Certified,,3/31/23,-0.46,102.17,"-0.45576, 102.16895",IDN,Indonesia,Riau,Indragiri Hulu,2-High Confidence,,329.18,32917.86,350.48,517.97,51797.16,18.91,1891.08,6.72,671.58,4.72,472.32,13.05,1305.27,6.67,666.63,1.39,138.6,5.92,592.29,11.89,1189.26,3.76,375.66,26.61,2661.03,6.68,667.71,30.56,3055.86,10.5,1049.76,11.32,1132.02,3.27,326.97,17.76,1775.7,14.13,1413.45,6.19,619.47,7.72,771.75,6.21,621.36,10.96,1096.29,7.82,782.28,232.76,0.71,96.42,0.29,4,4,3
PO1000012845,2021,UNKNOWN,"SANLING SAWIT SEJATERA ","SANLING SAWIT SEJATERA ",Not RSPO Certified,,3/31/23,-0.38,102.16,"-0.37911, 102.16367",IDN,Indonesia,Riau,Indragiri Hulu,2-High Confidence,,71.6,7159.86,94.08,160.34,16034.49,7.29,729.45,2.62,261.63,2.9,290.25,7.48,747.81,4.17,417.33,0.33,33.12,5.37,537.39,1.43,143.37,0.16,15.93,2.6,260.28,0.61,60.57,1.19,118.8,0.3,29.7,1.55,154.98,0.15,15.21,1.29,128.7,1.47,147.15,0.63,63.09,1.38,138.42,0.67,67.14,1.05,104.67,0.75,74.52,45.4,0.63,26.2,0.37,3,3,3
PO1000012846,2021,UNKNOWN,PT CITRA AGRO KENCANA,CITRA AGRO KENCANA MILL,Not RSPO Certified,,3/31/23,-0.47,115.59,"-0.472249, 115.59339",IDN,Indonesia,Kalimantan Timur,Kutai Barat,2-High Confidence,,4175.61,417561.3,4208.54,6255.66,625565.61,30.32,3031.65,26.2,2619.99,32.91,3290.58,31.21,3120.84,20.53,2053.26,49.46,4945.5,44.73,4472.64,37.39,3739.05,60.83,6083.46,36.96,3695.94,48.72,4872.24,73.87,7387.47,88.64,8864.37,101.87,10186.92,71.16,7116.12,123.44,12344.31,68.4,6839.91,86.43,8643.06,62.33,6233.49,49.73,4973.13,30.46,3045.69,23.53,2353.32,1199.13,0.29,2976.48,0.71,2,2,3
PO1000012852,2021,UNKNOWN,YUNI BERSAUDARA SEJAHTERA,YUNI BERSAUDARA SEJAHTERA,Not RSPO Certified,,3/31/23,-0.03,101.19,"-0.02652, 101.18978",IDN,Indonesia,Riau,Kampar,2-High Confidence,,2449.31,244931.22,2254.13,3636.3,363630.33,5.6,559.98,10.35,1035.09,4.13,413.46,12.47,1246.86,18.94,1893.87,19.06,1906.02,19.28,1927.89,69.56,6955.74,47.94,4794.3,38.66,3865.5,39.26,3925.8,52.44,5243.76,40.33,4033.26,25.67,2566.98,44.29,4428.81,31.58,3157.65,38.83,3883.32,32.29,3229.38,15.63,1562.58,24,2400.3,36.95,3695.49,40.01,4000.59,667.27,0.27,1782.05,0.73,3,2,3